{
    "demand_fetches": {
        "total": 121393.5,
        "instrn": 0.0,
        "data": 121393.5,
        "read": 81639.64285714286,
        "write": 39753.857142857145,
        "misc": 0.0
    },
    "demand_misses": {
        "total": 56922.42857142857,
        "instrn": 0.0,
        "data": 56922.42857142857,
        "read": 31330.785714285714,
        "write": 25591.64285714286,
        "misc": 0.0
    },
    "demand_miss_rate": {
        "total": 0.2898928571428571,
        "instrn": 0.0,
        "data": 0.2898928571428571,
        "read": 0.25675,
        "write": 0.3487785714285714,
        "misc": 0.0
    },
    "bytes_from_memory": 3643035.4285714286,
    "bytes_to_memory": 1666130.2857142857,
    "total_bytes_rw_mem": 5309165.714285715
}