{
    "demand_fetches": {
        "total": 22952060.35714286,
        "instrn": 0.0,
        "data": 22952060.35714286,
        "read": 20137478.0,
        "write": 2814582.3571428573,
        "misc": 0.0
    },
    "demand_misses": {
        "total": 1576070.0,
        "instrn": 0.0,
        "data": 1576070.0,
        "read": 1258015.2857142857,
        "write": 318054.71428571426,
        "misc": 0.0
    },
    "demand_miss_rate": {
        "total": 0.059257142857142855,
        "instrn": 0.0,
        "data": 0.059257142857142855,
        "read": 0.05398571428571429,
        "write": 0.0946,
        "misc": 0.0
    },
    "bytes_from_memory": 100868480.0,
    "bytes_to_memory": 21635428.57142857,
    "total_bytes_rw_mem": 122503908.57142857
}