{
    "demand_fetches": {
        "total": 18610560.285714287,
        "instrn": 0.0,
        "data": 18610560.285714287,
        "read": 17654384.07142857,
        "write": 956176.2142857143,
        "misc": 0.0
    },
    "demand_misses": {
        "total": 1788721.4285714286,
        "instrn": 0.0,
        "data": 1788721.4285714286,
        "read": 1687912.7142857143,
        "write": 100808.71428571429,
        "misc": 0.0
    },
    "demand_miss_rate": {
        "total": 0.07859999999999999,
        "instrn": 0.0,
        "data": 0.07859999999999999,
        "read": 0.07782857142857144,
        "write": 0.08818571428571428,
        "misc": 0.0
    },
    "bytes_from_memory": 114478171.42857143,
    "bytes_to_memory": 7314432.0,
    "total_bytes_rw_mem": 121792603.42857143
}