{
    "power": {
        "0x40": 806.3795105231103,
        "0x41": 5.133988321168032,
        "0x44": 1696.9526328467186,
        "0x45": 866.4498015815053,
        "0x48": 1010.5630687956074,
        "0x4c": 599.5240894768874
    },
    "current": {
        "0x40": 161.53654993917306,
        "0x41": -0.6034203771289516,
        "0x44": 511.86598734793637,
        "0x45": 859.3802415450095,
        "0x48": 563.8031043187333,
        "0x4c": 400.44409385644394
    },
    "energy": {
        "0x40": 18839.219338999854,
        "0x41": 119.92393399999855,
        "0x44": 39643.66969589991,
        "0x45": 20243.05031319999,
        "0x48": 23608.55025390028,
        "0x4c": 14005.415257399893
    }
}