{
    "demand_fetches": {
        "total": 10361724.57142857,
        "instrn": 0.0,
        "data": 10361724.57142857,
        "read": 9180187.714285715,
        "write": 1181536.857142857,
        "misc": 0.0
    },
    "demand_misses": {
        "total": 2970653.5714285714,
        "instrn": 0.0,
        "data": 2970653.5714285714,
        "read": 2529574.5714285714,
        "write": 441079.0,
        "misc": 0.0
    },
    "demand_miss_rate": {
        "total": 0.24692142857142854,
        "instrn": 0.0,
        "data": 0.24692142857142854,
        "read": 0.2365714285714286,
        "write": 0.3158928571428571,
        "misc": 0.0
    },
    "bytes_from_memory": 47530457.14285714,
    "bytes_to_memory": 7248614.857142857,
    "total_bytes_rw_mem": 54779072.0
}