{
    "demand_fetches": {
        "total": 5147154.857142857,
        "instrn": 0.0,
        "data": 5147154.857142857,
        "read": 4618732.214285715,
        "write": 528422.6428571428,
        "misc": 0.0
    },
    "demand_misses": {
        "total": 642731.8571428572,
        "instrn": 0.0,
        "data": 642731.8571428572,
        "read": 588402.5,
        "write": 54329.357142857145,
        "misc": 0.0
    },
    "demand_miss_rate": {
        "total": 0.10796428571428572,
        "instrn": 0.0,
        "data": 0.10796428571428572,
        "read": 0.11162857142857142,
        "write": 0.08742857142857142,
        "misc": 0.0
    },
    "bytes_from_memory": 41134838.85714286,
    "bytes_to_memory": 4031702.8571428573,
    "total_bytes_rw_mem": 45166541.71428572
}