{
    "demand_fetches": {
        "total": 85755.07142857143,
        "instrn": 0.0,
        "data": 85755.07142857143,
        "read": 51953.0,
        "write": 33802.07142857143,
        "misc": 0.0
    },
    "demand_misses": {
        "total": 37796.42857142857,
        "instrn": 0.0,
        "data": 37796.42857142857,
        "read": 15219.142857142857,
        "write": 22577.285714285714,
        "misc": 0.0
    },
    "demand_miss_rate": {
        "total": 0.2553928571428572,
        "instrn": 0.0,
        "data": 0.2553928571428572,
        "read": 0.1818357142857143,
        "write": 0.37699999999999995,
        "misc": 0.0
    },
    "bytes_from_memory": 604742.8571428572,
    "bytes_to_memory": 370937.14285714284,
    "total_bytes_rw_mem": 975680.0
}