{
    "demand_fetches": {
        "total": 20428592.57142857,
        "instrn": 0.0,
        "data": 20428592.57142857,
        "read": 18731864.64285714,
        "write": 1696727.9285714286,
        "misc": 0.0
    },
    "demand_misses": {
        "total": 1434995.857142857,
        "instrn": 0.0,
        "data": 1434995.857142857,
        "read": 1248175.5714285714,
        "write": 186820.2857142857,
        "misc": 0.0
    },
    "demand_miss_rate": {
        "total": 0.060564285714285716,
        "instrn": 0.0,
        "data": 0.060564285714285716,
        "read": 0.05739285714285715,
        "write": 0.09185,
        "misc": 0.0
    },
    "bytes_from_memory": 91839734.85714285,
    "bytes_to_memory": 12779113.142857144,
    "total_bytes_rw_mem": 104618848.0
}