{
    "demand_fetches": {
        "total": 14605860.461538462,
        "instrn": 0.0,
        "data": 14605860.461538462,
        "read": 11120620.153846154,
        "write": 3485240.3076923075,
        "misc": 0.0
    },
    "demand_misses": {
        "total": 3845339.3846153845,
        "instrn": 0.0,
        "data": 3845339.3846153845,
        "read": 2544122.0,
        "write": 1301217.3846153845,
        "misc": 0.0
    },
    "demand_miss_rate": {
        "total": 0.2369230769230769,
        "instrn": 0.0,
        "data": 0.2369230769230769,
        "read": 0.20306153846153846,
        "write": 0.3392076923076924,
        "misc": 0.0
    },
    "bytes_from_memory": 61525430.15384615,
    "bytes_to_memory": 21096731.076923076,
    "total_bytes_rw_mem": 82622161.23076923
}