{
    "demand_fetches": {
        "total": 22952060.35714286,
        "instrn": 0.0,
        "data": 22952060.35714286,
        "read": 20137478.0,
        "write": 2814582.3571428573,
        "misc": 0.0
    },
    "demand_misses": {
        "total": 5592379.071428572,
        "instrn": 0.0,
        "data": 5592379.071428572,
        "read": 4878993.142857143,
        "write": 713385.9285714285,
        "misc": 0.0
    },
    "demand_miss_rate": {
        "total": 0.20973571428571433,
        "instrn": 0.0,
        "data": 0.20973571428571433,
        "read": 0.20800714285714283,
        "write": 0.22075714285714285,
        "misc": 0.0
    },
    "bytes_from_memory": 89478065.14285715,
    "bytes_to_memory": 12151933.714285715,
    "total_bytes_rw_mem": 101629998.85714285
}