{
    "demand_fetches": {
        "total": 10570637.615384616,
        "instrn": 0.0,
        "data": 10570637.615384616,
        "read": 9671347.153846154,
        "write": 899290.4615384615,
        "misc": 0.0
    },
    "demand_misses": {
        "total": 1721456.5384615385,
        "instrn": 0.0,
        "data": 1721456.5384615385,
        "read": 1554582.4615384615,
        "write": 166874.07692307694,
        "misc": 0.0
    },
    "demand_miss_rate": {
        "total": 0.14963846153846153,
        "instrn": 0.0,
        "data": 0.14963846153846153,
        "read": 0.14722307692307693,
        "write": 0.16929999999999998,
        "misc": 0.0
    },
    "bytes_from_memory": 55086609.23076923,
    "bytes_to_memory": 5610995.692307692,
    "total_bytes_rw_mem": 60697604.92307692
}