{
    "demand_fetches": {
        "total": 18610525.285714287,
        "instrn": 0.0,
        "data": 18610525.285714287,
        "read": 17654362.285714287,
        "write": 956163.0,
        "misc": 0.0
    },
    "demand_misses": {
        "total": 8764735.07142857,
        "instrn": 0.0,
        "data": 8764735.07142857,
        "read": 8413504.42857143,
        "write": 351230.64285714284,
        "misc": 0.0
    },
    "demand_miss_rate": {
        "total": 0.3970000000000001,
        "instrn": 0.0,
        "data": 0.3970000000000001,
        "read": 0.40194285714285716,
        "write": 0.32005000000000006,
        "misc": 0.0
    },
    "bytes_from_memory": 140235761.14285713,
    "bytes_to_memory": 6494984.0,
    "total_bytes_rw_mem": 146730745.14285713
}