{
    "demand_fetches": {
        "total": 13819035.384615384,
        "instrn": 0.0,
        "data": 13819035.384615384,
        "read": 12510103.538461538,
        "write": 1308931.8461538462,
        "misc": 0.0
    },
    "demand_misses": {
        "total": 2594371.769230769,
        "instrn": 0.0,
        "data": 2594371.769230769,
        "read": 2335967.923076923,
        "write": 258403.84615384616,
        "misc": 0.0
    },
    "demand_miss_rate": {
        "total": 0.18614615384615385,
        "instrn": 0.0,
        "data": 0.18614615384615385,
        "read": 0.18500769230769226,
        "write": 0.19492307692307692,
        "misc": 0.0
    },
    "bytes_from_memory": 83019896.61538461,
    "bytes_to_memory": 8940019.692307692,
    "total_bytes_rw_mem": 91959916.3076923
}