{
    "demand_fetches": {
        "total": 19213305.85714286,
        "instrn": 0.0,
        "data": 19213305.85714286,
        "read": 18041208.5,
        "write": 1172097.357142857,
        "misc": 0.0
    },
    "demand_misses": {
        "total": 5625626.071428572,
        "instrn": 0.0,
        "data": 5625626.071428572,
        "read": 5277572.357142857,
        "write": 348053.71428571426,
        "misc": 0.0
    },
    "demand_miss_rate": {
        "total": 0.25055,
        "instrn": 0.0,
        "data": 0.25055,
        "read": 0.24952142857142853,
        "write": 0.2602,
        "misc": 0.0
    },
    "bytes_from_memory": 90010017.14285715,
    "bytes_to_memory": 6032461.714285715,
    "total_bytes_rw_mem": 96042478.85714285
}