{
    "demand_fetches": {
        "total": 111298.57142857143,
        "instrn": 0.0,
        "data": 111298.57142857143,
        "read": 74882.0,
        "write": 36416.57142857143,
        "misc": 0.0
    },
    "demand_misses": {
        "total": 46090.42857142857,
        "instrn": 0.0,
        "data": 46090.42857142857,
        "read": 27989.14285714286,
        "write": 18101.285714285714,
        "misc": 0.0
    },
    "demand_miss_rate": {
        "total": 0.27985,
        "instrn": 0.0,
        "data": 0.27985,
        "read": 0.2576357142857143,
        "write": 0.3223357142857143,
        "misc": 0.0
    },
    "bytes_from_memory": 737446.8571428572,
    "bytes_to_memory": 304036.5714285714,
    "total_bytes_rw_mem": 1041483.4285714285
}