{
    "demand_fetches": {
        "total": 9774305.57142857,
        "instrn": 0.0,
        "data": 9774305.57142857,
        "read": 8964274.857142856,
        "write": 810030.7142857143,
        "misc": 0.0
    },
    "demand_misses": {
        "total": 2288955.214285714,
        "instrn": 0.0,
        "data": 2288955.214285714,
        "read": 2129075.785714286,
        "write": 159879.42857142858,
        "misc": 0.0
    },
    "demand_miss_rate": {
        "total": 0.19492142857142855,
        "instrn": 0.0,
        "data": 0.19492142857142855,
        "read": 0.19804999999999998,
        "write": 0.16762857142857146,
        "misc": 0.0
    },
    "bytes_from_memory": 73246566.85714285,
    "bytes_to_memory": 5689947.428571428,
    "total_bytes_rw_mem": 78936514.28571428
}