{
    "demand_fetches": {
        "total": 10581582.846153846,
        "instrn": 0.0,
        "data": 10581582.846153846,
        "read": 9676558.384615384,
        "write": 905024.4615384615,
        "misc": 0.0
    },
    "demand_misses": {
        "total": 846247.2307692308,
        "instrn": 0.0,
        "data": 846247.2307692308,
        "read": 761199.8461538461,
        "write": 85047.38461538461,
        "misc": 0.0
    },
    "demand_miss_rate": {
        "total": 0.07384615384615385,
        "instrn": 0.0,
        "data": 0.07384615384615385,
        "read": 0.0724,
        "write": 0.08571538461538462,
        "misc": 0.0
    },
    "bytes_from_memory": 54159822.76923077,
    "bytes_to_memory": 5820189.538461538,
    "total_bytes_rw_mem": 59980012.307692304
}