{
    "demand_fetches": {
        "total": 5212973.285714285,
        "instrn": 0.0,
        "data": 5212973.285714285,
        "read": 4647427.142857143,
        "write": 565546.1428571428,
        "misc": 0.0
    },
    "demand_misses": {
        "total": 456649.71428571426,
        "instrn": 0.0,
        "data": 456649.71428571426,
        "read": 402235.78571428574,
        "write": 54413.92857142857,
        "misc": 0.0
    },
    "demand_miss_rate": {
        "total": 0.07504285714285716,
        "instrn": 0.0,
        "data": 0.07504285714285716,
        "read": 0.0741642857142857,
        "write": 0.08124285714285714,
        "misc": 0.0
    },
    "bytes_from_memory": 29225581.714285713,
    "bytes_to_memory": 3793618.285714286,
    "total_bytes_rw_mem": 33019200.0
}