{
    "demand_fetches": {
        "total": 6953170.357142857,
        "instrn": 0.0,
        "data": 6953170.357142857,
        "read": 6063401.928571428,
        "write": 889768.4285714285,
        "misc": 0.0
    },
    "demand_misses": {
        "total": 1200175.5,
        "instrn": 0.0,
        "data": 1200175.5,
        "read": 1028887.8571428572,
        "write": 171287.64285714287,
        "misc": 0.0
    },
    "demand_miss_rate": {
        "total": 0.15992142857142855,
        "instrn": 0.0,
        "data": 0.15992142857142855,
        "read": 0.15718571428571426,
        "write": 0.17599285714285715,
        "misc": 0.0
    },
    "bytes_from_memory": 38405616.0,
    "bytes_to_memory": 5852249.142857143,
    "total_bytes_rw_mem": 44257865.14285714
}