{
    "demand_fetches": {
        "total": 9909992.214285715,
        "instrn": 0.0,
        "data": 9909992.214285715,
        "read": 9016409.357142856,
        "write": 893582.8571428572,
        "misc": 0.0
    },
    "demand_misses": {
        "total": 2053409.357142857,
        "instrn": 0.0,
        "data": 2053409.357142857,
        "read": 1873878.7857142857,
        "write": 179530.57142857142,
        "misc": 0.0
    },
    "demand_miss_rate": {
        "total": 0.1747285714285714,
        "instrn": 0.0,
        "data": 0.1747285714285714,
        "read": 0.17547142857142853,
        "write": 0.16947857142857142,
        "misc": 0.0
    },
    "bytes_from_memory": 65709099.428571425,
    "bytes_to_memory": 6350838.857142857,
    "total_bytes_rw_mem": 72059938.28571428
}