{
    "demand_fetches": {
        "total": 5291211.071428572,
        "instrn": 0.0,
        "data": 5291211.071428572,
        "read": 4662140.214285715,
        "write": 629070.8571428572,
        "misc": 0.0
    },
    "demand_misses": {
        "total": 611169.5714285715,
        "instrn": 0.0,
        "data": 611169.5714285715,
        "read": 552159.2142857143,
        "write": 59010.357142857145,
        "misc": 0.0
    },
    "demand_miss_rate": {
        "total": 0.09732857142857143,
        "instrn": 0.0,
        "data": 0.09732857142857143,
        "read": 0.10035714285714285,
        "write": 0.07995714285714285,
        "misc": 0.0
    },
    "bytes_from_memory": 39114852.571428575,
    "bytes_to_memory": 4151698.285714286,
    "total_bytes_rw_mem": 43266550.85714286
}