{
    "demand_fetches": {
        "total": 11374302.642857144,
        "instrn": 0.0,
        "data": 11374302.642857144,
        "read": 9542977.785714285,
        "write": 1831324.857142857,
        "misc": 0.0
    },
    "demand_misses": {
        "total": 1606944.4285714286,
        "instrn": 0.0,
        "data": 1606944.4285714286,
        "read": 1260260.0,
        "write": 346684.4285714286,
        "misc": 0.0
    },
    "demand_miss_rate": {
        "total": 0.12154285714285713,
        "instrn": 0.0,
        "data": 0.12154285714285713,
        "read": 0.11350714285714285,
        "write": 0.15994285714285716,
        "misc": 0.0
    },
    "bytes_from_memory": 51422221.71428572,
    "bytes_to_memory": 11476955.42857143,
    "total_bytes_rw_mem": 62899177.14285714
}