{
    "demand_fetches": {
        "total": 9802105.857142856,
        "instrn": 0.0,
        "data": 9802105.857142856,
        "read": 8971251.07142857,
        "write": 830854.7857142857,
        "misc": 0.0
    },
    "demand_misses": {
        "total": 1126565.7857142857,
        "instrn": 0.0,
        "data": 1126565.7857142857,
        "read": 1046909.7857142857,
        "write": 79656.0,
        "misc": 0.0
    },
    "demand_miss_rate": {
        "total": 0.09307857142857144,
        "instrn": 0.0,
        "data": 0.09307857142857144,
        "read": 0.09415000000000003,
        "write": 0.0815,
        "misc": 0.0
    },
    "bytes_from_memory": 72100210.28571428,
    "bytes_to_memory": 5664310.857142857,
    "total_bytes_rw_mem": 77764521.14285715
}