{
    "demand_fetches": {
        "total": 5212942.5,
        "instrn": 0.0,
        "data": 5212942.5,
        "read": 4647407.142857143,
        "write": 565535.3571428572,
        "misc": 0.0
    },
    "demand_misses": {
        "total": 919222.7857142857,
        "instrn": 0.0,
        "data": 919222.7857142857,
        "read": 811275.7857142857,
        "write": 107947.0,
        "misc": 0.0
    },
    "demand_miss_rate": {
        "total": 0.15051428571428574,
        "instrn": 0.0,
        "data": 0.15051428571428574,
        "read": 0.14889285714285713,
        "write": 0.1613142857142857,
        "misc": 0.0
    },
    "bytes_from_memory": 29415129.14285714,
    "bytes_to_memory": 3683730.285714286,
    "total_bytes_rw_mem": 33098859.42857143
}