{
    "demand_fetches": {
        "total": 20199630.46153846,
        "instrn": 0.0,
        "data": 20199630.46153846,
        "read": 19130452.615384616,
        "write": 1069177.8461538462,
        "misc": 0.0
    },
    "demand_misses": {
        "total": 1968991.1538461538,
        "instrn": 0.0,
        "data": 1968991.1538461538,
        "read": 1842744.6923076923,
        "write": 126246.46153846153,
        "misc": 0.0
    },
    "demand_miss_rate": {
        "total": 0.0891076923076923,
        "instrn": 0.0,
        "data": 0.0891076923076923,
        "read": 0.08797692307692309,
        "write": 0.10536153846153845,
        "misc": 0.0
    },
    "bytes_from_memory": 126015433.84615384,
    "bytes_to_memory": 9723613.538461538,
    "total_bytes_rw_mem": 135739047.3846154
}