{
    "demand_fetches": {
        "total": 10570637.615384616,
        "instrn": 0.0,
        "data": 10570637.615384616,
        "read": 9671347.153846154,
        "write": 899290.4615384615,
        "misc": 0.0
    },
    "demand_misses": {
        "total": 1003511.4615384615,
        "instrn": 0.0,
        "data": 1003511.4615384615,
        "read": 916029.3076923077,
        "write": 87482.15384615384,
        "misc": 0.0
    },
    "demand_miss_rate": {
        "total": 0.0865923076923077,
        "instrn": 0.0,
        "data": 0.0865923076923077,
        "read": 0.08629999999999999,
        "write": 0.08871538461538461,
        "misc": 0.0
    },
    "bytes_from_memory": 64224733.538461536,
    "bytes_to_memory": 6185408.0,
    "total_bytes_rw_mem": 70410141.53846154
}