{
    "demand_fetches": {
        "total": 121393.5,
        "instrn": 0.0,
        "data": 121393.5,
        "read": 81639.64285714286,
        "write": 39753.857142857145,
        "misc": 0.0
    },
    "demand_misses": {
        "total": 73377.14285714286,
        "instrn": 0.0,
        "data": 73377.14285714286,
        "read": 46975.142857142855,
        "write": 26402.0,
        "misc": 0.0
    },
    "demand_miss_rate": {
        "total": 0.4010214285714286,
        "instrn": 0.0,
        "data": 0.4010214285714286,
        "read": 0.4031142857142857,
        "write": 0.37427857142857146,
        "misc": 0.0
    },
    "bytes_from_memory": 1174034.2857142857,
    "bytes_to_memory": 434376.0,
    "total_bytes_rw_mem": 1608410.2857142857
}