{
    "demand_fetches": {
        "total": 20199630.46153846,
        "instrn": 0.0,
        "data": 20199630.46153846,
        "read": 19130452.615384616,
        "write": 1069177.8461538462,
        "misc": 0.0
    },
    "demand_misses": {
        "total": 4941136.846153846,
        "instrn": 0.0,
        "data": 4941136.846153846,
        "read": 4728662.615384615,
        "write": 212474.23076923078,
        "misc": 0.0
    },
    "demand_miss_rate": {
        "total": 0.22480769230769232,
        "instrn": 0.0,
        "data": 0.22480769230769232,
        "read": 0.22779230769230768,
        "write": 0.18491538461538462,
        "misc": 0.0
    },
    "bytes_from_memory": 158116379.07692307,
    "bytes_to_memory": 8464635.076923076,
    "total_bytes_rw_mem": 166581014.15384614
}