{
    "demand_fetches": {
        "total": 9123650.733333332,
        "instrn": 0.0,
        "data": 9123650.733333332,
        "read": 8367132.133333334,
        "write": 756518.6,
        "misc": 0.0
    },
    "demand_misses": {
        "total": 1783375.7333333334,
        "instrn": 0.0,
        "data": 1783375.7333333334,
        "read": 1638400.2666666666,
        "write": 144975.46666666667,
        "misc": 0.0
    },
    "demand_miss_rate": {
        "total": 0.15290666666666666,
        "instrn": 0.0,
        "data": 0.15290666666666666,
        "read": 0.15295999999999996,
        "write": 0.1514333333333333,
        "misc": 0.0
    },
    "bytes_from_memory": 57068023.46666667,
    "bytes_to_memory": 5026628.266666667,
    "total_bytes_rw_mem": 62094651.733333334
}