{
    "demand_fetches": {
        "total": 14605860.461538462,
        "instrn": 0.0,
        "data": 14605860.461538462,
        "read": 11120620.153846154,
        "write": 3485240.3076923075,
        "misc": 0.0
    },
    "demand_misses": {
        "total": 3853910.153846154,
        "instrn": 0.0,
        "data": 3853910.153846154,
        "read": 2551574.6153846155,
        "write": 1302335.5384615385,
        "misc": 0.0
    },
    "demand_miss_rate": {
        "total": 0.2378076923076923,
        "instrn": 0.0,
        "data": 0.2378076923076923,
        "read": 0.20409230769230768,
        "write": 0.3396615384615384,
        "misc": 0.0
    },
    "bytes_from_memory": 61662562.461538464,
    "bytes_to_memory": 21130020.923076924,
    "total_bytes_rw_mem": 82792583.38461539
}