{
    "demand_fetches": {
        "total": 22952060.35714286,
        "instrn": 0.0,
        "data": 22952060.35714286,
        "read": 20137478.0,
        "write": 2814582.3571428573,
        "misc": 0.0
    },
    "demand_misses": {
        "total": 2716262.714285714,
        "instrn": 0.0,
        "data": 2716262.714285714,
        "read": 2362004.785714286,
        "write": 354257.9285714286,
        "misc": 0.0
    },
    "demand_miss_rate": {
        "total": 0.10192857142857145,
        "instrn": 0.0,
        "data": 0.10192857142857145,
        "read": 0.10074285714285712,
        "write": 0.10951428571428572,
        "misc": 0.0
    },
    "bytes_from_memory": 86920406.85714285,
    "bytes_to_memory": 12005693.714285715,
    "total_bytes_rw_mem": 98926100.57142857
}