{
    "demand_fetches": {
        "total": 19213499.92857143,
        "instrn": 0.0,
        "data": 19213499.92857143,
        "read": 18041327.5,
        "write": 1172172.4285714286,
        "misc": 0.0
    },
    "demand_misses": {
        "total": 3853549.1428571427,
        "instrn": 0.0,
        "data": 3853549.1428571427,
        "read": 3631474.0,
        "write": 222075.14285714287,
        "misc": 0.0
    },
    "demand_miss_rate": {
        "total": 0.17054285714285713,
        "instrn": 0.0,
        "data": 0.17054285714285713,
        "read": 0.17122857142857145,
        "write": 0.1620857142857143,
        "misc": 0.0
    },
    "bytes_from_memory": 123313572.57142857,
    "bytes_to_memory": 8964150.857142856,
    "total_bytes_rw_mem": 132277723.42857143
}