{
    "demand_fetches": {
        "total": 26140940.35714286,
        "instrn": 0.0,
        "data": 26140940.35714286,
        "read": 24017767.14285714,
        "write": 2123173.214285714,
        "misc": 0.0
    },
    "demand_misses": {
        "total": 1838498.142857143,
        "instrn": 0.0,
        "data": 1838498.142857143,
        "read": 1603696.142857143,
        "write": 234802.0,
        "misc": 0.0
    },
    "demand_miss_rate": {
        "total": 0.06560714285714285,
        "instrn": 0.0,
        "data": 0.06560714285714285,
        "read": 0.062192857142857154,
        "write": 0.09988571428571429,
        "misc": 0.0
    },
    "bytes_from_memory": 117663881.14285715,
    "bytes_to_memory": 16055136.0,
    "total_bytes_rw_mem": 133719017.14285715
}