{
    "demand_fetches": {
        "total": 17437226.466666665,
        "instrn": 0.0,
        "data": 17437226.466666665,
        "read": 16535103.133333333,
        "write": 902123.3333333334,
        "misc": 0.0
    },
    "demand_misses": {
        "total": 1874225.4,
        "instrn": 0.0,
        "data": 1874225.4,
        "read": 1768507.0,
        "write": 105718.4,
        "misc": 0.0
    },
    "demand_miss_rate": {
        "total": 0.08354666666666666,
        "instrn": 0.0,
        "data": 0.08354666666666666,
        "read": 0.08304,
        "write": 0.09047333333333334,
        "misc": 0.0
    },
    "bytes_from_memory": 119950425.6,
    "bytes_to_memory": 8147605.333333333,
    "total_bytes_rw_mem": 128098030.93333334
}