{
    "demand_fetches": {
        "total": 14605860.461538462,
        "instrn": 0.0,
        "data": 14605860.461538462,
        "read": 11120620.153846154,
        "write": 3485240.3076923075,
        "misc": 0.0
    },
    "demand_misses": {
        "total": 5046229.153846154,
        "instrn": 0.0,
        "data": 5046229.153846154,
        "read": 3662562.0,
        "write": 1383667.1538461538,
        "misc": 0.0
    },
    "demand_miss_rate": {
        "total": 0.31737692307692306,
        "instrn": 0.0,
        "data": 0.31737692307692306,
        "read": 0.30272307692307693,
        "write": 0.3620923076923077,
        "misc": 0.0
    },
    "bytes_from_memory": 80739666.46153846,
    "bytes_to_memory": 23742423.384615384,
    "total_bytes_rw_mem": 104482089.84615384
}