{
    "demand_fetches": {
        "total": 4866617.6,
        "instrn": 0.0,
        "data": 4866617.6,
        "read": 4328744.666666667,
        "write": 537872.9333333333,
        "misc": 0.0
    },
    "demand_misses": {
        "total": 566810.6666666666,
        "instrn": 0.0,
        "data": 566810.6666666666,
        "read": 515633.2,
        "write": 51177.46666666667,
        "misc": 0.0
    },
    "demand_miss_rate": {
        "total": 0.09032,
        "instrn": 0.0,
        "data": 0.09032,
        "read": 0.0928,
        "write": 0.07542,
        "misc": 0.0
    },
    "bytes_from_memory": 36275882.666666664,
    "bytes_to_memory": 3620514.1333333333,
    "total_bytes_rw_mem": 39896396.8
}