{
    "demand_fetches": {
        "total": 5147154.857142857,
        "instrn": 0.0,
        "data": 5147154.857142857,
        "read": 4618732.214285715,
        "write": 528422.6428571428,
        "misc": 0.0
    },
    "demand_misses": {
        "total": 907737.2857142857,
        "instrn": 0.0,
        "data": 907737.2857142857,
        "read": 809557.7142857143,
        "write": 98179.57142857143,
        "misc": 0.0
    },
    "demand_miss_rate": {
        "total": 0.15024285714285715,
        "instrn": 0.0,
        "data": 0.15024285714285715,
        "read": 0.14917857142857144,
        "write": 0.15740714285714288,
        "misc": 0.0
    },
    "bytes_from_memory": 29047593.14285714,
    "bytes_to_memory": 3305869.714285714,
    "total_bytes_rw_mem": 32353462.85714286
}