{
    "demand_fetches": {
        "total": 24717886.384615384,
        "instrn": 0.0,
        "data": 24717886.384615384,
        "read": 21686687.46153846,
        "write": 3031198.923076923,
        "misc": 0.0
    },
    "demand_misses": {
        "total": 1697310.6923076923,
        "instrn": 0.0,
        "data": 1697310.6923076923,
        "read": 1354779.2307692308,
        "write": 342531.46153846156,
        "misc": 0.0
    },
    "demand_miss_rate": {
        "total": 0.06381538461538462,
        "instrn": 0.0,
        "data": 0.06381538461538462,
        "read": 0.05813846153846154,
        "write": 0.10186153846153846,
        "misc": 0.0
    },
    "bytes_from_memory": 108627884.3076923,
    "bytes_to_memory": 23301120.0,
    "total_bytes_rw_mem": 131929004.3076923
}