{
    "demand_fetches": {
        "total": 18610560.285714287,
        "instrn": 0.0,
        "data": 18610560.285714287,
        "read": 17654384.07142857,
        "write": 956176.2142857143,
        "misc": 0.0
    },
    "demand_misses": {
        "total": 2209616.714285714,
        "instrn": 0.0,
        "data": 2209616.714285714,
        "read": 2101858.0714285714,
        "write": 107758.64285714286,
        "misc": 0.0
    },
    "demand_miss_rate": {
        "total": 0.09655714285714283,
        "instrn": 0.0,
        "data": 0.09655714285714283,
        "read": 0.0965,
        "write": 0.09464285714285715,
        "misc": 0.0
    },
    "bytes_from_memory": 141415469.7142857,
    "bytes_to_memory": 8207465.142857143,
    "total_bytes_rw_mem": 149622934.85714287
}