{
    "demand_fetches": {
        "total": 9909068.142857144,
        "instrn": 0.0,
        "data": 9909068.142857144,
        "read": 9015900.142857144,
        "write": 893168.0,
        "misc": 0.0
    },
    "demand_misses": {
        "total": 2434609.714285714,
        "instrn": 0.0,
        "data": 2434609.714285714,
        "read": 2246325.714285714,
        "write": 188284.0,
        "misc": 0.0
    },
    "demand_miss_rate": {
        "total": 0.20962857142857144,
        "instrn": 0.0,
        "data": 0.20962857142857144,
        "read": 0.21367857142857147,
        "write": 0.17932142857142858,
        "misc": 0.0
    },
    "bytes_from_memory": 77907510.85714285,
    "bytes_to_memory": 6899874.285714285,
    "total_bytes_rw_mem": 84807385.14285715
}