{
    "demand_fetches": {
        "total": 5147401.5,
        "instrn": 0.0,
        "data": 5147401.5,
        "read": 4618878.428571428,
        "write": 528523.0714285715,
        "misc": 0.0
    },
    "demand_misses": {
        "total": 1212728.642857143,
        "instrn": 0.0,
        "data": 1212728.642857143,
        "read": 1109437.0714285714,
        "write": 103291.57142857143,
        "misc": 0.0
    },
    "demand_miss_rate": {
        "total": 0.19736428571428571,
        "instrn": 0.0,
        "data": 0.19736428571428571,
        "read": 0.20229285714285714,
        "write": 0.16570714285714286,
        "misc": 0.0
    },
    "bytes_from_memory": 38807316.571428575,
    "bytes_to_memory": 3617757.714285714,
    "total_bytes_rw_mem": 42425074.28571428
}