{
    "demand_fetches": {
        "total": 21086884.307692308,
        "instrn": 0.0,
        "data": 21086884.307692308,
        "read": 19657634.615384616,
        "write": 1429249.6923076923,
        "misc": 0.0
    },
    "demand_misses": {
        "total": 4877711.923076923,
        "instrn": 0.0,
        "data": 4877711.923076923,
        "read": 4595573.538461538,
        "write": 282138.3846153846,
        "misc": 0.0
    },
    "demand_miss_rate": {
        "total": 0.21096153846153848,
        "instrn": 0.0,
        "data": 0.21096153846153848,
        "read": 0.21346923076923077,
        "write": 0.18216153846153846,
        "misc": 0.0
    },
    "bytes_from_memory": 156086781.53846154,
    "bytes_to_memory": 11863896.615384616,
    "total_bytes_rw_mem": 167950678.15384614
}