{
    "demand_fetches": {
        "total": 20199630.46153846,
        "instrn": 0.0,
        "data": 20199630.46153846,
        "read": 19130452.615384616,
        "write": 1069177.8461538462,
        "misc": 0.0
    },
    "demand_misses": {
        "total": 9559493.076923076,
        "instrn": 0.0,
        "data": 9559493.076923076,
        "read": 9174484.461538462,
        "write": 385008.6153846154,
        "misc": 0.0
    },
    "demand_miss_rate": {
        "total": 0.4278384615384615,
        "instrn": 0.0,
        "data": 0.4278384615384615,
        "read": 0.43420000000000003,
        "write": 0.3369692307692308,
        "misc": 0.0
    },
    "bytes_from_memory": 152951889.23076922,
    "bytes_to_memory": 7286993.230769231,
    "total_bytes_rw_mem": 160238882.46153846
}