{
    "demand_fetches": {
        "total": 24717886.384615384,
        "instrn": 0.0,
        "data": 24717886.384615384,
        "read": 21686687.46153846,
        "write": 3031198.923076923,
        "misc": 0.0
    },
    "demand_misses": {
        "total": 2830929.153846154,
        "instrn": 0.0,
        "data": 2830929.153846154,
        "read": 2456965.5384615385,
        "write": 373963.6153846154,
        "misc": 0.0
    },
    "demand_miss_rate": {
        "total": 0.10635384615384616,
        "instrn": 0.0,
        "data": 0.10635384615384616,
        "read": 0.10493076923076922,
        "write": 0.11558461538461538,
        "misc": 0.0
    },
    "bytes_from_memory": 90589732.92307693,
    "bytes_to_memory": 12452898.461538462,
    "total_bytes_rw_mem": 103042631.38461539
}