{
    "demand_fetches": {
        "total": 6489888.133333334,
        "instrn": 0.0,
        "data": 6489888.133333334,
        "read": 5659406.0,
        "write": 830482.1333333333,
        "misc": 0.0
    },
    "demand_misses": {
        "total": 2220733.933333333,
        "instrn": 0.0,
        "data": 2220733.933333333,
        "read": 1902824.9333333333,
        "write": 317909.0,
        "misc": 0.0
    },
    "demand_miss_rate": {
        "total": 0.29566666666666663,
        "instrn": 0.0,
        "data": 0.29566666666666663,
        "read": 0.2903533333333333,
        "write": 0.32676,
        "misc": 0.0
    },
    "bytes_from_memory": 35531742.93333333,
    "bytes_to_memory": 5383648.0,
    "total_bytes_rw_mem": 40915390.93333333
}