{
    "demand_fetches": {
        "total": 55505.57142857143,
        "instrn": 0.0,
        "data": 55505.57142857143,
        "read": 32970.71428571428,
        "write": 22534.85714285714,
        "misc": 0.0
    },
    "demand_misses": {
        "total": 17418.5,
        "instrn": 0.0,
        "data": 17418.5,
        "read": 4360.714285714285,
        "write": 13057.785714285714,
        "misc": 0.0
    },
    "demand_miss_rate": {
        "total": 0.2112214285714286,
        "instrn": 0.0,
        "data": 0.2112214285714286,
        "read": 0.1294642857142857,
        "write": 0.3190857142857143,
        "misc": 0.0
    },
    "bytes_from_memory": 557392.0,
    "bytes_to_memory": 429273.14285714284,
    "total_bytes_rw_mem": 986665.1428571428
}