{
    "demand_fetches": {
        "total": 9802103.142857144,
        "instrn": 0.0,
        "data": 9802103.142857144,
        "read": 8971251.642857144,
        "write": 830851.5,
        "misc": 0.0
    },
    "demand_misses": {
        "total": 4287922.642857143,
        "instrn": 0.0,
        "data": 4287922.642857143,
        "read": 3976476.0714285714,
        "write": 311446.5714285714,
        "misc": 0.0
    },
    "demand_miss_rate": {
        "total": 0.3519857142857143,
        "instrn": 0.0,
        "data": 0.3519857142857143,
        "read": 0.3546857142857143,
        "write": 0.3195714285714287,
        "misc": 0.0
    },
    "bytes_from_memory": 68606762.28571428,
    "bytes_to_memory": 5282960.0,
    "total_bytes_rw_mem": 73889722.28571428
}