{
    "demand_fetches": {
        "total": 5291211.071428572,
        "instrn": 0.0,
        "data": 5291211.071428572,
        "read": 4662140.214285715,
        "write": 629070.8571428572,
        "misc": 0.0
    },
    "demand_misses": {
        "total": 2401199.0,
        "instrn": 0.0,
        "data": 2401199.0,
        "read": 2168777.5,
        "write": 232421.5,
        "misc": 0.0
    },
    "demand_miss_rate": {
        "total": 0.37932857142857135,
        "instrn": 0.0,
        "data": 0.37932857142857135,
        "read": 0.39015714285714287,
        "write": 0.31490714285714283,
        "misc": 0.0
    },
    "bytes_from_memory": 38419184.0,
    "bytes_to_memory": 3899985.1428571427,
    "total_bytes_rw_mem": 42319169.14285714
}