{
    "demand_fetches": {
        "total": 20412821.46153846,
        "instrn": 0.0,
        "data": 20412821.46153846,
        "read": 19265828.692307692,
        "write": 1146992.7692307692,
        "misc": 0.0
    },
    "demand_misses": {
        "total": 1621548.2307692308,
        "instrn": 0.0,
        "data": 1621548.2307692308,
        "read": 1497182.4615384615,
        "write": 124365.76923076923,
        "misc": 0.0
    },
    "demand_miss_rate": {
        "total": 0.0734153846153846,
        "instrn": 0.0,
        "data": 0.0734153846153846,
        "read": 0.07162307692307693,
        "write": 0.09740769230769229,
        "misc": 0.0
    },
    "bytes_from_memory": 103779086.76923077,
    "bytes_to_memory": 8819884.307692308,
    "total_bytes_rw_mem": 112598971.07692307
}