{
    "demand_fetches": {
        "total": 21422233.0,
        "instrn": 0.0,
        "data": 21422233.0,
        "read": 18795179.4,
        "write": 2627053.6,
        "misc": 0.0
    },
    "demand_misses": {
        "total": 2613447.8666666667,
        "instrn": 0.0,
        "data": 2613447.8666666667,
        "read": 2276065.7333333334,
        "write": 337382.13333333336,
        "misc": 0.0
    },
    "demand_miss_rate": {
        "total": 0.09814666666666666,
        "instrn": 0.0,
        "data": 0.09814666666666666,
        "read": 0.09717333333333333,
        "write": 0.10428666666666665,
        "misc": 0.0
    },
    "bytes_from_memory": 83630331.73333333,
    "bytes_to_memory": 11617529.6,
    "total_bytes_rw_mem": 95247861.33333333
}