{
    "demand_fetches": {
        "total": 20428592.57142857,
        "instrn": 0.0,
        "data": 20428592.57142857,
        "read": 18731864.64285714,
        "write": 1696727.9285714286,
        "misc": 0.0
    },
    "demand_misses": {
        "total": 2516470.214285714,
        "instrn": 0.0,
        "data": 2516470.214285714,
        "read": 2264374.1428571427,
        "write": 252096.07142857142,
        "misc": 0.0
    },
    "demand_miss_rate": {
        "total": 0.10532142857142857,
        "instrn": 0.0,
        "data": 0.10532142857142857,
        "read": 0.10364285714285713,
        "write": 0.12282857142857141,
        "misc": 0.0
    },
    "bytes_from_memory": 161054093.7142857,
    "bytes_to_memory": 21030934.85714286,
    "total_bytes_rw_mem": 182085028.57142857
}