{
    "demand_fetches": {
        "total": 261857.0,
        "instrn": 0.0,
        "data": 261857.0,
        "read": 57447.357142857145,
        "write": 204409.64285714287,
        "misc": 0.0
    },
    "demand_misses": {
        "total": 214005.42857142858,
        "instrn": 0.0,
        "data": 214005.42857142858,
        "read": 25141.14285714286,
        "write": 188864.2857142857,
        "misc": 0.0
    },
    "demand_miss_rate": {
        "total": 0.47319285714285714,
        "instrn": 0.0,
        "data": 0.47319285714285714,
        "read": 0.32445714285714283,
        "write": 0.5362214285714286,
        "misc": 0.0
    },
    "bytes_from_memory": 13696347.42857143,
    "bytes_to_memory": 12123652.57142857,
    "total_bytes_rw_mem": 25820000.0
}