{
    "demand_fetches": {
        "total": 20199630.46153846,
        "instrn": 0.0,
        "data": 20199630.46153846,
        "read": 19130452.615384616,
        "write": 1069177.8461538462,
        "misc": 0.0
    },
    "demand_misses": {
        "total": 1690292.2307692308,
        "instrn": 0.0,
        "data": 1690292.2307692308,
        "read": 1575512.3076923077,
        "write": 114779.92307692308,
        "misc": 0.0
    },
    "demand_miss_rate": {
        "total": 0.07683076923076923,
        "instrn": 0.0,
        "data": 0.07683076923076923,
        "read": 0.07543846153846155,
        "write": 0.09649230769230768,
        "misc": 0.0
    },
    "bytes_from_memory": 108178702.76923077,
    "bytes_to_memory": 8229656.615384615,
    "total_bytes_rw_mem": 116408359.38461539
}