{
    "demand_fetches": {
        "total": 10570637.615384616,
        "instrn": 0.0,
        "data": 10570637.615384616,
        "read": 9671347.153846154,
        "write": 899290.4615384615,
        "misc": 0.0
    },
    "demand_misses": {
        "total": 1319872.2307692308,
        "instrn": 0.0,
        "data": 1319872.2307692308,
        "read": 1222962.0,
        "write": 96910.23076923077,
        "misc": 0.0
    },
    "demand_miss_rate": {
        "total": 0.1151153846153846,
        "instrn": 0.0,
        "data": 0.1151153846153846,
        "read": 0.11722307692307694,
        "write": 0.09896923076923077,
        "misc": 0.0
    },
    "bytes_from_memory": 84471822.76923077,
    "bytes_to_memory": 7445533.538461538,
    "total_bytes_rw_mem": 91917356.3076923
}