{
    "demand_fetches": {
        "total": 19066998.666666668,
        "instrn": 0.0,
        "data": 19066998.666666668,
        "read": 17483255.733333334,
        "write": 1583742.9333333333,
        "misc": 0.0
    },
    "demand_misses": {
        "total": 2656892.0,
        "instrn": 0.0,
        "data": 2656892.0,
        "read": 2432656.4,
        "write": 224235.6,
        "misc": 0.0
    },
    "demand_miss_rate": {
        "total": 0.11172666666666667,
        "instrn": 0.0,
        "data": 0.11172666666666667,
        "read": 0.11124666666666667,
        "write": 0.11565333333333334,
        "misc": 0.0
    },
    "bytes_from_memory": 85020544.0,
    "bytes_to_memory": 7939639.466666667,
    "total_bytes_rw_mem": 92960183.46666667
}