{
    "demand_fetches": {
        "total": 5213328.142857143,
        "instrn": 0.0,
        "data": 5213328.142857143,
        "read": 4637458.142857143,
        "write": 575870.0,
        "misc": 0.0
    },
    "demand_misses": {
        "total": 2438711.5714285714,
        "instrn": 0.0,
        "data": 2438711.5714285714,
        "read": 2219987.5,
        "write": 218724.07142857142,
        "misc": 0.0
    },
    "demand_miss_rate": {
        "total": 0.38980000000000004,
        "instrn": 0.0,
        "data": 0.38980000000000004,
        "read": 0.40092857142857147,
        "write": 0.3233428571428571,
        "misc": 0.0
    },
    "bytes_from_memory": 39019385.14285714,
    "bytes_to_memory": 3713773.714285714,
    "total_bytes_rw_mem": 42733158.85714286
}