{
    "demand_fetches": {
        "total": 17437226.466666665,
        "instrn": 0.0,
        "data": 17437226.466666665,
        "read": 16535103.133333333,
        "write": 902123.3333333334,
        "misc": 0.0
    },
    "demand_misses": {
        "total": 1513197.6666666667,
        "instrn": 0.0,
        "data": 1513197.6666666667,
        "read": 1416745.6666666667,
        "write": 96452.0,
        "misc": 0.0
    },
    "demand_miss_rate": {
        "total": 0.06863999999999999,
        "instrn": 0.0,
        "data": 0.06863999999999999,
        "read": 0.06759333333333334,
        "write": 0.08329999999999999,
        "misc": 0.0
    },
    "bytes_from_memory": 96844650.66666667,
    "bytes_to_memory": 6961864.533333333,
    "total_bytes_rw_mem": 103806515.2
}