{
    "demand_fetches": {
        "total": 24717886.384615384,
        "instrn": 0.0,
        "data": 24717886.384615384,
        "read": 21686687.46153846,
        "write": 3031198.923076923,
        "misc": 0.0
    },
    "demand_misses": {
        "total": 5720623.615384615,
        "instrn": 0.0,
        "data": 5720623.615384615,
        "read": 4971158.538461538,
        "write": 749465.0769230769,
        "misc": 0.0
    },
    "demand_miss_rate": {
        "total": 0.21450000000000002,
        "instrn": 0.0,
        "data": 0.21450000000000002,
        "read": 0.21182307692307695,
        "write": 0.23175384615384617,
        "misc": 0.0
    },
    "bytes_from_memory": 91529977.84615384,
    "bytes_to_memory": 12459892.923076924,
    "total_bytes_rw_mem": 103989870.76923077
}