{
    "demand_fetches": {
        "total": 9123650.733333332,
        "instrn": 0.0,
        "data": 9123650.733333332,
        "read": 8367132.133333334,
        "write": 756518.6,
        "misc": 0.0
    },
    "demand_misses": {
        "total": 920116.6666666666,
        "instrn": 0.0,
        "data": 920116.6666666666,
        "read": 846527.8,
        "write": 73588.86666666667,
        "misc": 0.0
    },
    "demand_miss_rate": {
        "total": 0.07891333333333332,
        "instrn": 0.0,
        "data": 0.07891333333333332,
        "read": 0.07911333333333335,
        "write": 0.07676,
        "misc": 0.0
    },
    "bytes_from_memory": 58887466.666666664,
    "bytes_to_memory": 5241693.866666666,
    "total_bytes_rw_mem": 64129160.53333333
}