{
    "demand_fetches": {
        "total": 18681704.285714287,
        "instrn": 0.0,
        "data": 18681704.285714287,
        "read": 17715672.214285713,
        "write": 966032.0714285715,
        "misc": 0.0
    },
    "demand_misses": {
        "total": 2743195.4285714286,
        "instrn": 0.0,
        "data": 2743195.4285714286,
        "read": 2590784.714285714,
        "write": 152410.7142857143,
        "misc": 0.0
    },
    "demand_miss_rate": {
        "total": 0.12489285714285714,
        "instrn": 0.0,
        "data": 0.12489285714285714,
        "read": 0.12392142857142859,
        "write": 0.13647857142857142,
        "misc": 0.0
    },
    "bytes_from_memory": 87782253.71428572,
    "bytes_to_memory": 5235008.0,
    "total_bytes_rw_mem": 93017261.71428572
}