{
    "demand_fetches": {
        "total": 6502652.307692308,
        "instrn": 0.0,
        "data": 6502652.307692308,
        "read": 5342057.923076923,
        "write": 1160594.3846153845,
        "misc": 0.0
    },
    "demand_misses": {
        "total": 1006670.2307692308,
        "instrn": 0.0,
        "data": 1006670.2307692308,
        "read": 787246.3076923077,
        "write": 219423.92307692306,
        "misc": 0.0
    },
    "demand_miss_rate": {
        "total": 0.14265384615384616,
        "instrn": 0.0,
        "data": 0.14265384615384616,
        "read": 0.13572307692307695,
        "write": 0.1710846153846154,
        "misc": 0.0
    },
    "bytes_from_memory": 32213447.384615384,
    "bytes_to_memory": 7435790.769230769,
    "total_bytes_rw_mem": 39649238.15384615
}