{
    "demand_fetches": {
        "total": 18681482.285714287,
        "instrn": 0.0,
        "data": 18681482.285714287,
        "read": 17715536.92857143,
        "write": 965945.3571428572,
        "misc": 0.0
    },
    "demand_misses": {
        "total": 6122699.0,
        "instrn": 0.0,
        "data": 6122699.0,
        "read": 5809774.785714285,
        "write": 312924.21428571426,
        "misc": 0.0
    },
    "demand_miss_rate": {
        "total": 0.2762928571428571,
        "instrn": 0.0,
        "data": 0.2762928571428571,
        "read": 0.27572142857142856,
        "write": 0.2800214285714286,
        "misc": 0.0
    },
    "bytes_from_memory": 97963184.0,
    "bytes_to_memory": 5450198.857142857,
    "total_bytes_rw_mem": 103413382.85714285
}