{
    "demand_fetches": {
        "total": 5574400.076923077,
        "instrn": 0.0,
        "data": 5574400.076923077,
        "read": 4982210.769230769,
        "write": 592189.3076923077,
        "misc": 0.0
    },
    "demand_misses": {
        "total": 1344664.2307692308,
        "instrn": 0.0,
        "data": 1344664.2307692308,
        "read": 1227140.8461538462,
        "write": 117523.38461538461,
        "misc": 0.0
    },
    "demand_miss_rate": {
        "total": 0.22026923076923072,
        "instrn": 0.0,
        "data": 0.22026923076923072,
        "read": 0.22686923076923077,
        "write": 0.18205384615384615,
        "misc": 0.0
    },
    "bytes_from_memory": 43029255.384615384,
    "bytes_to_memory": 4155030.153846154,
    "total_bytes_rw_mem": 47184285.538461536
}