{
    "demand_fetches": {
        "total": 117406.64285714286,
        "instrn": 0.0,
        "data": 117406.64285714286,
        "read": 73725.42857142857,
        "write": 43681.21428571428,
        "misc": 0.0
    },
    "demand_misses": {
        "total": 46623.28571428572,
        "instrn": 0.0,
        "data": 46623.28571428572,
        "read": 23033.64285714286,
        "write": 23589.64285714286,
        "misc": 0.0
    },
    "demand_miss_rate": {
        "total": 0.24546428571428572,
        "instrn": 0.0,
        "data": 0.24546428571428572,
        "read": 0.2068142857142857,
        "write": 0.31156428571428574,
        "misc": 0.0
    },
    "bytes_from_memory": 2983890.285714286,
    "bytes_to_memory": 1541325.7142857143,
    "total_bytes_rw_mem": 4525216.0
}