{
    "demand_fetches": {
        "total": 5291166.928571428,
        "instrn": 0.0,
        "data": 5291166.928571428,
        "read": 4662116.428571428,
        "write": 629050.5,
        "misc": 0.0
    },
    "demand_misses": {
        "total": 2403719.214285714,
        "instrn": 0.0,
        "data": 2403719.214285714,
        "read": 2171704.5714285714,
        "write": 232014.64285714287,
        "misc": 0.0
    },
    "demand_miss_rate": {
        "total": 0.3803142857142857,
        "instrn": 0.0,
        "data": 0.3803142857142857,
        "read": 0.3915214285714285,
        "write": 0.3144142857142857,
        "misc": 0.0
    },
    "bytes_from_memory": 38459507.428571425,
    "bytes_to_memory": 3885654.8571428573,
    "total_bytes_rw_mem": 42345162.28571428
}