{
    "demand_fetches": {
        "total": 5212942.5,
        "instrn": 0.0,
        "data": 5212942.5,
        "read": 4647407.142857143,
        "write": 565535.3571428572,
        "misc": 0.0
    },
    "demand_misses": {
        "total": 900584.0,
        "instrn": 0.0,
        "data": 900584.0,
        "read": 793083.9285714285,
        "write": 107500.07142857143,
        "misc": 0.0
    },
    "demand_miss_rate": {
        "total": 0.1474642857142857,
        "instrn": 0.0,
        "data": 0.1474642857142857,
        "read": 0.1454785714285714,
        "write": 0.16060714285714286,
        "misc": 0.0
    },
    "bytes_from_memory": 28818688.0,
    "bytes_to_memory": 3654644.5714285714,
    "total_bytes_rw_mem": 32473332.57142857
}