{
    "demand_fetches": {
        "total": 19066998.666666668,
        "instrn": 0.0,
        "data": 19066998.666666668,
        "read": 17483255.733333334,
        "write": 1583742.9333333333,
        "misc": 0.0
    },
    "demand_misses": {
        "total": 2665857.8666666667,
        "instrn": 0.0,
        "data": 2665857.8666666667,
        "read": 2441769.533333333,
        "write": 224088.33333333334,
        "misc": 0.0
    },
    "demand_miss_rate": {
        "total": 0.11210000000000002,
        "instrn": 0.0,
        "data": 0.11210000000000002,
        "read": 0.11170666666666668,
        "write": 0.11554,
        "misc": 0.0
    },
    "bytes_from_memory": 85307451.73333333,
    "bytes_to_memory": 7966402.133333334,
    "total_bytes_rw_mem": 93273853.86666666
}