{
    "demand_fetches": {
        "total": 9909112.285714285,
        "instrn": 0.0,
        "data": 9909112.285714285,
        "read": 9015925.285714285,
        "write": 893187.0,
        "misc": 0.0
    },
    "demand_misses": {
        "total": 1048511.8571428572,
        "instrn": 0.0,
        "data": 1048511.8571428572,
        "read": 956347.4285714285,
        "write": 92164.42857142857,
        "misc": 0.0
    },
    "demand_miss_rate": {
        "total": 0.08952857142857142,
        "instrn": 0.0,
        "data": 0.08952857142857142,
        "read": 0.08992857142857144,
        "write": 0.08685714285714285,
        "misc": 0.0
    },
    "bytes_from_memory": 67104758.85714286,
    "bytes_to_memory": 6758093.714285715,
    "total_bytes_rw_mem": 73862852.57142857
}