{
    "demand_fetches": {
        "total": 11374004.785714285,
        "instrn": 0.0,
        "data": 11374004.785714285,
        "read": 9542798.0,
        "write": 1831206.7857142857,
        "misc": 0.0
    },
    "demand_misses": {
        "total": 866991.3571428572,
        "instrn": 0.0,
        "data": 866991.3571428572,
        "read": 688260.4285714285,
        "write": 178730.92857142858,
        "misc": 0.0
    },
    "demand_miss_rate": {
        "total": 0.06584285714285713,
        "instrn": 0.0,
        "data": 0.06584285714285713,
        "read": 0.062371428571428564,
        "write": 0.08251428571428572,
        "misc": 0.0
    },
    "bytes_from_memory": 55487446.85714286,
    "bytes_to_memory": 12231556.57142857,
    "total_bytes_rw_mem": 67719003.42857143
}