{
    "demand_fetches": {
        "total": 9774315.714285715,
        "instrn": 0.0,
        "data": 9774315.714285715,
        "read": 8964283.0,
        "write": 810032.7142857143,
        "misc": 0.0
    },
    "demand_misses": {
        "total": 4568455.285714285,
        "instrn": 0.0,
        "data": 4568455.285714285,
        "read": 4256329.5,
        "write": 312125.78571428574,
        "misc": 0.0
    },
    "demand_miss_rate": {
        "total": 0.3886071428571429,
        "instrn": 0.0,
        "data": 0.3886071428571429,
        "read": 0.3956,
        "write": 0.3278285714285714,
        "misc": 0.0
    },
    "bytes_from_memory": 73095284.57142857,
    "bytes_to_memory": 5378725.714285715,
    "total_bytes_rw_mem": 78474010.28571428
}