{
    "demand_fetches": {
        "total": 11374302.642857144,
        "instrn": 0.0,
        "data": 11374302.642857144,
        "read": 9542977.785714285,
        "write": 1831324.857142857,
        "misc": 0.0
    },
    "demand_misses": {
        "total": 5076351.642857143,
        "instrn": 0.0,
        "data": 5076351.642857143,
        "read": 4311028.571428572,
        "write": 765323.0714285715,
        "misc": 0.0
    },
    "demand_miss_rate": {
        "total": 0.3785714285714286,
        "instrn": 0.0,
        "data": 0.3785714285714286,
        "read": 0.3837642857142857,
        "write": 0.35410714285714284,
        "misc": 0.0
    },
    "bytes_from_memory": 81221626.28571428,
    "bytes_to_memory": 13808809.142857144,
    "total_bytes_rw_mem": 95030435.42857143
}