{
    "demand_fetches": {
        "total": 13819035.384615384,
        "instrn": 0.0,
        "data": 13819035.384615384,
        "read": 12510103.538461538,
        "write": 1308931.8461538462,
        "misc": 0.0
    },
    "demand_misses": {
        "total": 1694405.8461538462,
        "instrn": 0.0,
        "data": 1694405.8461538462,
        "read": 1553252.2307692308,
        "write": 141153.61538461538,
        "misc": 0.0
    },
    "demand_miss_rate": {
        "total": 0.12090769230769233,
        "instrn": 0.0,
        "data": 0.12090769230769233,
        "read": 0.1229076923076923,
        "write": 0.10606153846153848,
        "misc": 0.0
    },
    "bytes_from_memory": 108441974.15384616,
    "bytes_to_memory": 10667480.615384616,
    "total_bytes_rw_mem": 119109454.76923077
}