{
    "demand_fetches": {
        "total": 10361724.57142857,
        "instrn": 0.0,
        "data": 10361724.57142857,
        "read": 9180187.714285715,
        "write": 1181536.857142857,
        "misc": 0.0
    },
    "demand_misses": {
        "total": 4107790.714285714,
        "instrn": 0.0,
        "data": 4107790.714285714,
        "read": 3626361.8571428573,
        "write": 481428.85714285716,
        "misc": 0.0
    },
    "demand_miss_rate": {
        "total": 0.33753571428571433,
        "instrn": 0.0,
        "data": 0.33753571428571433,
        "read": 0.33645714285714284,
        "write": 0.34503571428571433,
        "misc": 0.0
    },
    "bytes_from_memory": 65724651.428571425,
    "bytes_to_memory": 8557742.857142856,
    "total_bytes_rw_mem": 74282394.28571428
}