{
    "demand_fetches": {
        "total": 18681482.285714287,
        "instrn": 0.0,
        "data": 18681482.285714287,
        "read": 17715536.92857143,
        "write": 965945.3571428572,
        "misc": 0.0
    },
    "demand_misses": {
        "total": 3085594.0,
        "instrn": 0.0,
        "data": 3085594.0,
        "read": 2925208.3571428573,
        "write": 160385.64285714287,
        "misc": 0.0
    },
    "demand_miss_rate": {
        "total": 0.1394142857142857,
        "instrn": 0.0,
        "data": 0.1394142857142857,
        "read": 0.13902857142857142,
        "write": 0.14301428571428573,
        "misc": 0.0
    },
    "bytes_from_memory": 98739008.0,
    "bytes_to_memory": 5725003.428571428,
    "total_bytes_rw_mem": 104464011.42857143
}