{
    "demand_fetches": {
        "total": 10361724.57142857,
        "instrn": 0.0,
        "data": 10361724.57142857,
        "read": 9180187.714285715,
        "write": 1181536.857142857,
        "misc": 0.0
    },
    "demand_misses": {
        "total": 2118640.5,
        "instrn": 0.0,
        "data": 2118640.5,
        "read": 1868845.7857142857,
        "write": 249794.7142857143,
        "misc": 0.0
    },
    "demand_miss_rate": {
        "total": 0.17462142857142854,
        "instrn": 0.0,
        "data": 0.17462142857142854,
        "read": 0.17413571428571428,
        "write": 0.17842857142857144,
        "misc": 0.0
    },
    "bytes_from_memory": 67796496.0,
    "bytes_to_memory": 9101936.0,
    "total_bytes_rw_mem": 76898432.0
}