{
    "demand_fetches": {
        "total": 5291211.071428572,
        "instrn": 0.0,
        "data": 5291211.071428572,
        "read": 4662140.214285715,
        "write": 629070.8571428572,
        "misc": 0.0
    },
    "demand_misses": {
        "total": 1239453.0,
        "instrn": 0.0,
        "data": 1239453.0,
        "read": 1118688.5714285714,
        "write": 120764.42857142857,
        "misc": 0.0
    },
    "demand_miss_rate": {
        "total": 0.19802857142857141,
        "instrn": 0.0,
        "data": 0.19802857142857141,
        "read": 0.20422142857142855,
        "write": 0.16343571428571427,
        "misc": 0.0
    },
    "bytes_from_memory": 39662496.0,
    "bytes_to_memory": 4252738.285714285,
    "total_bytes_rw_mem": 43915234.28571428
}