{
    "demand_fetches": {
        "total": 18681704.285714287,
        "instrn": 0.0,
        "data": 18681704.285714287,
        "read": 17715672.214285713,
        "write": 966032.0714285715,
        "misc": 0.0
    },
    "demand_misses": {
        "total": 1621244.2857142857,
        "instrn": 0.0,
        "data": 1621244.2857142857,
        "read": 1517932.0714285714,
        "write": 103312.21428571429,
        "misc": 0.0
    },
    "demand_miss_rate": {
        "total": 0.07352857142857142,
        "instrn": 0.0,
        "data": 0.07352857142857142,
        "read": 0.07242142857142857,
        "write": 0.08925000000000001,
        "misc": 0.0
    },
    "bytes_from_memory": 103759634.28571428,
    "bytes_to_memory": 7454866.285714285,
    "total_bytes_rw_mem": 111214500.57142857
}