{
    "demand_fetches": {
        "total": 5213475.357142857,
        "instrn": 0.0,
        "data": 5213475.357142857,
        "read": 4637549.0,
        "write": 575926.3571428572,
        "misc": 0.0
    },
    "demand_misses": {
        "total": 1233333.5714285714,
        "instrn": 0.0,
        "data": 1233333.5714285714,
        "read": 1122285.4285714286,
        "write": 111048.14285714286,
        "misc": 0.0
    },
    "demand_miss_rate": {
        "total": 0.19837857142857143,
        "instrn": 0.0,
        "data": 0.19837857142857143,
        "read": 0.20425714285714286,
        "write": 0.1640714285714286,
        "misc": 0.0
    },
    "bytes_from_memory": 39466674.28571428,
    "bytes_to_memory": 3898804.5714285714,
    "total_bytes_rw_mem": 43365478.85714286
}