{
    "demand_fetches": {
        "total": 18610525.285714287,
        "instrn": 0.0,
        "data": 18610525.285714287,
        "read": 17654362.285714287,
        "write": 956163.0,
        "misc": 0.0
    },
    "demand_misses": {
        "total": 8490481.142857144,
        "instrn": 0.0,
        "data": 8490481.142857144,
        "read": 8155270.928571428,
        "write": 335210.21428571426,
        "misc": 0.0
    },
    "demand_miss_rate": {
        "total": 0.36424285714285715,
        "instrn": 0.0,
        "data": 0.36424285714285715,
        "read": 0.36755714285714286,
        "write": 0.3028428571428572,
        "misc": 0.0
    },
    "bytes_from_memory": 135847698.2857143,
    "bytes_to_memory": 6051502.857142857,
    "total_bytes_rw_mem": 141899201.14285713
}