{
    "demand_fetches": {
        "total": 18610560.285714287,
        "instrn": 0.0,
        "data": 18610560.285714287,
        "read": 17654384.07142857,
        "write": 956176.2142857143,
        "misc": 0.0
    },
    "demand_misses": {
        "total": 6900870.071428572,
        "instrn": 0.0,
        "data": 6900870.071428572,
        "read": 6581425.357142857,
        "write": 319444.71428571426,
        "misc": 0.0
    },
    "demand_miss_rate": {
        "total": 0.29982142857142857,
        "instrn": 0.0,
        "data": 0.29982142857142857,
        "read": 0.30004285714285717,
        "write": 0.2880214285714286,
        "misc": 0.0
    },
    "bytes_from_memory": 110413921.14285715,
    "bytes_to_memory": 5567435.428571428,
    "total_bytes_rw_mem": 115981356.57142857
}