{
    "demand_fetches": {
        "total": 111298.57142857143,
        "instrn": 0.0,
        "data": 111298.57142857143,
        "read": 74882.0,
        "write": 36416.57142857143,
        "misc": 0.0
    },
    "demand_misses": {
        "total": 44941.642857142855,
        "instrn": 0.0,
        "data": 44941.642857142855,
        "read": 27325.428571428572,
        "write": 17616.214285714286,
        "misc": 0.0
    },
    "demand_miss_rate": {
        "total": 0.2658428571428571,
        "instrn": 0.0,
        "data": 0.2658428571428571,
        "read": 0.2450857142857143,
        "write": 0.30496428571428574,
        "misc": 0.0
    },
    "bytes_from_memory": 2876265.1428571427,
    "bytes_to_memory": 1161046.857142857,
    "total_bytes_rw_mem": 4037312.0
}