{
    "demand_fetches": {
        "total": 13819035.384615384,
        "instrn": 0.0,
        "data": 13819035.384615384,
        "read": 12510103.538461538,
        "write": 1308931.8461538462,
        "misc": 0.0
    },
    "demand_misses": {
        "total": 4479297.307692308,
        "instrn": 0.0,
        "data": 4479297.307692308,
        "read": 3984496.230769231,
        "write": 494801.07692307694,
        "misc": 0.0
    },
    "demand_miss_rate": {
        "total": 0.3220692307692307,
        "instrn": 0.0,
        "data": 0.3220692307692307,
        "read": 0.31531538461538466,
        "write": 0.37339230769230763,
        "misc": 0.0
    },
    "bytes_from_memory": 71668756.92307693,
    "bytes_to_memory": 8263586.461538462,
    "total_bytes_rw_mem": 79932343.38461539
}