{
    "demand_fetches": {
        "total": 10491659.846153846,
        "instrn": 0.0,
        "data": 10491659.846153846,
        "read": 9637609.923076924,
        "write": 854049.9230769231,
        "misc": 0.0
    },
    "demand_misses": {
        "total": 4902847.615384615,
        "instrn": 0.0,
        "data": 4902847.615384615,
        "read": 4585577.461538462,
        "write": 317270.1538461539,
        "misc": 0.0
    },
    "demand_miss_rate": {
        "total": 0.3981,
        "instrn": 0.0,
        "data": 0.3981,
        "read": 0.40300769230769234,
        "write": 0.3413307692307692,
        "misc": 0.0
    },
    "bytes_from_memory": 78445561.84615384,
    "bytes_to_memory": 5374327.384615385,
    "total_bytes_rw_mem": 83819889.23076923
}