{
    "demand_fetches": {
        "total": 24717886.384615384,
        "instrn": 0.0,
        "data": 24717886.384615384,
        "read": 21686687.46153846,
        "write": 3031198.923076923,
        "misc": 0.0
    },
    "demand_misses": {
        "total": 1720429.3076923077,
        "instrn": 0.0,
        "data": 1720429.3076923077,
        "read": 1377825.923076923,
        "write": 342603.3846153846,
        "misc": 0.0
    },
    "demand_miss_rate": {
        "total": 0.06470769230769231,
        "instrn": 0.0,
        "data": 0.06470769230769231,
        "read": 0.05914615384615385,
        "write": 0.1019846153846154,
        "misc": 0.0
    },
    "bytes_from_memory": 110107475.6923077,
    "bytes_to_memory": 23494916.923076924,
    "total_bytes_rw_mem": 133602392.61538461
}