{
    "power": {
        "0x40": 807.3803295999917,
        "0x41": 5.163025828571592,
        "0x44": 1697.1203517714314,
        "0x45": 865.1621137714246,
        "0x48": 1010.4965415428426,
        "0x4c": 600.1683325142903
    },
    "current": {
        "0x40": 161.71578142857174,
        "0x41": -0.5222982857142839,
        "0x44": 511.9756212000023,
        "0x45": 857.5015979428549,
        "0x48": 563.5143512571428,
        "0x4c": 400.79279988571176
    },
    "energy": {
        "0x40": 20183.5478538999,
        "0x41": 128.61670319999843,
        "0x44": 42422.67684650019,
        "0x45": 21625.919890400055,
        "0x48": 25259.21558420014,
        "0x4c": 15002.100748899966
    }
}