{
    "demand_fetches": {
        "total": 9909992.214285715,
        "instrn": 0.0,
        "data": 9909992.214285715,
        "read": 9016409.357142856,
        "write": 893582.8571428572,
        "misc": 0.0
    },
    "demand_misses": {
        "total": 872542.4285714285,
        "instrn": 0.0,
        "data": 872542.4285714285,
        "read": 785047.2142857143,
        "write": 87495.21428571429,
        "misc": 0.0
    },
    "demand_miss_rate": {
        "total": 0.07540000000000001,
        "instrn": 0.0,
        "data": 0.07540000000000001,
        "read": 0.07447857142857141,
        "write": 0.08283571428571428,
        "misc": 0.0
    },
    "bytes_from_memory": 55842715.428571425,
    "bytes_to_memory": 6163789.714285715,
    "total_bytes_rw_mem": 62006505.14285714
}