{
    "demand_fetches": {
        "total": 20330162.076923076,
        "instrn": 0.0,
        "data": 20330162.076923076,
        "read": 19211134.46153846,
        "write": 1119027.6153846155,
        "misc": 0.0
    },
    "demand_misses": {
        "total": 6298757.230769231,
        "instrn": 0.0,
        "data": 6298757.230769231,
        "read": 5951102.538461538,
        "write": 347654.6923076923,
        "misc": 0.0
    },
    "demand_miss_rate": {
        "total": 0.2842538461538461,
        "instrn": 0.0,
        "data": 0.2842538461538461,
        "read": 0.28336153846153844,
        "write": 0.2924,
        "misc": 0.0
    },
    "bytes_from_memory": 100780115.6923077,
    "bytes_to_memory": 6025654.153846154,
    "total_bytes_rw_mem": 106805769.84615384
}