{
    "demand_fetches": {
        "total": 5212942.5,
        "instrn": 0.0,
        "data": 5212942.5,
        "read": 4647407.142857143,
        "write": 565535.3571428572,
        "misc": 0.0
    },
    "demand_misses": {
        "total": 1071003.5,
        "instrn": 0.0,
        "data": 1071003.5,
        "read": 958610.9285714285,
        "write": 112392.57142857143,
        "misc": 0.0
    },
    "demand_miss_rate": {
        "total": 0.17436428571428572,
        "instrn": 0.0,
        "data": 0.17436428571428572,
        "read": 0.1755357142857143,
        "write": 0.16747857142857142,
        "misc": 0.0
    },
    "bytes_from_memory": 34272112.0,
    "bytes_to_memory": 3945323.4285714286,
    "total_bytes_rw_mem": 38217435.428571425
}