{
    "demand_fetches": {
        "total": 19213499.92857143,
        "instrn": 0.0,
        "data": 19213499.92857143,
        "read": 18041327.5,
        "write": 1172172.4285714286,
        "misc": 0.0
    },
    "demand_misses": {
        "total": 1345108.9285714286,
        "instrn": 0.0,
        "data": 1345108.9285714286,
        "read": 1222045.857142857,
        "write": 123063.07142857143,
        "misc": 0.0
    },
    "demand_miss_rate": {
        "total": 0.06042142857142857,
        "instrn": 0.0,
        "data": 0.06042142857142857,
        "read": 0.05827857142857142,
        "write": 0.08750714285714285,
        "misc": 0.0
    },
    "bytes_from_memory": 86086971.42857143,
    "bytes_to_memory": 8354112.0,
    "total_bytes_rw_mem": 94441083.42857143
}