{
    "demand_fetches": {
        "total": 5548853.153846154,
        "instrn": 0.0,
        "data": 5548853.153846154,
        "read": 4974626.0,
        "write": 574227.1538461539,
        "misc": 0.0
    },
    "demand_misses": {
        "total": 1314531.6923076923,
        "instrn": 0.0,
        "data": 1314531.6923076923,
        "read": 1203406.6923076923,
        "write": 111125.0,
        "misc": 0.0
    },
    "demand_miss_rate": {
        "total": 0.21329999999999996,
        "instrn": 0.0,
        "data": 0.21329999999999996,
        "read": 0.21913076923076924,
        "write": 0.17687692307692307,
        "misc": 0.0
    },
    "bytes_from_memory": 42065014.15384615,
    "bytes_to_memory": 3872647.3846153845,
    "total_bytes_rw_mem": 45937661.538461536
}