{
    "demand_fetches": {
        "total": 30488086.615384616,
        "instrn": 0.0,
        "data": 30488086.615384616,
        "read": 24886322.692307692,
        "write": 5601763.923076923,
        "misc": 0.0
    },
    "demand_misses": {
        "total": 3467774.6923076925,
        "instrn": 0.0,
        "data": 3467774.6923076925,
        "read": 2761713.846153846,
        "write": 706060.8461538461,
        "misc": 0.0
    },
    "demand_miss_rate": {
        "total": 0.10534615384615383,
        "instrn": 0.0,
        "data": 0.10534615384615383,
        "read": 0.10266153846153846,
        "write": 0.11675384615384618,
        "misc": 0.0
    },
    "bytes_from_memory": 110968790.15384616,
    "bytes_to_memory": 24453629.53846154,
    "total_bytes_rw_mem": 135422419.69230768
}