{
    "demand_fetches": {
        "total": 13819035.384615384,
        "instrn": 0.0,
        "data": 13819035.384615384,
        "read": 12510103.538461538,
        "write": 1308931.8461538462,
        "misc": 0.0
    },
    "demand_misses": {
        "total": 4457048.692307692,
        "instrn": 0.0,
        "data": 4457048.692307692,
        "read": 3961971.846153846,
        "write": 495076.8461538461,
        "misc": 0.0
    },
    "demand_miss_rate": {
        "total": 0.3208307692307692,
        "instrn": 0.0,
        "data": 0.3208307692307692,
        "read": 0.31385384615384615,
        "write": 0.3737307692307693,
        "misc": 0.0
    },
    "bytes_from_memory": 71312779.07692307,
    "bytes_to_memory": 8270588.307692308,
    "total_bytes_rw_mem": 79583367.38461539
}