{
    "demand_fetches": {
        "total": 20199630.46153846,
        "instrn": 0.0,
        "data": 20199630.46153846,
        "read": 19130452.615384616,
        "write": 1069177.8461538462,
        "misc": 0.0
    },
    "demand_misses": {
        "total": 2503852.846153846,
        "instrn": 0.0,
        "data": 2503852.846153846,
        "read": 2369467.3846153845,
        "write": 134385.46153846153,
        "misc": 0.0
    },
    "demand_miss_rate": {
        "total": 0.11329999999999998,
        "instrn": 0.0,
        "data": 0.11329999999999998,
        "read": 0.11346923076923078,
        "write": 0.11263846153846155,
        "misc": 0.0
    },
    "bytes_from_memory": 160246582.15384614,
    "bytes_to_memory": 10720423.384615384,
    "total_bytes_rw_mem": 170967005.53846154
}