{
    "demand_fetches": {
        "total": 129662.53846153847,
        "instrn": 0.0,
        "data": 129662.53846153847,
        "read": 46295.307692307695,
        "write": 83367.23076923077,
        "misc": 0.0
    },
    "demand_misses": {
        "total": 88779.76923076923,
        "instrn": 0.0,
        "data": 88779.76923076923,
        "read": 19726.846153846152,
        "write": 69052.92307692308,
        "misc": 0.0
    },
    "demand_miss_rate": {
        "total": 0.4063769230769231,
        "instrn": 0.0,
        "data": 0.4063769230769231,
        "read": 0.30403846153846154,
        "write": 0.4724538461538461,
        "misc": 0.0
    },
    "bytes_from_memory": 5681905.230769231,
    "bytes_to_memory": 4446646.153846154,
    "total_bytes_rw_mem": 10128551.384615384
}