{
    "demand_fetches": {
        "total": 22952323.07142857,
        "instrn": 0.0,
        "data": 22952323.07142857,
        "read": 20137638.35714286,
        "write": 2814684.714285714,
        "misc": 0.0
    },
    "demand_misses": {
        "total": 3092827.214285714,
        "instrn": 0.0,
        "data": 3092827.214285714,
        "read": 2707807.0714285714,
        "write": 385020.14285714284,
        "misc": 0.0
    },
    "demand_miss_rate": {
        "total": 0.11614999999999998,
        "instrn": 0.0,
        "data": 0.11614999999999998,
        "read": 0.11572142857142857,
        "write": 0.11887857142857142,
        "misc": 0.0
    },
    "bytes_from_memory": 98970470.85714285,
    "bytes_to_memory": 13938774.857142856,
    "total_bytes_rw_mem": 112909245.71428572
}