{
    "demand_fetches": {
        "total": 45098.357142857145,
        "instrn": 0.0,
        "data": 45098.357142857145,
        "read": 27033.5,
        "write": 18064.85714285714,
        "misc": 0.0
    },
    "demand_misses": {
        "total": 13330.857142857143,
        "instrn": 0.0,
        "data": 13330.857142857143,
        "read": 4527.714285714285,
        "write": 8803.142857142857,
        "misc": 0.0
    },
    "demand_miss_rate": {
        "total": 0.19836428571428574,
        "instrn": 0.0,
        "data": 0.19836428571428574,
        "read": 0.13442142857142858,
        "write": 0.2916714285714286,
        "misc": 0.0
    },
    "bytes_from_memory": 213293.7142857143,
    "bytes_to_memory": 148293.7142857143,
    "total_bytes_rw_mem": 361587.4285714286
}