{
    "demand_fetches": {
        "total": 74984.71428571429,
        "instrn": 0.0,
        "data": 74984.71428571429,
        "read": 47629.07142857143,
        "write": 27355.64285714286,
        "misc": 0.0
    },
    "demand_misses": {
        "total": 26320.785714285714,
        "instrn": 0.0,
        "data": 26320.785714285714,
        "read": 12129.92857142857,
        "write": 14190.857142857143,
        "misc": 0.0
    },
    "demand_miss_rate": {
        "total": 0.21171428571428572,
        "instrn": 0.0,
        "data": 0.21171428571428572,
        "read": 0.16145714285714283,
        "write": 0.2989071428571428,
        "misc": 0.0
    },
    "bytes_from_memory": 1684530.2857142857,
    "bytes_to_memory": 936571.4285714285,
    "total_bytes_rw_mem": 2621101.714285714
}