{
    "demand_fetches": {
        "total": 5458719.785714285,
        "instrn": 0.0,
        "data": 5458719.785714285,
        "read": 4741325.428571428,
        "write": 717394.3571428572,
        "misc": 0.0
    },
    "demand_misses": {
        "total": 934371.4285714285,
        "instrn": 0.0,
        "data": 934371.4285714285,
        "read": 796523.1428571428,
        "write": 137848.2857142857,
        "misc": 0.0
    },
    "demand_miss_rate": {
        "total": 0.14721428571428571,
        "instrn": 0.0,
        "data": 0.14721428571428571,
        "read": 0.14462142857142854,
        "write": 0.16219285714285717,
        "misc": 0.0
    },
    "bytes_from_memory": 29899885.714285713,
    "bytes_to_memory": 4720950.857142857,
    "total_bytes_rw_mem": 34620836.571428575
}