{
    "demand_fetches": {
        "total": 18610525.285714287,
        "instrn": 0.0,
        "data": 18610525.285714287,
        "read": 17654362.285714287,
        "write": 956163.0,
        "misc": 0.0
    },
    "demand_misses": {
        "total": 4563529.642857143,
        "instrn": 0.0,
        "data": 4563529.642857143,
        "read": 4371348.785714285,
        "write": 192180.85714285713,
        "misc": 0.0
    },
    "demand_miss_rate": {
        "total": 0.2097571428571429,
        "instrn": 0.0,
        "data": 0.2097571428571429,
        "read": 0.21239999999999998,
        "write": 0.17330714285714288,
        "misc": 0.0
    },
    "bytes_from_memory": 146032948.57142857,
    "bytes_to_memory": 7494425.142857143,
    "total_bytes_rw_mem": 153527373.7142857
}