{
    "demand_fetches": {
        "total": 11374302.642857144,
        "instrn": 0.0,
        "data": 11374302.642857144,
        "read": 9542977.785714285,
        "write": 1831324.857142857,
        "misc": 0.0
    },
    "demand_misses": {
        "total": 785173.7857142857,
        "instrn": 0.0,
        "data": 785173.7857142857,
        "read": 612950.7857142857,
        "write": 172223.0,
        "misc": 0.0
    },
    "demand_miss_rate": {
        "total": 0.05964285714285715,
        "instrn": 0.0,
        "data": 0.05964285714285715,
        "read": 0.055499999999999994,
        "write": 0.07945,
        "misc": 0.0
    },
    "bytes_from_memory": 50251122.28571428,
    "bytes_to_memory": 11415515.42857143,
    "total_bytes_rw_mem": 61666637.71428572
}