{
    "demand_fetches": {
        "total": 13819035.384615384,
        "instrn": 0.0,
        "data": 13819035.384615384,
        "read": 12510103.538461538,
        "write": 1308931.8461538462,
        "misc": 0.0
    },
    "demand_misses": {
        "total": 1135965.3846153845,
        "instrn": 0.0,
        "data": 1135965.3846153845,
        "read": 1009149.0,
        "write": 126816.38461538461,
        "misc": 0.0
    },
    "demand_miss_rate": {
        "total": 0.08214615384615384,
        "instrn": 0.0,
        "data": 0.08214615384615384,
        "read": 0.08041538461538462,
        "write": 0.09559999999999999,
        "misc": 0.0
    },
    "bytes_from_memory": 72701784.61538461,
    "bytes_to_memory": 8779904.0,
    "total_bytes_rw_mem": 81481688.61538461
}