{
    "demand_fetches": {
        "total": 5291166.928571428,
        "instrn": 0.0,
        "data": 5291166.928571428,
        "read": 4662116.428571428,
        "write": 629050.5,
        "misc": 0.0
    },
    "demand_misses": {
        "total": 611199.8571428572,
        "instrn": 0.0,
        "data": 611199.8571428572,
        "read": 552187.2142857143,
        "write": 59012.642857142855,
        "misc": 0.0
    },
    "demand_miss_rate": {
        "total": 0.09732857142857143,
        "instrn": 0.0,
        "data": 0.09732857142857143,
        "read": 0.10035000000000001,
        "write": 0.07995714285714285,
        "misc": 0.0
    },
    "bytes_from_memory": 39116790.85714286,
    "bytes_to_memory": 4151721.1428571427,
    "total_bytes_rw_mem": 43268512.0
}