{
    "demand_fetches": {
        "total": 19213499.92857143,
        "instrn": 0.0,
        "data": 19213499.92857143,
        "read": 18041327.5,
        "write": 1172172.4285714286,
        "misc": 0.0
    },
    "demand_misses": {
        "total": 7487656.714285715,
        "instrn": 0.0,
        "data": 7487656.714285715,
        "read": 7079731.857142857,
        "write": 407924.85714285716,
        "misc": 0.0
    },
    "demand_miss_rate": {
        "total": 0.3307785714285715,
        "instrn": 0.0,
        "data": 0.3307785714285715,
        "read": 0.33297857142857146,
        "write": 0.3014428571428572,
        "misc": 0.0
    },
    "bytes_from_memory": 119802507.42857143,
    "bytes_to_memory": 7990505.142857143,
    "total_bytes_rw_mem": 127793012.57142857
}