{
    "demand_fetches": {
        "total": 159946.76923076922,
        "instrn": 0.0,
        "data": 159946.76923076922,
        "read": 85015.84615384616,
        "write": 74930.92307692308,
        "misc": 0.0
    },
    "demand_misses": {
        "total": 76194.38461538461,
        "instrn": 0.0,
        "data": 76194.38461538461,
        "read": 11879.923076923076,
        "write": 64314.46153846154,
        "misc": 0.0
    },
    "demand_miss_rate": {
        "total": 0.27016153846153845,
        "instrn": 0.0,
        "data": 0.27016153846153845,
        "read": 0.11143846153846154,
        "write": 0.5161538461538462,
        "misc": 0.0
    },
    "bytes_from_memory": 2438220.3076923075,
    "bytes_to_memory": 2073235.6923076923,
    "total_bytes_rw_mem": 4511456.0
}