{
    "demand_fetches": {
        "total": 10361724.57142857,
        "instrn": 0.0,
        "data": 10361724.57142857,
        "read": 9180187.714285715,
        "write": 1181536.857142857,
        "misc": 0.0
    },
    "demand_misses": {
        "total": 1776817.642857143,
        "instrn": 0.0,
        "data": 1776817.642857143,
        "read": 1543408.4285714286,
        "write": 233409.2142857143,
        "misc": 0.0
    },
    "demand_miss_rate": {
        "total": 0.14691428571428572,
        "instrn": 0.0,
        "data": 0.14691428571428572,
        "read": 0.14392142857142856,
        "write": 0.16707857142857144,
        "misc": 0.0
    },
    "bytes_from_memory": 56858164.571428575,
    "bytes_to_memory": 8081348.571428572,
    "total_bytes_rw_mem": 64939513.14285714
}