{
    "demand_fetches": {
        "total": 9909068.142857144,
        "instrn": 0.0,
        "data": 9909068.142857144,
        "read": 9015900.142857144,
        "write": 893168.0,
        "misc": 0.0
    },
    "demand_misses": {
        "total": 1987693.5714285714,
        "instrn": 0.0,
        "data": 1987693.5714285714,
        "read": 1808078.0714285714,
        "write": 179615.5,
        "misc": 0.0
    },
    "demand_miss_rate": {
        "total": 0.17000714285714286,
        "instrn": 0.0,
        "data": 0.17000714285714286,
        "read": 0.17010714285714285,
        "write": 0.16974285714285714,
        "misc": 0.0
    },
    "bytes_from_memory": 63606194.28571428,
    "bytes_to_memory": 6364864.0,
    "total_bytes_rw_mem": 69971058.28571428
}