{
    "demand_fetches": {
        "total": 9909068.142857144,
        "instrn": 0.0,
        "data": 9909068.142857144,
        "read": 9015900.142857144,
        "write": 893168.0,
        "misc": 0.0
    },
    "demand_misses": {
        "total": 3900317.6428571427,
        "instrn": 0.0,
        "data": 3900317.6428571427,
        "read": 3549929.9285714286,
        "write": 350387.71428571426,
        "misc": 0.0
    },
    "demand_miss_rate": {
        "total": 0.3331214285714286,
        "instrn": 0.0,
        "data": 0.3331214285714286,
        "read": 0.33326428571428574,
        "write": 0.3322142857142857,
        "misc": 0.0
    },
    "bytes_from_memory": 62405082.28571428,
    "bytes_to_memory": 6071643.428571428,
    "total_bytes_rw_mem": 68476725.71428572
}