{
    "demand_fetches": {
        "total": 45098.357142857145,
        "instrn": 0.0,
        "data": 45098.357142857145,
        "read": 27033.5,
        "write": 18064.85714285714,
        "misc": 0.0
    },
    "demand_misses": {
        "total": 12556.214285714286,
        "instrn": 0.0,
        "data": 12556.214285714286,
        "read": 4099.428571428572,
        "write": 8456.785714285714,
        "misc": 0.0
    },
    "demand_miss_rate": {
        "total": 0.18303571428571425,
        "instrn": 0.0,
        "data": 0.18303571428571425,
        "read": 0.12127857142857144,
        "write": 0.2726285714285714,
        "misc": 0.0
    },
    "bytes_from_memory": 803597.7142857143,
    "bytes_to_memory": 559995.4285714285,
    "total_bytes_rw_mem": 1363593.142857143
}