{
    "power": {
        "0x40": 810.3908680695729,
        "0x41": 4.770081032547841,
        "0x44": 1699.2255301346877,
        "0x45": 866.4644352974145,
        "0x48": 1010.9315153759666,
        "0x4c": 601.9810704264922
    },
    "current": {
        "0x40": 162.0700291245799,
        "0x41": -0.47363574635241157,
        "0x44": 512.5195675645383,
        "0x45": 859.8073846801349,
        "0x48": 563.7703026374834,
        "0x4c": 402.0268550505023
    },
    "energy": {
        "0x40": 20000.474756399744,
        "0x41": 117.75893979999866,
        "0x44": 41935.604591599855,
        "0x45": 21382.255080600073,
        "0x48": 24948.583645900115,
        "0x4c": 14856.078791099795
    }
}