{
    "demand_fetches": {
        "total": 19213499.92857143,
        "instrn": 0.0,
        "data": 19213499.92857143,
        "read": 18041327.5,
        "write": 1172172.4285714286,
        "misc": 0.0
    },
    "demand_misses": {
        "total": 2459598.285714286,
        "instrn": 0.0,
        "data": 2459598.285714286,
        "read": 2297137.5,
        "write": 162460.7857142857,
        "misc": 0.0
    },
    "demand_miss_rate": {
        "total": 0.10924285714285717,
        "instrn": 0.0,
        "data": 0.10924285714285717,
        "read": 0.10897142857142858,
        "write": 0.11436428571428572,
        "misc": 0.0
    },
    "bytes_from_memory": 157414290.2857143,
    "bytes_to_memory": 13394532.57142857,
    "total_bytes_rw_mem": 170808822.85714287
}