{
    "demand_fetches": {
        "total": 9802103.142857144,
        "instrn": 0.0,
        "data": 9802103.142857144,
        "read": 8971251.642857144,
        "write": 830851.5,
        "misc": 0.0
    },
    "demand_misses": {
        "total": 1202378.857142857,
        "instrn": 0.0,
        "data": 1202378.857142857,
        "read": 1116290.4285714286,
        "write": 86088.42857142857,
        "misc": 0.0
    },
    "demand_miss_rate": {
        "total": 0.10542142857142857,
        "instrn": 0.0,
        "data": 0.10542142857142857,
        "read": 0.10758571428571428,
        "write": 0.08843571428571428,
        "misc": 0.0
    },
    "bytes_from_memory": 76952246.85714285,
    "bytes_to_memory": 6577083.428571428,
    "total_bytes_rw_mem": 83529330.28571428
}