{
    "demand_fetches": {
        "total": 9802103.142857144,
        "instrn": 0.0,
        "data": 9802103.142857144,
        "read": 8971251.642857144,
        "write": 830851.5,
        "misc": 0.0
    },
    "demand_misses": {
        "total": 2296998.9285714286,
        "instrn": 0.0,
        "data": 2296998.9285714286,
        "read": 2136360.1428571427,
        "write": 160638.7857142857,
        "misc": 0.0
    },
    "demand_miss_rate": {
        "total": 0.19818571428571427,
        "instrn": 0.0,
        "data": 0.19818571428571427,
        "read": 0.2020142857142857,
        "write": 0.16509285714285715,
        "misc": 0.0
    },
    "bytes_from_memory": 73503965.71428572,
    "bytes_to_memory": 5664086.857142857,
    "total_bytes_rw_mem": 79168052.57142857
}