{
    "demand_fetches": {
        "total": 18681704.285714287,
        "instrn": 0.0,
        "data": 18681704.285714287,
        "read": 17715672.214285713,
        "write": 966032.0714285715,
        "misc": 0.0
    },
    "demand_misses": {
        "total": 1417179.2142857143,
        "instrn": 0.0,
        "data": 1417179.2142857143,
        "read": 1318748.2142857143,
        "write": 98431.0,
        "misc": 0.0
    },
    "demand_miss_rate": {
        "total": 0.06484285714285713,
        "instrn": 0.0,
        "data": 0.06484285714285713,
        "read": 0.06337857142857144,
        "write": 0.08527142857142857,
        "misc": 0.0
    },
    "bytes_from_memory": 90699469.71428572,
    "bytes_to_memory": 6818747.428571428,
    "total_bytes_rw_mem": 97518217.14285715
}