{
    "demand_fetches": {
        "total": 11374302.642857144,
        "instrn": 0.0,
        "data": 11374302.642857144,
        "read": 9542977.785714285,
        "write": 1831324.857142857,
        "misc": 0.0
    },
    "demand_misses": {
        "total": 3799214.0714285714,
        "instrn": 0.0,
        "data": 3799214.0714285714,
        "read": 3082619.9285714286,
        "write": 716594.1428571428,
        "misc": 0.0
    },
    "demand_miss_rate": {
        "total": 0.2862,
        "instrn": 0.0,
        "data": 0.2862,
        "read": 0.27673571428571425,
        "write": 0.3315642857142857,
        "misc": 0.0
    },
    "bytes_from_memory": 60787425.14285714,
    "bytes_to_memory": 12211113.142857144,
    "total_bytes_rw_mem": 72998538.28571428
}