{
    "demand_fetches": {
        "total": 74984.71428571429,
        "instrn": 0.0,
        "data": 74984.71428571429,
        "read": 47629.07142857143,
        "write": 27355.64285714286,
        "misc": 0.0
    },
    "demand_misses": {
        "total": 27259.5,
        "instrn": 0.0,
        "data": 27259.5,
        "read": 13006.92857142857,
        "write": 14252.57142857143,
        "misc": 0.0
    },
    "demand_miss_rate": {
        "total": 0.2227857142857143,
        "instrn": 0.0,
        "data": 0.2227857142857143,
        "read": 0.1773428571428571,
        "write": 0.3007714285714286,
        "misc": 0.0
    },
    "bytes_from_memory": 1744608.0,
    "bytes_to_memory": 950985.1428571428,
    "total_bytes_rw_mem": 2695593.1428571427
}