{
    "demand_fetches": {
        "total": 13819035.384615384,
        "instrn": 0.0,
        "data": 13819035.384615384,
        "read": 12510103.538461538,
        "write": 1308931.8461538462,
        "misc": 0.0
    },
    "demand_misses": {
        "total": 2573523.230769231,
        "instrn": 0.0,
        "data": 2573523.230769231,
        "read": 2311780.230769231,
        "write": 261743.0,
        "misc": 0.0
    },
    "demand_miss_rate": {
        "total": 0.18443846153846152,
        "instrn": 0.0,
        "data": 0.18443846153846152,
        "read": 0.1828076923076923,
        "write": 0.1971923076923077,
        "misc": 0.0
    },
    "bytes_from_memory": 82352743.38461539,
    "bytes_to_memory": 9200802.461538462,
    "total_bytes_rw_mem": 91553545.84615384
}