{
    "demand_fetches": {
        "total": 20412821.46153846,
        "instrn": 0.0,
        "data": 20412821.46153846,
        "read": 19265828.692307692,
        "write": 1146992.7692307692,
        "misc": 0.0
    },
    "demand_misses": {
        "total": 1848862.4615384615,
        "instrn": 0.0,
        "data": 1848862.4615384615,
        "read": 1713775.6923076923,
        "write": 135086.76923076922,
        "misc": 0.0
    },
    "demand_miss_rate": {
        "total": 0.08357692307692308,
        "instrn": 0.0,
        "data": 0.08357692307692308,
        "read": 0.08199999999999999,
        "write": 0.1052769230769231,
        "misc": 0.0
    },
    "bytes_from_memory": 118327197.53846154,
    "bytes_to_memory": 10214596.923076924,
    "total_bytes_rw_mem": 128541794.46153846
}