{
    "demand_fetches": {
        "total": 5550060.846153846,
        "instrn": 0.0,
        "data": 5550060.846153846,
        "read": 4978853.230769231,
        "write": 571207.6153846154,
        "misc": 0.0
    },
    "demand_misses": {
        "total": 2166094.6153846155,
        "instrn": 0.0,
        "data": 2166094.6153846155,
        "read": 1951120.7692307692,
        "write": 214973.84615384616,
        "misc": 0.0
    },
    "demand_miss_rate": {
        "total": 0.35299230769230766,
        "instrn": 0.0,
        "data": 0.35299230769230766,
        "read": 0.3542461538461538,
        "write": 0.34343846153846147,
        "misc": 0.0
    },
    "bytes_from_memory": 34657513.84615385,
    "bytes_to_memory": 3603730.4615384615,
    "total_bytes_rw_mem": 38261244.307692304
}