{
    "demand_fetches": {
        "total": 18681704.285714287,
        "instrn": 0.0,
        "data": 18681704.285714287,
        "read": 17715672.214285713,
        "write": 966032.0714285715,
        "misc": 0.0
    },
    "demand_misses": {
        "total": 3595410.8571428573,
        "instrn": 0.0,
        "data": 3595410.8571428573,
        "read": 3417548.1428571427,
        "write": 177862.7142857143,
        "misc": 0.0
    },
    "demand_miss_rate": {
        "total": 0.16144285714285717,
        "instrn": 0.0,
        "data": 0.16144285714285717,
        "read": 0.16169285714285714,
        "write": 0.1566857142857143,
        "misc": 0.0
    },
    "bytes_from_memory": 115053147.42857143,
    "bytes_to_memory": 6818130.285714285,
    "total_bytes_rw_mem": 121871277.71428572
}