{
    "demand_fetches": {
        "total": 5147746.0,
        "instrn": 0.0,
        "data": 5147746.0,
        "read": 4619092.142857143,
        "write": 528653.8571428572,
        "misc": 0.0
    },
    "demand_misses": {
        "total": 518354.5,
        "instrn": 0.0,
        "data": 518354.5,
        "read": 466961.9285714286,
        "write": 51392.57142857143,
        "misc": 0.0
    },
    "demand_miss_rate": {
        "total": 0.0853142857142857,
        "instrn": 0.0,
        "data": 0.0853142857142857,
        "read": 0.08587142857142858,
        "write": 0.08218571428571429,
        "misc": 0.0
    },
    "bytes_from_memory": 33174688.0,
    "bytes_to_memory": 3633115.4285714286,
    "total_bytes_rw_mem": 36807803.428571425
}