{
    "demand_fetches": {
        "total": 5879103.692307692,
        "instrn": 0.0,
        "data": 5879103.692307692,
        "read": 5106390.076923077,
        "write": 772713.6153846154,
        "misc": 0.0
    },
    "demand_misses": {
        "total": 1813746.076923077,
        "instrn": 0.0,
        "data": 1813746.076923077,
        "read": 1525906.5384615385,
        "write": 287839.53846153844,
        "misc": 0.0
    },
    "demand_miss_rate": {
        "total": 0.2842230769230769,
        "instrn": 0.0,
        "data": 0.2842230769230769,
        "read": 0.2745230769230769,
        "write": 0.3384538461538461,
        "misc": 0.0
    },
    "bytes_from_memory": 29019937.230769232,
    "bytes_to_memory": 4777699.692307692,
    "total_bytes_rw_mem": 33797636.92307692
}