{
    "demand_fetches": {
        "total": 11374004.785714285,
        "instrn": 0.0,
        "data": 11374004.785714285,
        "read": 9542798.0,
        "write": 1831206.7857142857,
        "misc": 0.0
    },
    "demand_misses": {
        "total": 3351679.9285714286,
        "instrn": 0.0,
        "data": 3351679.9285714286,
        "read": 2654432.6428571427,
        "write": 697247.2857142857,
        "misc": 0.0
    },
    "demand_miss_rate": {
        "total": 0.2534571428571428,
        "instrn": 0.0,
        "data": 0.2534571428571428,
        "read": 0.2390714285714286,
        "write": 0.3221857142857143,
        "misc": 0.0
    },
    "bytes_from_memory": 53626878.85714286,
    "bytes_to_memory": 11569661.714285715,
    "total_bytes_rw_mem": 65196540.571428575
}