{
    "demand_fetches": {
        "total": 9802103.142857144,
        "instrn": 0.0,
        "data": 9802103.142857144,
        "read": 8971251.642857144,
        "write": 830851.5,
        "misc": 0.0
    },
    "demand_misses": {
        "total": 1239527.5714285714,
        "instrn": 0.0,
        "data": 1239527.5714285714,
        "read": 1149191.4285714286,
        "write": 90336.14285714286,
        "misc": 0.0
    },
    "demand_miss_rate": {
        "total": 0.10969285714285715,
        "instrn": 0.0,
        "data": 0.10969285714285715,
        "read": 0.11194285714285715,
        "write": 0.09293571428571427,
        "misc": 0.0
    },
    "bytes_from_memory": 79329764.57142857,
    "bytes_to_memory": 7011510.857142857,
    "total_bytes_rw_mem": 86341275.42857143
}