{
    "demand_fetches": {
        "total": 17437226.466666665,
        "instrn": 0.0,
        "data": 17437226.466666665,
        "read": 16535103.133333333,
        "write": 902123.3333333334,
        "misc": 0.0
    },
    "demand_misses": {
        "total": 1514072.6666666667,
        "instrn": 0.0,
        "data": 1514072.6666666667,
        "read": 1417841.3333333333,
        "write": 96231.33333333333,
        "misc": 0.0
    },
    "demand_miss_rate": {
        "total": 0.06863333333333332,
        "instrn": 0.0,
        "data": 0.06863333333333332,
        "read": 0.06760000000000001,
        "write": 0.08311333333333333,
        "misc": 0.0
    },
    "bytes_from_memory": 96900650.66666667,
    "bytes_to_memory": 6923157.333333333,
    "total_bytes_rw_mem": 103823808.0
}