{
    "demand_fetches": {
        "total": 20330162.076923076,
        "instrn": 0.0,
        "data": 20330162.076923076,
        "read": 19211134.46153846,
        "write": 1119027.6153846155,
        "misc": 0.0
    },
    "demand_misses": {
        "total": 1685020.076923077,
        "instrn": 0.0,
        "data": 1685020.076923077,
        "read": 1562753.1538461538,
        "write": 122266.92307692308,
        "misc": 0.0
    },
    "demand_miss_rate": {
        "total": 0.07651538461538462,
        "instrn": 0.0,
        "data": 0.07651538461538462,
        "read": 0.07495384615384616,
        "write": 0.09802307692307693,
        "misc": 0.0
    },
    "bytes_from_memory": 107841284.92307693,
    "bytes_to_memory": 8791837.538461538,
    "total_bytes_rw_mem": 116633122.46153846
}