{
    "demand_fetches": {
        "total": 9909112.285714285,
        "instrn": 0.0,
        "data": 9909112.285714285,
        "read": 9015925.285714285,
        "write": 893187.0,
        "misc": 0.0
    },
    "demand_misses": {
        "total": 3348870.9285714286,
        "instrn": 0.0,
        "data": 3348870.9285714286,
        "read": 3011333.9285714286,
        "write": 337537.0,
        "misc": 0.0
    },
    "demand_miss_rate": {
        "total": 0.28771428571428576,
        "instrn": 0.0,
        "data": 0.28771428571428576,
        "read": 0.28354999999999997,
        "write": 0.3203714285714286,
        "misc": 0.0
    },
    "bytes_from_memory": 53581934.85714286,
    "bytes_to_memory": 5669011.428571428,
    "total_bytes_rw_mem": 59250946.28571428
}