{
    "demand_fetches": {
        "total": 20199630.46153846,
        "instrn": 0.0,
        "data": 20199630.46153846,
        "read": 19130452.615384616,
        "write": 1069177.8461538462,
        "misc": 0.0
    },
    "demand_misses": {
        "total": 3783126.0,
        "instrn": 0.0,
        "data": 3783126.0,
        "read": 3596029.076923077,
        "write": 187096.92307692306,
        "misc": 0.0
    },
    "demand_miss_rate": {
        "total": 0.16936153846153848,
        "instrn": 0.0,
        "data": 0.16936153846153848,
        "read": 0.16972307692307695,
        "write": 0.16235384615384613,
        "misc": 0.0
    },
    "bytes_from_memory": 121060032.0,
    "bytes_to_memory": 6999202.461538462,
    "total_bytes_rw_mem": 128059234.46153846
}