{
    "demand_fetches": {
        "total": 18681704.285714287,
        "instrn": 0.0,
        "data": 18681704.285714287,
        "read": 17715672.214285713,
        "write": 966032.0714285715,
        "misc": 0.0
    },
    "demand_misses": {
        "total": 2745521.9285714286,
        "instrn": 0.0,
        "data": 2745521.9285714286,
        "read": 2592806.8571428573,
        "write": 152715.07142857142,
        "misc": 0.0
    },
    "demand_miss_rate": {
        "total": 0.12502142857142856,
        "instrn": 0.0,
        "data": 0.12502142857142856,
        "read": 0.12405714285714285,
        "write": 0.13675714285714285,
        "misc": 0.0
    },
    "bytes_from_memory": 87856701.71428572,
    "bytes_to_memory": 5254544.0,
    "total_bytes_rw_mem": 93111245.71428572
}