{
    "demand_fetches": {
        "total": 10361724.57142857,
        "instrn": 0.0,
        "data": 10361724.57142857,
        "read": 9180187.714285715,
        "write": 1181536.857142857,
        "misc": 0.0
    },
    "demand_misses": {
        "total": 815947.1428571428,
        "instrn": 0.0,
        "data": 815947.1428571428,
        "read": 701580.4285714285,
        "write": 114366.71428571429,
        "misc": 0.0
    },
    "demand_miss_rate": {
        "total": 0.06782142857142859,
        "instrn": 0.0,
        "data": 0.06782142857142859,
        "read": 0.06574285714285713,
        "write": 0.08187142857142857,
        "misc": 0.0
    },
    "bytes_from_memory": 52220617.14285714,
    "bytes_to_memory": 7866747.428571428,
    "total_bytes_rw_mem": 60087364.571428575
}