{
    "power": {
        "0x40": 820.6502957733964,
        "0x41": 5.262699084967524,
        "0x44": 1704.5258690196283,
        "0x45": 858.0599529411702,
        "0x48": 1010.4057159110589,
        "0x4c": 611.2654002179511
    },
    "current": {
        "0x40": 164.09998954248653,
        "0x41": -0.39216575163398576,
        "0x44": 514.2535962963067,
        "0x45": 850.9453585620903,
        "0x48": 563.5403140801932,
        "0x4c": 408.36207667828177
    },
    "energy": {
        "0x40": 27094.901183399845,
        "0x41": 173.5756719999998,
        "0x44": 56277.43227850046,
        "0x45": 28331.389538300013,
        "0x48": 33345.279777800235,
        "0x4c": 20172.02860589989
    }
}