{
    "demand_fetches": {
        "total": 17437226.466666665,
        "instrn": 0.0,
        "data": 17437226.466666665,
        "read": 16535103.133333333,
        "write": 902123.3333333334,
        "misc": 0.0
    },
    "demand_misses": {
        "total": 6650151.933333334,
        "instrn": 0.0,
        "data": 6650151.933333334,
        "read": 6337331.2,
        "write": 312820.73333333334,
        "misc": 0.0
    },
    "demand_miss_rate": {
        "total": 0.29741333333333336,
        "instrn": 0.0,
        "data": 0.29741333333333336,
        "read": 0.29847999999999997,
        "write": 0.2779666666666667,
        "misc": 0.0
    },
    "bytes_from_memory": 106402430.93333334,
    "bytes_to_memory": 5744881.066666666,
    "total_bytes_rw_mem": 112147312.0
}