{
    "demand_fetches": {
        "total": 129662.53846153847,
        "instrn": 0.0,
        "data": 129662.53846153847,
        "read": 46295.307692307695,
        "write": 83367.23076923077,
        "misc": 0.0
    },
    "demand_misses": {
        "total": 88842.0,
        "instrn": 0.0,
        "data": 88842.0,
        "read": 19691.46153846154,
        "write": 69150.53846153847,
        "misc": 0.0
    },
    "demand_miss_rate": {
        "total": 0.406923076923077,
        "instrn": 0.0,
        "data": 0.406923076923077,
        "read": 0.3028692307692308,
        "write": 0.47520769230769244,
        "misc": 0.0
    },
    "bytes_from_memory": 5685888.0,
    "bytes_to_memory": 4452465.230769231,
    "total_bytes_rw_mem": 10138353.23076923
}