{
    "demand_fetches": {
        "total": 4866617.6,
        "instrn": 0.0,
        "data": 4866617.6,
        "read": 4328744.666666667,
        "write": 537872.9333333333,
        "misc": 0.0
    },
    "demand_misses": {
        "total": 1124771.8,
        "instrn": 0.0,
        "data": 1124771.8,
        "read": 1023981.7333333333,
        "write": 100790.06666666667,
        "misc": 0.0
    },
    "demand_miss_rate": {
        "total": 0.17866666666666664,
        "instrn": 0.0,
        "data": 0.17866666666666664,
        "read": 0.1836,
        "write": 0.14861333333333332,
        "misc": 0.0
    },
    "bytes_from_memory": 35992697.6,
    "bytes_to_memory": 3450822.4,
    "total_bytes_rw_mem": 39443520.0
}