{
    "demand_fetches": {
        "total": 5147154.857142857,
        "instrn": 0.0,
        "data": 5147154.857142857,
        "read": 4618732.214285715,
        "write": 528422.6428571428,
        "misc": 0.0
    },
    "demand_misses": {
        "total": 680100.7857142857,
        "instrn": 0.0,
        "data": 680100.7857142857,
        "read": 624738.0714285715,
        "write": 55362.71428571428,
        "misc": 0.0
    },
    "demand_miss_rate": {
        "total": 0.11551428571428571,
        "instrn": 0.0,
        "data": 0.11551428571428571,
        "read": 0.12013571428571428,
        "write": 0.08952142857142857,
        "misc": 0.0
    },
    "bytes_from_memory": 43526450.28571428,
    "bytes_to_memory": 4170299.4285714286,
    "total_bytes_rw_mem": 47696749.71428572
}