{
    "demand_fetches": {
        "total": 159946.76923076922,
        "instrn": 0.0,
        "data": 159946.76923076922,
        "read": 85015.84615384616,
        "write": 74930.92307692308,
        "misc": 0.0
    },
    "demand_misses": {
        "total": 75746.15384615384,
        "instrn": 0.0,
        "data": 75746.15384615384,
        "read": 11506.384615384615,
        "write": 64239.769230769234,
        "misc": 0.0
    },
    "demand_miss_rate": {
        "total": 0.26621538461538463,
        "instrn": 0.0,
        "data": 0.26621538461538463,
        "read": 0.10647692307692307,
        "write": 0.5140153846153847,
        "misc": 0.0
    },
    "bytes_from_memory": 2423876.923076923,
    "bytes_to_memory": 2070971.076923077,
    "total_bytes_rw_mem": 4494848.0
}