{
    "demand_fetches": {
        "total": 19213499.92857143,
        "instrn": 0.0,
        "data": 19213499.92857143,
        "read": 18041327.5,
        "write": 1172172.4285714286,
        "misc": 0.0
    },
    "demand_misses": {
        "total": 2587042.4285714286,
        "instrn": 0.0,
        "data": 2587042.4285714286,
        "read": 2417530.9285714286,
        "write": 169511.5,
        "misc": 0.0
    },
    "demand_miss_rate": {
        "total": 0.11570000000000001,
        "instrn": 0.0,
        "data": 0.11570000000000001,
        "read": 0.1147142857142857,
        "write": 0.1266142857142857,
        "misc": 0.0
    },
    "bytes_from_memory": 82785357.71428572,
    "bytes_to_memory": 5766288.0,
    "total_bytes_rw_mem": 88551645.71428572
}