{
    "demand_fetches": {
        "total": 101905.07142857143,
        "instrn": 0.0,
        "data": 101905.07142857143,
        "read": 56726.57142857143,
        "write": 45178.5,
        "misc": 0.0
    },
    "demand_misses": {
        "total": 45110.28571428572,
        "instrn": 0.0,
        "data": 45110.28571428572,
        "read": 10454.5,
        "write": 34655.78571428572,
        "misc": 0.0
    },
    "demand_miss_rate": {
        "total": 0.25729285714285716,
        "instrn": 0.0,
        "data": 0.25729285714285716,
        "read": 0.13328571428571429,
        "write": 0.4425357142857143,
        "misc": 0.0
    },
    "bytes_from_memory": 721764.5714285715,
    "bytes_to_memory": 563802.2857142857,
    "total_bytes_rw_mem": 1285566.857142857
}