{
    "demand_fetches": {
        "total": 5548853.153846154,
        "instrn": 0.0,
        "data": 5548853.153846154,
        "read": 4974626.0,
        "write": 574227.1538461539,
        "misc": 0.0
    },
    "demand_misses": {
        "total": 643878.7692307692,
        "instrn": 0.0,
        "data": 643878.7692307692,
        "read": 588584.9230769231,
        "write": 55293.846153846156,
        "misc": 0.0
    },
    "demand_miss_rate": {
        "total": 0.10354615384615386,
        "instrn": 0.0,
        "data": 0.10354615384615386,
        "read": 0.10602307692307691,
        "write": 0.08776153846153845,
        "misc": 0.0
    },
    "bytes_from_memory": 41208241.23076923,
    "bytes_to_memory": 3896108.3076923075,
    "total_bytes_rw_mem": 45104349.538461536
}