{
    "demand_fetches": {
        "total": 5291211.071428572,
        "instrn": 0.0,
        "data": 5291211.071428572,
        "read": 4662140.214285715,
        "write": 629070.8571428572,
        "misc": 0.0
    },
    "demand_misses": {
        "total": 1208765.2142857143,
        "instrn": 0.0,
        "data": 1208765.2142857143,
        "read": 1091727.7142857143,
        "write": 117037.5,
        "misc": 0.0
    },
    "demand_miss_rate": {
        "total": 0.19141428571428573,
        "instrn": 0.0,
        "data": 0.19141428571428573,
        "read": 0.19701428571428573,
        "write": 0.15855714285714287,
        "misc": 0.0
    },
    "bytes_from_memory": 38680486.85714286,
    "bytes_to_memory": 4016000.0,
    "total_bytes_rw_mem": 42696486.85714286
}