{
    "demand_fetches": {
        "total": 19213499.92857143,
        "instrn": 0.0,
        "data": 19213499.92857143,
        "read": 18041327.5,
        "write": 1172172.4285714286,
        "misc": 0.0
    },
    "demand_misses": {
        "total": 1349845.5,
        "instrn": 0.0,
        "data": 1349845.5,
        "read": 1226519.642857143,
        "write": 123325.85714285714,
        "misc": 0.0
    },
    "demand_miss_rate": {
        "total": 0.06062857142857143,
        "instrn": 0.0,
        "data": 0.06062857142857143,
        "read": 0.05847857142857143,
        "write": 0.08773571428571428,
        "misc": 0.0
    },
    "bytes_from_memory": 86390112.0,
    "bytes_to_memory": 8389307.42857143,
    "total_bytes_rw_mem": 94779419.42857143
}