{
    "demand_fetches": {
        "total": 5458719.785714285,
        "instrn": 0.0,
        "data": 5458719.785714285,
        "read": 4741325.428571428,
        "write": 717394.3571428572,
        "misc": 0.0
    },
    "demand_misses": {
        "total": 2260857.3571428573,
        "instrn": 0.0,
        "data": 2260857.3571428573,
        "read": 1973973.9285714286,
        "write": 286883.4285714286,
        "misc": 0.0
    },
    "demand_miss_rate": {
        "total": 0.3507714285714285,
        "instrn": 0.0,
        "data": 0.3507714285714285,
        "read": 0.3534571428571428,
        "write": 0.33713571428571437,
        "misc": 0.0
    },
    "bytes_from_memory": 36173717.71428572,
    "bytes_to_memory": 5039587.428571428,
    "total_bytes_rw_mem": 41213305.14285714
}