{
    "demand_fetches": {
        "total": 6489888.133333334,
        "instrn": 0.0,
        "data": 6489888.133333334,
        "read": 5659406.0,
        "write": 830482.1333333333,
        "misc": 0.0
    },
    "demand_misses": {
        "total": 1038466.6,
        "instrn": 0.0,
        "data": 1038466.6,
        "read": 881445.2666666667,
        "write": 157021.33333333334,
        "misc": 0.0
    },
    "demand_miss_rate": {
        "total": 0.13778666666666664,
        "instrn": 0.0,
        "data": 0.13778666666666664,
        "read": 0.13374,
        "write": 0.16114000000000003,
        "misc": 0.0
    },
    "bytes_from_memory": 33230931.2,
    "bytes_to_memory": 5297006.933333334,
    "total_bytes_rw_mem": 38527938.13333333
}