{
    "demand_fetches": {
        "total": 18610560.285714287,
        "instrn": 0.0,
        "data": 18610560.285714287,
        "read": 17654384.07142857,
        "write": 956176.2142857143,
        "misc": 0.0
    },
    "demand_misses": {
        "total": 8490513.214285715,
        "instrn": 0.0,
        "data": 8490513.214285715,
        "read": 8155282.5,
        "write": 335230.71428571426,
        "misc": 0.0
    },
    "demand_miss_rate": {
        "total": 0.3642357142857143,
        "instrn": 0.0,
        "data": 0.3642357142857143,
        "read": 0.36755714285714286,
        "write": 0.3028428571428572,
        "misc": 0.0
    },
    "bytes_from_memory": 135848211.42857143,
    "bytes_to_memory": 6051610.285714285,
    "total_bytes_rw_mem": 141899821.7142857
}