{
    "demand_fetches": {
        "total": 9802105.857142856,
        "instrn": 0.0,
        "data": 9802105.857142856,
        "read": 8971251.07142857,
        "write": 830854.7857142857,
        "misc": 0.0
    },
    "demand_misses": {
        "total": 4436483.428571428,
        "instrn": 0.0,
        "data": 4436483.428571428,
        "read": 4126481.3571428573,
        "write": 310002.0714285714,
        "misc": 0.0
    },
    "demand_miss_rate": {
        "total": 0.36429285714285714,
        "instrn": 0.0,
        "data": 0.36429285714285714,
        "read": 0.36851428571428574,
        "write": 0.3177142857142857,
        "misc": 0.0
    },
    "bytes_from_memory": 70983734.85714285,
    "bytes_to_memory": 5243757.714285715,
    "total_bytes_rw_mem": 76227492.57142857
}