{
    "demand_fetches": {
        "total": 7111767.923076923,
        "instrn": 0.0,
        "data": 7111767.923076923,
        "read": 6375175.692307692,
        "write": 736592.2307692308,
        "misc": 0.0
    },
    "demand_misses": {
        "total": 3302257.6923076925,
        "instrn": 0.0,
        "data": 3302257.6923076925,
        "read": 3028385.3846153845,
        "write": 273872.3076923077,
        "misc": 0.0
    },
    "demand_miss_rate": {
        "total": 0.4456461538461539,
        "instrn": 0.0,
        "data": 0.4456461538461539,
        "read": 0.45739230769230776,
        "write": 0.3690230769230769,
        "misc": 0.0
    },
    "bytes_from_memory": 52836123.07692308,
    "bytes_to_memory": 4592324.923076923,
    "total_bytes_rw_mem": 57428448.0
}