{
    "demand_fetches": {
        "total": 5147154.857142857,
        "instrn": 0.0,
        "data": 5147154.857142857,
        "read": 4618732.214285715,
        "write": 528422.6428571428,
        "misc": 0.0
    },
    "demand_misses": {
        "total": 1818171.142857143,
        "instrn": 0.0,
        "data": 1818171.142857143,
        "read": 1621815.5714285714,
        "write": 196355.57142857142,
        "misc": 0.0
    },
    "demand_miss_rate": {
        "total": 0.30026428571428576,
        "instrn": 0.0,
        "data": 0.30026428571428576,
        "read": 0.29798571428571424,
        "write": 0.3150142857142857,
        "misc": 0.0
    },
    "bytes_from_memory": 29090738.285714287,
    "bytes_to_memory": 3270229.714285714,
    "total_bytes_rw_mem": 32360968.0
}