{
    "demand_fetches": {
        "total": 20428592.57142857,
        "instrn": 0.0,
        "data": 20428592.57142857,
        "read": 18731864.64285714,
        "write": 1696727.9285714286,
        "misc": 0.0
    },
    "demand_misses": {
        "total": 6310919.5,
        "instrn": 0.0,
        "data": 6310919.5,
        "read": 5813127.357142857,
        "write": 497792.14285714284,
        "misc": 0.0
    },
    "demand_miss_rate": {
        "total": 0.2649357142857143,
        "instrn": 0.0,
        "data": 0.2649357142857143,
        "read": 0.2655714285714285,
        "write": 0.25740714285714283,
        "misc": 0.0
    },
    "bytes_from_memory": 100974712.0,
    "bytes_to_memory": 9146317.714285715,
    "total_bytes_rw_mem": 110121029.71428572
}