{
    "demand_fetches": {
        "total": 10361724.57142857,
        "instrn": 0.0,
        "data": 10361724.57142857,
        "read": 9180187.714285715,
        "write": 1181536.857142857,
        "misc": 0.0
    },
    "demand_misses": {
        "total": 2537784.0714285714,
        "instrn": 0.0,
        "data": 2537784.0714285714,
        "read": 2283322.785714286,
        "write": 254461.2857142857,
        "misc": 0.0
    },
    "demand_miss_rate": {
        "total": 0.20914999999999997,
        "instrn": 0.0,
        "data": 0.20914999999999997,
        "read": 0.21337142857142857,
        "write": 0.18232142857142855,
        "misc": 0.0
    },
    "bytes_from_memory": 81209090.28571428,
    "bytes_to_memory": 9393524.57142857,
    "total_bytes_rw_mem": 90602614.85714285
}