{
    "demand_fetches": {
        "total": 13819035.384615384,
        "instrn": 0.0,
        "data": 13819035.384615384,
        "read": 12510103.538461538,
        "write": 1308931.8461538462,
        "misc": 0.0
    },
    "demand_misses": {
        "total": 5032008.230769231,
        "instrn": 0.0,
        "data": 5032008.230769231,
        "read": 4525576.769230769,
        "write": 506431.46153846156,
        "misc": 0.0
    },
    "demand_miss_rate": {
        "total": 0.3609384615384616,
        "instrn": 0.0,
        "data": 0.3609384615384616,
        "read": 0.3580153846153846,
        "write": 0.3828615384615385,
        "misc": 0.0
    },
    "bytes_from_memory": 80512131.6923077,
    "bytes_to_memory": 8621640.615384616,
    "total_bytes_rw_mem": 89133772.3076923
}