{
    "l1-I/Dcaches": {
        "demand_fetches": {
            "total": 11162504.23076923,
            "instrn": 0.0,
            "data": 11162504.23076923,
            "read": 9889215.846153846,
            "write": 1273288.3846153845,
            "misc": 0.0
        },
        "demand_misses": {
            "total": 3386088.846153846,
            "instrn": 0.0,
            "data": 3386088.846153846,
            "read": 2906451.153846154,
            "write": 479637.6923076923,
            "misc": 0.0
        },
        "demand_miss_rate": {
            "total": 0.27999999999999997,
            "instrn": 0.0,
            "data": 0.27999999999999997,
            "read": 0.27047692307692306,
            "write": 0.34341538461538457,
            "misc": 0.0
        },
        "bytes_from_memory": 54177421.538461536,
        "bytes_to_memory": 7966029.538461538,
        "total_bytes_rw_mem": 62143451.07692308
    },
    "l2-ucache": {
        "demand_fetches": {
            "total": 3883965.6923076925,
            "instrn": 0.0,
            "data": 3883965.6923076925,
            "read": 3386088.846153846,
            "write": 497876.8461538461,
            "misc": 0.0
        },
        "demand_misses": {
            "total": 799571.3076923077,
            "instrn": 0.0,
            "data": 799571.3076923077,
            "read": 799566.0769230769,
            "write": 5.230769230769231,
            "misc": 0.0
        },
        "demand_miss_rate": {
            "total": 0.18811538461538463,
            "instrn": 0.0,
            "data": 0.18811538461538463,
            "read": 0.21972307692307697,
            "write": 1.5384615384615384e-05,
            "misc": 0.0
        },
        "bytes_from_memory": 51172563.692307696,
        "bytes_to_memory": 8012214.153846154,
        "total_bytes_rw_mem": 59184777.84615385
    }
}