{
    "demand_fetches": {
        "total": 21422233.0,
        "instrn": 0.0,
        "data": 21422233.0,
        "read": 18795179.4,
        "write": 2627053.6,
        "misc": 0.0
    },
    "demand_misses": {
        "total": 1491136.4666666666,
        "instrn": 0.0,
        "data": 1491136.4666666666,
        "read": 1194153.3333333333,
        "write": 296983.13333333336,
        "misc": 0.0
    },
    "demand_miss_rate": {
        "total": 0.05608666666666667,
        "instrn": 0.0,
        "data": 0.05608666666666667,
        "read": 0.05126,
        "write": 0.08840666666666669,
        "misc": 0.0
    },
    "bytes_from_memory": 95432733.86666666,
    "bytes_to_memory": 20365853.866666667,
    "total_bytes_rw_mem": 115798587.73333333
}