{
    "demand_fetches": {
        "total": 22952060.35714286,
        "instrn": 0.0,
        "data": 22952060.35714286,
        "read": 20137478.0,
        "write": 2814582.3571428573,
        "misc": 0.0
    },
    "demand_misses": {
        "total": 1505484.0714285714,
        "instrn": 0.0,
        "data": 1505484.0714285714,
        "read": 1195074.857142857,
        "write": 310409.21428571426,
        "misc": 0.0
    },
    "demand_miss_rate": {
        "total": 0.05646428571428571,
        "instrn": 0.0,
        "data": 0.05646428571428571,
        "read": 0.0511,
        "write": 0.09231428571428571,
        "misc": 0.0
    },
    "bytes_from_memory": 96350980.57142857,
    "bytes_to_memory": 20783318.85714286,
    "total_bytes_rw_mem": 117134299.42857143
}