{
    "demand_fetches": {
        "total": 11374302.642857144,
        "instrn": 0.0,
        "data": 11374302.642857144,
        "read": 9542977.785714285,
        "write": 1831324.857142857,
        "misc": 0.0
    },
    "demand_misses": {
        "total": 3099606.0714285714,
        "instrn": 0.0,
        "data": 3099606.0714285714,
        "read": 2416324.714285714,
        "write": 683281.3571428572,
        "misc": 0.0
    },
    "demand_miss_rate": {
        "total": 0.23473571428571427,
        "instrn": 0.0,
        "data": 0.23473571428571427,
        "read": 0.2179142857142857,
        "write": 0.3151785714285714,
        "misc": 0.0
    },
    "bytes_from_memory": 49593697.14285714,
    "bytes_to_memory": 11129929.142857144,
    "total_bytes_rw_mem": 60723626.28571428
}