{
    "demand_fetches": {
        "total": 5458719.785714285,
        "instrn": 0.0,
        "data": 5458719.785714285,
        "read": 4741325.428571428,
        "write": 717394.3571428572,
        "misc": 0.0
    },
    "demand_misses": {
        "total": 1691499.4285714286,
        "instrn": 0.0,
        "data": 1691499.4285714286,
        "read": 1424112.2142857143,
        "write": 267387.21428571426,
        "misc": 0.0
    },
    "demand_miss_rate": {
        "total": 0.26489285714285715,
        "instrn": 0.0,
        "data": 0.26489285714285715,
        "read": 0.2560285714285714,
        "write": 0.3143857142857143,
        "misc": 0.0
    },
    "bytes_from_memory": 27063990.85714286,
    "bytes_to_memory": 4438900.571428572,
    "total_bytes_rw_mem": 31502891.42857143
}