{
    "demand_fetches": {
        "total": 6502652.307692308,
        "instrn": 0.0,
        "data": 6502652.307692308,
        "read": 5342057.923076923,
        "write": 1160594.3846153845,
        "misc": 0.0
    },
    "demand_misses": {
        "total": 1940178.7692307692,
        "instrn": 0.0,
        "data": 1940178.7692307692,
        "read": 1507474.4615384615,
        "write": 432704.3076923077,
        "misc": 0.0
    },
    "demand_miss_rate": {
        "total": 0.2763846153846154,
        "instrn": 0.0,
        "data": 0.2763846153846154,
        "read": 0.2616538461538462,
        "write": 0.3376692307692308,
        "misc": 0.0
    },
    "bytes_from_memory": 31042860.307692308,
    "bytes_to_memory": 7187025.230769231,
    "total_bytes_rw_mem": 38229885.538461536
}