{
    "demand_fetches": {
        "total": 117406.64285714286,
        "instrn": 0.0,
        "data": 117406.64285714286,
        "read": 73725.42857142857,
        "write": 43681.21428571428,
        "misc": 0.0
    },
    "demand_misses": {
        "total": 53775.357142857145,
        "instrn": 0.0,
        "data": 53775.357142857145,
        "read": 29703.785714285714,
        "write": 24071.571428571428,
        "misc": 0.0
    },
    "demand_miss_rate": {
        "total": 0.3007714285714286,
        "instrn": 0.0,
        "data": 0.3007714285714286,
        "read": 0.27937142857142855,
        "write": 0.3284928571428571,
        "misc": 0.0
    },
    "bytes_from_memory": 860405.7142857143,
    "bytes_to_memory": 397836.5714285714,
    "total_bytes_rw_mem": 1258242.2857142857
}