{
    "l1-i_dcaches": {
        "demand_fetches": {
            "total": 27806468.0,
            "instrn": 0.0,
            "data": 27806468.0,
            "read": 26495247.5,
            "write": 1311220.5,
            "misc": 0.0
        },
        "demand_misses": {
            "total": 11663449.0,
            "instrn": 0.0,
            "data": 11663449.0,
            "read": 11205841.5,
            "write": 457607.5,
            "misc": 0.0
        },
        "demand_miss_rate": {
            "total": 0.20975,
            "instrn": 0.0,
            "data": 0.20975,
            "read": 0.21145,
            "write": 0.1745,
            "misc": 0.0
        },
        "bytes_from_memory": 186615184.0,
        "bytes_to_memory": 7881056.0,
        "total_bytes_rw_mem": 194496240.0
    },
    "l2-ucache": {
        "demand_fetches": {
            "total": 12156015.0,
            "instrn": 0.0,
            "data": 12156015.0,
            "read": 11663449.0,
            "write": 492566.0,
            "misc": 0.0
        },
        "demand_misses": {
            "total": 2713419.5,
            "instrn": 0.0,
            "data": 2713419.5,
            "read": 2712654.0,
            "write": 765.5,
            "misc": 0.0
        },
        "demand_miss_rate": {
            "total": 0.1116,
            "instrn": 0.0,
            "data": 0.1116,
            "read": 0.1163,
            "write": 0.0008,
            "misc": 0.0
        },
        "bytes_from_memory": 173658848.0,
        "bytes_to_memory": 10056928.0,
        "total_bytes_rw_mem": 183715776.0
    }
}