{
    "demand_fetches": {
        "total": 10581582.846153846,
        "instrn": 0.0,
        "data": 10581582.846153846,
        "read": 9676558.384615384,
        "write": 905024.4615384615,
        "misc": 0.0
    },
    "demand_misses": {
        "total": 1339694.5384615385,
        "instrn": 0.0,
        "data": 1339694.5384615385,
        "read": 1240347.4615384615,
        "write": 99347.07692307692,
        "misc": 0.0
    },
    "demand_miss_rate": {
        "total": 0.11803846153846154,
        "instrn": 0.0,
        "data": 0.11803846153846154,
        "read": 0.12042307692307691,
        "write": 0.10083846153846153,
        "misc": 0.0
    },
    "bytes_from_memory": 85740450.46153846,
    "bytes_to_memory": 7681166.769230769,
    "total_bytes_rw_mem": 93421617.23076923
}