{
    "demand_fetches": {
        "total": 10570637.615384616,
        "instrn": 0.0,
        "data": 10570637.615384616,
        "read": 9671347.153846154,
        "write": 899290.4615384615,
        "misc": 0.0
    },
    "demand_misses": {
        "total": 1337282.0,
        "instrn": 0.0,
        "data": 1337282.0,
        "read": 1238907.1538461538,
        "write": 98374.84615384616,
        "misc": 0.0
    },
    "demand_miss_rate": {
        "total": 0.11805384615384615,
        "instrn": 0.0,
        "data": 0.11805384615384615,
        "read": 0.12045384615384616,
        "write": 0.10054615384615384,
        "misc": 0.0
    },
    "bytes_from_memory": 85586048.0,
    "bytes_to_memory": 7613686.153846154,
    "total_bytes_rw_mem": 93199734.15384616
}