{
    "demand_fetches": {
        "total": 5213475.357142857,
        "instrn": 0.0,
        "data": 5213475.357142857,
        "read": 4637549.0,
        "write": 575926.3571428572,
        "misc": 0.0
    },
    "demand_misses": {
        "total": 1255465.857142857,
        "instrn": 0.0,
        "data": 1255465.857142857,
        "read": 1141352.7142857143,
        "write": 114113.14285714286,
        "misc": 0.0
    },
    "demand_miss_rate": {
        "total": 0.20414285714285715,
        "instrn": 0.0,
        "data": 0.20414285714285715,
        "read": 0.21045,
        "write": 0.16895,
        "misc": 0.0
    },
    "bytes_from_memory": 40174907.428571425,
    "bytes_to_memory": 4039115.4285714286,
    "total_bytes_rw_mem": 44214022.85714286
}