{
    "demand_fetches": {
        "total": 13819035.384615384,
        "instrn": 0.0,
        "data": 13819035.384615384,
        "read": 12510103.538461538,
        "write": 1308931.8461538462,
        "misc": 0.0
    },
    "demand_misses": {
        "total": 3404418.230769231,
        "instrn": 0.0,
        "data": 3404418.230769231,
        "read": 3124996.923076923,
        "write": 279421.3076923077,
        "misc": 0.0
    },
    "demand_miss_rate": {
        "total": 0.2446076923076923,
        "instrn": 0.0,
        "data": 0.2446076923076923,
        "read": 0.2491153846153846,
        "write": 0.21144615384615387,
        "misc": 0.0
    },
    "bytes_from_memory": 108941383.38461539,
    "bytes_to_memory": 10292918.153846154,
    "total_bytes_rw_mem": 119234301.53846154
}