{
    "demand_fetches": {
        "total": 20412821.46153846,
        "instrn": 0.0,
        "data": 20412821.46153846,
        "read": 19265828.692307692,
        "write": 1146992.7692307692,
        "misc": 0.0
    },
    "demand_misses": {
        "total": 6162460.769230769,
        "instrn": 0.0,
        "data": 6162460.769230769,
        "read": 5812277.076923077,
        "write": 350183.6923076923,
        "misc": 0.0
    },
    "demand_miss_rate": {
        "total": 0.27696923076923075,
        "instrn": 0.0,
        "data": 0.27696923076923075,
        "read": 0.2759153846153846,
        "write": 0.2870461538461538,
        "misc": 0.0
    },
    "bytes_from_memory": 98599372.3076923,
    "bytes_to_memory": 6061314.461538462,
    "total_bytes_rw_mem": 104660686.76923077
}