{
    "demand_fetches": {
        "total": 5592432.076923077,
        "instrn": 0.0,
        "data": 5592432.076923077,
        "read": 4987094.692307692,
        "write": 605337.3846153846,
        "misc": 0.0
    },
    "demand_misses": {
        "total": 2645244.6923076925,
        "instrn": 0.0,
        "data": 2645244.6923076925,
        "read": 2407901.6153846155,
        "write": 237343.07692307694,
        "misc": 0.0
    },
    "demand_miss_rate": {
        "total": 0.42736153846153846,
        "instrn": 0.0,
        "data": 0.42736153846153846,
        "read": 0.43852307692307685,
        "write": 0.36039230769230773,
        "misc": 0.0
    },
    "bytes_from_memory": 42323915.07692308,
    "bytes_to_memory": 4046806.153846154,
    "total_bytes_rw_mem": 46370721.23076923
}