{
    "demand_fetches": {
        "total": 5213475.357142857,
        "instrn": 0.0,
        "data": 5213475.357142857,
        "read": 4637549.0,
        "write": 575926.3571428572,
        "misc": 0.0
    },
    "demand_misses": {
        "total": 2505092.0,
        "instrn": 0.0,
        "data": 2505092.0,
        "read": 2272563.4285714286,
        "write": 232528.57142857142,
        "misc": 0.0
    },
    "demand_miss_rate": {
        "total": 0.40520000000000006,
        "instrn": 0.0,
        "data": 0.40520000000000006,
        "read": 0.4154571428571428,
        "write": 0.3453214285714286,
        "misc": 0.0
    },
    "bytes_from_memory": 40081472.0,
    "bytes_to_memory": 4007294.8571428573,
    "total_bytes_rw_mem": 44088766.85714286
}