{
    "demand_fetches": {
        "total": 5550060.846153846,
        "instrn": 0.0,
        "data": 5550060.846153846,
        "read": 4978853.230769231,
        "write": 571207.6153846154,
        "misc": 0.0
    },
    "demand_misses": {
        "total": 469590.53846153844,
        "instrn": 0.0,
        "data": 469590.53846153844,
        "read": 415991.76923076925,
        "write": 53598.769230769234,
        "misc": 0.0
    },
    "demand_miss_rate": {
        "total": 0.07813076923076924,
        "instrn": 0.0,
        "data": 0.07813076923076924,
        "read": 0.07707692307692307,
        "write": 0.08548461538461537,
        "misc": 0.0
    },
    "bytes_from_memory": 30053794.46153846,
    "bytes_to_memory": 3675465.846153846,
    "total_bytes_rw_mem": 33729260.307692304
}