{
    "demand_fetches": {
        "total": 30488086.615384616,
        "instrn": 0.0,
        "data": 30488086.615384616,
        "read": 24886322.692307692,
        "write": 5601763.923076923,
        "misc": 0.0
    },
    "demand_misses": {
        "total": 1869285.8461538462,
        "instrn": 0.0,
        "data": 1869285.8461538462,
        "read": 1252105.6923076923,
        "write": 617180.1538461539,
        "misc": 0.0
    },
    "demand_miss_rate": {
        "total": 0.05556153846153847,
        "instrn": 0.0,
        "data": 0.05556153846153847,
        "read": 0.04523846153846153,
        "write": 0.0995153846153846,
        "misc": 0.0
    },
    "bytes_from_memory": 119634294.15384616,
    "bytes_to_memory": 40690766.76923077,
    "total_bytes_rw_mem": 160325060.92307693
}