{
    "demand_fetches": {
        "total": 20412821.46153846,
        "instrn": 0.0,
        "data": 20412821.46153846,
        "read": 19265828.692307692,
        "write": 1146992.7692307692,
        "misc": 0.0
    },
    "demand_misses": {
        "total": 6151185.846153846,
        "instrn": 0.0,
        "data": 6151185.846153846,
        "read": 5801642.615384615,
        "write": 349543.23076923075,
        "misc": 0.0
    },
    "demand_miss_rate": {
        "total": 0.27639230769230766,
        "instrn": 0.0,
        "data": 0.27639230769230766,
        "read": 0.27533076923076927,
        "write": 0.28646923076923075,
        "misc": 0.0
    },
    "bytes_from_memory": 98418973.53846154,
    "bytes_to_memory": 6046107.076923077,
    "total_bytes_rw_mem": 104465080.61538461
}