{
    "demand_fetches": {
        "total": 5212973.285714285,
        "instrn": 0.0,
        "data": 5212973.285714285,
        "read": 4647427.142857143,
        "write": 565546.1428571428,
        "misc": 0.0
    },
    "demand_misses": {
        "total": 652946.4285714285,
        "instrn": 0.0,
        "data": 652946.4285714285,
        "read": 594228.9285714285,
        "write": 58717.5,
        "misc": 0.0
    },
    "demand_miss_rate": {
        "total": 0.10839285714285715,
        "instrn": 0.0,
        "data": 0.10839285714285715,
        "read": 0.11203571428571431,
        "write": 0.08753571428571427,
        "misc": 0.0
    },
    "bytes_from_memory": 41788571.428571425,
    "bytes_to_memory": 4356068.571428572,
    "total_bytes_rw_mem": 46144640.0
}