{
    "demand_fetches": {
        "total": 9909112.285714285,
        "instrn": 0.0,
        "data": 9909112.285714285,
        "read": 9015925.285714285,
        "write": 893187.0,
        "misc": 0.0
    },
    "demand_misses": {
        "total": 1962574.642857143,
        "instrn": 0.0,
        "data": 1962574.642857143,
        "read": 1782052.5714285714,
        "write": 180522.07142857142,
        "misc": 0.0
    },
    "demand_miss_rate": {
        "total": 0.1683142857142857,
        "instrn": 0.0,
        "data": 0.1683142857142857,
        "read": 0.16808571428571425,
        "write": 0.17067142857142856,
        "misc": 0.0
    },
    "bytes_from_memory": 62802388.571428575,
    "bytes_to_memory": 6431522.285714285,
    "total_bytes_rw_mem": 69233910.85714285
}