{
    "demand_fetches": {
        "total": 21086884.307692308,
        "instrn": 0.0,
        "data": 21086884.307692308,
        "read": 19657634.615384616,
        "write": 1429249.6923076923,
        "misc": 0.0
    },
    "demand_misses": {
        "total": 1549443.0,
        "instrn": 0.0,
        "data": 1549443.0,
        "read": 1393220.7692307692,
        "write": 156222.23076923078,
        "misc": 0.0
    },
    "demand_miss_rate": {
        "total": 0.06796153846153846,
        "instrn": 0.0,
        "data": 0.06796153846153846,
        "read": 0.06534615384615385,
        "write": 0.09814615384615386,
        "misc": 0.0
    },
    "bytes_from_memory": 99164352.0,
    "bytes_to_memory": 10825019.076923076,
    "total_bytes_rw_mem": 109989371.07692307
}