{
    "demand_fetches": {
        "total": 5548853.153846154,
        "instrn": 0.0,
        "data": 5548853.153846154,
        "read": 4974626.0,
        "write": 574227.1538461539,
        "misc": 0.0
    },
    "demand_misses": {
        "total": 519801.1538461539,
        "instrn": 0.0,
        "data": 519801.1538461539,
        "read": 466063.0,
        "write": 53738.153846153844,
        "misc": 0.0
    },
    "demand_miss_rate": {
        "total": 0.08552307692307691,
        "instrn": 0.0,
        "data": 0.08552307692307691,
        "read": 0.08562307692307693,
        "write": 0.08536923076923077,
        "misc": 0.0
    },
    "bytes_from_memory": 33267273.846153848,
    "bytes_to_memory": 3707505.230769231,
    "total_bytes_rw_mem": 36974779.07692308
}