{
    "demand_fetches": {
        "total": 10538876.538461538,
        "instrn": 0.0,
        "data": 10538876.538461538,
        "read": 9658823.923076924,
        "write": 880052.6153846154,
        "misc": 0.0
    },
    "demand_misses": {
        "total": 5089278.615384615,
        "instrn": 0.0,
        "data": 5089278.615384615,
        "read": 4730645.769230769,
        "write": 358632.8461538461,
        "misc": 0.0
    },
    "demand_miss_rate": {
        "total": 0.4399384615384616,
        "instrn": 0.0,
        "data": 0.4399384615384616,
        "read": 0.4478307692307692,
        "write": 0.3753769230769231,
        "misc": 0.0
    },
    "bytes_from_memory": 81428457.84615384,
    "bytes_to_memory": 6321836.307692308,
    "total_bytes_rw_mem": 87750294.15384616
}