{
    "demand_fetches": {
        "total": 18610525.285714287,
        "instrn": 0.0,
        "data": 18610525.285714287,
        "read": 17654362.285714287,
        "write": 956163.0,
        "misc": 0.0
    },
    "demand_misses": {
        "total": 2352951.0714285714,
        "instrn": 0.0,
        "data": 2352951.0714285714,
        "read": 2234314.8571428573,
        "write": 118636.21428571429,
        "misc": 0.0
    },
    "demand_miss_rate": {
        "total": 0.10898571428571431,
        "instrn": 0.0,
        "data": 0.10898571428571431,
        "read": 0.10937142857142858,
        "write": 0.10439285714285713,
        "misc": 0.0
    },
    "bytes_from_memory": 150588868.57142857,
    "bytes_to_memory": 9569504.0,
    "total_bytes_rw_mem": 160158372.57142857
}