{
    "demand_fetches": {
        "total": 30488086.615384616,
        "instrn": 0.0,
        "data": 30488086.615384616,
        "read": 24886322.692307692,
        "write": 5601763.923076923,
        "misc": 0.0
    },
    "demand_misses": {
        "total": 6236822.692307692,
        "instrn": 0.0,
        "data": 6236822.692307692,
        "read": 4916730.846153846,
        "write": 1320091.8461538462,
        "misc": 0.0
    },
    "demand_miss_rate": {
        "total": 0.18446923076923077,
        "instrn": 0.0,
        "data": 0.18446923076923077,
        "read": 0.17636153846153846,
        "write": 0.2182769230769231,
        "misc": 0.0
    },
    "bytes_from_memory": 99789163.07692307,
    "bytes_to_memory": 21756064.0,
    "total_bytes_rw_mem": 121545227.07692307
}