{
    "demand_fetches": {
        "total": 9802103.142857144,
        "instrn": 0.0,
        "data": 9802103.142857144,
        "read": 8971251.642857144,
        "write": 830851.5,
        "misc": 0.0
    },
    "demand_misses": {
        "total": 2359796.714285714,
        "instrn": 0.0,
        "data": 2359796.714285714,
        "read": 2193096.714285714,
        "write": 166700.0,
        "misc": 0.0
    },
    "demand_miss_rate": {
        "total": 0.20495714285714284,
        "instrn": 0.0,
        "data": 0.20495714285714284,
        "read": 0.20916428571428572,
        "write": 0.17105,
        "misc": 0.0
    },
    "bytes_from_memory": 75513494.85714285,
    "bytes_to_memory": 6003094.857142857,
    "total_bytes_rw_mem": 81516589.71428572
}