{
    "demand_fetches": {
        "total": 9774315.714285715,
        "instrn": 0.0,
        "data": 9774315.714285715,
        "read": 8964283.0,
        "write": 810032.7142857143,
        "misc": 0.0
    },
    "demand_misses": {
        "total": 1206933.4285714286,
        "instrn": 0.0,
        "data": 1206933.4285714286,
        "read": 1122203.2857142857,
        "write": 84730.14285714286,
        "misc": 0.0
    },
    "demand_miss_rate": {
        "total": 0.10538571428571428,
        "instrn": 0.0,
        "data": 0.10538571428571428,
        "read": 0.10744285714285715,
        "write": 0.08912142857142857,
        "misc": 0.0
    },
    "bytes_from_memory": 77243739.42857143,
    "bytes_to_memory": 6459913.142857143,
    "total_bytes_rw_mem": 83703652.57142857
}