{
    "demand_fetches": {
        "total": 60908.07142857143,
        "instrn": 0.0,
        "data": 60908.07142857143,
        "read": 42158.857142857145,
        "write": 18749.214285714286,
        "misc": 0.0
    },
    "demand_misses": {
        "total": 9870.857142857143,
        "instrn": 0.0,
        "data": 9870.857142857143,
        "read": 5689.5,
        "write": 4181.357142857143,
        "misc": 0.0
    },
    "demand_miss_rate": {
        "total": 0.1193,
        "instrn": 0.0,
        "data": 0.1193,
        "read": 0.10269999999999999,
        "write": 0.15732142857142858,
        "misc": 0.0
    },
    "bytes_from_memory": 631734.8571428572,
    "bytes_to_memory": 290962.28571428574,
    "total_bytes_rw_mem": 922697.1428571428
}