{
    "demand_fetches": {
        "total": 20199630.46153846,
        "instrn": 0.0,
        "data": 20199630.46153846,
        "read": 19130452.615384616,
        "write": 1069177.8461538462,
        "misc": 0.0
    },
    "demand_misses": {
        "total": 3743369.076923077,
        "instrn": 0.0,
        "data": 3743369.076923077,
        "read": 3552139.3076923075,
        "write": 191229.76923076922,
        "misc": 0.0
    },
    "demand_miss_rate": {
        "total": 0.1683,
        "instrn": 0.0,
        "data": 0.1683,
        "read": 0.1683923076923077,
        "write": 0.16553076923076926,
        "misc": 0.0
    },
    "bytes_from_memory": 119787810.46153846,
    "bytes_to_memory": 7268699.076923077,
    "total_bytes_rw_mem": 127056509.53846154
}