{
    "demand_fetches": {
        "total": 5147154.857142857,
        "instrn": 0.0,
        "data": 5147154.857142857,
        "read": 4618732.214285715,
        "write": 528422.6428571428,
        "misc": 0.0
    },
    "demand_misses": {
        "total": 457430.28571428574,
        "instrn": 0.0,
        "data": 457430.28571428574,
        "read": 408004.85714285716,
        "write": 49425.42857142857,
        "misc": 0.0
    },
    "demand_miss_rate": {
        "total": 0.07590714285714285,
        "instrn": 0.0,
        "data": 0.07590714285714285,
        "read": 0.07545714285714286,
        "write": 0.07922142857142857,
        "misc": 0.0
    },
    "bytes_from_memory": 29275538.285714287,
    "bytes_to_memory": 3392905.1428571427,
    "total_bytes_rw_mem": 32668443.42857143
}