{
    "demand_fetches": {
        "total": 45098.357142857145,
        "instrn": 0.0,
        "data": 45098.357142857145,
        "read": 27033.5,
        "write": 18064.85714285714,
        "misc": 0.0
    },
    "demand_misses": {
        "total": 12614.785714285714,
        "instrn": 0.0,
        "data": 12614.785714285714,
        "read": 4143.0,
        "write": 8471.785714285714,
        "misc": 0.0
    },
    "demand_miss_rate": {
        "total": 0.1844142857142857,
        "instrn": 0.0,
        "data": 0.1844142857142857,
        "read": 0.12305,
        "write": 0.2735785714285714,
        "misc": 0.0
    },
    "bytes_from_memory": 807346.2857142857,
    "bytes_to_memory": 562308.5714285715,
    "total_bytes_rw_mem": 1369654.857142857
}