{
    "demand_fetches": {
        "total": 5212942.5,
        "instrn": 0.0,
        "data": 5212942.5,
        "read": 4647407.142857143,
        "write": 565535.3571428572,
        "misc": 0.0
    },
    "demand_misses": {
        "total": 1819453.642857143,
        "instrn": 0.0,
        "data": 1819453.642857143,
        "read": 1606027.142857143,
        "write": 213426.5,
        "misc": 0.0
    },
    "demand_miss_rate": {
        "total": 0.2972785714285714,
        "instrn": 0.0,
        "data": 0.2972785714285714,
        "read": 0.2939285714285714,
        "write": 0.3193285714285715,
        "misc": 0.0
    },
    "bytes_from_memory": 29111258.285714287,
    "bytes_to_memory": 3579709.714285714,
    "total_bytes_rw_mem": 32690968.0
}