{
    "demand_fetches": {
        "total": 18681482.285714287,
        "instrn": 0.0,
        "data": 18681482.285714287,
        "read": 17715536.92857143,
        "write": 965945.3571428572,
        "misc": 0.0
    },
    "demand_misses": {
        "total": 1622176.5714285714,
        "instrn": 0.0,
        "data": 1622176.5714285714,
        "read": 1519107.2142857143,
        "write": 103069.35714285714,
        "misc": 0.0
    },
    "demand_miss_rate": {
        "total": 0.07353571428571427,
        "instrn": 0.0,
        "data": 0.07353571428571427,
        "read": 0.07242857142857143,
        "write": 0.08902857142857143,
        "misc": 0.0
    },
    "bytes_from_memory": 103819300.57142857,
    "bytes_to_memory": 7413197.714285715,
    "total_bytes_rw_mem": 111232498.28571428
}