{
    "demand_fetches": {
        "total": 5458719.785714285,
        "instrn": 0.0,
        "data": 5458719.785714285,
        "read": 4741325.428571428,
        "write": 717394.3571428572,
        "misc": 0.0
    },
    "demand_misses": {
        "total": 1354191.0714285714,
        "instrn": 0.0,
        "data": 1354191.0714285714,
        "read": 1203594.7857142857,
        "write": 150596.2857142857,
        "misc": 0.0
    },
    "demand_miss_rate": {
        "total": 0.21206428571428568,
        "instrn": 0.0,
        "data": 0.21206428571428568,
        "read": 0.2187714285714286,
        "write": 0.1769214285714286,
        "misc": 0.0
    },
    "bytes_from_memory": 43334114.28571428,
    "bytes_to_memory": 5469305.142857143,
    "total_bytes_rw_mem": 48803419.428571425
}