{
    "demand_fetches": {
        "total": 5212942.5,
        "instrn": 0.0,
        "data": 5212942.5,
        "read": 4647407.142857143,
        "write": 565535.3571428572,
        "misc": 0.0
    },
    "demand_misses": {
        "total": 466575.35714285716,
        "instrn": 0.0,
        "data": 466575.35714285716,
        "read": 411890.78571428574,
        "write": 54684.57142857143,
        "misc": 0.0
    },
    "demand_miss_rate": {
        "total": 0.07668571428571427,
        "instrn": 0.0,
        "data": 0.07668571428571427,
        "read": 0.07599285714285715,
        "write": 0.08168571428571429,
        "misc": 0.0
    },
    "bytes_from_memory": 29860822.85714286,
    "bytes_to_memory": 3835734.8571428573,
    "total_bytes_rw_mem": 33696557.71428572
}