{
    "demand_fetches": {
        "total": 10570637.615384616,
        "instrn": 0.0,
        "data": 10570637.615384616,
        "read": 9671347.153846154,
        "write": 899290.4615384615,
        "misc": 0.0
    },
    "demand_misses": {
        "total": 5033735.615384615,
        "instrn": 0.0,
        "data": 5033735.615384615,
        "read": 4675803.923076923,
        "write": 357931.6923076923,
        "misc": 0.0
    },
    "demand_miss_rate": {
        "total": 0.43215384615384617,
        "instrn": 0.0,
        "data": 0.43215384615384617,
        "read": 0.4404461538461539,
        "write": 0.3651384615384616,
        "misc": 0.0
    },
    "bytes_from_memory": 80539769.84615384,
    "bytes_to_memory": 6239179.076923077,
    "total_bytes_rw_mem": 86778948.92307693
}