{
    "demand_fetches": {
        "total": 9774315.714285715,
        "instrn": 0.0,
        "data": 9774315.714285715,
        "read": 8964283.0,
        "write": 810032.7142857143,
        "misc": 0.0
    },
    "demand_misses": {
        "total": 1910409.5714285714,
        "instrn": 0.0,
        "data": 1910409.5714285714,
        "read": 1755125.2857142857,
        "write": 155284.2857142857,
        "misc": 0.0
    },
    "demand_miss_rate": {
        "total": 0.16385,
        "instrn": 0.0,
        "data": 0.16385,
        "read": 0.16390714285714283,
        "write": 0.16232142857142856,
        "misc": 0.0
    },
    "bytes_from_memory": 61133106.28571428,
    "bytes_to_memory": 5386290.285714285,
    "total_bytes_rw_mem": 66519396.571428575
}