{
    "demand_fetches": {
        "total": 60908.07142857143,
        "instrn": 0.0,
        "data": 60908.07142857143,
        "read": 42158.857142857145,
        "write": 18749.214285714286,
        "misc": 0.0
    },
    "demand_misses": {
        "total": 11154.5,
        "instrn": 0.0,
        "data": 11154.5,
        "read": 6905.642857142857,
        "write": 4248.857142857143,
        "misc": 0.0
    },
    "demand_miss_rate": {
        "total": 0.1362857142857143,
        "instrn": 0.0,
        "data": 0.1362857142857143,
        "read": 0.12623571428571428,
        "write": 0.16075714285714285,
        "misc": 0.0
    },
    "bytes_from_memory": 713888.0,
    "bytes_to_memory": 312585.14285714284,
    "total_bytes_rw_mem": 1026473.1428571428
}