{
    "demand_fetches": {
        "total": 9909068.142857144,
        "instrn": 0.0,
        "data": 9909068.142857144,
        "read": 9015900.142857144,
        "write": 893168.0,
        "misc": 0.0
    },
    "demand_misses": {
        "total": 4783049.428571428,
        "instrn": 0.0,
        "data": 4783049.428571428,
        "read": 4417222.785714285,
        "write": 365826.64285714284,
        "misc": 0.0
    },
    "demand_miss_rate": {
        "total": 0.4087785714285715,
        "instrn": 0.0,
        "data": 0.4087785714285715,
        "read": 0.4163928571428572,
        "write": 0.34943571428571424,
        "misc": 0.0
    },
    "bytes_from_memory": 76528790.85714285,
    "bytes_to_memory": 6516349.714285715,
    "total_bytes_rw_mem": 83045140.57142857
}