{
    "demand_fetches": {
        "total": 18610525.285714287,
        "instrn": 0.0,
        "data": 18610525.285714287,
        "read": 17654362.285714287,
        "write": 956163.0,
        "misc": 0.0
    },
    "demand_misses": {
        "total": 8415621.857142856,
        "instrn": 0.0,
        "data": 8415621.857142856,
        "read": 8079573.714285715,
        "write": 336048.14285714284,
        "misc": 0.0
    },
    "demand_miss_rate": {
        "total": 0.35872142857142864,
        "instrn": 0.0,
        "data": 0.35872142857142864,
        "read": 0.36160714285714285,
        "write": 0.30356428571428573,
        "misc": 0.0
    },
    "bytes_from_memory": 134649949.7142857,
    "bytes_to_memory": 6078740.571428572,
    "total_bytes_rw_mem": 140728690.2857143
}