{
    "demand_fetches": {
        "total": 20199630.46153846,
        "instrn": 0.0,
        "data": 20199630.46153846,
        "read": 19130452.615384616,
        "write": 1069177.8461538462,
        "misc": 0.0
    },
    "demand_misses": {
        "total": 2920149.4615384615,
        "instrn": 0.0,
        "data": 2920149.4615384615,
        "read": 2754213.6153846155,
        "write": 165935.84615384616,
        "misc": 0.0
    },
    "demand_miss_rate": {
        "total": 0.1326923076923077,
        "instrn": 0.0,
        "data": 0.1326923076923077,
        "read": 0.13164615384615383,
        "write": 0.14532307692307694,
        "misc": 0.0
    },
    "bytes_from_memory": 93444782.76923077,
    "bytes_to_memory": 5690621.538461538,
    "total_bytes_rw_mem": 99135404.3076923
}