{
    "demand_fetches": {
        "total": 5147746.0,
        "instrn": 0.0,
        "data": 5147746.0,
        "read": 4619092.142857143,
        "write": 528653.8571428572,
        "misc": 0.0
    },
    "demand_misses": {
        "total": 1212845.0714285714,
        "instrn": 0.0,
        "data": 1212845.0714285714,
        "read": 1109467.357142857,
        "write": 103377.71428571429,
        "misc": 0.0
    },
    "demand_miss_rate": {
        "total": 0.1973642857142857,
        "instrn": 0.0,
        "data": 0.1973642857142857,
        "read": 0.20226428571428573,
        "write": 0.1658,
        "misc": 0.0
    },
    "bytes_from_memory": 38811042.28571428,
    "bytes_to_memory": 3619538.285714286,
    "total_bytes_rw_mem": 42430580.571428575
}