{
    "demand_fetches": {
        "total": 9774305.57142857,
        "instrn": 0.0,
        "data": 9774305.57142857,
        "read": 8964274.857142856,
        "write": 810030.7142857143,
        "misc": 0.0
    },
    "demand_misses": {
        "total": 1896503.0714285714,
        "instrn": 0.0,
        "data": 1896503.0714285714,
        "read": 1740629.9285714286,
        "write": 155873.14285714287,
        "misc": 0.0
    },
    "demand_miss_rate": {
        "total": 0.1632428571428571,
        "instrn": 0.0,
        "data": 0.1632428571428571,
        "read": 0.16315714285714283,
        "write": 0.16307857142857143,
        "misc": 0.0
    },
    "bytes_from_memory": 60688098.28571428,
    "bytes_to_memory": 5425325.714285715,
    "total_bytes_rw_mem": 66113424.0
}