{
    "demand_fetches": {
        "total": 10538876.538461538,
        "instrn": 0.0,
        "data": 10538876.538461538,
        "read": 9658823.923076924,
        "write": 880052.6153846154,
        "misc": 0.0
    },
    "demand_misses": {
        "total": 2450665.6153846155,
        "instrn": 0.0,
        "data": 2450665.6153846155,
        "read": 2276587.3846153845,
        "write": 174078.23076923078,
        "misc": 0.0
    },
    "demand_miss_rate": {
        "total": 0.20818461538461538,
        "instrn": 0.0,
        "data": 0.20818461538461538,
        "read": 0.21134615384615385,
        "write": 0.1809076923076923,
        "misc": 0.0
    },
    "bytes_from_memory": 78421299.6923077,
    "bytes_to_memory": 6181735.384615385,
    "total_bytes_rw_mem": 84603035.07692307
}