{
    "demand_fetches": {
        "total": 26140940.35714286,
        "instrn": 0.0,
        "data": 26140940.35714286,
        "read": 24017767.14285714,
        "write": 2123173.214285714,
        "misc": 0.0
    },
    "demand_misses": {
        "total": 3457158.4285714286,
        "instrn": 0.0,
        "data": 3457158.4285714286,
        "read": 3167089.5714285714,
        "write": 290068.85714285716,
        "misc": 0.0
    },
    "demand_miss_rate": {
        "total": 0.12315,
        "instrn": 0.0,
        "data": 0.12315,
        "read": 0.12240000000000002,
        "write": 0.1296357142857143,
        "misc": 0.0
    },
    "bytes_from_memory": 110629069.71428572,
    "bytes_to_memory": 10046425.142857144,
    "total_bytes_rw_mem": 120675494.85714285
}