{
    "demand_fetches": {
        "total": 20428592.57142857,
        "instrn": 0.0,
        "data": 20428592.57142857,
        "read": 18731864.64285714,
        "write": 1696727.9285714286,
        "misc": 0.0
    },
    "demand_misses": {
        "total": 4198575.285714285,
        "instrn": 0.0,
        "data": 4198575.285714285,
        "read": 3866193.714285714,
        "write": 332381.5714285714,
        "misc": 0.0
    },
    "demand_miss_rate": {
        "total": 0.17598571428571433,
        "instrn": 0.0,
        "data": 0.17598571428571433,
        "read": 0.17682857142857142,
        "write": 0.1677714285714286,
        "misc": 0.0
    },
    "bytes_from_memory": 134354409.14285713,
    "bytes_to_memory": 14214843.42857143,
    "total_bytes_rw_mem": 148569252.57142857
}