{
    "demand_fetches": {
        "total": 5212973.285714285,
        "instrn": 0.0,
        "data": 5212973.285714285,
        "read": 4647427.142857143,
        "write": 565546.1428571428,
        "misc": 0.0
    },
    "demand_misses": {
        "total": 466534.64285714284,
        "instrn": 0.0,
        "data": 466534.64285714284,
        "read": 411852.85714285716,
        "write": 54681.78571428572,
        "misc": 0.0
    },
    "demand_miss_rate": {
        "total": 0.07668571428571427,
        "instrn": 0.0,
        "data": 0.07668571428571427,
        "read": 0.07597857142857144,
        "write": 0.08167857142857145,
        "misc": 0.0
    },
    "bytes_from_memory": 29858217.14285714,
    "bytes_to_memory": 3835556.5714285714,
    "total_bytes_rw_mem": 33693773.71428572
}