{
    "demand_fetches": {
        "total": 5458719.785714285,
        "instrn": 0.0,
        "data": 5458719.785714285,
        "read": 4741325.428571428,
        "write": 717394.3571428572,
        "misc": 0.0
    },
    "demand_misses": {
        "total": 2607124.0,
        "instrn": 0.0,
        "data": 2607124.0,
        "read": 2315487.5,
        "write": 291636.5,
        "misc": 0.0
    },
    "demand_miss_rate": {
        "total": 0.4037785714285715,
        "instrn": 0.0,
        "data": 0.4037785714285715,
        "read": 0.4149071428571428,
        "write": 0.34367142857142857,
        "misc": 0.0
    },
    "bytes_from_memory": 41713984.0,
    "bytes_to_memory": 5158963.428571428,
    "total_bytes_rw_mem": 46872947.428571425
}