{
    "demand_fetches": {
        "total": 18681482.285714287,
        "instrn": 0.0,
        "data": 18681482.285714287,
        "read": 17715536.92857143,
        "write": 965945.3571428572,
        "misc": 0.0
    },
    "demand_misses": {
        "total": 7070706.714285715,
        "instrn": 0.0,
        "data": 7070706.714285715,
        "read": 6732150.285714285,
        "write": 338556.4285714286,
        "misc": 0.0
    },
    "demand_miss_rate": {
        "total": 0.31702142857142857,
        "instrn": 0.0,
        "data": 0.31702142857142857,
        "read": 0.3179142857142857,
        "write": 0.30060714285714285,
        "misc": 0.0
    },
    "bytes_from_memory": 113131307.42857143,
    "bytes_to_memory": 6268442.285714285,
    "total_bytes_rw_mem": 119399749.71428572
}