{
    "demand_fetches": {
        "total": 21086884.307692308,
        "instrn": 0.0,
        "data": 21086884.307692308,
        "read": 19657634.615384616,
        "write": 1429249.6923076923,
        "misc": 0.0
    },
    "demand_misses": {
        "total": 1698150.7692307692,
        "instrn": 0.0,
        "data": 1698150.7692307692,
        "read": 1534516.5384615385,
        "write": 163634.23076923078,
        "misc": 0.0
    },
    "demand_miss_rate": {
        "total": 0.07456923076923078,
        "instrn": 0.0,
        "data": 0.07456923076923078,
        "read": 0.07214615384615385,
        "write": 0.10273846153846153,
        "misc": 0.0
    },
    "bytes_from_memory": 108681649.23076923,
    "bytes_to_memory": 11711419.076923076,
    "total_bytes_rw_mem": 120393068.3076923
}