{
    "demand_fetches": {
        "total": 5548853.153846154,
        "instrn": 0.0,
        "data": 5548853.153846154,
        "read": 4974626.0,
        "write": 574227.1538461539,
        "misc": 0.0
    },
    "demand_misses": {
        "total": 732805.6153846154,
        "instrn": 0.0,
        "data": 732805.6153846154,
        "read": 672699.4615384615,
        "write": 60106.153846153844,
        "misc": 0.0
    },
    "demand_miss_rate": {
        "total": 0.12434615384615383,
        "instrn": 0.0,
        "data": 0.12434615384615383,
        "read": 0.1293923076923077,
        "write": 0.09646923076923075,
        "misc": 0.0
    },
    "bytes_from_memory": 46899559.384615384,
    "bytes_to_memory": 4529723.076923077,
    "total_bytes_rw_mem": 51429282.461538464
}