{
    "demand_fetches": {
        "total": 6489888.133333334,
        "instrn": 0.0,
        "data": 6489888.133333334,
        "read": 5659406.0,
        "write": 830482.1333333333,
        "misc": 0.0
    },
    "demand_misses": {
        "total": 2018406.4,
        "instrn": 0.0,
        "data": 2018406.4,
        "read": 1708253.6666666667,
        "write": 310152.73333333334,
        "misc": 0.0
    },
    "demand_miss_rate": {
        "total": 0.2681933333333333,
        "instrn": 0.0,
        "data": 0.2681933333333333,
        "read": 0.2593733333333333,
        "write": 0.3185,
        "misc": 0.0
    },
    "bytes_from_memory": 32294502.4,
    "bytes_to_memory": 5145934.933333334,
    "total_bytes_rw_mem": 37440437.333333336
}