{
    "demand_fetches": {
        "total": 10361724.57142857,
        "instrn": 0.0,
        "data": 10361724.57142857,
        "read": 9180187.714285715,
        "write": 1181536.857142857,
        "misc": 0.0
    },
    "demand_misses": {
        "total": 2538715.285714286,
        "instrn": 0.0,
        "data": 2538715.285714286,
        "read": 2284646.9285714286,
        "write": 254068.35714285713,
        "misc": 0.0
    },
    "demand_miss_rate": {
        "total": 0.20914285714285713,
        "instrn": 0.0,
        "data": 0.20914285714285713,
        "read": 0.21342857142857144,
        "write": 0.1819785714285714,
        "misc": 0.0
    },
    "bytes_from_memory": 81238889.14285715,
    "bytes_to_memory": 9348379.42857143,
    "total_bytes_rw_mem": 90587268.57142857
}