{
    "demand_fetches": {
        "total": 5458719.785714285,
        "instrn": 0.0,
        "data": 5458719.785714285,
        "read": 4741325.428571428,
        "write": 717394.3571428572,
        "misc": 0.0
    },
    "demand_misses": {
        "total": 1707881.7142857143,
        "instrn": 0.0,
        "data": 1707881.7142857143,
        "read": 1439725.857142857,
        "write": 268155.85714285716,
        "misc": 0.0
    },
    "demand_miss_rate": {
        "total": 0.2679428571428571,
        "instrn": 0.0,
        "data": 0.2679428571428571,
        "read": 0.2595,
        "write": 0.3153357142857143,
        "misc": 0.0
    },
    "bytes_from_memory": 27326107.42857143,
    "bytes_to_memory": 4459752.0,
    "total_bytes_rw_mem": 31785859.42857143
}