{
    "demand_fetches": {
        "total": 10570637.615384616,
        "instrn": 0.0,
        "data": 10570637.615384616,
        "read": 9671347.153846154,
        "write": 899290.4615384615,
        "misc": 0.0
    },
    "demand_misses": {
        "total": 4877483.846153846,
        "instrn": 0.0,
        "data": 4877483.846153846,
        "read": 4529449.153846154,
        "write": 348034.6923076923,
        "misc": 0.0
    },
    "demand_miss_rate": {
        "total": 0.41578461538461536,
        "instrn": 0.0,
        "data": 0.41578461538461536,
        "read": 0.4231230769230769,
        "write": 0.3539923076923077,
        "misc": 0.0
    },
    "bytes_from_memory": 78039741.53846154,
    "bytes_to_memory": 5992557.538461538,
    "total_bytes_rw_mem": 84032299.07692307
}