{
    "demand_fetches": {
        "total": 9774305.57142857,
        "instrn": 0.0,
        "data": 9774305.57142857,
        "read": 8964274.857142856,
        "write": 810030.7142857143,
        "misc": 0.0
    },
    "demand_misses": {
        "total": 1910545.7142857143,
        "instrn": 0.0,
        "data": 1910545.7142857143,
        "read": 1755274.857142857,
        "write": 155270.85714285713,
        "misc": 0.0
    },
    "demand_miss_rate": {
        "total": 0.1638642857142857,
        "instrn": 0.0,
        "data": 0.1638642857142857,
        "read": 0.1639142857142857,
        "write": 0.16232142857142856,
        "misc": 0.0
    },
    "bytes_from_memory": 61137462.85714286,
    "bytes_to_memory": 5385888.0,
    "total_bytes_rw_mem": 66523350.85714286
}