{
    "demand_fetches": {
        "total": 9774305.57142857,
        "instrn": 0.0,
        "data": 9774305.57142857,
        "read": 8964274.857142856,
        "write": 810030.7142857143,
        "misc": 0.0
    },
    "demand_misses": {
        "total": 1160344.142857143,
        "instrn": 0.0,
        "data": 1160344.142857143,
        "read": 1078319.642857143,
        "write": 82024.5,
        "misc": 0.0
    },
    "demand_miss_rate": {
        "total": 0.09929285714285715,
        "instrn": 0.0,
        "data": 0.09929285714285715,
        "read": 0.10085714285714287,
        "write": 0.08597857142857143,
        "misc": 0.0
    },
    "bytes_from_memory": 74262025.14285715,
    "bytes_to_memory": 6084068.571428572,
    "total_bytes_rw_mem": 80346093.71428572
}