{
    "demand_fetches": {
        "total": 9909992.214285715,
        "instrn": 0.0,
        "data": 9909992.214285715,
        "read": 9016409.357142856,
        "write": 893582.8571428572,
        "misc": 0.0
    },
    "demand_misses": {
        "total": 1017882.5,
        "instrn": 0.0,
        "data": 1017882.5,
        "read": 925637.5,
        "write": 92245.0,
        "misc": 0.0
    },
    "demand_miss_rate": {
        "total": 0.08734285714285714,
        "instrn": 0.0,
        "data": 0.08734285714285714,
        "read": 0.08745714285714286,
        "write": 0.08697142857142857,
        "misc": 0.0
    },
    "bytes_from_memory": 65144480.0,
    "bytes_to_memory": 6792297.142857143,
    "total_bytes_rw_mem": 71936777.14285715
}