{
    "demand_fetches": {
        "total": 5291166.928571428,
        "instrn": 0.0,
        "data": 5291166.928571428,
        "read": 4662116.428571428,
        "write": 629050.5,
        "misc": 0.0
    },
    "demand_misses": {
        "total": 2451266.1428571427,
        "instrn": 0.0,
        "data": 2451266.1428571427,
        "read": 2213356.9285714286,
        "write": 237909.2142857143,
        "misc": 0.0
    },
    "demand_miss_rate": {
        "total": 0.38885714285714285,
        "instrn": 0.0,
        "data": 0.38885714285714285,
        "read": 0.4005785714285714,
        "write": 0.32222142857142855,
        "misc": 0.0
    },
    "bytes_from_memory": 39220258.28571428,
    "bytes_to_memory": 4045457.1428571427,
    "total_bytes_rw_mem": 43265715.428571425
}