{
    "demand_fetches": {
        "total": 5213328.142857143,
        "instrn": 0.0,
        "data": 5213328.142857143,
        "read": 4637458.142857143,
        "write": 575870.0,
        "misc": 0.0
    },
    "demand_misses": {
        "total": 1233320.2857142857,
        "instrn": 0.0,
        "data": 1233320.2857142857,
        "read": 1122277.2857142857,
        "write": 111043.0,
        "misc": 0.0
    },
    "demand_miss_rate": {
        "total": 0.19839285714285712,
        "instrn": 0.0,
        "data": 0.19839285714285712,
        "read": 0.20427142857142858,
        "write": 0.1641,
        "misc": 0.0
    },
    "bytes_from_memory": 39466249.14285714,
    "bytes_to_memory": 3898516.5714285714,
    "total_bytes_rw_mem": 43364765.71428572
}