{
    "demand_fetches": {
        "total": 19213305.85714286,
        "instrn": 0.0,
        "data": 19213305.85714286,
        "read": 18041208.5,
        "write": 1172097.357142857,
        "misc": 0.0
    },
    "demand_misses": {
        "total": 3090220.6428571427,
        "instrn": 0.0,
        "data": 3090220.6428571427,
        "read": 2903473.714285714,
        "write": 186746.92857142858,
        "misc": 0.0
    },
    "demand_miss_rate": {
        "total": 0.13758571428571428,
        "instrn": 0.0,
        "data": 0.13758571428571428,
        "read": 0.13738571428571428,
        "write": 0.1388357142857143,
        "misc": 0.0
    },
    "bytes_from_memory": 98887060.57142857,
    "bytes_to_memory": 6833209.142857143,
    "total_bytes_rw_mem": 105720269.71428572
}