{
    "demand_fetches": {
        "total": 20428592.57142857,
        "instrn": 0.0,
        "data": 20428592.57142857,
        "read": 18731864.64285714,
        "write": 1696727.9285714286,
        "misc": 0.0
    },
    "demand_misses": {
        "total": 5317278.214285715,
        "instrn": 0.0,
        "data": 5317278.214285715,
        "read": 4863534.714285715,
        "write": 453743.5,
        "misc": 0.0
    },
    "demand_miss_rate": {
        "total": 0.22334285714285712,
        "instrn": 0.0,
        "data": 0.22334285714285712,
        "read": 0.22203571428571428,
        "write": 0.23455714285714283,
        "misc": 0.0
    },
    "bytes_from_memory": 85076451.42857143,
    "bytes_to_memory": 7691973.714285715,
    "total_bytes_rw_mem": 92768425.14285715
}