{
    "demand_fetches": {
        "total": 5574400.076923077,
        "instrn": 0.0,
        "data": 5574400.076923077,
        "read": 4982210.769230769,
        "write": 592189.3076923077,
        "misc": 0.0
    },
    "demand_misses": {
        "total": 668702.9230769231,
        "instrn": 0.0,
        "data": 668702.9230769231,
        "read": 610813.3076923077,
        "write": 57889.61538461538,
        "misc": 0.0
    },
    "demand_miss_rate": {
        "total": 0.10938461538461539,
        "instrn": 0.0,
        "data": 0.10938461538461539,
        "read": 0.11278461538461539,
        "write": 0.08936923076923077,
        "misc": 0.0
    },
    "bytes_from_memory": 42796987.07692308,
    "bytes_to_memory": 4171170.4615384615,
    "total_bytes_rw_mem": 46968157.538461536
}