{
    "demand_fetches": {
        "total": 20412821.46153846,
        "instrn": 0.0,
        "data": 20412821.46153846,
        "read": 19265828.692307692,
        "write": 1146992.7692307692,
        "misc": 0.0
    },
    "demand_misses": {
        "total": 2608934.4615384615,
        "instrn": 0.0,
        "data": 2608934.4615384615,
        "read": 2453827.0,
        "write": 155107.46153846153,
        "misc": 0.0
    },
    "demand_miss_rate": {
        "total": 0.11765384615384612,
        "instrn": 0.0,
        "data": 0.11765384615384612,
        "read": 0.11759999999999998,
        "write": 0.1206846153846154,
        "misc": 0.0
    },
    "bytes_from_memory": 166971805.53846154,
    "bytes_to_memory": 12717006.76923077,
    "total_bytes_rw_mem": 179688812.30769232
}