{
    "demand_fetches": {
        "total": 18610525.285714287,
        "instrn": 0.0,
        "data": 18610525.285714287,
        "read": 17654362.285714287,
        "write": 956163.0,
        "misc": 0.0
    },
    "demand_misses": {
        "total": 2138412.214285714,
        "instrn": 0.0,
        "data": 2138412.214285714,
        "read": 2029514.5714285714,
        "write": 108897.64285714286,
        "misc": 0.0
    },
    "demand_miss_rate": {
        "total": 0.09314999999999998,
        "instrn": 0.0,
        "data": 0.09314999999999998,
        "read": 0.09282857142857144,
        "write": 0.09579285714285714,
        "misc": 0.0
    },
    "bytes_from_memory": 136858381.7142857,
    "bytes_to_memory": 8386116.571428572,
    "total_bytes_rw_mem": 145244498.2857143
}