{
    "demand_fetches": {
        "total": 10538876.538461538,
        "instrn": 0.0,
        "data": 10538876.538461538,
        "read": 9658823.923076924,
        "write": 880052.6153846154,
        "misc": 0.0
    },
    "demand_misses": {
        "total": 5091755.153846154,
        "instrn": 0.0,
        "data": 5091755.153846154,
        "read": 4732710.076923077,
        "write": 359045.07692307694,
        "misc": 0.0
    },
    "demand_miss_rate": {
        "total": 0.44117692307692313,
        "instrn": 0.0,
        "data": 0.44117692307692313,
        "read": 0.44922307692307684,
        "write": 0.3758307692307692,
        "misc": 0.0
    },
    "bytes_from_memory": 81468082.46153846,
    "bytes_to_memory": 6345057.230769231,
    "total_bytes_rw_mem": 87813139.6923077
}