{
    "demand_fetches": {
        "total": 9909068.142857144,
        "instrn": 0.0,
        "data": 9909068.142857144,
        "read": 9015900.142857144,
        "write": 893168.0,
        "misc": 0.0
    },
    "demand_misses": {
        "total": 2384990.4285714286,
        "instrn": 0.0,
        "data": 2384990.4285714286,
        "read": 2200721.8571428573,
        "write": 184268.57142857142,
        "misc": 0.0
    },
    "demand_miss_rate": {
        "total": 0.20275714285714283,
        "instrn": 0.0,
        "data": 0.20275714285714283,
        "read": 0.20635,
        "write": 0.17477857142857142,
        "misc": 0.0
    },
    "bytes_from_memory": 76319693.71428572,
    "bytes_to_memory": 6640555.428571428,
    "total_bytes_rw_mem": 82960249.14285715
}