{
    "demand_fetches": {
        "total": 165444.42857142858,
        "instrn": 0.0,
        "data": 165444.42857142858,
        "read": 88587.14285714286,
        "write": 76857.28571428571,
        "misc": 0.0
    },
    "demand_misses": {
        "total": 116872.21428571429,
        "instrn": 0.0,
        "data": 116872.21428571429,
        "read": 54156.0,
        "write": 62716.21428571428,
        "misc": 0.0
    },
    "demand_miss_rate": {
        "total": 0.4708428571428572,
        "instrn": 0.0,
        "data": 0.4708428571428572,
        "read": 0.4433642857142857,
        "write": 0.48386428571428575,
        "misc": 0.0
    },
    "bytes_from_memory": 1869955.4285714286,
    "bytes_to_memory": 1016113.1428571428,
    "total_bytes_rw_mem": 2886068.5714285714
}