{
    "demand_fetches": {
        "total": 18681482.285714287,
        "instrn": 0.0,
        "data": 18681482.285714287,
        "read": 17715536.92857143,
        "write": 965945.3571428572,
        "misc": 0.0
    },
    "demand_misses": {
        "total": 7124919.857142857,
        "instrn": 0.0,
        "data": 7124919.857142857,
        "read": 6789697.857142857,
        "write": 335222.0,
        "misc": 0.0
    },
    "demand_miss_rate": {
        "total": 0.3186571428571429,
        "instrn": 0.0,
        "data": 0.3186571428571429,
        "read": 0.3198214285714286,
        "write": 0.29802142857142855,
        "misc": 0.0
    },
    "bytes_from_memory": 113998717.71428572,
    "bytes_to_memory": 6154099.428571428,
    "total_bytes_rw_mem": 120152817.14285715
}