{
    "demand_fetches": {
        "total": 6502652.307692308,
        "instrn": 0.0,
        "data": 6502652.307692308,
        "read": 5342057.923076923,
        "write": 1160594.3846153845,
        "misc": 0.0
    },
    "demand_misses": {
        "total": 478652.53846153844,
        "instrn": 0.0,
        "data": 478652.53846153844,
        "read": 370143.46153846156,
        "write": 108509.07692307692,
        "misc": 0.0
    },
    "demand_miss_rate": {
        "total": 0.06631538461538461,
        "instrn": 0.0,
        "data": 0.06631538461538461,
        "read": 0.061769230769230764,
        "write": 0.08456153846153845,
        "misc": 0.0
    },
    "bytes_from_memory": 30633762.46153846,
    "bytes_to_memory": 7386624.0,
    "total_bytes_rw_mem": 38020386.461538464
}