{
    "demand_fetches": {
        "total": 121393.5,
        "instrn": 0.0,
        "data": 121393.5,
        "read": 81639.64285714286,
        "write": 39753.857142857145,
        "misc": 0.0
    },
    "demand_misses": {
        "total": 57756.28571428572,
        "instrn": 0.0,
        "data": 57756.28571428572,
        "read": 31838.071428571428,
        "write": 25918.214285714286,
        "misc": 0.0
    },
    "demand_miss_rate": {
        "total": 0.2973785714285714,
        "instrn": 0.0,
        "data": 0.2973785714285714,
        "read": 0.26380714285714285,
        "write": 0.3581214285714286,
        "misc": 0.0
    },
    "bytes_from_memory": 3696402.285714286,
    "bytes_to_memory": 1689275.4285714286,
    "total_bytes_rw_mem": 5385677.714285715
}