{
    "demand_fetches": {
        "total": 19213499.92857143,
        "instrn": 0.0,
        "data": 19213499.92857143,
        "read": 18041327.5,
        "write": 1172172.4285714286,
        "misc": 0.0
    },
    "demand_misses": {
        "total": 1634720.5714285714,
        "instrn": 0.0,
        "data": 1634720.5714285714,
        "read": 1500289.2857142857,
        "write": 134431.2857142857,
        "misc": 0.0
    },
    "demand_miss_rate": {
        "total": 0.07328571428571429,
        "instrn": 0.0,
        "data": 0.07328571428571429,
        "read": 0.07156428571428572,
        "write": 0.09545714285714288,
        "misc": 0.0
    },
    "bytes_from_memory": 104622116.57142857,
    "bytes_to_memory": 9839396.57142857,
    "total_bytes_rw_mem": 114461513.14285715
}