{
    "demand_fetches": {
        "total": 19213499.92857143,
        "instrn": 0.0,
        "data": 19213499.92857143,
        "read": 18041327.5,
        "write": 1172172.4285714286,
        "misc": 0.0
    },
    "demand_misses": {
        "total": 3786941.9285714286,
        "instrn": 0.0,
        "data": 3786941.9285714286,
        "read": 3564929.285714286,
        "write": 222012.64285714287,
        "misc": 0.0
    },
    "demand_miss_rate": {
        "total": 0.16789285714285712,
        "instrn": 0.0,
        "data": 0.16789285714285712,
        "read": 0.16835,
        "write": 0.1621357142857143,
        "misc": 0.0
    },
    "bytes_from_memory": 121182141.71428572,
    "bytes_to_memory": 9035083.42857143,
    "total_bytes_rw_mem": 130217225.14285715
}