{
    "demand_fetches": {
        "total": 30488086.615384616,
        "instrn": 0.0,
        "data": 30488086.615384616,
        "read": 24886322.692307692,
        "write": 5601763.923076923,
        "misc": 0.0
    },
    "demand_misses": {
        "total": 3237278.3846153845,
        "instrn": 0.0,
        "data": 3237278.3846153845,
        "read": 2561692.0,
        "write": 675586.3846153846,
        "misc": 0.0
    },
    "demand_miss_rate": {
        "total": 0.09703846153846155,
        "instrn": 0.0,
        "data": 0.09703846153846155,
        "read": 0.09352307692307692,
        "write": 0.11184615384615385,
        "misc": 0.0
    },
    "bytes_from_memory": 103592908.3076923,
    "bytes_to_memory": 22800364.307692308,
    "total_bytes_rw_mem": 126393272.61538461
}