{
    "demand_fetches": {
        "total": 10570637.615384616,
        "instrn": 0.0,
        "data": 10570637.615384616,
        "read": 9671347.153846154,
        "write": 899290.4615384615,
        "misc": 0.0
    },
    "demand_misses": {
        "total": 2547249.3846153845,
        "instrn": 0.0,
        "data": 2547249.3846153845,
        "read": 2364032.6153846155,
        "write": 183216.76923076922,
        "misc": 0.0
    },
    "demand_miss_rate": {
        "total": 0.2197846153846154,
        "instrn": 0.0,
        "data": 0.2197846153846154,
        "read": 0.22400769230769232,
        "write": 0.18633076923076924,
        "misc": 0.0
    },
    "bytes_from_memory": 81511980.3076923,
    "bytes_to_memory": 6597550.769230769,
    "total_bytes_rw_mem": 88109531.07692307
}