{
    "demand_fetches": {
        "total": 20330162.076923076,
        "instrn": 0.0,
        "data": 20330162.076923076,
        "read": 19211134.46153846,
        "write": 1119027.6153846155,
        "misc": 0.0
    },
    "demand_misses": {
        "total": 4978002.153846154,
        "instrn": 0.0,
        "data": 4978002.153846154,
        "read": 4755616.076923077,
        "write": 222386.07692307694,
        "misc": 0.0
    },
    "demand_miss_rate": {
        "total": 0.22460769230769229,
        "instrn": 0.0,
        "data": 0.22460769230769229,
        "read": 0.2276538461538461,
        "write": 0.18436923076923079,
        "misc": 0.0
    },
    "bytes_from_memory": 159296068.92307693,
    "bytes_to_memory": 8975106.461538462,
    "total_bytes_rw_mem": 168271175.3846154
}