{
    "demand_fetches": {
        "total": 10581582.846153846,
        "instrn": 0.0,
        "data": 10581582.846153846,
        "read": 9676558.384615384,
        "write": 905024.4615384615,
        "misc": 0.0
    },
    "demand_misses": {
        "total": 4895758.615384615,
        "instrn": 0.0,
        "data": 4895758.615384615,
        "read": 4542869.923076923,
        "write": 352888.6923076923,
        "misc": 0.0
    },
    "demand_miss_rate": {
        "total": 0.41340769230769225,
        "instrn": 0.0,
        "data": 0.41340769230769225,
        "read": 0.4201692307692308,
        "write": 0.3559307692307693,
        "misc": 0.0
    },
    "bytes_from_memory": 78332137.84615384,
    "bytes_to_memory": 6098257.230769231,
    "total_bytes_rw_mem": 84430395.07692307
}