{
    "demand_fetches": {
        "total": 5592432.076923077,
        "instrn": 0.0,
        "data": 5592432.076923077,
        "read": 4987094.692307692,
        "write": 605337.3846153846,
        "misc": 0.0
    },
    "demand_misses": {
        "total": 573880.3846153846,
        "instrn": 0.0,
        "data": 573880.3846153846,
        "read": 517042.1538461539,
        "write": 56838.230769230766,
        "misc": 0.0
    },
    "demand_miss_rate": {
        "total": 0.09226153846153848,
        "instrn": 0.0,
        "data": 0.09226153846153848,
        "read": 0.0933153846153846,
        "write": 0.08566923076923076,
        "misc": 0.0
    },
    "bytes_from_memory": 36728344.615384616,
    "bytes_to_memory": 3962604.3076923075,
    "total_bytes_rw_mem": 40690948.92307692
}