{
    "demand_fetches": {
        "total": 10570637.615384616,
        "instrn": 0.0,
        "data": 10570637.615384616,
        "read": 9671347.153846154,
        "write": 899290.4615384615,
        "misc": 0.0
    },
    "demand_misses": {
        "total": 4673112.461538462,
        "instrn": 0.0,
        "data": 4673112.461538462,
        "read": 4322954.923076923,
        "write": 350157.53846153844,
        "misc": 0.0
    },
    "demand_miss_rate": {
        "total": 0.39845384615384616,
        "instrn": 0.0,
        "data": 0.39845384615384616,
        "read": 0.40334615384615385,
        "write": 0.3563769230769231,
        "misc": 0.0
    },
    "bytes_from_memory": 74769799.38461539,
    "bytes_to_memory": 6057915.076923077,
    "total_bytes_rw_mem": 80827714.46153846
}