{
    "demand_fetches": {
        "total": 13819035.384615384,
        "instrn": 0.0,
        "data": 13819035.384615384,
        "read": 12510103.538461538,
        "write": 1308931.8461538462,
        "misc": 0.0
    },
    "demand_misses": {
        "total": 3404896.6153846155,
        "instrn": 0.0,
        "data": 3404896.6153846155,
        "read": 3126022.153846154,
        "write": 278874.46153846156,
        "misc": 0.0
    },
    "demand_miss_rate": {
        "total": 0.24459230769230772,
        "instrn": 0.0,
        "data": 0.24459230769230772,
        "read": 0.2491846153846154,
        "write": 0.21094615384615384,
        "misc": 0.0
    },
    "bytes_from_memory": 108956691.6923077,
    "bytes_to_memory": 10227067.076923076,
    "total_bytes_rw_mem": 119183758.76923077
}