{
    "demand_fetches": {
        "total": 5291166.928571428,
        "instrn": 0.0,
        "data": 5291166.928571428,
        "read": 4662116.428571428,
        "write": 629050.5,
        "misc": 0.0
    },
    "demand_misses": {
        "total": 2534021.8571428573,
        "instrn": 0.0,
        "data": 2534021.8571428573,
        "read": 2278709.1428571427,
        "write": 255312.7142857143,
        "misc": 0.0
    },
    "demand_miss_rate": {
        "total": 0.40443571428571434,
        "instrn": 0.0,
        "data": 0.40443571428571434,
        "read": 0.41479285714285713,
        "write": 0.34648571428571423,
        "misc": 0.0
    },
    "bytes_from_memory": 40544349.71428572,
    "bytes_to_memory": 4400430.857142857,
    "total_bytes_rw_mem": 44944780.571428575
}