{
    "demand_fetches": {
        "total": 20428592.57142857,
        "instrn": 0.0,
        "data": 20428592.57142857,
        "read": 18731864.64285714,
        "write": 1696727.9285714286,
        "misc": 0.0
    },
    "demand_misses": {
        "total": 5073451.642857143,
        "instrn": 0.0,
        "data": 5073451.642857143,
        "read": 4629035.142857143,
        "write": 444416.5,
        "misc": 0.0
    },
    "demand_miss_rate": {
        "total": 0.2138642857142857,
        "instrn": 0.0,
        "data": 0.2138642857142857,
        "read": 0.21205714285714286,
        "write": 0.22987142857142856,
        "misc": 0.0
    },
    "bytes_from_memory": 81175226.28571428,
    "bytes_to_memory": 7376573.714285715,
    "total_bytes_rw_mem": 88551800.0
}