{
    "l1-I/Dcaches": {
        "demand_fetches": {
            "total": 11161562.153846154,
            "instrn": 0.0,
            "data": 11161562.153846154,
            "read": 9889622.384615384,
            "write": 1271939.7692307692,
            "misc": 0.0
        },
        "demand_misses": {
            "total": 3390308.6153846155,
            "instrn": 0.0,
            "data": 3390308.6153846155,
            "read": 2911241.6923076925,
            "write": 479066.92307692306,
            "misc": 0.0
        },
        "demand_miss_rate": {
            "total": 0.27995384615384616,
            "instrn": 0.0,
            "data": 0.27995384615384616,
            "read": 0.2704076923076923,
            "write": 0.3433846153846155,
            "misc": 0.0
        },
        "bytes_from_memory": 54244937.84615385,
        "bytes_to_memory": 7958806.153846154,
        "total_bytes_rw_mem": 62203744.0
    },
    "l2-ucache": {
        "demand_fetches": {
            "total": 3887734.0,
            "instrn": 0.0,
            "data": 3887734.0,
            "read": 3390308.6153846155,
            "write": 497425.3846153846,
            "misc": 0.0
        },
        "demand_misses": {
            "total": 803057.4615384615,
            "instrn": 0.0,
            "data": 803057.4615384615,
            "read": 803050.6153846154,
            "write": 6.846153846153846,
            "misc": 0.0
        },
        "demand_miss_rate": {
            "total": 0.18842307692307692,
            "instrn": 0.0,
            "data": 0.18842307692307692,
            "read": 0.22006923076923077,
            "write": 2.307692307692308e-05,
            "misc": 0.0
        },
        "bytes_from_memory": 51395677.538461536,
        "bytes_to_memory": 8012947.692307692,
        "total_bytes_rw_mem": 59408625.23076923
    }
}