{
    "demand_fetches": {
        "total": 5147401.5,
        "instrn": 0.0,
        "data": 5147401.5,
        "read": 4618878.428571428,
        "write": 528523.0714285715,
        "misc": 0.0
    },
    "demand_misses": {
        "total": 1020268.7857142857,
        "instrn": 0.0,
        "data": 1020268.7857142857,
        "read": 919088.0714285715,
        "write": 101180.71428571429,
        "misc": 0.0
    },
    "demand_miss_rate": {
        "total": 0.16732857142857144,
        "instrn": 0.0,
        "data": 0.16732857142857144,
        "read": 0.16820714285714283,
        "write": 0.16197857142857144,
        "misc": 0.0
    },
    "bytes_from_memory": 32648601.14285714,
    "bytes_to_memory": 3476832.0,
    "total_bytes_rw_mem": 36125433.14285714
}