{
    "demand_fetches": {
        "total": 85755.07142857143,
        "instrn": 0.0,
        "data": 85755.07142857143,
        "read": 51953.0,
        "write": 33802.07142857143,
        "misc": 0.0
    },
    "demand_misses": {
        "total": 37624.07142857143,
        "instrn": 0.0,
        "data": 37624.07142857143,
        "read": 15360.714285714286,
        "write": 22263.35714285714,
        "misc": 0.0
    },
    "demand_miss_rate": {
        "total": 0.25080714285714284,
        "instrn": 0.0,
        "data": 0.25080714285714284,
        "read": 0.18187142857142855,
        "write": 0.36330714285714283,
        "misc": 0.0
    },
    "bytes_from_memory": 2407940.5714285714,
    "bytes_to_memory": 1454422.857142857,
    "total_bytes_rw_mem": 3862363.4285714286
}