{
    "demand_fetches": {
        "total": 6502652.307692308,
        "instrn": 0.0,
        "data": 6502652.307692308,
        "read": 5342057.923076923,
        "write": 1160594.3846153845,
        "misc": 0.0
    },
    "demand_misses": {
        "total": 993765.2307692308,
        "instrn": 0.0,
        "data": 993765.2307692308,
        "read": 775134.4615384615,
        "write": 218630.76923076922,
        "misc": 0.0
    },
    "demand_miss_rate": {
        "total": 0.14144615384615383,
        "instrn": 0.0,
        "data": 0.14144615384615383,
        "read": 0.13441538461538463,
        "write": 0.17046153846153844,
        "misc": 0.0
    },
    "bytes_from_memory": 31800487.384615384,
    "bytes_to_memory": 7369491.692307692,
    "total_bytes_rw_mem": 39169979.07692308
}