{
    "demand_fetches": {
        "total": 46138.28571428572,
        "instrn": 0.0,
        "data": 46138.28571428572,
        "read": 29109.428571428572,
        "write": 17028.85714285714,
        "misc": 0.0
    },
    "demand_misses": {
        "total": 11175.57142857143,
        "instrn": 0.0,
        "data": 11175.57142857143,
        "read": 5030.357142857143,
        "write": 6145.214285714285,
        "misc": 0.0
    },
    "demand_miss_rate": {
        "total": 0.16507857142857144,
        "instrn": 0.0,
        "data": 0.16507857142857144,
        "read": 0.12677857142857143,
        "write": 0.23258571428571426,
        "misc": 0.0
    },
    "bytes_from_memory": 715236.5714285715,
    "bytes_to_memory": 416105.14285714284,
    "total_bytes_rw_mem": 1131341.7142857143
}