{
    "demand_fetches": {
        "total": 5550060.846153846,
        "instrn": 0.0,
        "data": 5550060.846153846,
        "read": 4978853.230769231,
        "write": 571207.6153846154,
        "misc": 0.0
    },
    "demand_misses": {
        "total": 468662.23076923075,
        "instrn": 0.0,
        "data": 468662.23076923075,
        "read": 415199.92307692306,
        "write": 53462.307692307695,
        "misc": 0.0
    },
    "demand_miss_rate": {
        "total": 0.07794615384615386,
        "instrn": 0.0,
        "data": 0.07794615384615386,
        "read": 0.07688461538461537,
        "write": 0.08526923076923075,
        "misc": 0.0
    },
    "bytes_from_memory": 29994382.769230768,
    "bytes_to_memory": 3658033.230769231,
    "total_bytes_rw_mem": 33652416.0
}