{
    "demand_fetches": {
        "total": 10570637.615384616,
        "instrn": 0.0,
        "data": 10570637.615384616,
        "read": 9671347.153846154,
        "write": 899290.4615384615,
        "misc": 0.0
    },
    "demand_misses": {
        "total": 868783.3846153846,
        "instrn": 0.0,
        "data": 868783.3846153846,
        "read": 784373.4615384615,
        "write": 84409.92307692308,
        "misc": 0.0
    },
    "demand_miss_rate": {
        "total": 0.0757,
        "instrn": 0.0,
        "data": 0.0757,
        "read": 0.07449230769230769,
        "write": 0.08563076923076925,
        "misc": 0.0
    },
    "bytes_from_memory": 55602136.615384616,
    "bytes_to_memory": 5796155.076923077,
    "total_bytes_rw_mem": 61398291.692307696
}