{
    "demand_fetches": {
        "total": 20412821.46153846,
        "instrn": 0.0,
        "data": 20412821.46153846,
        "read": 19265828.692307692,
        "write": 1146992.7692307692,
        "misc": 0.0
    },
    "demand_misses": {
        "total": 5002467.153846154,
        "instrn": 0.0,
        "data": 5002467.153846154,
        "read": 4774574.923076923,
        "write": 227892.23076923078,
        "misc": 0.0
    },
    "demand_miss_rate": {
        "total": 0.22385384615384613,
        "instrn": 0.0,
        "data": 0.22385384615384613,
        "read": 0.22696153846153846,
        "write": 0.18379230769230773,
        "misc": 0.0
    },
    "bytes_from_memory": 160078948.92307693,
    "bytes_to_memory": 9293191.384615384,
    "total_bytes_rw_mem": 169372140.30769232
}