{
    "demand_fetches": {
        "total": 9802103.142857144,
        "instrn": 0.0,
        "data": 9802103.142857144,
        "read": 8971251.642857144,
        "write": 830851.5,
        "misc": 0.0
    },
    "demand_misses": {
        "total": 2159511.3571428573,
        "instrn": 0.0,
        "data": 2159511.3571428573,
        "read": 2001794.2857142857,
        "write": 157717.07142857142,
        "misc": 0.0
    },
    "demand_miss_rate": {
        "total": 0.17772142857142856,
        "instrn": 0.0,
        "data": 0.17772142857142856,
        "read": 0.1790857142857143,
        "write": 0.1617142857142857,
        "misc": 0.0
    },
    "bytes_from_memory": 69104363.42857143,
    "bytes_to_memory": 5473686.857142857,
    "total_bytes_rw_mem": 74578050.28571428
}