{
    "demand_fetches": {
        "total": 5574400.076923077,
        "instrn": 0.0,
        "data": 5574400.076923077,
        "read": 4982210.769230769,
        "write": 592189.3076923077,
        "misc": 0.0
    },
    "demand_misses": {
        "total": 1243387.1538461538,
        "instrn": 0.0,
        "data": 1243387.1538461538,
        "read": 1131103.0,
        "write": 112284.15384615384,
        "misc": 0.0
    },
    "demand_miss_rate": {
        "total": 0.1994923076923077,
        "instrn": 0.0,
        "data": 0.1994923076923077,
        "read": 0.20358461538461536,
        "write": 0.17322307692307692,
        "misc": 0.0
    },
    "bytes_from_memory": 39788388.92307692,
    "bytes_to_memory": 3862941.5384615385,
    "total_bytes_rw_mem": 43651330.461538464
}