{
    "demand_fetches": {
        "total": 30488086.615384616,
        "instrn": 0.0,
        "data": 30488086.615384616,
        "read": 24886322.692307692,
        "write": 5601763.923076923,
        "misc": 0.0
    },
    "demand_misses": {
        "total": 6367890.076923077,
        "instrn": 0.0,
        "data": 6367890.076923077,
        "read": 5036687.846153846,
        "write": 1331202.2307692308,
        "misc": 0.0
    },
    "demand_miss_rate": {
        "total": 0.19116923076923079,
        "instrn": 0.0,
        "data": 0.19116923076923079,
        "read": 0.18425384615384613,
        "write": 0.22033846153846154,
        "misc": 0.0
    },
    "bytes_from_memory": 101886241.23076923,
    "bytes_to_memory": 22111218.46153846,
    "total_bytes_rw_mem": 123997459.6923077
}