{
    "demand_fetches": {
        "total": 30488086.615384616,
        "instrn": 0.0,
        "data": 30488086.615384616,
        "read": 24886322.692307692,
        "write": 5601763.923076923,
        "misc": 0.0
    },
    "demand_misses": {
        "total": 3223756.6153846155,
        "instrn": 0.0,
        "data": 3223756.6153846155,
        "read": 2549890.3846153845,
        "write": 673866.2307692308,
        "misc": 0.0
    },
    "demand_miss_rate": {
        "total": 0.0969230769230769,
        "instrn": 0.0,
        "data": 0.0969230769230769,
        "read": 0.09347692307692308,
        "write": 0.11148461538461539,
        "misc": 0.0
    },
    "bytes_from_memory": 103160211.6923077,
    "bytes_to_memory": 22677134.769230768,
    "total_bytes_rw_mem": 125837346.46153846
}