{
    "demand_fetches": {
        "total": 10570637.615384616,
        "instrn": 0.0,
        "data": 10570637.615384616,
        "read": 9671347.153846154,
        "write": 899290.4615384615,
        "misc": 0.0
    },
    "demand_misses": {
        "total": 5109132.846153846,
        "instrn": 0.0,
        "data": 5109132.846153846,
        "read": 4742480.615384615,
        "write": 366652.23076923075,
        "misc": 0.0
    },
    "demand_miss_rate": {
        "total": 0.4410230769230769,
        "instrn": 0.0,
        "data": 0.4410230769230769,
        "read": 0.4491538461538461,
        "write": 0.37538461538461537,
        "misc": 0.0
    },
    "bytes_from_memory": 81746125.53846154,
    "bytes_to_memory": 6484296.615384615,
    "total_bytes_rw_mem": 88230422.15384616
}