{
    "demand_fetches": {
        "total": 159946.76923076922,
        "instrn": 0.0,
        "data": 159946.76923076922,
        "read": 85015.84615384616,
        "write": 74930.92307692308,
        "misc": 0.0
    },
    "demand_misses": {
        "total": 75703.07692307692,
        "instrn": 0.0,
        "data": 75703.07692307692,
        "read": 11469.0,
        "write": 64234.07692307692,
        "misc": 0.0
    },
    "demand_miss_rate": {
        "total": 0.26676153846153844,
        "instrn": 0.0,
        "data": 0.26676153846153844,
        "read": 0.10716153846153846,
        "write": 0.5139538461538463,
        "misc": 0.0
    },
    "bytes_from_memory": 2422498.4615384615,
    "bytes_to_memory": 2070510.7692307692,
    "total_bytes_rw_mem": 4493009.230769231
}