{
    "demand_fetches": {
        "total": 14605860.461538462,
        "instrn": 0.0,
        "data": 14605860.461538462,
        "read": 11120620.153846154,
        "write": 3485240.3076923075,
        "misc": 0.0
    },
    "demand_misses": {
        "total": 2047044.923076923,
        "instrn": 0.0,
        "data": 2047044.923076923,
        "read": 1383105.6923076923,
        "write": 663939.2307692308,
        "misc": 0.0
    },
    "demand_miss_rate": {
        "total": 0.1290846153846154,
        "instrn": 0.0,
        "data": 0.1290846153846154,
        "read": 0.11453846153846155,
        "write": 0.1733153846153846,
        "misc": 0.0
    },
    "bytes_from_memory": 65505437.538461536,
    "bytes_to_memory": 21901703.384615384,
    "total_bytes_rw_mem": 87407140.92307693
}