{
    "demand_fetches": {
        "total": 121393.5,
        "instrn": 0.0,
        "data": 121393.5,
        "read": 81639.64285714286,
        "write": 39753.857142857145,
        "misc": 0.0
    },
    "demand_misses": {
        "total": 73003.42857142857,
        "instrn": 0.0,
        "data": 73003.42857142857,
        "read": 46634.357142857145,
        "write": 26369.071428571428,
        "misc": 0.0
    },
    "demand_miss_rate": {
        "total": 0.39735714285714285,
        "instrn": 0.0,
        "data": 0.39735714285714285,
        "read": 0.3983357142857143,
        "write": 0.3734285714285714,
        "misc": 0.0
    },
    "bytes_from_memory": 1168054.857142857,
    "bytes_to_memory": 433674.28571428574,
    "total_bytes_rw_mem": 1601729.142857143
}