{
    "demand_fetches": {
        "total": 20330162.076923076,
        "instrn": 0.0,
        "data": 20330162.076923076,
        "read": 19211134.46153846,
        "write": 1119027.6153846155,
        "misc": 0.0
    },
    "demand_misses": {
        "total": 9726893.461538462,
        "instrn": 0.0,
        "data": 9726893.461538462,
        "read": 9312577.0,
        "write": 414316.46153846156,
        "misc": 0.0
    },
    "demand_miss_rate": {
        "total": 0.43865384615384617,
        "instrn": 0.0,
        "data": 0.43865384615384617,
        "read": 0.44549230769230763,
        "write": 0.34696153846153843,
        "misc": 0.0
    },
    "bytes_from_memory": 155630295.3846154,
    "bytes_to_memory": 8091225.846153846,
    "total_bytes_rw_mem": 163721521.23076922
}