{
    "demand_fetches": {
        "total": 55505.57142857143,
        "instrn": 0.0,
        "data": 55505.57142857143,
        "read": 32970.71428571428,
        "write": 22534.85714285714,
        "misc": 0.0
    },
    "demand_misses": {
        "total": 18164.571428571428,
        "instrn": 0.0,
        "data": 18164.571428571428,
        "read": 4779.285714285715,
        "write": 13385.285714285714,
        "misc": 0.0
    },
    "demand_miss_rate": {
        "total": 0.22037857142857145,
        "instrn": 0.0,
        "data": 0.22037857142857145,
        "read": 0.1379642857142857,
        "write": 0.32824285714285706,
        "misc": 0.0
    },
    "bytes_from_memory": 290633.14285714284,
    "bytes_to_memory": 221963.42857142858,
    "total_bytes_rw_mem": 512596.5714285714
}