{
    "demand_fetches": {
        "total": 5592432.076923077,
        "instrn": 0.0,
        "data": 5592432.076923077,
        "read": 4987094.692307692,
        "write": 605337.3846153846,
        "misc": 0.0
    },
    "demand_misses": {
        "total": 1135947.0,
        "instrn": 0.0,
        "data": 1135947.0,
        "read": 1023437.2307692308,
        "write": 112509.76923076923,
        "misc": 0.0
    },
    "demand_miss_rate": {
        "total": 0.18197692307692306,
        "instrn": 0.0,
        "data": 0.18197692307692306,
        "read": 0.18383076923076921,
        "write": 0.16964615384615384,
        "misc": 0.0
    },
    "bytes_from_memory": 36350304.0,
    "bytes_to_memory": 3823995.076923077,
    "total_bytes_rw_mem": 40174299.07692308
}