{
    "demand_fetches": {
        "total": 5548853.153846154,
        "instrn": 0.0,
        "data": 5548853.153846154,
        "read": 4974626.0,
        "write": 574227.1538461539,
        "misc": 0.0
    },
    "demand_misses": {
        "total": 620606.1538461539,
        "instrn": 0.0,
        "data": 620606.1538461539,
        "read": 565184.3076923077,
        "write": 55421.846153846156,
        "misc": 0.0
    },
    "demand_miss_rate": {
        "total": 0.10038461538461538,
        "instrn": 0.0,
        "data": 0.10038461538461538,
        "read": 0.10236153846153846,
        "write": 0.0879846153846154,
        "misc": 0.0
    },
    "bytes_from_memory": 39718793.84615385,
    "bytes_to_memory": 3922057.846153846,
    "total_bytes_rw_mem": 43640851.692307696
}