{
    "demand_fetches": {
        "total": 5592432.076923077,
        "instrn": 0.0,
        "data": 5592432.076923077,
        "read": 4987094.692307692,
        "write": 605337.3846153846,
        "misc": 0.0
    },
    "demand_misses": {
        "total": 1292088.2307692308,
        "instrn": 0.0,
        "data": 1292088.2307692308,
        "read": 1178274.8461538462,
        "write": 113813.38461538461,
        "misc": 0.0
    },
    "demand_miss_rate": {
        "total": 0.2058846153846154,
        "instrn": 0.0,
        "data": 0.2058846153846154,
        "read": 0.21135384615384617,
        "write": 0.17193076923076925,
        "misc": 0.0
    },
    "bytes_from_memory": 41346823.384615384,
    "bytes_to_memory": 3892073.846153846,
    "total_bytes_rw_mem": 45238897.23076923
}