{
    "demand_fetches": {
        "total": 10581582.846153846,
        "instrn": 0.0,
        "data": 10581582.846153846,
        "read": 9676558.384615384,
        "write": 905024.4615384615,
        "misc": 0.0
    },
    "demand_misses": {
        "total": 2559111.153846154,
        "instrn": 0.0,
        "data": 2559111.153846154,
        "read": 2373850.0,
        "write": 185261.15384615384,
        "misc": 0.0
    },
    "demand_miss_rate": {
        "total": 0.21979999999999997,
        "instrn": 0.0,
        "data": 0.21979999999999997,
        "read": 0.22392307692307692,
        "write": 0.18714615384615382,
        "misc": 0.0
    },
    "bytes_from_memory": 81891556.92307693,
    "bytes_to_memory": 6677683.692307692,
    "total_bytes_rw_mem": 88569240.61538461
}