{
    "demand_fetches": {
        "total": 20330162.076923076,
        "instrn": 0.0,
        "data": 20330162.076923076,
        "read": 19211134.46153846,
        "write": 1119027.6153846155,
        "misc": 0.0
    },
    "demand_misses": {
        "total": 3698633.076923077,
        "instrn": 0.0,
        "data": 3698633.076923077,
        "read": 3509464.6153846155,
        "write": 189168.46153846153,
        "misc": 0.0
    },
    "demand_miss_rate": {
        "total": 0.16600769230769233,
        "instrn": 0.0,
        "data": 0.16600769230769233,
        "read": 0.16646153846153847,
        "write": 0.1581384615384615,
        "misc": 0.0
    },
    "bytes_from_memory": 118356258.46153846,
    "bytes_to_memory": 6970116.923076923,
    "total_bytes_rw_mem": 125326375.38461539
}