{
    "demand_fetches": {
        "total": 21086884.307692308,
        "instrn": 0.0,
        "data": 21086884.307692308,
        "read": 19657634.615384616,
        "write": 1429249.6923076923,
        "misc": 0.0
    },
    "demand_misses": {
        "total": 7566706.384615385,
        "instrn": 0.0,
        "data": 7566706.384615385,
        "read": 7116786.153846154,
        "write": 449920.23076923075,
        "misc": 0.0
    },
    "demand_miss_rate": {
        "total": 0.32780769230769224,
        "instrn": 0.0,
        "data": 0.32780769230769224,
        "read": 0.3303692307692308,
        "write": 0.29585384615384613,
        "misc": 0.0
    },
    "bytes_from_memory": 121067302.15384616,
    "bytes_to_memory": 8414562.461538462,
    "total_bytes_rw_mem": 129481864.61538461
}