{
    "demand_fetches": {
        "total": 26140940.35714286,
        "instrn": 0.0,
        "data": 26140940.35714286,
        "read": 24017767.14285714,
        "write": 2123173.214285714,
        "misc": 0.0
    },
    "demand_misses": {
        "total": 3658215.3571428573,
        "instrn": 0.0,
        "data": 3658215.3571428573,
        "read": 3358732.4285714286,
        "write": 299482.9285714286,
        "misc": 0.0
    },
    "demand_miss_rate": {
        "total": 0.1301357142857143,
        "instrn": 0.0,
        "data": 0.1301357142857143,
        "read": 0.12972857142857144,
        "write": 0.13369285714285714,
        "misc": 0.0
    },
    "bytes_from_memory": 117062891.42857143,
    "bytes_to_memory": 10650013.714285715,
    "total_bytes_rw_mem": 127712905.14285715
}