{
    "demand_fetches": {
        "total": 13228859.285714285,
        "instrn": 0.0,
        "data": 13228859.285714285,
        "read": 11759523.07142857,
        "write": 1469336.2142857143,
        "misc": 0.0
    },
    "demand_misses": {
        "total": 4030163.3571428573,
        "instrn": 0.0,
        "data": 4030163.3571428573,
        "read": 3474800.1428571427,
        "write": 555363.2142857143,
        "misc": 0.0
    },
    "demand_miss_rate": {
        "total": 0.2822857142857143,
        "instrn": 0.0,
        "data": 0.2822857142857143,
        "read": 0.27283571428571424,
        "write": 0.3463785714285715,
        "misc": 0.0
    },
    "bytes_from_memory": 64482613.71428572,
    "bytes_to_memory": 9213467.42857143,
    "total_bytes_rw_mem": 73696081.14285715
}