{
    "demand_fetches": {
        "total": 10361724.57142857,
        "instrn": 0.0,
        "data": 10361724.57142857,
        "read": 9180187.714285715,
        "write": 1181536.857142857,
        "misc": 0.0
    },
    "demand_misses": {
        "total": 2192947.0,
        "instrn": 0.0,
        "data": 2192947.0,
        "read": 1943405.2857142857,
        "write": 249541.7142857143,
        "misc": 0.0
    },
    "demand_miss_rate": {
        "total": 0.17982142857142858,
        "instrn": 0.0,
        "data": 0.17982142857142858,
        "read": 0.18012142857142857,
        "write": 0.17815714285714288,
        "misc": 0.0
    },
    "bytes_from_memory": 70174304.0,
    "bytes_to_memory": 9061910.857142856,
    "total_bytes_rw_mem": 79236214.85714285
}