{
    "demand_fetches": {
        "total": 5147154.857142857,
        "instrn": 0.0,
        "data": 5147154.857142857,
        "read": 4618732.214285715,
        "write": 528422.6428571428,
        "misc": 0.0
    },
    "demand_misses": {
        "total": 1278907.0714285714,
        "instrn": 0.0,
        "data": 1278907.0714285714,
        "read": 1170919.7857142857,
        "write": 107987.28571428571,
        "misc": 0.0
    },
    "demand_miss_rate": {
        "total": 0.21232142857142855,
        "instrn": 0.0,
        "data": 0.21232142857142855,
        "read": 0.21864999999999998,
        "write": 0.17444285714285715,
        "misc": 0.0
    },
    "bytes_from_memory": 40925026.28571428,
    "bytes_to_memory": 3868313.1428571427,
    "total_bytes_rw_mem": 44793339.428571425
}