{
    "demand_fetches": {
        "total": 4865898.266666667,
        "instrn": 0.0,
        "data": 4865898.266666667,
        "read": 4337913.4,
        "write": 527984.8666666667,
        "misc": 0.0
    },
    "demand_misses": {
        "total": 1022194.0666666667,
        "instrn": 0.0,
        "data": 1022194.0666666667,
        "read": 917365.8666666667,
        "write": 104828.2,
        "misc": 0.0
    },
    "demand_miss_rate": {
        "total": 0.16592666666666667,
        "instrn": 0.0,
        "data": 0.16592666666666667,
        "read": 0.16753333333333337,
        "write": 0.15610666666666664,
        "misc": 0.0
    },
    "bytes_from_memory": 32710210.133333333,
    "bytes_to_memory": 3674476.8,
    "total_bytes_rw_mem": 36384686.93333333
}