{
    "demand_fetches": {
        "total": 85755.07142857143,
        "instrn": 0.0,
        "data": 85755.07142857143,
        "read": 51953.0,
        "write": 33802.07142857143,
        "misc": 0.0
    },
    "demand_misses": {
        "total": 36866.357142857145,
        "instrn": 0.0,
        "data": 36866.357142857145,
        "read": 14681.285714285714,
        "write": 22185.071428571428,
        "misc": 0.0
    },
    "demand_miss_rate": {
        "total": 0.2416,
        "instrn": 0.0,
        "data": 0.2416,
        "read": 0.1692357142857143,
        "write": 0.36060714285714285,
        "misc": 0.0
    },
    "bytes_from_memory": 2359446.8571428573,
    "bytes_to_memory": 1443218.2857142857,
    "total_bytes_rw_mem": 3802665.1428571427
}