{
    "demand_fetches": {
        "total": 5550060.846153846,
        "instrn": 0.0,
        "data": 5550060.846153846,
        "read": 4978853.230769231,
        "write": 571207.6153846154,
        "misc": 0.0
    },
    "demand_misses": {
        "total": 1060608.0,
        "instrn": 0.0,
        "data": 1060608.0,
        "read": 951697.1538461539,
        "write": 108910.84615384616,
        "misc": 0.0
    },
    "demand_miss_rate": {
        "total": 0.17386923076923078,
        "instrn": 0.0,
        "data": 0.17386923076923078,
        "read": 0.17388461538461542,
        "write": 0.1736923076923077,
        "misc": 0.0
    },
    "bytes_from_memory": 33939456.0,
    "bytes_to_memory": 3721597.5384615385,
    "total_bytes_rw_mem": 37661053.538461536
}