{
    "demand_fetches": {
        "total": 5147401.5,
        "instrn": 0.0,
        "data": 5147401.5,
        "read": 4618878.428571428,
        "write": 528523.0714285715,
        "misc": 0.0
    },
    "demand_misses": {
        "total": 2405532.4285714286,
        "instrn": 0.0,
        "data": 2405532.4285714286,
        "read": 2202835.285714286,
        "write": 202697.14285714287,
        "misc": 0.0
    },
    "demand_miss_rate": {
        "total": 0.3888928571428572,
        "instrn": 0.0,
        "data": 0.3888928571428572,
        "read": 0.3985214285714286,
        "write": 0.32548571428571427,
        "misc": 0.0
    },
    "bytes_from_memory": 38488518.85714286,
    "bytes_to_memory": 3443762.285714286,
    "total_bytes_rw_mem": 41932281.14285714
}