{
    "demand_fetches": {
        "total": 18681704.285714287,
        "instrn": 0.0,
        "data": 18681704.285714287,
        "read": 17715672.214285713,
        "write": 966032.0714285715,
        "misc": 0.0
    },
    "demand_misses": {
        "total": 5461790.642857143,
        "instrn": 0.0,
        "data": 5461790.642857143,
        "read": 5160988.214285715,
        "write": 300802.4285714286,
        "misc": 0.0
    },
    "demand_miss_rate": {
        "total": 0.2484357142857143,
        "instrn": 0.0,
        "data": 0.2484357142857143,
        "read": 0.2466214285714286,
        "write": 0.2698642857142857,
        "misc": 0.0
    },
    "bytes_from_memory": 87388650.28571428,
    "bytes_to_memory": 5078176.0,
    "total_bytes_rw_mem": 92466826.28571428
}