{
    "demand_fetches": {
        "total": 19066998.666666668,
        "instrn": 0.0,
        "data": 19066998.666666668,
        "read": 17483255.733333334,
        "write": 1583742.9333333333,
        "misc": 0.0
    },
    "demand_misses": {
        "total": 1440627.8,
        "instrn": 0.0,
        "data": 1440627.8,
        "read": 1260227.5333333334,
        "write": 180400.26666666666,
        "misc": 0.0
    },
    "demand_miss_rate": {
        "total": 0.06084000000000001,
        "instrn": 0.0,
        "data": 0.06084000000000001,
        "read": 0.058006666666666665,
        "write": 0.08872666666666666,
        "misc": 0.0
    },
    "bytes_from_memory": 92200179.2,
    "bytes_to_memory": 12652160.0,
    "total_bytes_rw_mem": 104852339.2
}