{
    "demand_fetches": {
        "total": 10616309.666666666,
        "instrn": 0.0,
        "data": 10616309.666666666,
        "read": 8906967.933333334,
        "write": 1709341.7333333334,
        "misc": 0.0
    },
    "demand_misses": {
        "total": 1511331.3333333333,
        "instrn": 0.0,
        "data": 1511331.3333333333,
        "read": 1187544.4666666666,
        "write": 323786.86666666664,
        "misc": 0.0
    },
    "demand_miss_rate": {
        "total": 0.11424666666666668,
        "instrn": 0.0,
        "data": 0.11424666666666668,
        "read": 0.10689333333333333,
        "write": 0.14936666666666668,
        "misc": 0.0
    },
    "bytes_from_memory": 48362602.666666664,
    "bytes_to_memory": 10726067.2,
    "total_bytes_rw_mem": 59088669.86666667
}