{
    "demand_fetches": {
        "total": 9802103.142857144,
        "instrn": 0.0,
        "data": 9802103.142857144,
        "read": 8971251.642857144,
        "write": 830851.5,
        "misc": 0.0
    },
    "demand_misses": {
        "total": 2358332.214285714,
        "instrn": 0.0,
        "data": 2358332.214285714,
        "read": 2191080.0714285714,
        "write": 167252.14285714287,
        "misc": 0.0
    },
    "demand_miss_rate": {
        "total": 0.20522142857142858,
        "instrn": 0.0,
        "data": 0.20522142857142858,
        "read": 0.20939285714285713,
        "write": 0.17172857142857142,
        "misc": 0.0
    },
    "bytes_from_memory": 75466630.85714285,
    "bytes_to_memory": 6070299.428571428,
    "total_bytes_rw_mem": 81536930.28571428
}