{
    "demand_fetches": {
        "total": 21086884.307692308,
        "instrn": 0.0,
        "data": 21086884.307692308,
        "read": 19657634.615384616,
        "write": 1429249.6923076923,
        "misc": 0.0
    },
    "demand_misses": {
        "total": 2972228.6923076925,
        "instrn": 0.0,
        "data": 2972228.6923076925,
        "read": 2764059.769230769,
        "write": 208168.92307692306,
        "misc": 0.0
    },
    "demand_miss_rate": {
        "total": 0.12987692307692306,
        "instrn": 0.0,
        "data": 0.12987692307692306,
        "read": 0.12914615384615385,
        "write": 0.1368923076923077,
        "misc": 0.0
    },
    "bytes_from_memory": 95111318.15384616,
    "bytes_to_memory": 7306764.307692308,
    "total_bytes_rw_mem": 102418082.46153846
}