{
    "demand_fetches": {
        "total": 22952060.35714286,
        "instrn": 0.0,
        "data": 22952060.35714286,
        "read": 20137478.0,
        "write": 2814582.3571428573,
        "misc": 0.0
    },
    "demand_misses": {
        "total": 1577585.7142857143,
        "instrn": 0.0,
        "data": 1577585.7142857143,
        "read": 1261339.5,
        "write": 316246.21428571426,
        "misc": 0.0
    },
    "demand_miss_rate": {
        "total": 0.0593142857142857,
        "instrn": 0.0,
        "data": 0.0593142857142857,
        "read": 0.054107142857142854,
        "write": 0.09410714285714286,
        "misc": 0.0
    },
    "bytes_from_memory": 100965485.71428572,
    "bytes_to_memory": 21554788.57142857,
    "total_bytes_rw_mem": 122520274.28571428
}