{
    "demand_fetches": {
        "total": 6502652.307692308,
        "instrn": 0.0,
        "data": 6502652.307692308,
        "read": 5342057.923076923,
        "write": 1160594.3846153845,
        "misc": 0.0
    },
    "demand_misses": {
        "total": 456161.1538461539,
        "instrn": 0.0,
        "data": 456161.1538461539,
        "read": 349451.23076923075,
        "write": 106709.92307692308,
        "misc": 0.0
    },
    "demand_miss_rate": {
        "total": 0.0629076923076923,
        "instrn": 0.0,
        "data": 0.0629076923076923,
        "read": 0.05786153846153846,
        "write": 0.08310769230769231,
        "misc": 0.0
    },
    "bytes_from_memory": 29194313.846153848,
    "bytes_to_memory": 7154328.615384615,
    "total_bytes_rw_mem": 36348642.461538464
}