{
    "demand_fetches": {
        "total": 19213305.85714286,
        "instrn": 0.0,
        "data": 19213305.85714286,
        "read": 18041208.5,
        "write": 1172097.357142857,
        "misc": 0.0
    },
    "demand_misses": {
        "total": 6104785.357142857,
        "instrn": 0.0,
        "data": 6104785.357142857,
        "read": 5744539.857142857,
        "write": 360245.5,
        "misc": 0.0
    },
    "demand_miss_rate": {
        "total": 0.2712785714285714,
        "instrn": 0.0,
        "data": 0.2712785714285714,
        "read": 0.27122857142857143,
        "write": 0.26905714285714283,
        "misc": 0.0
    },
    "bytes_from_memory": 97676565.71428572,
    "bytes_to_memory": 6419946.285714285,
    "total_bytes_rw_mem": 104096512.0
}