{
    "demand_fetches": {
        "total": 20412821.46153846,
        "instrn": 0.0,
        "data": 20412821.46153846,
        "read": 19265828.692307692,
        "write": 1146992.7692307692,
        "misc": 0.0
    },
    "demand_misses": {
        "total": 2609556.769230769,
        "instrn": 0.0,
        "data": 2609556.769230769,
        "read": 2454131.5384615385,
        "write": 155425.23076923078,
        "misc": 0.0
    },
    "demand_miss_rate": {
        "total": 0.11773076923076926,
        "instrn": 0.0,
        "data": 0.11773076923076926,
        "read": 0.11763846153846153,
        "write": 0.12101538461538462,
        "misc": 0.0
    },
    "bytes_from_memory": 167011633.23076922,
    "bytes_to_memory": 12777432.615384616,
    "total_bytes_rw_mem": 179789065.84615386
}