{
    "demand_fetches": {
        "total": 5213475.357142857,
        "instrn": 0.0,
        "data": 5213475.357142857,
        "read": 4637549.0,
        "write": 575926.3571428572,
        "misc": 0.0
    },
    "demand_misses": {
        "total": 548438.8571428572,
        "instrn": 0.0,
        "data": 548438.8571428572,
        "read": 494735.35714285716,
        "write": 53703.5,
        "misc": 0.0
    },
    "demand_miss_rate": {
        "total": 0.08738571428571427,
        "instrn": 0.0,
        "data": 0.08738571428571427,
        "read": 0.08868571428571428,
        "write": 0.07905,
        "misc": 0.0
    },
    "bytes_from_memory": 35100086.85714286,
    "bytes_to_memory": 3725248.0,
    "total_bytes_rw_mem": 38825334.85714286
}