{
    "demand_fetches": {
        "total": 9802105.857142856,
        "instrn": 0.0,
        "data": 9802105.857142856,
        "read": 8971251.07142857,
        "write": 830854.7857142857,
        "misc": 0.0
    },
    "demand_misses": {
        "total": 1164740.7857142857,
        "instrn": 0.0,
        "data": 1164740.7857142857,
        "read": 1081980.4285714286,
        "write": 82760.35714285714,
        "misc": 0.0
    },
    "demand_miss_rate": {
        "total": 0.10037142857142856,
        "instrn": 0.0,
        "data": 0.10037142857142856,
        "read": 0.10213571428571426,
        "write": 0.08507857142857143,
        "misc": 0.0
    },
    "bytes_from_memory": 74543410.28571428,
    "bytes_to_memory": 6121549.714285715,
    "total_bytes_rw_mem": 80664960.0
}