{
    "demand_fetches": {
        "total": 159946.76923076922,
        "instrn": 0.0,
        "data": 159946.76923076922,
        "read": 85015.84615384616,
        "write": 74930.92307692308,
        "misc": 0.0
    },
    "demand_misses": {
        "total": 76704.23076923077,
        "instrn": 0.0,
        "data": 76704.23076923077,
        "read": 12154.76923076923,
        "write": 64549.46153846154,
        "misc": 0.0
    },
    "demand_miss_rate": {
        "total": 0.27550769230769234,
        "instrn": 0.0,
        "data": 0.27550769230769234,
        "read": 0.11591538461538461,
        "write": 0.523623076923077,
        "misc": 0.0
    },
    "bytes_from_memory": 1227267.6923076923,
    "bytes_to_memory": 1042913.2307692308,
    "total_bytes_rw_mem": 2270180.923076923
}