{
    "demand_fetches": {
        "total": 21086884.307692308,
        "instrn": 0.0,
        "data": 21086884.307692308,
        "read": 19657634.615384616,
        "write": 1429249.6923076923,
        "misc": 0.0
    },
    "demand_misses": {
        "total": 2774495.5384615385,
        "instrn": 0.0,
        "data": 2774495.5384615385,
        "read": 2573673.846153846,
        "write": 200821.6923076923,
        "misc": 0.0
    },
    "demand_miss_rate": {
        "total": 0.12165384615384614,
        "instrn": 0.0,
        "data": 0.12165384615384614,
        "read": 0.12060769230769229,
        "write": 0.13244615384615385,
        "misc": 0.0
    },
    "bytes_from_memory": 88783857.23076923,
    "bytes_to_memory": 6842020.923076923,
    "total_bytes_rw_mem": 95625878.15384616
}