{
    "demand_fetches": {
        "total": 5550060.846153846,
        "instrn": 0.0,
        "data": 5550060.846153846,
        "read": 4978853.230769231,
        "write": 571207.6153846154,
        "misc": 0.0
    },
    "demand_misses": {
        "total": 667005.0,
        "instrn": 0.0,
        "data": 667005.0,
        "read": 609859.6923076923,
        "write": 57145.307692307695,
        "misc": 0.0
    },
    "demand_miss_rate": {
        "total": 0.10900769230769233,
        "instrn": 0.0,
        "data": 0.10900769230769233,
        "read": 0.1118,
        "write": 0.09097692307692307,
        "misc": 0.0
    },
    "bytes_from_memory": 42688320.0,
    "bytes_to_memory": 4136443.076923077,
    "total_bytes_rw_mem": 46824763.07692308
}