{
    "demand_fetches": {
        "total": 60908.07142857143,
        "instrn": 0.0,
        "data": 60908.07142857143,
        "read": 42158.857142857145,
        "write": 18749.214285714286,
        "misc": 0.0
    },
    "demand_misses": {
        "total": 10877.42857142857,
        "instrn": 0.0,
        "data": 10877.42857142857,
        "read": 6483.428571428572,
        "write": 4394.0,
        "misc": 0.0
    },
    "demand_miss_rate": {
        "total": 0.13535714285714287,
        "instrn": 0.0,
        "data": 0.13535714285714287,
        "read": 0.12100714285714287,
        "write": 0.16870000000000002,
        "misc": 0.0
    },
    "bytes_from_memory": 348077.71428571426,
    "bytes_to_memory": 160144.0,
    "total_bytes_rw_mem": 508221.71428571426
}