{
    "demand_fetches": {
        "total": 24717886.384615384,
        "instrn": 0.0,
        "data": 24717886.384615384,
        "read": 21686687.46153846,
        "write": 3031198.923076923,
        "misc": 0.0
    },
    "demand_misses": {
        "total": 5760077.461538462,
        "instrn": 0.0,
        "data": 5760077.461538462,
        "read": 5008854.307692308,
        "write": 751223.1538461539,
        "misc": 0.0
    },
    "demand_miss_rate": {
        "total": 0.21584615384615385,
        "instrn": 0.0,
        "data": 0.21584615384615385,
        "read": 0.2133,
        "write": 0.2323307692307692,
        "misc": 0.0
    },
    "bytes_from_memory": 92161239.38461539,
    "bytes_to_memory": 12521140.923076924,
    "total_bytes_rw_mem": 104682380.3076923
}