{
    "demand_fetches": {
        "total": 14605860.461538462,
        "instrn": 0.0,
        "data": 14605860.461538462,
        "read": 11120620.153846154,
        "write": 3485240.3076923075,
        "misc": 0.0
    },
    "demand_misses": {
        "total": 2676124.6153846155,
        "instrn": 0.0,
        "data": 2676124.6153846155,
        "read": 1942918.3846153845,
        "write": 733206.2307692308,
        "misc": 0.0
    },
    "demand_miss_rate": {
        "total": 0.16964615384615384,
        "instrn": 0.0,
        "data": 0.16964615384615384,
        "read": 0.16263076923076922,
        "write": 0.19133076923076922,
        "misc": 0.0
    },
    "bytes_from_memory": 85635987.6923077,
    "bytes_to_memory": 25566715.076923076,
    "total_bytes_rw_mem": 111202702.76923077
}