{
    "demand_fetches": {
        "total": 5147746.0,
        "instrn": 0.0,
        "data": 5147746.0,
        "read": 4619092.142857143,
        "write": 528653.8571428572,
        "misc": 0.0
    },
    "demand_misses": {
        "total": 1020314.7857142857,
        "instrn": 0.0,
        "data": 1020314.7857142857,
        "read": 919099.1428571428,
        "write": 101215.64285714286,
        "misc": 0.0
    },
    "demand_miss_rate": {
        "total": 0.1673214285714286,
        "instrn": 0.0,
        "data": 0.1673214285714286,
        "read": 0.1682,
        "write": 0.1619928571428571,
        "misc": 0.0
    },
    "bytes_from_memory": 32650073.14285714,
    "bytes_to_memory": 3476560.0,
    "total_bytes_rw_mem": 36126633.14285714
}