{
    "demand_fetches": {
        "total": 74984.71428571429,
        "instrn": 0.0,
        "data": 74984.71428571429,
        "read": 47629.07142857143,
        "write": 27355.64285714286,
        "misc": 0.0
    },
    "demand_misses": {
        "total": 26096.5,
        "instrn": 0.0,
        "data": 26096.5,
        "read": 11922.07142857143,
        "write": 14174.42857142857,
        "misc": 0.0
    },
    "demand_miss_rate": {
        "total": 0.20879285714285709,
        "instrn": 0.0,
        "data": 0.20879285714285709,
        "read": 0.15742142857142855,
        "write": 0.2980428571428571,
        "misc": 0.0
    },
    "bytes_from_memory": 1670176.0,
    "bytes_to_memory": 931296.0,
    "total_bytes_rw_mem": 2601472.0
}