{
    "demand_fetches": {
        "total": 18610560.285714287,
        "instrn": 0.0,
        "data": 18610560.285714287,
        "read": 17654384.07142857,
        "write": 956176.2142857143,
        "misc": 0.0
    },
    "demand_misses": {
        "total": 8415589.07142857,
        "instrn": 0.0,
        "data": 8415589.07142857,
        "read": 8079526.714285715,
        "write": 336062.35714285716,
        "misc": 0.0
    },
    "demand_miss_rate": {
        "total": 0.35872142857142864,
        "instrn": 0.0,
        "data": 0.35872142857142864,
        "read": 0.36160714285714285,
        "write": 0.30356428571428573,
        "misc": 0.0
    },
    "bytes_from_memory": 134649425.14285713,
    "bytes_to_memory": 6078761.142857143,
    "total_bytes_rw_mem": 140728186.2857143
}