{
    "demand_fetches": {
        "total": 5550060.846153846,
        "instrn": 0.0,
        "data": 5550060.846153846,
        "read": 4978853.230769231,
        "write": 571207.6153846154,
        "misc": 0.0
    },
    "demand_misses": {
        "total": 1849333.1538461538,
        "instrn": 0.0,
        "data": 1849333.1538461538,
        "read": 1638102.8461538462,
        "write": 211230.3076923077,
        "misc": 0.0
    },
    "demand_miss_rate": {
        "total": 0.30617692307692307,
        "instrn": 0.0,
        "data": 0.30617692307692307,
        "read": 0.30146153846153845,
        "write": 0.3371692307692307,
        "misc": 0.0
    },
    "bytes_from_memory": 29589330.46153846,
    "bytes_to_memory": 3500134.153846154,
    "total_bytes_rw_mem": 33089464.615384616
}