{
    "demand_fetches": {
        "total": 6489888.133333334,
        "instrn": 0.0,
        "data": 6489888.133333334,
        "read": 5659406.0,
        "write": 830482.1333333333,
        "misc": 0.0
    },
    "demand_misses": {
        "total": 535808.3333333334,
        "instrn": 0.0,
        "data": 535808.3333333334,
        "read": 456457.6666666667,
        "write": 79350.66666666667,
        "misc": 0.0
    },
    "demand_miss_rate": {
        "total": 0.07064666666666668,
        "instrn": 0.0,
        "data": 0.07064666666666668,
        "read": 0.06878666666666668,
        "write": 0.08142666666666667,
        "misc": 0.0
    },
    "bytes_from_memory": 34291733.333333336,
    "bytes_to_memory": 5477120.0,
    "total_bytes_rw_mem": 39768853.333333336
}