{
    "demand_fetches": {
        "total": 159946.76923076922,
        "instrn": 0.0,
        "data": 159946.76923076922,
        "read": 85015.84615384616,
        "write": 74930.92307692308,
        "misc": 0.0
    },
    "demand_misses": {
        "total": 76607.76923076923,
        "instrn": 0.0,
        "data": 76607.76923076923,
        "read": 12039.153846153846,
        "write": 64568.61538461538,
        "misc": 0.0
    },
    "demand_miss_rate": {
        "total": 0.2764615384615385,
        "instrn": 0.0,
        "data": 0.2764615384615385,
        "read": 0.1167076923076923,
        "write": 0.5246538461538461,
        "misc": 0.0
    },
    "bytes_from_memory": 1225724.3076923077,
    "bytes_to_memory": 1043697.2307692308,
    "total_bytes_rw_mem": 2269421.5384615385
}