{
    "demand_fetches": {
        "total": 5548853.153846154,
        "instrn": 0.0,
        "data": 5548853.153846154,
        "read": 4974626.0,
        "write": 574227.1538461539,
        "misc": 0.0
    },
    "demand_misses": {
        "total": 2674485.076923077,
        "instrn": 0.0,
        "data": 2674485.076923077,
        "read": 2443284.6153846155,
        "write": 231200.46153846153,
        "misc": 0.0
    },
    "demand_miss_rate": {
        "total": 0.43788461538461537,
        "instrn": 0.0,
        "data": 0.43788461538461537,
        "read": 0.4486307692307693,
        "write": 0.37096153846153845,
        "misc": 0.0
    },
    "bytes_from_memory": 42791761.23076923,
    "bytes_to_memory": 4008621.5384615385,
    "total_bytes_rw_mem": 46800382.76923077
}