{
    "demand_fetches": {
        "total": 46138.28571428572,
        "instrn": 0.0,
        "data": 46138.28571428572,
        "read": 29109.428571428572,
        "write": 17028.85714285714,
        "misc": 0.0
    },
    "demand_misses": {
        "total": 11469.142857142857,
        "instrn": 0.0,
        "data": 11469.142857142857,
        "read": 4886.214285714285,
        "write": 6582.928571428572,
        "misc": 0.0
    },
    "demand_miss_rate": {
        "total": 0.1731785714285714,
        "instrn": 0.0,
        "data": 0.1731785714285714,
        "read": 0.12732142857142856,
        "write": 0.2534214285714285,
        "misc": 0.0
    },
    "bytes_from_memory": 183506.2857142857,
    "bytes_to_memory": 113360.0,
    "total_bytes_rw_mem": 296866.28571428574
}