{
    "demand_fetches": {
        "total": 5574400.076923077,
        "instrn": 0.0,
        "data": 5574400.076923077,
        "read": 4982210.769230769,
        "write": 592189.3076923077,
        "misc": 0.0
    },
    "demand_misses": {
        "total": 694976.3076923077,
        "instrn": 0.0,
        "data": 694976.3076923077,
        "read": 634407.8461538461,
        "write": 60568.46153846154,
        "misc": 0.0
    },
    "demand_miss_rate": {
        "total": 0.11617692307692308,
        "instrn": 0.0,
        "data": 0.11617692307692308,
        "read": 0.12033076923076923,
        "write": 0.09386153846153845,
        "misc": 0.0
    },
    "bytes_from_memory": 44478483.692307696,
    "bytes_to_memory": 4512640.0,
    "total_bytes_rw_mem": 48991123.692307696
}