{
    "demand_fetches": {
        "total": 20428592.57142857,
        "instrn": 0.0,
        "data": 20428592.57142857,
        "read": 18731864.64285714,
        "write": 1696727.9285714286,
        "misc": 0.0
    },
    "demand_misses": {
        "total": 2888116.4285714286,
        "instrn": 0.0,
        "data": 2888116.4285714286,
        "read": 2644978.214285714,
        "write": 243138.2142857143,
        "misc": 0.0
    },
    "demand_miss_rate": {
        "total": 0.12156428571428572,
        "instrn": 0.0,
        "data": 0.12156428571428572,
        "read": 0.12111428571428573,
        "write": 0.1252857142857143,
        "misc": 0.0
    },
    "bytes_from_memory": 92419725.71428572,
    "bytes_to_memory": 8735254.857142856,
    "total_bytes_rw_mem": 101154980.57142857
}