{
    "demand_fetches": {
        "total": 5574400.076923077,
        "instrn": 0.0,
        "data": 5574400.076923077,
        "read": 4982210.769230769,
        "write": 592189.3076923077,
        "misc": 0.0
    },
    "demand_misses": {
        "total": 732921.6153846154,
        "instrn": 0.0,
        "data": 732921.6153846154,
        "read": 670537.8461538461,
        "write": 62383.769230769234,
        "misc": 0.0
    },
    "demand_miss_rate": {
        "total": 0.12383076923076922,
        "instrn": 0.0,
        "data": 0.12383076923076922,
        "read": 0.1288,
        "write": 0.09709999999999999,
        "misc": 0.0
    },
    "bytes_from_memory": 46906983.384615384,
    "bytes_to_memory": 4749956.923076923,
    "total_bytes_rw_mem": 51656940.307692304
}