{
    "demand_fetches": {
        "total": 9909068.142857144,
        "instrn": 0.0,
        "data": 9909068.142857144,
        "read": 9015900.142857144,
        "write": 893168.0,
        "misc": 0.0
    },
    "demand_misses": {
        "total": 3411158.714285714,
        "instrn": 0.0,
        "data": 3411158.714285714,
        "read": 3071848.3571428573,
        "write": 339310.35714285716,
        "misc": 0.0
    },
    "demand_miss_rate": {
        "total": 0.29317857142857146,
        "instrn": 0.0,
        "data": 0.29317857142857146,
        "read": 0.2895214285714286,
        "write": 0.3220785714285715,
        "misc": 0.0
    },
    "bytes_from_memory": 54578539.428571425,
    "bytes_to_memory": 5720646.857142857,
    "total_bytes_rw_mem": 60299186.28571428
}