{
    "demand_fetches": {
        "total": 20428592.57142857,
        "instrn": 0.0,
        "data": 20428592.57142857,
        "read": 18731864.64285714,
        "write": 1696727.9285714286,
        "misc": 0.0
    },
    "demand_misses": {
        "total": 1431711.0,
        "instrn": 0.0,
        "data": 1431711.0,
        "read": 1245231.9285714286,
        "write": 186479.07142857142,
        "misc": 0.0
    },
    "demand_miss_rate": {
        "total": 0.06041428571428571,
        "instrn": 0.0,
        "data": 0.06041428571428571,
        "read": 0.05722857142857143,
        "write": 0.09167142857142856,
        "misc": 0.0
    },
    "bytes_from_memory": 91629504.0,
    "bytes_to_memory": 12734683.42857143,
    "total_bytes_rw_mem": 104364187.42857143
}