{
    "demand_fetches": {
        "total": 5592432.076923077,
        "instrn": 0.0,
        "data": 5592432.076923077,
        "read": 4987094.692307692,
        "write": 605337.3846153846,
        "misc": 0.0
    },
    "demand_misses": {
        "total": 1319831.5384615385,
        "instrn": 0.0,
        "data": 1319831.5384615385,
        "read": 1202997.2307692308,
        "write": 116834.30769230769,
        "misc": 0.0
    },
    "demand_miss_rate": {
        "total": 0.2133615384615384,
        "instrn": 0.0,
        "data": 0.2133615384615384,
        "read": 0.21953076923076922,
        "write": 0.17680769230769228,
        "misc": 0.0
    },
    "bytes_from_memory": 42234609.23076923,
    "bytes_to_memory": 4088462.769230769,
    "total_bytes_rw_mem": 46323072.0
}