{
    "demand_fetches": {
        "total": 5291166.928571428,
        "instrn": 0.0,
        "data": 5291166.928571428,
        "read": 4662116.428571428,
        "write": 629050.5,
        "misc": 0.0
    },
    "demand_misses": {
        "total": 1311847.4285714286,
        "instrn": 0.0,
        "data": 1311847.4285714286,
        "read": 1182416.5714285714,
        "write": 129430.85714285714,
        "misc": 0.0
    },
    "demand_miss_rate": {
        "total": 0.21206428571428568,
        "instrn": 0.0,
        "data": 0.21206428571428568,
        "read": 0.2188857142857143,
        "write": 0.1756642857142857,
        "misc": 0.0
    },
    "bytes_from_memory": 41979117.71428572,
    "bytes_to_memory": 4644806.857142857,
    "total_bytes_rw_mem": 46623924.571428575
}