{
    "demand_fetches": {
        "total": 21086884.307692308,
        "instrn": 0.0,
        "data": 21086884.307692308,
        "read": 19657634.615384616,
        "write": 1429249.6923076923,
        "misc": 0.0
    },
    "demand_misses": {
        "total": 3862791.3076923075,
        "instrn": 0.0,
        "data": 3862791.3076923075,
        "read": 3623050.153846154,
        "write": 239741.15384615384,
        "misc": 0.0
    },
    "demand_miss_rate": {
        "total": 0.16758461538461542,
        "instrn": 0.0,
        "data": 0.16758461538461542,
        "read": 0.16847692307692308,
        "write": 0.15626923076923077,
        "misc": 0.0
    },
    "bytes_from_memory": 123609321.84615384,
    "bytes_to_memory": 9224526.76923077,
    "total_bytes_rw_mem": 132833848.61538461
}