{
    "demand_fetches": {
        "total": 21086884.307692308,
        "instrn": 0.0,
        "data": 21086884.307692308,
        "read": 19657634.615384616,
        "write": 1429249.6923076923,
        "misc": 0.0
    },
    "demand_misses": {
        "total": 6263689.384615385,
        "instrn": 0.0,
        "data": 6263689.384615385,
        "read": 5845887.923076923,
        "write": 417801.46153846156,
        "misc": 0.0
    },
    "demand_miss_rate": {
        "total": 0.2729230769230769,
        "instrn": 0.0,
        "data": 0.2729230769230769,
        "read": 0.2724307692307692,
        "write": 0.27554615384615383,
        "misc": 0.0
    },
    "bytes_from_memory": 100219030.15384616,
    "bytes_to_memory": 7346507.076923077,
    "total_bytes_rw_mem": 107565537.23076923
}