{
    "demand_fetches": {
        "total": 14605860.461538462,
        "instrn": 0.0,
        "data": 14605860.461538462,
        "read": 11120620.153846154,
        "write": 3485240.3076923075,
        "misc": 0.0
    },
    "demand_misses": {
        "total": 4384896.076923077,
        "instrn": 0.0,
        "data": 4384896.076923077,
        "read": 3043460.153846154,
        "write": 1341435.923076923,
        "misc": 0.0
    },
    "demand_miss_rate": {
        "total": 0.27721538461538464,
        "instrn": 0.0,
        "data": 0.27721538461538464,
        "read": 0.2531769230769231,
        "write": 0.35057692307692306,
        "misc": 0.0
    },
    "bytes_from_memory": 70158337.23076923,
    "bytes_to_memory": 22358744.615384616,
    "total_bytes_rw_mem": 92517081.84615384
}