{
    "demand_fetches": {
        "total": 10581582.846153846,
        "instrn": 0.0,
        "data": 10581582.846153846,
        "read": 9676558.384615384,
        "write": 905024.4615384615,
        "misc": 0.0
    },
    "demand_misses": {
        "total": 5054329.076923077,
        "instrn": 0.0,
        "data": 5054329.076923077,
        "read": 4692999.384615385,
        "write": 361329.6923076923,
        "misc": 0.0
    },
    "demand_miss_rate": {
        "total": 0.4320307692307692,
        "instrn": 0.0,
        "data": 0.4320307692307692,
        "read": 0.4401615384615385,
        "write": 0.36615384615384605,
        "misc": 0.0
    },
    "bytes_from_memory": 80869265.23076923,
    "bytes_to_memory": 6312771.692307692,
    "total_bytes_rw_mem": 87182036.92307693
}