{
    "demand_fetches": {
        "total": 9671492.866666667,
        "instrn": 0.0,
        "data": 9671492.866666667,
        "read": 8568500.333333334,
        "write": 1102992.5333333334,
        "misc": 0.0
    },
    "demand_misses": {
        "total": 2956464.6666666665,
        "instrn": 0.0,
        "data": 2956464.6666666665,
        "read": 2540019.1333333333,
        "write": 416445.5333333333,
        "misc": 0.0
    },
    "demand_miss_rate": {
        "total": 0.24438000000000004,
        "instrn": 0.0,
        "data": 0.24438000000000004,
        "read": 0.23626666666666668,
        "write": 0.29822,
        "misc": 0.0
    },
    "bytes_from_memory": 47303434.666666664,
    "bytes_to_memory": 6914952.533333333,
    "total_bytes_rw_mem": 54218387.2
}