{
    "demand_fetches": {
        "total": 5213328.142857143,
        "instrn": 0.0,
        "data": 5213328.142857143,
        "read": 4637458.142857143,
        "write": 575870.0,
        "misc": 0.0
    },
    "demand_misses": {
        "total": 604046.2857142857,
        "instrn": 0.0,
        "data": 604046.2857142857,
        "read": 549024.5714285715,
        "write": 55021.71428571428,
        "misc": 0.0
    },
    "demand_miss_rate": {
        "total": 0.09617142857142856,
        "instrn": 0.0,
        "data": 0.09617142857142856,
        "read": 0.09864285714285717,
        "write": 0.08117142857142857,
        "misc": 0.0
    },
    "bytes_from_memory": 38658962.28571428,
    "bytes_to_memory": 3900544.0,
    "total_bytes_rw_mem": 42559506.28571428
}