{
    "demand_fetches": {
        "total": 5592432.076923077,
        "instrn": 0.0,
        "data": 5592432.076923077,
        "read": 4987094.692307692,
        "write": 605337.3846153846,
        "misc": 0.0
    },
    "demand_misses": {
        "total": 650869.2307692308,
        "instrn": 0.0,
        "data": 650869.2307692308,
        "read": 593101.0769230769,
        "write": 57768.153846153844,
        "misc": 0.0
    },
    "demand_miss_rate": {
        "total": 0.10400769230769231,
        "instrn": 0.0,
        "data": 0.10400769230769231,
        "read": 0.10673076923076923,
        "write": 0.08725384615384615,
        "misc": 0.0
    },
    "bytes_from_memory": 41655630.76923077,
    "bytes_to_memory": 4075401.846153846,
    "total_bytes_rw_mem": 45731032.615384616
}