{
    "demand_fetches": {
        "total": 6502652.307692308,
        "instrn": 0.0,
        "data": 6502652.307692308,
        "read": 5342057.923076923,
        "write": 1160594.3846153845,
        "misc": 0.0
    },
    "demand_misses": {
        "total": 469637.53846153844,
        "instrn": 0.0,
        "data": 469637.53846153844,
        "read": 361566.3076923077,
        "write": 108071.23076923077,
        "misc": 0.0
    },
    "demand_miss_rate": {
        "total": 0.06496923076923077,
        "instrn": 0.0,
        "data": 0.06496923076923077,
        "read": 0.0602,
        "write": 0.08416153846153845,
        "misc": 0.0
    },
    "bytes_from_memory": 30056802.46153846,
    "bytes_to_memory": 7327148.307692308,
    "total_bytes_rw_mem": 37383950.76923077
}