{
    "demand_fetches": {
        "total": 10361724.57142857,
        "instrn": 0.0,
        "data": 10361724.57142857,
        "read": 9180187.714285715,
        "write": 1181536.857142857,
        "misc": 0.0
    },
    "demand_misses": {
        "total": 1597302.9285714286,
        "instrn": 0.0,
        "data": 1597302.9285714286,
        "read": 1371919.7142857143,
        "write": 225383.2142857143,
        "misc": 0.0
    },
    "demand_miss_rate": {
        "total": 0.1322142857142857,
        "instrn": 0.0,
        "data": 0.1322142857142857,
        "read": 0.12785714285714286,
        "write": 0.16131428571428572,
        "misc": 0.0
    },
    "bytes_from_memory": 51113693.71428572,
    "bytes_to_memory": 7574105.142857143,
    "total_bytes_rw_mem": 58687798.85714286
}