{
    "demand_fetches": {
        "total": 30488086.615384616,
        "instrn": 0.0,
        "data": 30488086.615384616,
        "read": 24886322.692307692,
        "write": 5601763.923076923,
        "misc": 0.0
    },
    "demand_misses": {
        "total": 2428235.4615384615,
        "instrn": 0.0,
        "data": 2428235.4615384615,
        "read": 1737672.1538461538,
        "write": 690563.3076923077,
        "misc": 0.0
    },
    "demand_miss_rate": {
        "total": 0.07391538461538462,
        "instrn": 0.0,
        "data": 0.07391538461538462,
        "read": 0.0650923076923077,
        "write": 0.11166153846153846,
        "misc": 0.0
    },
    "bytes_from_memory": 155407069.53846154,
    "bytes_to_memory": 48925316.92307692,
    "total_bytes_rw_mem": 204332386.46153846
}