{
    "demand_fetches": {
        "total": 5147401.5,
        "instrn": 0.0,
        "data": 5147401.5,
        "read": 4618878.428571428,
        "write": 528523.0714285715,
        "misc": 0.0
    },
    "demand_misses": {
        "total": 617577.4285714285,
        "instrn": 0.0,
        "data": 617577.4285714285,
        "read": 564837.5714285715,
        "write": 52739.857142857145,
        "misc": 0.0
    },
    "demand_miss_rate": {
        "total": 0.10154285714285714,
        "instrn": 0.0,
        "data": 0.10154285714285714,
        "read": 0.10425714285714284,
        "write": 0.08459285714285715,
        "misc": 0.0
    },
    "bytes_from_memory": 39524955.428571425,
    "bytes_to_memory": 3834893.714285714,
    "total_bytes_rw_mem": 43359849.14285714
}