{
    "demand_fetches": {
        "total": 165444.42857142858,
        "instrn": 0.0,
        "data": 165444.42857142858,
        "read": 88587.14285714286,
        "write": 76857.28571428571,
        "misc": 0.0
    },
    "demand_misses": {
        "total": 99121.71428571429,
        "instrn": 0.0,
        "data": 99121.71428571429,
        "read": 37584.5,
        "write": 61537.21428571428,
        "misc": 0.0
    },
    "demand_miss_rate": {
        "total": 0.36942142857142857,
        "instrn": 0.0,
        "data": 0.36942142857142857,
        "read": 0.29702857142857136,
        "write": 0.4485642857142857,
        "misc": 0.0
    },
    "bytes_from_memory": 6343789.714285715,
    "bytes_to_memory": 3969974.8571428573,
    "total_bytes_rw_mem": 10313764.57142857
}