{
    "power": {
        "0x40": 810.7447629608179,
        "0x41": 5.196021889401084,
        "0x44": 1698.709665610603,
        "0x45": 863.8411644009185,
        "0x48": 1010.7796847350081,
        "0x4c": 602.2995041474707
    },
    "current": {
        "0x40": 162.2215270737335,
        "0x41": -0.369824769585253,
        "0x44": 512.4015822004653,
        "0x45": 856.5157706797239,
        "0x48": 563.7522377304126,
        "0x4c": 402.6309460253442
    },
    "energy": {
        "0x40": 20568.604567299844,
        "0x41": 131.73679399999855,
        "0x44": 43096.08995990009,
        "0x45": 21916.321281200035,
        "0x48": 25643.11981970015,
        "0x4c": 15280.289258699933
    }
}