{
    "demand_fetches": {
        "total": 18681704.285714287,
        "instrn": 0.0,
        "data": 18681704.285714287,
        "read": 17715672.214285713,
        "write": 966032.0714285715,
        "misc": 0.0
    },
    "demand_misses": {
        "total": 1912660.0714285714,
        "instrn": 0.0,
        "data": 1912660.0714285714,
        "read": 1797856.5714285714,
        "write": 114803.5,
        "misc": 0.0
    },
    "demand_miss_rate": {
        "total": 0.08619285714285714,
        "instrn": 0.0,
        "data": 0.08619285714285714,
        "read": 0.08537142857142857,
        "write": 0.09823571428571429,
        "misc": 0.0
    },
    "bytes_from_memory": 122410244.57142857,
    "bytes_to_memory": 8936786.285714285,
    "total_bytes_rw_mem": 131347030.85714285
}