{
    "demand_fetches": {
        "total": 5147154.857142857,
        "instrn": 0.0,
        "data": 5147154.857142857,
        "read": 4618732.214285715,
        "write": 528422.6428571428,
        "misc": 0.0
    },
    "demand_misses": {
        "total": 2017034.142857143,
        "instrn": 0.0,
        "data": 2017034.142857143,
        "read": 1817248.9285714286,
        "write": 199785.2142857143,
        "misc": 0.0
    },
    "demand_miss_rate": {
        "total": 0.3302214285714285,
        "instrn": 0.0,
        "data": 0.3302214285714285,
        "read": 0.3317,
        "write": 0.3204285714285714,
        "misc": 0.0
    },
    "bytes_from_memory": 32272546.285714287,
    "bytes_to_memory": 3368030.8571428573,
    "total_bytes_rw_mem": 35640577.14285714
}