{
    "demand_fetches": {
        "total": 30488086.615384616,
        "instrn": 0.0,
        "data": 30488086.615384616,
        "read": 24886322.692307692,
        "write": 5601763.923076923,
        "misc": 0.0
    },
    "demand_misses": {
        "total": 3911874.230769231,
        "instrn": 0.0,
        "data": 3911874.230769231,
        "read": 3150380.6153846155,
        "write": 761493.6153846154,
        "misc": 0.0
    },
    "demand_miss_rate": {
        "total": 0.11876923076923075,
        "instrn": 0.0,
        "data": 0.11876923076923075,
        "read": 0.11710000000000001,
        "write": 0.12593846153846155,
        "misc": 0.0
    },
    "bytes_from_memory": 125179975.38461539,
    "bytes_to_memory": 27519310.769230768,
    "total_bytes_rw_mem": 152699286.15384614
}