{
    "demand_fetches": {
        "total": 11374302.642857144,
        "instrn": 0.0,
        "data": 11374302.642857144,
        "read": 9542977.785714285,
        "write": 1831324.857142857,
        "misc": 0.0
    },
    "demand_misses": {
        "total": 2651960.8571428573,
        "instrn": 0.0,
        "data": 2651960.8571428573,
        "read": 2251492.9285714286,
        "write": 400467.9285714286,
        "misc": 0.0
    },
    "demand_miss_rate": {
        "total": 0.19835,
        "instrn": 0.0,
        "data": 0.19835,
        "read": 0.20127142857142857,
        "write": 0.18480000000000002,
        "misc": 0.0
    },
    "bytes_from_memory": 84862747.42857143,
    "bytes_to_memory": 14765924.57142857,
    "total_bytes_rw_mem": 99628672.0
}