{
    "demand_fetches": {
        "total": 18681704.285714287,
        "instrn": 0.0,
        "data": 18681704.285714287,
        "read": 17715672.214285713,
        "write": 966032.0714285715,
        "misc": 0.0
    },
    "demand_misses": {
        "total": 5504433.071428572,
        "instrn": 0.0,
        "data": 5504433.071428572,
        "read": 5200245.142857143,
        "write": 304187.9285714286,
        "misc": 0.0
    },
    "demand_miss_rate": {
        "total": 0.2504857142857143,
        "instrn": 0.0,
        "data": 0.2504857142857143,
        "read": 0.24862142857142855,
        "write": 0.27279285714285717,
        "misc": 0.0
    },
    "bytes_from_memory": 88070929.14285715,
    "bytes_to_memory": 5179132.571428572,
    "total_bytes_rw_mem": 93250061.71428572
}