{
    "demand_fetches": {
        "total": 9909112.285714285,
        "instrn": 0.0,
        "data": 9909112.285714285,
        "read": 9015925.285714285,
        "write": 893187.0,
        "misc": 0.0
    },
    "demand_misses": {
        "total": 1722120.0,
        "instrn": 0.0,
        "data": 1722120.0,
        "read": 1550045.7857142857,
        "write": 172074.2142857143,
        "misc": 0.0
    },
    "demand_miss_rate": {
        "total": 0.14827142857142855,
        "instrn": 0.0,
        "data": 0.14827142857142855,
        "read": 0.14644285714285715,
        "write": 0.1630857142857143,
        "misc": 0.0
    },
    "bytes_from_memory": 55107840.0,
    "bytes_to_memory": 5902722.285714285,
    "total_bytes_rw_mem": 61010562.28571428
}