{
    "demand_fetches": {
        "total": 26140940.35714286,
        "instrn": 0.0,
        "data": 26140940.35714286,
        "read": 24017767.14285714,
        "write": 2123173.214285714,
        "misc": 0.0
    },
    "demand_misses": {
        "total": 1976181.9285714286,
        "instrn": 0.0,
        "data": 1976181.9285714286,
        "read": 1733880.2857142857,
        "write": 242301.64285714287,
        "misc": 0.0
    },
    "demand_miss_rate": {
        "total": 0.07064285714285713,
        "instrn": 0.0,
        "data": 0.07064285714285713,
        "read": 0.06739285714285713,
        "write": 0.10307857142857142,
        "misc": 0.0
    },
    "bytes_from_memory": 126475643.42857143,
    "bytes_to_memory": 17054642.285714287,
    "total_bytes_rw_mem": 143530285.7142857
}