{
    "demand_fetches": {
        "total": 18681482.285714287,
        "instrn": 0.0,
        "data": 18681482.285714287,
        "read": 17715536.92857143,
        "write": 965945.3571428572,
        "misc": 0.0
    },
    "demand_misses": {
        "total": 6221339.928571428,
        "instrn": 0.0,
        "data": 6221339.928571428,
        "read": 5904949.928571428,
        "write": 316390.0,
        "misc": 0.0
    },
    "demand_miss_rate": {
        "total": 0.28057857142857145,
        "instrn": 0.0,
        "data": 0.28057857142857145,
        "read": 0.28009999999999996,
        "write": 0.2829857142857143,
        "misc": 0.0
    },
    "bytes_from_memory": 99541438.85714285,
    "bytes_to_memory": 5554620.571428572,
    "total_bytes_rw_mem": 105096059.42857143
}