{
    "demand_fetches": {
        "total": 11374302.642857144,
        "instrn": 0.0,
        "data": 11374302.642857144,
        "read": 9542977.785714285,
        "write": 1831324.857142857,
        "misc": 0.0
    },
    "demand_misses": {
        "total": 873378.5,
        "instrn": 0.0,
        "data": 873378.5,
        "read": 695296.7142857143,
        "write": 178081.7857142857,
        "misc": 0.0
    },
    "demand_miss_rate": {
        "total": 0.06626428571428572,
        "instrn": 0.0,
        "data": 0.06626428571428572,
        "read": 0.06294285714285715,
        "write": 0.08227142857142858,
        "misc": 0.0
    },
    "bytes_from_memory": 55896224.0,
    "bytes_to_memory": 12212612.57142857,
    "total_bytes_rw_mem": 68108836.57142857
}