{
    "demand_fetches": {
        "total": 5147154.857142857,
        "instrn": 0.0,
        "data": 5147154.857142857,
        "read": 4618732.214285715,
        "write": 528422.6428571428,
        "misc": 0.0
    },
    "demand_misses": {
        "total": 677178.6428571428,
        "instrn": 0.0,
        "data": 677178.6428571428,
        "read": 621519.7142857143,
        "write": 55658.92857142857,
        "misc": 0.0
    },
    "demand_miss_rate": {
        "total": 0.11501428571428571,
        "instrn": 0.0,
        "data": 0.11501428571428571,
        "read": 0.11947857142857143,
        "write": 0.08997857142857144,
        "misc": 0.0
    },
    "bytes_from_memory": 43339433.14285714,
    "bytes_to_memory": 4232681.142857143,
    "total_bytes_rw_mem": 47572114.28571428
}