{
    "demand_fetches": {
        "total": 45098.357142857145,
        "instrn": 0.0,
        "data": 45098.357142857145,
        "read": 27033.5,
        "write": 18064.85714285714,
        "misc": 0.0
    },
    "demand_misses": {
        "total": 12688.214285714286,
        "instrn": 0.0,
        "data": 12688.214285714286,
        "read": 4203.785714285715,
        "write": 8484.42857142857,
        "misc": 0.0
    },
    "demand_miss_rate": {
        "total": 0.18689285714285717,
        "instrn": 0.0,
        "data": 0.18689285714285717,
        "read": 0.12620714285714288,
        "write": 0.275,
        "misc": 0.0
    },
    "bytes_from_memory": 812045.7142857143,
    "bytes_to_memory": 564224.0,
    "total_bytes_rw_mem": 1376269.7142857143
}