{
    "demand_fetches": {
        "total": 9802103.142857144,
        "instrn": 0.0,
        "data": 9802103.142857144,
        "read": 8971251.642857144,
        "write": 830851.5,
        "misc": 0.0
    },
    "demand_misses": {
        "total": 3709822.214285714,
        "instrn": 0.0,
        "data": 3709822.214285714,
        "read": 3404084.8571428573,
        "write": 305737.35714285716,
        "misc": 0.0
    },
    "demand_miss_rate": {
        "total": 0.3096642857142857,
        "instrn": 0.0,
        "data": 0.3096642857142857,
        "read": 0.3083714285714286,
        "write": 0.3130357142857143,
        "misc": 0.0
    },
    "bytes_from_memory": 59357155.428571425,
    "bytes_to_memory": 5133914.285714285,
    "total_bytes_rw_mem": 64491069.71428572
}