{
    "demand_fetches": {
        "total": 5574400.076923077,
        "instrn": 0.0,
        "data": 5574400.076923077,
        "read": 4982210.769230769,
        "write": 592189.3076923077,
        "misc": 0.0
    },
    "demand_misses": {
        "total": 1345378.2307692308,
        "instrn": 0.0,
        "data": 1345378.2307692308,
        "read": 1227826.4615384615,
        "write": 117551.76923076923,
        "misc": 0.0
    },
    "demand_miss_rate": {
        "total": 0.2203076923076923,
        "instrn": 0.0,
        "data": 0.2203076923076923,
        "read": 0.22689999999999996,
        "write": 0.1821230769230769,
        "misc": 0.0
    },
    "bytes_from_memory": 43052103.384615384,
    "bytes_to_memory": 4145297.230769231,
    "total_bytes_rw_mem": 47197400.615384616
}