{
    "demand_fetches": {
        "total": 13228859.285714285,
        "instrn": 0.0,
        "data": 13228859.285714285,
        "read": 11759523.07142857,
        "write": 1469336.2142857143,
        "misc": 0.0
    },
    "demand_misses": {
        "total": 1027363.1428571428,
        "instrn": 0.0,
        "data": 1027363.1428571428,
        "read": 885721.0,
        "write": 141642.14285714287,
        "misc": 0.0
    },
    "demand_miss_rate": {
        "total": 0.07220714285714284,
        "instrn": 0.0,
        "data": 0.07220714285714284,
        "read": 0.06987857142857141,
        "write": 0.08825000000000001,
        "misc": 0.0
    },
    "bytes_from_memory": 65751241.14285714,
    "bytes_to_memory": 9679282.285714285,
    "total_bytes_rw_mem": 75430523.42857143
}