{
    "demand_fetches": {
        "total": 24717886.384615384,
        "instrn": 0.0,
        "data": 24717886.384615384,
        "read": 21686687.46153846,
        "write": 3031198.923076923,
        "misc": 0.0
    },
    "demand_misses": {
        "total": 2883279.846153846,
        "instrn": 0.0,
        "data": 2883279.846153846,
        "read": 2504152.923076923,
        "write": 379126.92307692306,
        "misc": 0.0
    },
    "demand_miss_rate": {
        "total": 0.1081923076923077,
        "instrn": 0.0,
        "data": 0.1081923076923077,
        "read": 0.10680769230769231,
        "write": 0.11714615384615386,
        "misc": 0.0
    },
    "bytes_from_memory": 92264955.07692307,
    "bytes_to_memory": 12772445.538461538,
    "total_bytes_rw_mem": 105037400.61538461
}