{
    "demand_fetches": {
        "total": 5548853.153846154,
        "instrn": 0.0,
        "data": 5548853.153846154,
        "read": 4974626.0,
        "write": 574227.1538461539,
        "misc": 0.0
    },
    "demand_misses": {
        "total": 2601513.769230769,
        "instrn": 0.0,
        "data": 2601513.769230769,
        "read": 2381993.6923076925,
        "write": 219520.07692307694,
        "misc": 0.0
    },
    "demand_miss_rate": {
        "total": 0.41985384615384613,
        "instrn": 0.0,
        "data": 0.41985384615384613,
        "read": 0.4308153846153846,
        "write": 0.34980000000000006,
        "misc": 0.0
    },
    "bytes_from_memory": 41624220.307692304,
    "bytes_to_memory": 3730124.3076923075,
    "total_bytes_rw_mem": 45354344.615384616
}