{
    "demand_fetches": {
        "total": 9909112.285714285,
        "instrn": 0.0,
        "data": 9909112.285714285,
        "read": 9015925.285714285,
        "write": 893187.0,
        "misc": 0.0
    },
    "demand_misses": {
        "total": 4041945.0714285714,
        "instrn": 0.0,
        "data": 4041945.0714285714,
        "read": 3691891.714285714,
        "write": 350053.35714285716,
        "misc": 0.0
    },
    "demand_miss_rate": {
        "total": 0.34335000000000004,
        "instrn": 0.0,
        "data": 0.34335000000000004,
        "read": 0.3447928571428572,
        "write": 0.3317,
        "misc": 0.0
    },
    "bytes_from_memory": 64671121.14285714,
    "bytes_to_memory": 6059065.142857143,
    "total_bytes_rw_mem": 70730186.28571428
}