{
    "demand_fetches": {
        "total": 13819035.384615384,
        "instrn": 0.0,
        "data": 13819035.384615384,
        "read": 12510103.538461538,
        "write": 1308931.8461538462,
        "misc": 0.0
    },
    "demand_misses": {
        "total": 3187996.076923077,
        "instrn": 0.0,
        "data": 3187996.076923077,
        "read": 2914370.846153846,
        "write": 273625.23076923075,
        "misc": 0.0
    },
    "demand_miss_rate": {
        "total": 0.22683846153846152,
        "instrn": 0.0,
        "data": 0.22683846153846152,
        "read": 0.22954615384615382,
        "write": 0.2062384615384616,
        "misc": 0.0
    },
    "bytes_from_memory": 102015874.46153846,
    "bytes_to_memory": 9940664.615384616,
    "total_bytes_rw_mem": 111956539.07692307
}