{
    "demand_fetches": {
        "total": 5213475.357142857,
        "instrn": 0.0,
        "data": 5213475.357142857,
        "read": 4637549.0,
        "write": 575926.3571428572,
        "misc": 0.0
    },
    "demand_misses": {
        "total": 549088.4285714285,
        "instrn": 0.0,
        "data": 549088.4285714285,
        "read": 495121.14285714284,
        "write": 53967.28571428572,
        "misc": 0.0
    },
    "demand_miss_rate": {
        "total": 0.08768571428571428,
        "instrn": 0.0,
        "data": 0.08768571428571428,
        "read": 0.08897857142857143,
        "write": 0.07947142857142857,
        "misc": 0.0
    },
    "bytes_from_memory": 35141659.428571425,
    "bytes_to_memory": 3766267.4285714286,
    "total_bytes_rw_mem": 38907926.85714286
}