{
    "demand_fetches": {
        "total": 22952060.35714286,
        "instrn": 0.0,
        "data": 22952060.35714286,
        "read": 20137478.0,
        "write": 2814582.3571428573,
        "misc": 0.0
    },
    "demand_misses": {
        "total": 5311995.714285715,
        "instrn": 0.0,
        "data": 5311995.714285715,
        "read": 4616093.571428572,
        "write": 695902.1428571428,
        "misc": 0.0
    },
    "demand_miss_rate": {
        "total": 0.19917857142857145,
        "instrn": 0.0,
        "data": 0.19917857142857145,
        "read": 0.1967,
        "write": 0.21519285714285716,
        "misc": 0.0
    },
    "bytes_from_memory": 84991931.42857143,
    "bytes_to_memory": 11569052.57142857,
    "total_bytes_rw_mem": 96560984.0
}