{
    "demand_fetches": {
        "total": 117406.64285714286,
        "instrn": 0.0,
        "data": 117406.64285714286,
        "read": 73725.42857142857,
        "write": 43681.21428571428,
        "misc": 0.0
    },
    "demand_misses": {
        "total": 53501.78571428572,
        "instrn": 0.0,
        "data": 53501.78571428572,
        "read": 29444.64285714286,
        "write": 24057.14285714286,
        "misc": 0.0
    },
    "demand_miss_rate": {
        "total": 0.29714999999999997,
        "instrn": 0.0,
        "data": 0.29714999999999997,
        "read": 0.2743285714285715,
        "write": 0.32812142857142856,
        "misc": 0.0
    },
    "bytes_from_memory": 856028.5714285715,
    "bytes_to_memory": 397490.28571428574,
    "total_bytes_rw_mem": 1253518.857142857
}