{
    "demand_fetches": {
        "total": 18681704.285714287,
        "instrn": 0.0,
        "data": 18681704.285714287,
        "read": 17715672.214285713,
        "write": 966032.0714285715,
        "misc": 0.0
    },
    "demand_misses": {
        "total": 5465245.214285715,
        "instrn": 0.0,
        "data": 5465245.214285715,
        "read": 5163957.571428572,
        "write": 301287.64285714284,
        "misc": 0.0
    },
    "demand_miss_rate": {
        "total": 0.2486285714285714,
        "instrn": 0.0,
        "data": 0.2486285714285714,
        "read": 0.24680000000000005,
        "write": 0.2703142857142857,
        "misc": 0.0
    },
    "bytes_from_memory": 87443923.42857143,
    "bytes_to_memory": 5092246.857142857,
    "total_bytes_rw_mem": 92536170.28571428
}