{
    "demand_fetches": {
        "total": 10361724.57142857,
        "instrn": 0.0,
        "data": 10361724.57142857,
        "read": 9180187.714285715,
        "write": 1181536.857142857,
        "misc": 0.0
    },
    "demand_misses": {
        "total": 3439453.214285714,
        "instrn": 0.0,
        "data": 3439453.214285714,
        "read": 2984979.285714286,
        "write": 454473.9285714286,
        "misc": 0.0
    },
    "demand_miss_rate": {
        "total": 0.28394285714285716,
        "instrn": 0.0,
        "data": 0.28394285714285716,
        "read": 0.2776142857142857,
        "write": 0.326042857142857,
        "misc": 0.0
    },
    "bytes_from_memory": 55031251.428571425,
    "bytes_to_memory": 7671075.428571428,
    "total_bytes_rw_mem": 62702326.85714286
}