{
    "demand_fetches": {
        "total": 19213499.92857143,
        "instrn": 0.0,
        "data": 19213499.92857143,
        "read": 18041327.5,
        "write": 1172172.4285714286,
        "misc": 0.0
    },
    "demand_misses": {
        "total": 4692818.857142857,
        "instrn": 0.0,
        "data": 4692818.857142857,
        "read": 4462010.142857143,
        "write": 230808.7142857143,
        "misc": 0.0
    },
    "demand_miss_rate": {
        "total": 0.20707142857142857,
        "instrn": 0.0,
        "data": 0.20707142857142857,
        "read": 0.21019285714285713,
        "write": 0.16887857142857143,
        "misc": 0.0
    },
    "bytes_from_memory": 150170203.42857143,
    "bytes_to_memory": 9554178.285714285,
    "total_bytes_rw_mem": 159724381.7142857
}