{
    "demand_fetches": {
        "total": 5147154.857142857,
        "instrn": 0.0,
        "data": 5147154.857142857,
        "read": 4618732.214285715,
        "write": 528422.6428571428,
        "misc": 0.0
    },
    "demand_misses": {
        "total": 1244750.7857142857,
        "instrn": 0.0,
        "data": 1244750.7857142857,
        "read": 1139399.857142857,
        "write": 105350.92857142857,
        "misc": 0.0
    },
    "demand_miss_rate": {
        "total": 0.20497142857142858,
        "instrn": 0.0,
        "data": 0.20497142857142858,
        "read": 0.21082857142857142,
        "write": 0.1695642857142857,
        "misc": 0.0
    },
    "bytes_from_memory": 39832025.14285714,
    "bytes_to_memory": 3719609.1428571427,
    "total_bytes_rw_mem": 43551634.28571428
}