{
    "demand_fetches": {
        "total": 5147154.857142857,
        "instrn": 0.0,
        "data": 5147154.857142857,
        "read": 4618732.214285715,
        "write": 528422.6428571428,
        "misc": 0.0
    },
    "demand_misses": {
        "total": 531064.6428571428,
        "instrn": 0.0,
        "data": 531064.6428571428,
        "read": 479811.28571428574,
        "write": 51253.357142857145,
        "misc": 0.0
    },
    "demand_miss_rate": {
        "total": 0.08704999999999999,
        "instrn": 0.0,
        "data": 0.08704999999999999,
        "read": 0.08787857142857143,
        "write": 0.0819857142857143,
        "misc": 0.0
    },
    "bytes_from_memory": 33988137.14285714,
    "bytes_to_memory": 3615072.0,
    "total_bytes_rw_mem": 37603209.14285714
}