{
    "demand_fetches": {
        "total": 11374004.785714285,
        "instrn": 0.0,
        "data": 11374004.785714285,
        "read": 9542798.0,
        "write": 1831206.7857142857,
        "misc": 0.0
    },
    "demand_misses": {
        "total": 889288.7142857143,
        "instrn": 0.0,
        "data": 889288.7142857143,
        "read": 710029.7857142857,
        "write": 179258.92857142858,
        "misc": 0.0
    },
    "demand_miss_rate": {
        "total": 0.06748571428571429,
        "instrn": 0.0,
        "data": 0.06748571428571429,
        "read": 0.06427857142857142,
        "write": 0.08285000000000001,
        "misc": 0.0
    },
    "bytes_from_memory": 56914477.71428572,
    "bytes_to_memory": 12369293.714285715,
    "total_bytes_rw_mem": 69283771.42857143
}