{
    "demand_fetches": {
        "total": 5213475.357142857,
        "instrn": 0.0,
        "data": 5213475.357142857,
        "read": 4637549.0,
        "write": 575926.3571428572,
        "misc": 0.0
    },
    "demand_misses": {
        "total": 1204984.2142857143,
        "instrn": 0.0,
        "data": 1204984.2142857143,
        "read": 1097007.4285714286,
        "write": 107976.78571428571,
        "misc": 0.0
    },
    "demand_miss_rate": {
        "total": 0.19141428571428573,
        "instrn": 0.0,
        "data": 0.19141428571428573,
        "read": 0.19668571428571427,
        "write": 0.15929285714285715,
        "misc": 0.0
    },
    "bytes_from_memory": 38559494.85714286,
    "bytes_to_memory": 3694196.5714285714,
    "total_bytes_rw_mem": 42253691.428571425
}