{
    "demand_fetches": {
        "total": 5212973.285714285,
        "instrn": 0.0,
        "data": 5212973.285714285,
        "read": 4647427.142857143,
        "write": 565546.1428571428,
        "misc": 0.0
    },
    "demand_misses": {
        "total": 1046855.0714285715,
        "instrn": 0.0,
        "data": 1046855.0714285715,
        "read": 934151.9285714285,
        "write": 112703.14285714286,
        "misc": 0.0
    },
    "demand_miss_rate": {
        "total": 0.17115714285714287,
        "instrn": 0.0,
        "data": 0.17115714285714287,
        "read": 0.1717714285714286,
        "write": 0.16795000000000002,
        "misc": 0.0
    },
    "bytes_from_memory": 33499362.285714287,
    "bytes_to_memory": 3974032.0,
    "total_bytes_rw_mem": 37473394.28571428
}