{
    "demand_fetches": {
        "total": 13819035.384615384,
        "instrn": 0.0,
        "data": 13819035.384615384,
        "read": 12510103.538461538,
        "write": 1308931.8461538462,
        "misc": 0.0
    },
    "demand_misses": {
        "total": 4081709.076923077,
        "instrn": 0.0,
        "data": 4081709.076923077,
        "read": 3594307.6923076925,
        "write": 487401.3846153846,
        "misc": 0.0
    },
    "demand_miss_rate": {
        "total": 0.29596153846153844,
        "instrn": 0.0,
        "data": 0.29596153846153844,
        "read": 0.2866615384615384,
        "write": 0.3676,
        "misc": 0.0
    },
    "bytes_from_memory": 65307345.23076923,
    "bytes_to_memory": 8027991.384615385,
    "total_bytes_rw_mem": 73335336.61538461
}