{
    "l1-I/Dcaches": {
        "demand_fetches": {
            "total": 20666356.153846152,
            "instrn": 0.0,
            "data": 20666356.153846152,
            "read": 19425658.46153846,
            "write": 1240697.6923076923,
            "misc": 0.0
        },
        "demand_misses": {
            "total": 6011132.076923077,
            "instrn": 0.0,
            "data": 6011132.076923077,
            "read": 5648223.923076923,
            "write": 362908.1538461539,
            "misc": 0.0
        },
        "demand_miss_rate": {
            "total": 0.2672615384615385,
            "instrn": 0.0,
            "data": 0.2672615384615385,
            "read": 0.2662076923076923,
            "write": 0.2764692307692308,
            "misc": 0.0
        },
        "bytes_from_memory": 96178113.23076923,
        "bytes_to_memory": 6277235.692307692,
        "total_bytes_rw_mem": 102455348.92307693
    },
    "l2-ucache": {
        "demand_fetches": {
            "total": 6403459.307692308,
            "instrn": 0.0,
            "data": 6403459.307692308,
            "read": 6011132.076923077,
            "write": 392327.23076923075,
            "misc": 0.0
        },
        "demand_misses": {
            "total": 1457187.076923077,
            "instrn": 0.0,
            "data": 1457187.076923077,
            "read": 1456904.7692307692,
            "write": 282.3076923076923,
            "misc": 0.0
        },
        "demand_miss_rate": {
            "total": 0.20776153846153844,
            "instrn": 0.0,
            "data": 0.20776153846153844,
            "read": 0.22519230769230766,
            "write": 0.0010307692307692307,
            "misc": 0.0
        },
        "bytes_from_memory": 93259972.92307693,
        "bytes_to_memory": 8906963.692307692,
        "total_bytes_rw_mem": 102166936.61538461
    }
}