{
    "demand_fetches": {
        "total": 20199630.46153846,
        "instrn": 0.0,
        "data": 20199630.46153846,
        "read": 19130452.615384616,
        "write": 1069177.8461538462,
        "misc": 0.0
    },
    "demand_misses": {
        "total": 4942861.384615385,
        "instrn": 0.0,
        "data": 4942861.384615385,
        "read": 4729236.692307692,
        "write": 213624.6923076923,
        "misc": 0.0
    },
    "demand_miss_rate": {
        "total": 0.22502307692307688,
        "instrn": 0.0,
        "data": 0.22502307692307688,
        "read": 0.2279692307692308,
        "write": 0.18574615384615387,
        "misc": 0.0
    },
    "bytes_from_memory": 158171564.30769232,
    "bytes_to_memory": 8543209.846153846,
    "total_bytes_rw_mem": 166714774.15384614
}