{
    "demand_fetches": {
        "total": 159946.76923076922,
        "instrn": 0.0,
        "data": 159946.76923076922,
        "read": 85015.84615384616,
        "write": 74930.92307692308,
        "misc": 0.0
    },
    "demand_misses": {
        "total": 76268.46153846153,
        "instrn": 0.0,
        "data": 76268.46153846153,
        "read": 11747.846153846154,
        "write": 64520.61538461538,
        "misc": 0.0
    },
    "demand_miss_rate": {
        "total": 0.27191538461538456,
        "instrn": 0.0,
        "data": 0.27191538461538456,
        "read": 0.11101538461538461,
        "write": 0.5227,
        "misc": 0.0
    },
    "bytes_from_memory": 1220295.3846153845,
    "bytes_to_memory": 1042558.7692307692,
    "total_bytes_rw_mem": 2262854.153846154
}