{
    "demand_fetches": {
        "total": 20330162.076923076,
        "instrn": 0.0,
        "data": 20330162.076923076,
        "read": 19211134.46153846,
        "write": 1119027.6153846155,
        "misc": 0.0
    },
    "demand_misses": {
        "total": 2587345.3076923075,
        "instrn": 0.0,
        "data": 2587345.3076923075,
        "read": 2438182.5384615385,
        "write": 149162.76923076922,
        "misc": 0.0
    },
    "demand_miss_rate": {
        "total": 0.11756153846153848,
        "instrn": 0.0,
        "data": 0.11756153846153848,
        "read": 0.1176076923076923,
        "write": 0.11900769230769231,
        "misc": 0.0
    },
    "bytes_from_memory": 165590099.69230768,
    "bytes_to_memory": 12196854.153846154,
    "total_bytes_rw_mem": 177786953.84615386
}