{
    "demand_fetches": {
        "total": 10581582.846153846,
        "instrn": 0.0,
        "data": 10581582.846153846,
        "read": 9676558.384615384,
        "write": 905024.4615384615,
        "misc": 0.0
    },
    "demand_misses": {
        "total": 5053354.538461538,
        "instrn": 0.0,
        "data": 5053354.538461538,
        "read": 4691998.615384615,
        "write": 361355.92307692306,
        "misc": 0.0
    },
    "demand_miss_rate": {
        "total": 0.43213846153846147,
        "instrn": 0.0,
        "data": 0.43213846153846147,
        "read": 0.4402846153846154,
        "write": 0.3660769230769231,
        "misc": 0.0
    },
    "bytes_from_memory": 80853672.61538461,
    "bytes_to_memory": 6321611.076923077,
    "total_bytes_rw_mem": 87175283.6923077
}