{
    "demand_fetches": {
        "total": 10616309.666666666,
        "instrn": 0.0,
        "data": 10616309.666666666,
        "read": 8906967.933333334,
        "write": 1709341.7333333334,
        "misc": 0.0
    },
    "demand_misses": {
        "total": 3160970.2666666666,
        "instrn": 0.0,
        "data": 3160970.2666666666,
        "read": 2510226.4,
        "write": 650743.8666666667,
        "misc": 0.0
    },
    "demand_miss_rate": {
        "total": 0.23864666666666665,
        "instrn": 0.0,
        "data": 0.23864666666666665,
        "read": 0.22567999999999996,
        "write": 0.3005866666666666,
        "misc": 0.0
    },
    "bytes_from_memory": 50575524.266666666,
    "bytes_to_memory": 10799760.0,
    "total_bytes_rw_mem": 61375284.266666666
}