{
    "demand_fetches": {
        "total": 5212942.5,
        "instrn": 0.0,
        "data": 5212942.5,
        "read": 4647407.142857143,
        "write": 565535.3571428572,
        "misc": 0.0
    },
    "demand_misses": {
        "total": 2096398.2857142857,
        "instrn": 0.0,
        "data": 2096398.2857142857,
        "read": 1876240.142857143,
        "write": 220158.14285714287,
        "misc": 0.0
    },
    "demand_miss_rate": {
        "total": 0.33977142857142867,
        "instrn": 0.0,
        "data": 0.33977142857142867,
        "read": 0.3415285714285714,
        "write": 0.3288857142857143,
        "misc": 0.0
    },
    "bytes_from_memory": 33542372.57142857,
    "bytes_to_memory": 3781086.8571428573,
    "total_bytes_rw_mem": 37323459.428571425
}