{
    "demand_fetches": {
        "total": 10570637.615384616,
        "instrn": 0.0,
        "data": 10570637.615384616,
        "read": 9671347.153846154,
        "write": 899290.4615384615,
        "misc": 0.0
    },
    "demand_misses": {
        "total": 2586999.3076923075,
        "instrn": 0.0,
        "data": 2586999.3076923075,
        "read": 2398877.6923076925,
        "write": 188121.61538461538,
        "misc": 0.0
    },
    "demand_miss_rate": {
        "total": 0.22388461538461538,
        "instrn": 0.0,
        "data": 0.22388461538461538,
        "read": 0.22786923076923077,
        "write": 0.19216153846153847,
        "misc": 0.0
    },
    "bytes_from_memory": 82783977.84615384,
    "bytes_to_memory": 6872443.076923077,
    "total_bytes_rw_mem": 89656420.92307693
}