{
    "demand_fetches": {
        "total": 14605860.461538462,
        "instrn": 0.0,
        "data": 14605860.461538462,
        "read": 11120620.153846154,
        "write": 3485240.3076923075,
        "misc": 0.0
    },
    "demand_misses": {
        "total": 975754.8461538461,
        "instrn": 0.0,
        "data": 975754.8461538461,
        "read": 648457.5384615385,
        "write": 327297.3076923077,
        "misc": 0.0
    },
    "demand_miss_rate": {
        "total": 0.06035384615384616,
        "instrn": 0.0,
        "data": 0.06035384615384616,
        "read": 0.0521,
        "write": 0.08533076923076924,
        "misc": 0.0
    },
    "bytes_from_memory": 62448310.15384615,
    "bytes_to_memory": 21526582.153846152,
    "total_bytes_rw_mem": 83974892.3076923
}