{
    "demand_fetches": {
        "total": 20412821.46153846,
        "instrn": 0.0,
        "data": 20412821.46153846,
        "read": 19265828.692307692,
        "write": 1146992.7692307692,
        "misc": 0.0
    },
    "demand_misses": {
        "total": 1466725.6923076923,
        "instrn": 0.0,
        "data": 1466725.6923076923,
        "read": 1347236.8461538462,
        "write": 119488.84615384616,
        "misc": 0.0
    },
    "demand_miss_rate": {
        "total": 0.06664615384615384,
        "instrn": 0.0,
        "data": 0.06664615384615384,
        "read": 0.06461538461538463,
        "write": 0.09366923076923077,
        "misc": 0.0
    },
    "bytes_from_memory": 93870444.3076923,
    "bytes_to_memory": 8186205.538461538,
    "total_bytes_rw_mem": 102056649.84615384
}