{
    "demand_fetches": {
        "total": 18610560.285714287,
        "instrn": 0.0,
        "data": 18610560.285714287,
        "read": 17654384.07142857,
        "write": 956176.2142857143,
        "misc": 0.0
    },
    "demand_misses": {
        "total": 6644511.642857143,
        "instrn": 0.0,
        "data": 6644511.642857143,
        "read": 6321619.214285715,
        "write": 322892.4285714286,
        "misc": 0.0
    },
    "demand_miss_rate": {
        "total": 0.29506428571428567,
        "instrn": 0.0,
        "data": 0.29506428571428567,
        "read": 0.2948714285714286,
        "write": 0.29137142857142856,
        "misc": 0.0
    },
    "bytes_from_memory": 106312186.28571428,
    "bytes_to_memory": 5671428.571428572,
    "total_bytes_rw_mem": 111983614.85714285
}