{
    "demand_fetches": {
        "total": 6502652.307692308,
        "instrn": 0.0,
        "data": 6502652.307692308,
        "read": 5342057.923076923,
        "write": 1160594.3846153845,
        "misc": 0.0
    },
    "demand_misses": {
        "total": 941148.3076923077,
        "instrn": 0.0,
        "data": 941148.3076923077,
        "read": 725754.4615384615,
        "write": 215393.84615384616,
        "misc": 0.0
    },
    "demand_miss_rate": {
        "total": 0.12969230769230772,
        "instrn": 0.0,
        "data": 0.12969230769230772,
        "read": 0.12016153846153843,
        "write": 0.16783076923076923,
        "misc": 0.0
    },
    "bytes_from_memory": 30116745.846153848,
    "bytes_to_memory": 7198185.846153846,
    "total_bytes_rw_mem": 37314931.692307696
}