{
    "demand_fetches": {
        "total": 6489888.133333334,
        "instrn": 0.0,
        "data": 6489888.133333334,
        "read": 5659406.0,
        "write": 830482.1333333333,
        "misc": 0.0
    },
    "demand_misses": {
        "total": 1120202.1333333333,
        "instrn": 0.0,
        "data": 1120202.1333333333,
        "read": 960283.5333333333,
        "write": 159918.6,
        "misc": 0.0
    },
    "demand_miss_rate": {
        "total": 0.14924666666666667,
        "instrn": 0.0,
        "data": 0.14924666666666667,
        "read": 0.14669333333333334,
        "write": 0.16429333333333335,
        "misc": 0.0
    },
    "bytes_from_memory": 35846468.266666666,
    "bytes_to_memory": 5462873.6,
    "total_bytes_rw_mem": 41309341.86666667
}