{
    "demand_fetches": {
        "total": 9909992.214285715,
        "instrn": 0.0,
        "data": 9909992.214285715,
        "read": 9016409.357142856,
        "write": 893582.8571428572,
        "misc": 0.0
    },
    "demand_misses": {
        "total": 3356738.285714286,
        "instrn": 0.0,
        "data": 3356738.285714286,
        "read": 3019537.285714286,
        "write": 337201.0,
        "misc": 0.0
    },
    "demand_miss_rate": {
        "total": 0.2881,
        "instrn": 0.0,
        "data": 0.2881,
        "read": 0.2840642857142857,
        "write": 0.3197571428571428,
        "misc": 0.0
    },
    "bytes_from_memory": 53707812.571428575,
    "bytes_to_memory": 5660014.857142857,
    "total_bytes_rw_mem": 59367827.428571425
}