{
    "demand_fetches": {
        "total": 20200128.307692308,
        "instrn": 0.0,
        "data": 20200128.307692308,
        "read": 19130919.692307692,
        "write": 1069208.6153846155,
        "misc": 0.0
    },
    "demand_misses": {
        "total": 6539963.846153846,
        "instrn": 0.0,
        "data": 6539963.846153846,
        "read": 6200549.923076923,
        "write": 339413.92307692306,
        "misc": 0.0
    },
    "demand_miss_rate": {
        "total": 0.29406923076923075,
        "instrn": 0.0,
        "data": 0.29406923076923075,
        "read": 0.2934769230769231,
        "write": 0.2973692307692308,
        "misc": 0.0
    },
    "bytes_from_memory": 104639421.53846154,
    "bytes_to_memory": 5892539.076923077,
    "total_bytes_rw_mem": 110531960.61538461
}