{
    "demand_fetches": {
        "total": 5548853.153846154,
        "instrn": 0.0,
        "data": 5548853.153846154,
        "read": 4974626.0,
        "write": 574227.1538461539,
        "misc": 0.0
    },
    "demand_misses": {
        "total": 597400.6923076923,
        "instrn": 0.0,
        "data": 597400.6923076923,
        "read": 541777.6923076923,
        "write": 55623.0,
        "misc": 0.0
    },
    "demand_miss_rate": {
        "total": 0.0973,
        "instrn": 0.0,
        "data": 0.0973,
        "read": 0.09875384615384616,
        "write": 0.08829230769230768,
        "misc": 0.0
    },
    "bytes_from_memory": 38233644.307692304,
    "bytes_to_memory": 3954436.923076923,
    "total_bytes_rw_mem": 42188081.23076923
}