{
    "demand_fetches": {
        "total": 20428592.57142857,
        "instrn": 0.0,
        "data": 20428592.57142857,
        "read": 18731864.64285714,
        "write": 1696727.9285714286,
        "misc": 0.0
    },
    "demand_misses": {
        "total": 1562762.5714285714,
        "instrn": 0.0,
        "data": 1562762.5714285714,
        "read": 1367941.7142857143,
        "write": 194820.85714285713,
        "misc": 0.0
    },
    "demand_miss_rate": {
        "total": 0.06608571428571428,
        "instrn": 0.0,
        "data": 0.06608571428571428,
        "read": 0.06305000000000001,
        "write": 0.09583571428571427,
        "misc": 0.0
    },
    "bytes_from_memory": 100016804.57142857,
    "bytes_to_memory": 13846573.714285715,
    "total_bytes_rw_mem": 113863378.28571428
}