{
    "demand_fetches": {
        "total": 101905.07142857143,
        "instrn": 0.0,
        "data": 101905.07142857143,
        "read": 56726.57142857143,
        "write": 45178.5,
        "misc": 0.0
    },
    "demand_misses": {
        "total": 45022.357142857145,
        "instrn": 0.0,
        "data": 45022.357142857145,
        "read": 10382.0,
        "write": 34640.357142857145,
        "misc": 0.0
    },
    "demand_miss_rate": {
        "total": 0.25617142857142855,
        "instrn": 0.0,
        "data": 0.25617142857142855,
        "read": 0.13199285714285713,
        "write": 0.4416928571428572,
        "misc": 0.0
    },
    "bytes_from_memory": 720357.7142857143,
    "bytes_to_memory": 563470.8571428572,
    "total_bytes_rw_mem": 1283828.5714285714
}