{
    "demand_fetches": {
        "total": 18610525.285714287,
        "instrn": 0.0,
        "data": 18610525.285714287,
        "read": 17654362.285714287,
        "write": 956163.0,
        "misc": 0.0
    },
    "demand_misses": {
        "total": 8770983.785714285,
        "instrn": 0.0,
        "data": 8770983.785714285,
        "read": 8420942.57142857,
        "write": 350041.21428571426,
        "misc": 0.0
    },
    "demand_miss_rate": {
        "total": 0.4005142857142857,
        "instrn": 0.0,
        "data": 0.4005142857142857,
        "read": 0.4059,
        "write": 0.3190500000000001,
        "misc": 0.0
    },
    "bytes_from_memory": 140335740.57142857,
    "bytes_to_memory": 6424018.285714285,
    "total_bytes_rw_mem": 146759758.85714287
}