{
    "demand_fetches": {
        "total": 5592432.076923077,
        "instrn": 0.0,
        "data": 5592432.076923077,
        "read": 4987094.692307692,
        "write": 605337.3846153846,
        "misc": 0.0
    },
    "demand_misses": {
        "total": 696131.3846153846,
        "instrn": 0.0,
        "data": 696131.3846153846,
        "read": 634999.3846153846,
        "write": 61132.0,
        "misc": 0.0
    },
    "demand_miss_rate": {
        "total": 0.11591538461538461,
        "instrn": 0.0,
        "data": 0.11591538461538461,
        "read": 0.12029230769230771,
        "write": 0.09266153846153845,
        "misc": 0.0
    },
    "bytes_from_memory": 44552408.615384616,
    "bytes_to_memory": 4533405.538461538,
    "total_bytes_rw_mem": 49085814.15384615
}