{
    "demand_fetches": {
        "total": 129662.53846153847,
        "instrn": 0.0,
        "data": 129662.53846153847,
        "read": 46295.307692307695,
        "write": 83367.23076923077,
        "misc": 0.0
    },
    "demand_misses": {
        "total": 91450.07692307692,
        "instrn": 0.0,
        "data": 91450.07692307692,
        "read": 20341.923076923078,
        "write": 71108.15384615384,
        "misc": 0.0
    },
    "demand_miss_rate": {
        "total": 0.4409615384615385,
        "instrn": 0.0,
        "data": 0.4409615384615385,
        "read": 0.31709230769230773,
        "write": 0.5385846153846154,
        "misc": 0.0
    },
    "bytes_from_memory": 2926402.4615384615,
    "bytes_to_memory": 2291556.923076923,
    "total_bytes_rw_mem": 5217959.384615385
}