{
    "demand_fetches": {
        "total": 74984.71428571429,
        "instrn": 0.0,
        "data": 74984.71428571429,
        "read": 47629.07142857143,
        "write": 27355.64285714286,
        "misc": 0.0
    },
    "demand_misses": {
        "total": 26977.5,
        "instrn": 0.0,
        "data": 26977.5,
        "read": 12589.07142857143,
        "write": 14388.42857142857,
        "misc": 0.0
    },
    "demand_miss_rate": {
        "total": 0.22055714285714287,
        "instrn": 0.0,
        "data": 0.22055714285714287,
        "read": 0.1706642857142857,
        "write": 0.30730714285714283,
        "misc": 0.0
    },
    "bytes_from_memory": 863280.0,
    "bytes_to_memory": 477917.71428571426,
    "total_bytes_rw_mem": 1341197.7142857143
}