{
    "demand_fetches": {
        "total": 18681482.285714287,
        "instrn": 0.0,
        "data": 18681482.285714287,
        "read": 17715536.92857143,
        "write": 965945.3571428572,
        "misc": 0.0
    },
    "demand_misses": {
        "total": 3595378.0,
        "instrn": 0.0,
        "data": 3595378.0,
        "read": 3417501.5714285714,
        "write": 177876.42857142858,
        "misc": 0.0
    },
    "demand_miss_rate": {
        "total": 0.16144285714285717,
        "instrn": 0.0,
        "data": 0.16144285714285717,
        "read": 0.1616785714285714,
        "write": 0.15670714285714285,
        "misc": 0.0
    },
    "bytes_from_memory": 115052096.0,
    "bytes_to_memory": 6817995.428571428,
    "total_bytes_rw_mem": 121870091.42857143
}