{
    "demand_fetches": {
        "total": 129662.53846153847,
        "instrn": 0.0,
        "data": 129662.53846153847,
        "read": 46295.307692307695,
        "write": 83367.23076923077,
        "misc": 0.0
    },
    "demand_misses": {
        "total": 91858.84615384616,
        "instrn": 0.0,
        "data": 91858.84615384616,
        "read": 20562.846153846152,
        "write": 71296.0,
        "misc": 0.0
    },
    "demand_miss_rate": {
        "total": 0.4486538461538461,
        "instrn": 0.0,
        "data": 0.4486538461538461,
        "read": 0.32545384615384615,
        "write": 0.5453846153846154,
        "misc": 0.0
    },
    "bytes_from_memory": 1469741.5384615385,
    "bytes_to_memory": 1152054.1538461538,
    "total_bytes_rw_mem": 2621795.6923076925
}