{
    "demand_fetches": {
        "total": 20412821.46153846,
        "instrn": 0.0,
        "data": 20412821.46153846,
        "read": 19265828.692307692,
        "write": 1146992.7692307692,
        "misc": 0.0
    },
    "demand_misses": {
        "total": 2525706.846153846,
        "instrn": 0.0,
        "data": 2525706.846153846,
        "read": 2375833.5384615385,
        "write": 149873.3076923077,
        "misc": 0.0
    },
    "demand_miss_rate": {
        "total": 0.11256153846153846,
        "instrn": 0.0,
        "data": 0.11256153846153846,
        "read": 0.11243846153846154,
        "write": 0.11589230769230771,
        "misc": 0.0
    },
    "bytes_from_memory": 161645238.15384614,
    "bytes_to_memory": 12078587.076923076,
    "total_bytes_rw_mem": 173723825.23076922
}