{
    "demand_fetches": {
        "total": 9774315.714285715,
        "instrn": 0.0,
        "data": 9774315.714285715,
        "read": 8964283.0,
        "write": 810032.7142857143,
        "misc": 0.0
    },
    "demand_misses": {
        "total": 4730319.714285715,
        "instrn": 0.0,
        "data": 4730319.714285715,
        "read": 4400637.357142857,
        "write": 329682.35714285716,
        "misc": 0.0
    },
    "demand_miss_rate": {
        "total": 0.4098857142857143,
        "instrn": 0.0,
        "data": 0.4098857142857143,
        "read": 0.41743571428571435,
        "write": 0.3483214285714285,
        "misc": 0.0
    },
    "bytes_from_memory": 75685115.42857143,
    "bytes_to_memory": 5808072.0,
    "total_bytes_rw_mem": 81493187.42857143
}