{
    "demand_fetches": {
        "total": 9671492.866666667,
        "instrn": 0.0,
        "data": 9671492.866666667,
        "read": 8568500.333333334,
        "write": 1102992.5333333334,
        "misc": 0.0
    },
    "demand_misses": {
        "total": 2942091.6666666665,
        "instrn": 0.0,
        "data": 2942091.6666666665,
        "read": 2526083.466666667,
        "write": 416008.2,
        "misc": 0.0
    },
    "demand_miss_rate": {
        "total": 0.2430266666666667,
        "instrn": 0.0,
        "data": 0.2430266666666667,
        "read": 0.23476666666666668,
        "write": 0.2978466666666667,
        "misc": 0.0
    },
    "bytes_from_memory": 47073466.666666664,
    "bytes_to_memory": 6900977.066666666,
    "total_bytes_rw_mem": 53974443.733333334
}