{
    "demand_fetches": {
        "total": 22952323.07142857,
        "instrn": 0.0,
        "data": 22952323.07142857,
        "read": 20137638.35714286,
        "write": 2814684.714285714,
        "misc": 0.0
    },
    "demand_misses": {
        "total": 3072095.1428571427,
        "instrn": 0.0,
        "data": 3072095.1428571427,
        "read": 2682224.1428571427,
        "write": 389871.0,
        "misc": 0.0
    },
    "demand_miss_rate": {
        "total": 0.11535,
        "instrn": 0.0,
        "data": 0.11535,
        "read": 0.11462142857142857,
        "write": 0.12016428571428571,
        "misc": 0.0
    },
    "bytes_from_memory": 98307044.57142857,
    "bytes_to_memory": 13958699.42857143,
    "total_bytes_rw_mem": 112265744.0
}