{
    "demand_fetches": {
        "total": 5550060.846153846,
        "instrn": 0.0,
        "data": 5550060.846153846,
        "read": 4978853.230769231,
        "write": 571207.6153846154,
        "misc": 0.0
    },
    "demand_misses": {
        "total": 1091688.923076923,
        "instrn": 0.0,
        "data": 1091688.923076923,
        "read": 982994.8461538461,
        "write": 108694.07692307692,
        "misc": 0.0
    },
    "demand_miss_rate": {
        "total": 0.1783076923076923,
        "instrn": 0.0,
        "data": 0.1783076923076923,
        "read": 0.17901538461538463,
        "write": 0.1734230769230769,
        "misc": 0.0
    },
    "bytes_from_memory": 34934045.538461536,
    "bytes_to_memory": 3706808.6153846155,
    "total_bytes_rw_mem": 38640854.15384615
}