{
    "l1-I/Dcaches": {
        "demand_fetches": {
            "total": 20665266.076923076,
            "instrn": 0.0,
            "data": 20665266.076923076,
            "read": 19426008.846153848,
            "write": 1239257.2307692308,
            "misc": 0.0
        },
        "demand_misses": {
            "total": 5998759.846153846,
            "instrn": 0.0,
            "data": 5998759.846153846,
            "read": 5636785.307692308,
            "write": 361974.53846153844,
            "misc": 0.0
        },
        "demand_miss_rate": {
            "total": 0.26643076923076925,
            "instrn": 0.0,
            "data": 0.26643076923076925,
            "read": 0.2653230769230769,
            "write": 0.2761,
            "misc": 0.0
        },
        "bytes_from_memory": 95980157.53846154,
        "bytes_to_memory": 6267412.923076923,
        "total_bytes_rw_mem": 102247570.46153846
    },
    "l2-ucache": {
        "demand_fetches": {
            "total": 6390473.153846154,
            "instrn": 0.0,
            "data": 6390473.153846154,
            "read": 5998759.846153846,
            "write": 391713.3076923077,
            "misc": 0.0
        },
        "demand_misses": {
            "total": 1457636.5384615385,
            "instrn": 0.0,
            "data": 1457636.5384615385,
            "read": 1457354.5384615385,
            "write": 282.0,
            "misc": 0.0
        },
        "demand_miss_rate": {
            "total": 0.20819230769230768,
            "instrn": 0.0,
            "data": 0.20819230769230768,
            "read": 0.2256923076923077,
            "write": 0.001023076923076923,
            "misc": 0.0
        },
        "bytes_from_memory": 93288738.46153846,
        "bytes_to_memory": 8902267.076923076,
        "total_bytes_rw_mem": 102191005.53846154
    }
}