{
    "demand_fetches": {
        "total": 5212973.285714285,
        "instrn": 0.0,
        "data": 5212973.285714285,
        "read": 4647427.142857143,
        "write": 565546.1428571428,
        "misc": 0.0
    },
    "demand_misses": {
        "total": 1632903.357142857,
        "instrn": 0.0,
        "data": 1632903.357142857,
        "read": 1424050.5,
        "write": 208852.85714285713,
        "misc": 0.0
    },
    "demand_miss_rate": {
        "total": 0.2694785714285714,
        "instrn": 0.0,
        "data": 0.2694785714285714,
        "read": 0.26300714285714283,
        "write": 0.31221428571428567,
        "misc": 0.0
    },
    "bytes_from_memory": 26126453.714285713,
    "bytes_to_memory": 3446505.1428571427,
    "total_bytes_rw_mem": 29572958.85714286
}