{
    "demand_fetches": {
        "total": 11374004.785714285,
        "instrn": 0.0,
        "data": 11374004.785714285,
        "read": 9542798.0,
        "write": 1831206.7857142857,
        "misc": 0.0
    },
    "demand_misses": {
        "total": 1606930.5714285714,
        "instrn": 0.0,
        "data": 1606930.5714285714,
        "read": 1260257.2142857143,
        "write": 346673.35714285716,
        "misc": 0.0
    },
    "demand_miss_rate": {
        "total": 0.12154285714285713,
        "instrn": 0.0,
        "data": 0.12154285714285713,
        "read": 0.11350714285714285,
        "write": 0.15994285714285716,
        "misc": 0.0
    },
    "bytes_from_memory": 51421778.28571428,
    "bytes_to_memory": 11476573.714285715,
    "total_bytes_rw_mem": 62898352.0
}