{
    "demand_fetches": {
        "total": 20330162.076923076,
        "instrn": 0.0,
        "data": 20330162.076923076,
        "read": 19211134.46153846,
        "write": 1119027.6153846155,
        "misc": 0.0
    },
    "demand_misses": {
        "total": 3187857.076923077,
        "instrn": 0.0,
        "data": 3187857.076923077,
        "read": 3010077.076923077,
        "write": 177780.0,
        "misc": 0.0
    },
    "demand_miss_rate": {
        "total": 0.1438923076923077,
        "instrn": 0.0,
        "data": 0.1438923076923077,
        "read": 0.14335384615384614,
        "write": 0.14903076923076922,
        "misc": 0.0
    },
    "bytes_from_memory": 102011426.46153846,
    "bytes_to_memory": 6291992.615384615,
    "total_bytes_rw_mem": 108303419.07692307
}