{
    "demand_fetches": {
        "total": 11374302.642857144,
        "instrn": 0.0,
        "data": 11374302.642857144,
        "read": 9542977.785714285,
        "write": 1831324.857142857,
        "misc": 0.0
    },
    "demand_misses": {
        "total": 813108.6428571428,
        "instrn": 0.0,
        "data": 813108.6428571428,
        "read": 638676.5714285715,
        "write": 174432.07142857142,
        "misc": 0.0
    },
    "demand_miss_rate": {
        "total": 0.061642857142857145,
        "instrn": 0.0,
        "data": 0.061642857142857145,
        "read": 0.05770000000000001,
        "write": 0.0804857142857143,
        "misc": 0.0
    },
    "bytes_from_memory": 52038953.14285714,
    "bytes_to_memory": 11708397.714285715,
    "total_bytes_rw_mem": 63747350.85714286
}