{
    "demand_fetches": {
        "total": 5213475.357142857,
        "instrn": 0.0,
        "data": 5213475.357142857,
        "read": 4637549.0,
        "write": 575926.3571428572,
        "misc": 0.0
    },
    "demand_misses": {
        "total": 2437599.4285714286,
        "instrn": 0.0,
        "data": 2437599.4285714286,
        "read": 2219300.285714286,
        "write": 218299.14285714287,
        "misc": 0.0
    },
    "demand_miss_rate": {
        "total": 0.38944999999999996,
        "instrn": 0.0,
        "data": 0.38944999999999996,
        "read": 0.40069285714285713,
        "write": 0.32256428571428575,
        "misc": 0.0
    },
    "bytes_from_memory": 39001590.85714286,
    "bytes_to_memory": 3699698.285714286,
    "total_bytes_rw_mem": 42701289.14285714
}