{
    "demand_fetches": {
        "total": 24717886.384615384,
        "instrn": 0.0,
        "data": 24717886.384615384,
        "read": 21686687.46153846,
        "write": 3031198.923076923,
        "misc": 0.0
    },
    "demand_misses": {
        "total": 5798129.538461538,
        "instrn": 0.0,
        "data": 5798129.538461538,
        "read": 5045112.076923077,
        "write": 753017.4615384615,
        "misc": 0.0
    },
    "demand_miss_rate": {
        "total": 0.21737692307692308,
        "instrn": 0.0,
        "data": 0.21737692307692308,
        "read": 0.2149769230769231,
        "write": 0.23293076923076922,
        "misc": 0.0
    },
    "bytes_from_memory": 92770072.61538461,
    "bytes_to_memory": 12578716.307692308,
    "total_bytes_rw_mem": 105348788.92307693
}