{
    "demand_fetches": {
        "total": 5548853.153846154,
        "instrn": 0.0,
        "data": 5548853.153846154,
        "read": 4974626.0,
        "write": 574227.1538461539,
        "misc": 0.0
    },
    "demand_misses": {
        "total": 668713.1538461539,
        "instrn": 0.0,
        "data": 668713.1538461539,
        "read": 612155.8461538461,
        "write": 56557.307692307695,
        "misc": 0.0
    },
    "demand_miss_rate": {
        "total": 0.10959230769230768,
        "instrn": 0.0,
        "data": 0.10959230769230768,
        "read": 0.11279230769230769,
        "write": 0.08998461538461539,
        "misc": 0.0
    },
    "bytes_from_memory": 42797641.84615385,
    "bytes_to_memory": 4091731.6923076925,
    "total_bytes_rw_mem": 46889373.538461536
}