{
    "demand_fetches": {
        "total": 4865898.266666667,
        "instrn": 0.0,
        "data": 4865898.266666667,
        "read": 4337913.4,
        "write": 527984.8666666667,
        "misc": 0.0
    },
    "demand_misses": {
        "total": 840441.6666666666,
        "instrn": 0.0,
        "data": 840441.6666666666,
        "read": 740141.5333333333,
        "write": 100300.13333333333,
        "misc": 0.0
    },
    "demand_miss_rate": {
        "total": 0.13760666666666665,
        "instrn": 0.0,
        "data": 0.13760666666666665,
        "read": 0.13576666666666667,
        "write": 0.14978666666666668,
        "misc": 0.0
    },
    "bytes_from_memory": 26894133.333333332,
    "bytes_to_memory": 3411308.8,
    "total_bytes_rw_mem": 30305442.133333333
}