{
    "demand_fetches": {
        "total": 5291166.928571428,
        "instrn": 0.0,
        "data": 5291166.928571428,
        "read": 4662116.428571428,
        "write": 629050.5,
        "misc": 0.0
    },
    "demand_misses": {
        "total": 1271413.5714285714,
        "instrn": 0.0,
        "data": 1271413.5714285714,
        "read": 1146111.2857142857,
        "write": 125302.28571428571,
        "misc": 0.0
    },
    "demand_miss_rate": {
        "total": 0.2043357142857143,
        "instrn": 0.0,
        "data": 0.2043357142857143,
        "read": 0.21080000000000002,
        "write": 0.16972142857142858,
        "misc": 0.0
    },
    "bytes_from_memory": 40685234.28571428,
    "bytes_to_memory": 4480146.285714285,
    "total_bytes_rw_mem": 45165380.571428575
}