{
    "demand_fetches": {
        "total": 11374004.785714285,
        "instrn": 0.0,
        "data": 11374004.785714285,
        "read": 9542798.0,
        "write": 1831206.7857142857,
        "misc": 0.0
    },
    "demand_misses": {
        "total": 1700803.4285714286,
        "instrn": 0.0,
        "data": 1700803.4285714286,
        "read": 1347506.0,
        "write": 353297.4285714286,
        "misc": 0.0
    },
    "demand_miss_rate": {
        "total": 0.12879285714285713,
        "instrn": 0.0,
        "data": 0.12879285714285713,
        "read": 0.12160714285714283,
        "write": 0.1631357142857143,
        "misc": 0.0
    },
    "bytes_from_memory": 54425709.71428572,
    "bytes_to_memory": 11854528.0,
    "total_bytes_rw_mem": 66280237.71428572
}