{
    "demand_fetches": {
        "total": 5574400.076923077,
        "instrn": 0.0,
        "data": 5574400.076923077,
        "read": 4982210.769230769,
        "write": 592189.3076923077,
        "misc": 0.0
    },
    "demand_misses": {
        "total": 2524854.6923076925,
        "instrn": 0.0,
        "data": 2524854.6923076925,
        "read": 2303105.5384615385,
        "write": 221749.15384615384,
        "misc": 0.0
    },
    "demand_miss_rate": {
        "total": 0.40326923076923077,
        "instrn": 0.0,
        "data": 0.40326923076923077,
        "read": 0.41263846153846157,
        "write": 0.3423769230769231,
        "misc": 0.0
    },
    "bytes_from_memory": 40397675.07692308,
    "bytes_to_memory": 3727842.4615384615,
    "total_bytes_rw_mem": 44125517.538461536
}