{
    "demand_fetches": {
        "total": 129662.53846153847,
        "instrn": 0.0,
        "data": 129662.53846153847,
        "read": 46295.307692307695,
        "write": 83367.23076923077,
        "misc": 0.0
    },
    "demand_misses": {
        "total": 91474.07692307692,
        "instrn": 0.0,
        "data": 91474.07692307692,
        "read": 20217.615384615383,
        "write": 71256.46153846153,
        "misc": 0.0
    },
    "demand_miss_rate": {
        "total": 0.44203846153846155,
        "instrn": 0.0,
        "data": 0.44203846153846155,
        "read": 0.3159692307692307,
        "write": 0.5420615384615385,
        "misc": 0.0
    },
    "bytes_from_memory": 1463585.2307692308,
    "bytes_to_memory": 1150663.3846153845,
    "total_bytes_rw_mem": 2614248.6153846155
}