{
    "demand_fetches": {
        "total": 10538876.538461538,
        "instrn": 0.0,
        "data": 10538876.538461538,
        "read": 9658823.923076924,
        "write": 880052.6153846154,
        "misc": 0.0
    },
    "demand_misses": {
        "total": 3524473.3846153845,
        "instrn": 0.0,
        "data": 3524473.3846153845,
        "read": 3201187.769230769,
        "write": 323285.6153846154,
        "misc": 0.0
    },
    "demand_miss_rate": {
        "total": 0.3047,
        "instrn": 0.0,
        "data": 0.3047,
        "read": 0.30074615384615383,
        "write": 0.3355538461538462,
        "misc": 0.0
    },
    "bytes_from_memory": 56391574.15384615,
    "bytes_to_memory": 5374793.846153846,
    "total_bytes_rw_mem": 61766368.0
}