{
    "demand_fetches": {
        "total": 56153.21428571428,
        "instrn": 0.0,
        "data": 56153.21428571428,
        "read": 39110.142857142855,
        "write": 17043.071428571428,
        "misc": 0.0
    },
    "demand_misses": {
        "total": 10349.07142857143,
        "instrn": 0.0,
        "data": 10349.07142857143,
        "read": 5462.642857142857,
        "write": 4886.428571428572,
        "misc": 0.0
    },
    "demand_miss_rate": {
        "total": 0.13395714285714286,
        "instrn": 0.0,
        "data": 0.13395714285714286,
        "read": 0.1068214285714286,
        "write": 0.19667142857142855,
        "misc": 0.0
    },
    "bytes_from_memory": 331170.28571428574,
    "bytes_to_memory": 169625.14285714287,
    "total_bytes_rw_mem": 500795.4285714286
}