{
    "demand_fetches": {
        "total": 9909068.142857144,
        "instrn": 0.0,
        "data": 9909068.142857144,
        "read": 9015900.142857144,
        "write": 893168.0,
        "misc": 0.0
    },
    "demand_misses": {
        "total": 1214663.4285714286,
        "instrn": 0.0,
        "data": 1214663.4285714286,
        "read": 1119044.7857142857,
        "write": 95618.64285714286,
        "misc": 0.0
    },
    "demand_miss_rate": {
        "total": 0.1043142857142857,
        "instrn": 0.0,
        "data": 0.1043142857142857,
        "read": 0.10615714285714285,
        "write": 0.09057857142857142,
        "misc": 0.0
    },
    "bytes_from_memory": 77738459.42857143,
    "bytes_to_memory": 7255968.0,
    "total_bytes_rw_mem": 84994427.42857143
}