{
    "demand_fetches": {
        "total": 5548853.153846154,
        "instrn": 0.0,
        "data": 5548853.153846154,
        "read": 4974626.0,
        "write": 574227.1538461539,
        "misc": 0.0
    },
    "demand_misses": {
        "total": 2048205.6153846155,
        "instrn": 0.0,
        "data": 2048205.6153846155,
        "read": 1836623.1538461538,
        "write": 211582.46153846153,
        "misc": 0.0
    },
    "demand_miss_rate": {
        "total": 0.3352769230769231,
        "instrn": 0.0,
        "data": 0.3352769230769231,
        "read": 0.335023076923077,
        "write": 0.33645384615384616,
        "misc": 0.0
    },
    "bytes_from_memory": 32771289.846153848,
    "bytes_to_memory": 3516822.153846154,
    "total_bytes_rw_mem": 36288112.0
}