{
    "demand_fetches": {
        "total": 5213475.357142857,
        "instrn": 0.0,
        "data": 5213475.357142857,
        "read": 4637549.0,
        "write": 575926.3571428572,
        "misc": 0.0
    },
    "demand_misses": {
        "total": 1295101.642857143,
        "instrn": 0.0,
        "data": 1295101.642857143,
        "read": 1177083.357142857,
        "write": 118018.28571428571,
        "misc": 0.0
    },
    "demand_miss_rate": {
        "total": 0.21226428571428574,
        "instrn": 0.0,
        "data": 0.21226428571428574,
        "read": 0.21895,
        "write": 0.17520714285714284,
        "misc": 0.0
    },
    "bytes_from_memory": 41443252.571428575,
    "bytes_to_memory": 4224724.571428572,
    "total_bytes_rw_mem": 45667977.14285714
}