{
    "demand_fetches": {
        "total": 5147401.5,
        "instrn": 0.0,
        "data": 5147401.5,
        "read": 4618878.428571428,
        "write": 528523.0714285715,
        "misc": 0.0
    },
    "demand_misses": {
        "total": 618746.5,
        "instrn": 0.0,
        "data": 618746.5,
        "read": 566472.3571428572,
        "write": 52274.142857142855,
        "misc": 0.0
    },
    "demand_miss_rate": {
        "total": 0.10155714285714286,
        "instrn": 0.0,
        "data": 0.10155714285714286,
        "read": 0.10438571428571429,
        "write": 0.08377142857142858,
        "misc": 0.0
    },
    "bytes_from_memory": 39599776.0,
    "bytes_to_memory": 3762893.714285714,
    "total_bytes_rw_mem": 43362669.71428572
}