{
    "demand_fetches": {
        "total": 20412821.46153846,
        "instrn": 0.0,
        "data": 20412821.46153846,
        "read": 19265828.692307692,
        "write": 1146992.7692307692,
        "misc": 0.0
    },
    "demand_misses": {
        "total": 9842562.692307692,
        "instrn": 0.0,
        "data": 9842562.692307692,
        "read": 9421050.153846154,
        "write": 421512.53846153844,
        "misc": 0.0
    },
    "demand_miss_rate": {
        "total": 0.43942307692307686,
        "instrn": 0.0,
        "data": 0.43942307692307686,
        "read": 0.4467076923076923,
        "write": 0.3432769230769231,
        "misc": 0.0
    },
    "bytes_from_memory": 157481003.07692307,
    "bytes_to_memory": 8304448.0,
    "total_bytes_rw_mem": 165785451.07692307
}