{
    "demand_fetches": {
        "total": 5213475.357142857,
        "instrn": 0.0,
        "data": 5213475.357142857,
        "read": 4637549.0,
        "write": 575926.3571428572,
        "misc": 0.0
    },
    "demand_misses": {
        "total": 2438799.0714285714,
        "instrn": 0.0,
        "data": 2438799.0714285714,
        "read": 2219023.1428571427,
        "write": 219775.92857142858,
        "misc": 0.0
    },
    "demand_miss_rate": {
        "total": 0.3900785714285715,
        "instrn": 0.0,
        "data": 0.3900785714285715,
        "read": 0.40104285714285715,
        "write": 0.32487142857142853,
        "misc": 0.0
    },
    "bytes_from_memory": 39020785.14285714,
    "bytes_to_memory": 3737982.8571428573,
    "total_bytes_rw_mem": 42758768.0
}