{
    "demand_fetches": {
        "total": 18610560.285714287,
        "instrn": 0.0,
        "data": 18610560.285714287,
        "read": 17654384.07142857,
        "write": 956176.2142857143,
        "misc": 0.0
    },
    "demand_misses": {
        "total": 4077475.214285714,
        "instrn": 0.0,
        "data": 4077475.214285714,
        "read": 3901460.714285714,
        "write": 176014.5,
        "misc": 0.0
    },
    "demand_miss_rate": {
        "total": 0.17671428571428574,
        "instrn": 0.0,
        "data": 0.17671428571428574,
        "read": 0.1776,
        "write": 0.15872142857142854,
        "misc": 0.0
    },
    "bytes_from_memory": 130479206.85714285,
    "bytes_to_memory": 6624809.142857143,
    "total_bytes_rw_mem": 137104016.0
}