{
    "demand_fetches": {
        "total": 19066998.666666668,
        "instrn": 0.0,
        "data": 19066998.666666668,
        "read": 17483255.733333334,
        "write": 1583742.9333333333,
        "misc": 0.0
    },
    "demand_misses": {
        "total": 4972219.466666667,
        "instrn": 0.0,
        "data": 4972219.466666667,
        "read": 4548083.6,
        "write": 424135.86666666664,
        "misc": 0.0
    },
    "demand_miss_rate": {
        "total": 0.20896666666666666,
        "instrn": 0.0,
        "data": 0.20896666666666666,
        "read": 0.20774666666666666,
        "write": 0.21930666666666668,
        "misc": 0.0
    },
    "bytes_from_memory": 79555511.46666667,
    "bytes_to_memory": 7197974.4,
    "total_bytes_rw_mem": 86753485.86666666
}