{
    "demand_fetches": {
        "total": 165444.42857142858,
        "instrn": 0.0,
        "data": 165444.42857142858,
        "read": 88587.14285714286,
        "write": 76857.28571428571,
        "misc": 0.0
    },
    "demand_misses": {
        "total": 116236.5,
        "instrn": 0.0,
        "data": 116236.5,
        "read": 53771.5,
        "write": 62465.0,
        "misc": 0.0
    },
    "demand_miss_rate": {
        "total": 0.4649214285714286,
        "instrn": 0.0,
        "data": 0.4649214285714286,
        "read": 0.43801428571428563,
        "write": 0.4758928571428571,
        "misc": 0.0
    },
    "bytes_from_memory": 3719568.0,
    "bytes_to_memory": 2017435.4285714286,
    "total_bytes_rw_mem": 5737003.428571428
}