{
    "demand_fetches": {
        "total": 10581582.846153846,
        "instrn": 0.0,
        "data": 10581582.846153846,
        "read": 9676558.384615384,
        "write": 905024.4615384615,
        "misc": 0.0
    },
    "demand_misses": {
        "total": 1679621.6923076923,
        "instrn": 0.0,
        "data": 1679621.6923076923,
        "read": 1511047.0,
        "write": 168574.6923076923,
        "misc": 0.0
    },
    "demand_miss_rate": {
        "total": 0.14620769230769232,
        "instrn": 0.0,
        "data": 0.14620769230769232,
        "read": 0.14329230769230772,
        "write": 0.1699,
        "misc": 0.0
    },
    "bytes_from_memory": 53747894.15384615,
    "bytes_to_memory": 5662439.384615385,
    "total_bytes_rw_mem": 59410333.538461536
}