{
    "demand_fetches": {
        "total": 129662.53846153847,
        "instrn": 0.0,
        "data": 129662.53846153847,
        "read": 46295.307692307695,
        "write": 83367.23076923077,
        "misc": 0.0
    },
    "demand_misses": {
        "total": 91463.30769230769,
        "instrn": 0.0,
        "data": 91463.30769230769,
        "read": 20210.53846153846,
        "write": 71252.76923076923,
        "misc": 0.0
    },
    "demand_miss_rate": {
        "total": 0.4418,
        "instrn": 0.0,
        "data": 0.4418,
        "read": 0.3157615384615384,
        "write": 0.5416923076923077,
        "misc": 0.0
    },
    "bytes_from_memory": 1463412.923076923,
    "bytes_to_memory": 1150587.076923077,
    "total_bytes_rw_mem": 2614000.0
}