{
    "demand_fetches": {
        "total": 19838631.615384616,
        "instrn": 0.0,
        "data": 19838631.615384616,
        "read": 18892625.615384616,
        "write": 946006.0,
        "misc": 0.0
    },
    "demand_misses": {
        "total": 7670974.538461538,
        "instrn": 0.0,
        "data": 7670974.538461538,
        "read": 7343093.307692308,
        "write": 327881.23076923075,
        "misc": 0.0
    },
    "demand_miss_rate": {
        "total": 0.32927692307692313,
        "instrn": 0.0,
        "data": 0.32927692307692313,
        "read": 0.32944615384615383,
        "write": 0.31583846153846157,
        "misc": 0.0
    },
    "bytes_from_memory": 122735592.61538461,
    "bytes_to_memory": 5730628.923076923,
    "total_bytes_rw_mem": 128466221.53846154
}