{
    "demand_fetches": {
        "total": 5291166.928571428,
        "instrn": 0.0,
        "data": 5291166.928571428,
        "read": 4662116.428571428,
        "write": 629050.5,
        "misc": 0.0
    },
    "demand_misses": {
        "total": 696388.7142857143,
        "instrn": 0.0,
        "data": 696388.7142857143,
        "read": 628914.8571428572,
        "write": 67473.85714285714,
        "misc": 0.0
    },
    "demand_miss_rate": {
        "total": 0.11516428571428572,
        "instrn": 0.0,
        "data": 0.11516428571428572,
        "read": 0.11979285714285715,
        "write": 0.0918214285714286,
        "misc": 0.0
    },
    "bytes_from_memory": 44568877.71428572,
    "bytes_to_memory": 5182784.0,
    "total_bytes_rw_mem": 49751661.71428572
}