{
    "demand_fetches": {
        "total": 18610560.285714287,
        "instrn": 0.0,
        "data": 18610560.285714287,
        "read": 17654384.07142857,
        "write": 956176.2142857143,
        "misc": 0.0
    },
    "demand_misses": {
        "total": 4248854.857142857,
        "instrn": 0.0,
        "data": 4248854.857142857,
        "read": 4074286.1428571427,
        "write": 174568.7142857143,
        "misc": 0.0
    },
    "demand_miss_rate": {
        "total": 0.18175,
        "instrn": 0.0,
        "data": 0.18175,
        "read": 0.18304285714285715,
        "write": 0.1571071428571429,
        "misc": 0.0
    },
    "bytes_from_memory": 135963355.42857143,
    "bytes_to_memory": 6528150.857142857,
    "total_bytes_rw_mem": 142491506.2857143
}