{
    "demand_fetches": {
        "total": 10570637.615384616,
        "instrn": 0.0,
        "data": 10570637.615384616,
        "read": 9671347.153846154,
        "write": 899290.4615384615,
        "misc": 0.0
    },
    "demand_misses": {
        "total": 1247139.7692307692,
        "instrn": 0.0,
        "data": 1247139.7692307692,
        "read": 1156151.1538461538,
        "write": 90988.61538461539,
        "misc": 0.0
    },
    "demand_miss_rate": {
        "total": 0.10703846153846151,
        "instrn": 0.0,
        "data": 0.10703846153846151,
        "read": 0.10887692307692308,
        "write": 0.09221538461538462,
        "misc": 0.0
    },
    "bytes_from_memory": 79816945.23076923,
    "bytes_to_memory": 6651268.923076923,
    "total_bytes_rw_mem": 86468214.15384616
}