{
    "demand_fetches": {
        "total": 5213328.142857143,
        "instrn": 0.0,
        "data": 5213328.142857143,
        "read": 4637458.142857143,
        "write": 575870.0,
        "misc": 0.0
    },
    "demand_misses": {
        "total": 608778.9285714285,
        "instrn": 0.0,
        "data": 608778.9285714285,
        "read": 554150.3571428572,
        "write": 54628.57142857143,
        "misc": 0.0
    },
    "demand_miss_rate": {
        "total": 0.09710714285714285,
        "instrn": 0.0,
        "data": 0.09710714285714285,
        "read": 0.09986428571428571,
        "write": 0.08057857142857143,
        "misc": 0.0
    },
    "bytes_from_memory": 38961851.428571425,
    "bytes_to_memory": 3844338.285714286,
    "total_bytes_rw_mem": 42806189.71428572
}