{
    "demand_fetches": {
        "total": 5147401.5,
        "instrn": 0.0,
        "data": 5147401.5,
        "read": 4618878.428571428,
        "write": 528523.0714285715,
        "misc": 0.0
    },
    "demand_misses": {
        "total": 513755.5714285714,
        "instrn": 0.0,
        "data": 513755.5714285714,
        "read": 462209.64285714284,
        "write": 51545.92857142857,
        "misc": 0.0
    },
    "demand_miss_rate": {
        "total": 0.08474285714285713,
        "instrn": 0.0,
        "data": 0.08474285714285713,
        "read": 0.08519285714285715,
        "write": 0.08247857142857143,
        "misc": 0.0
    },
    "bytes_from_memory": 32880356.57142857,
    "bytes_to_memory": 3660320.0,
    "total_bytes_rw_mem": 36540676.571428575
}