{
    "demand_fetches": {
        "total": 9671492.866666667,
        "instrn": 0.0,
        "data": 9671492.866666667,
        "read": 8568500.333333334,
        "write": 1102992.5333333334,
        "misc": 0.0
    },
    "demand_misses": {
        "total": 827103.6666666666,
        "instrn": 0.0,
        "data": 827103.6666666666,
        "read": 717541.4,
        "write": 109562.26666666666,
        "misc": 0.0
    },
    "demand_miss_rate": {
        "total": 0.06867333333333334,
        "instrn": 0.0,
        "data": 0.06867333333333334,
        "read": 0.06721333333333332,
        "write": 0.07846666666666667,
        "misc": 0.0
    },
    "bytes_from_memory": 52934634.666666664,
    "bytes_to_memory": 7721992.533333333,
    "total_bytes_rw_mem": 60656627.2
}