{
    "demand_fetches": {
        "total": 14605860.461538462,
        "instrn": 0.0,
        "data": 14605860.461538462,
        "read": 11120620.153846154,
        "write": 3485240.3076923075,
        "misc": 0.0
    },
    "demand_misses": {
        "total": 4946274.692307692,
        "instrn": 0.0,
        "data": 4946274.692307692,
        "read": 3564048.846153846,
        "write": 1382225.8461538462,
        "misc": 0.0
    },
    "demand_miss_rate": {
        "total": 0.3115769230769231,
        "instrn": 0.0,
        "data": 0.3115769230769231,
        "read": 0.29519999999999996,
        "write": 0.3615846153846155,
        "misc": 0.0
    },
    "bytes_from_memory": 79140395.07692307,
    "bytes_to_memory": 23713865.846153848,
    "total_bytes_rw_mem": 102854260.92307693
}