{
    "demand_fetches": {
        "total": 5550060.846153846,
        "instrn": 0.0,
        "data": 5550060.846153846,
        "read": 4978853.230769231,
        "write": 571207.6153846154,
        "misc": 0.0
    },
    "demand_misses": {
        "total": 930348.5384615385,
        "instrn": 0.0,
        "data": 930348.5384615385,
        "read": 824043.6923076923,
        "write": 106304.84615384616,
        "misc": 0.0
    },
    "demand_miss_rate": {
        "total": 0.1543,
        "instrn": 0.0,
        "data": 0.1543,
        "read": 0.15202307692307693,
        "write": 0.1695692307692308,
        "misc": 0.0
    },
    "bytes_from_memory": 29771153.230769232,
    "bytes_to_memory": 3572743.3846153845,
    "total_bytes_rw_mem": 33343896.615384616
}