{
    "demand_fetches": {
        "total": 9671492.866666667,
        "instrn": 0.0,
        "data": 9671492.866666667,
        "read": 8568500.333333334,
        "write": 1102992.5333333334,
        "misc": 0.0
    },
    "demand_misses": {
        "total": 3210087.8,
        "instrn": 0.0,
        "data": 3210087.8,
        "read": 2785899.6666666665,
        "write": 424188.13333333336,
        "misc": 0.0
    },
    "demand_miss_rate": {
        "total": 0.26500666666666667,
        "instrn": 0.0,
        "data": 0.26500666666666667,
        "read": 0.2590866666666667,
        "write": 0.3042666666666667,
        "misc": 0.0
    },
    "bytes_from_memory": 51361404.8,
    "bytes_to_memory": 7159618.133333334,
    "total_bytes_rw_mem": 58521022.93333333
}