{
    "demand_fetches": {
        "total": 9909068.142857144,
        "instrn": 0.0,
        "data": 9909068.142857144,
        "read": 9015900.142857144,
        "write": 893168.0,
        "misc": 0.0
    },
    "demand_misses": {
        "total": 3024413.785714286,
        "instrn": 0.0,
        "data": 3024413.785714286,
        "read": 2693751.285714286,
        "write": 330662.5,
        "misc": 0.0
    },
    "demand_miss_rate": {
        "total": 0.2617928571428572,
        "instrn": 0.0,
        "data": 0.2617928571428572,
        "read": 0.2552857142857143,
        "write": 0.3135428571428571,
        "misc": 0.0
    },
    "bytes_from_memory": 48390620.571428575,
    "bytes_to_memory": 5462014.857142857,
    "total_bytes_rw_mem": 53852635.428571425
}