{
    "demand_fetches": {
        "total": 6953170.357142857,
        "instrn": 0.0,
        "data": 6953170.357142857,
        "read": 6063401.928571428,
        "write": 889768.4285714285,
        "misc": 0.0
    },
    "demand_misses": {
        "total": 2379274.0714285714,
        "instrn": 0.0,
        "data": 2379274.0714285714,
        "read": 2038729.5,
        "write": 340544.5714285714,
        "misc": 0.0
    },
    "demand_miss_rate": {
        "total": 0.31686428571428576,
        "instrn": 0.0,
        "data": 0.31686428571428576,
        "read": 0.3111571428571428,
        "write": 0.35004285714285716,
        "misc": 0.0
    },
    "bytes_from_memory": 38068385.14285714,
    "bytes_to_memory": 5768475.428571428,
    "total_bytes_rw_mem": 43836860.571428575
}