{
    "demand_fetches": {
        "total": 5213328.142857143,
        "instrn": 0.0,
        "data": 5213328.142857143,
        "read": 4637458.142857143,
        "write": 575870.0,
        "misc": 0.0
    },
    "demand_misses": {
        "total": 1231323.0,
        "instrn": 0.0,
        "data": 1231323.0,
        "read": 1121149.142857143,
        "write": 110173.85714285714,
        "misc": 0.0
    },
    "demand_miss_rate": {
        "total": 0.1978285714285714,
        "instrn": 0.0,
        "data": 0.1978285714285714,
        "read": 0.20382857142857141,
        "write": 0.16274285714285716,
        "misc": 0.0
    },
    "bytes_from_memory": 39402336.0,
    "bytes_to_memory": 3832850.285714286,
    "total_bytes_rw_mem": 43235186.28571428
}