{
    "demand_fetches": {
        "total": 5291166.928571428,
        "instrn": 0.0,
        "data": 5291166.928571428,
        "read": 4662116.428571428,
        "write": 629050.5,
        "misc": 0.0
    },
    "demand_misses": {
        "total": 1268803.0714285714,
        "instrn": 0.0,
        "data": 1268803.0714285714,
        "read": 1144097.9285714286,
        "write": 124705.14285714286,
        "misc": 0.0
    },
    "demand_miss_rate": {
        "total": 0.2037357142857143,
        "instrn": 0.0,
        "data": 0.2037357142857143,
        "read": 0.2102285714285714,
        "write": 0.16892142857142853,
        "misc": 0.0
    },
    "bytes_from_memory": 40601698.28571428,
    "bytes_to_memory": 4418338.285714285,
    "total_bytes_rw_mem": 45020036.571428575
}