{
    "demand_fetches": {
        "total": 20199630.46153846,
        "instrn": 0.0,
        "data": 20199630.46153846,
        "read": 19130452.615384616,
        "write": 1069177.8461538462,
        "misc": 0.0
    },
    "demand_misses": {
        "total": 2957151.0,
        "instrn": 0.0,
        "data": 2957151.0,
        "read": 2788982.3076923075,
        "write": 168168.6923076923,
        "misc": 0.0
    },
    "demand_miss_rate": {
        "total": 0.13434615384615387,
        "instrn": 0.0,
        "data": 0.13434615384615387,
        "read": 0.1332769230769231,
        "write": 0.1471846153846154,
        "misc": 0.0
    },
    "bytes_from_memory": 94628832.0,
    "bytes_to_memory": 5828792.615384615,
    "total_bytes_rw_mem": 100457624.61538461
}