{
    "demand_fetches": {
        "total": 19213499.92857143,
        "instrn": 0.0,
        "data": 19213499.92857143,
        "read": 18041327.5,
        "write": 1172172.4285714286,
        "misc": 0.0
    },
    "demand_misses": {
        "total": 6104731.571428572,
        "instrn": 0.0,
        "data": 6104731.571428572,
        "read": 5744493.857142857,
        "write": 360237.71428571426,
        "misc": 0.0
    },
    "demand_miss_rate": {
        "total": 0.27125714285714286,
        "instrn": 0.0,
        "data": 0.27125714285714286,
        "read": 0.27121428571428574,
        "write": 0.2690071428571429,
        "misc": 0.0
    },
    "bytes_from_memory": 97675705.14285715,
    "bytes_to_memory": 6419946.285714285,
    "total_bytes_rw_mem": 104095651.42857143
}