{
    "demand_fetches": {
        "total": 121393.5,
        "instrn": 0.0,
        "data": 121393.5,
        "read": 81639.64285714286,
        "write": 39753.857142857145,
        "misc": 0.0
    },
    "demand_misses": {
        "total": 72499.5,
        "instrn": 0.0,
        "data": 72499.5,
        "read": 46336.07142857143,
        "write": 26163.428571428572,
        "misc": 0.0
    },
    "demand_miss_rate": {
        "total": 0.39225714285714286,
        "instrn": 0.0,
        "data": 0.39225714285714286,
        "read": 0.3940428571428571,
        "write": 0.3660642857142857,
        "misc": 0.0
    },
    "bytes_from_memory": 2319984.0,
    "bytes_to_memory": 854173.7142857143,
    "total_bytes_rw_mem": 3174157.714285714
}