{
    "demand_fetches": {
        "total": 6502652.307692308,
        "instrn": 0.0,
        "data": 6502652.307692308,
        "read": 5342057.923076923,
        "write": 1160594.3846153845,
        "misc": 0.0
    },
    "demand_misses": {
        "total": 1130164.3076923077,
        "instrn": 0.0,
        "data": 1130164.3076923077,
        "read": 903822.2307692308,
        "write": 226342.07692307694,
        "misc": 0.0
    },
    "demand_miss_rate": {
        "total": 0.16207692307692306,
        "instrn": 0.0,
        "data": 0.16207692307692306,
        "read": 0.15881538461538464,
        "write": 0.1766153846153846,
        "misc": 0.0
    },
    "bytes_from_memory": 36165257.84615385,
    "bytes_to_memory": 7835716.923076923,
    "total_bytes_rw_mem": 44000974.76923077
}