{
    "demand_fetches": {
        "total": 26140940.35714286,
        "instrn": 0.0,
        "data": 26140940.35714286,
        "read": 24017767.14285714,
        "write": 2123173.214285714,
        "misc": 0.0
    },
    "demand_misses": {
        "total": 1999422.9285714286,
        "instrn": 0.0,
        "data": 1999422.9285714286,
        "read": 1754562.2857142857,
        "write": 244860.64285714287,
        "misc": 0.0
    },
    "demand_miss_rate": {
        "total": 0.07154285714285714,
        "instrn": 0.0,
        "data": 0.07154285714285714,
        "read": 0.06827142857142858,
        "write": 0.10422142857142856,
        "misc": 0.0
    },
    "bytes_from_memory": 127963067.42857143,
    "bytes_to_memory": 17392123.42857143,
    "total_bytes_rw_mem": 145355190.85714287
}