{
    "demand_fetches": {
        "total": 20428592.57142857,
        "instrn": 0.0,
        "data": 20428592.57142857,
        "read": 18731864.64285714,
        "write": 1696727.9285714286,
        "misc": 0.0
    },
    "demand_misses": {
        "total": 2856265.0714285714,
        "instrn": 0.0,
        "data": 2856265.0714285714,
        "read": 2616197.0714285714,
        "write": 240068.0,
        "misc": 0.0
    },
    "demand_miss_rate": {
        "total": 0.12010000000000001,
        "instrn": 0.0,
        "data": 0.12010000000000001,
        "read": 0.11969285714285716,
        "write": 0.12373571428571428,
        "misc": 0.0
    },
    "bytes_from_memory": 91400482.28571428,
    "bytes_to_memory": 8535222.857142856,
    "total_bytes_rw_mem": 99935705.14285715
}