{
    "demand_fetches": {
        "total": 5548853.153846154,
        "instrn": 0.0,
        "data": 5548853.153846154,
        "read": 4974626.0,
        "write": 574227.1538461539,
        "misc": 0.0
    },
    "demand_misses": {
        "total": 692820.0,
        "instrn": 0.0,
        "data": 692820.0,
        "read": 634004.9230769231,
        "write": 58815.07692307692,
        "misc": 0.0
    },
    "demand_miss_rate": {
        "total": 0.11626923076923078,
        "instrn": 0.0,
        "data": 0.11626923076923078,
        "read": 0.12033846153846153,
        "write": 0.09394615384615385,
        "misc": 0.0
    },
    "bytes_from_memory": 44340480.0,
    "bytes_to_memory": 4380086.153846154,
    "total_bytes_rw_mem": 48720566.15384615
}