{
    "demand_fetches": {
        "total": 10538876.538461538,
        "instrn": 0.0,
        "data": 10538876.538461538,
        "read": 9658823.923076924,
        "write": 880052.6153846154,
        "misc": 0.0
    },
    "demand_misses": {
        "total": 1772702.4615384615,
        "instrn": 0.0,
        "data": 1772702.4615384615,
        "read": 1609559.923076923,
        "write": 163142.53846153847,
        "misc": 0.0
    },
    "demand_miss_rate": {
        "total": 0.15346923076923077,
        "instrn": 0.0,
        "data": 0.15346923076923077,
        "read": 0.1514923076923077,
        "write": 0.1692076923076923,
        "misc": 0.0
    },
    "bytes_from_memory": 56726478.76923077,
    "bytes_to_memory": 5507591.384615385,
    "total_bytes_rw_mem": 62234070.15384615
}