{
    "demand_fetches": {
        "total": 10538876.538461538,
        "instrn": 0.0,
        "data": 10538876.538461538,
        "read": 9658823.923076924,
        "write": 880052.6153846154,
        "misc": 0.0
    },
    "demand_misses": {
        "total": 904148.3076923077,
        "instrn": 0.0,
        "data": 904148.3076923077,
        "read": 820904.9230769231,
        "write": 83243.38461538461,
        "misc": 0.0
    },
    "demand_miss_rate": {
        "total": 0.07850000000000001,
        "instrn": 0.0,
        "data": 0.07850000000000001,
        "read": 0.07755384615384615,
        "write": 0.08625384615384615,
        "misc": 0.0
    },
    "bytes_from_memory": 57865491.692307696,
    "bytes_to_memory": 5786683.076923077,
    "total_bytes_rw_mem": 63652174.76923077
}