{
    "demand_fetches": {
        "total": 45098.357142857145,
        "instrn": 0.0,
        "data": 45098.357142857145,
        "read": 27033.5,
        "write": 18064.85714285714,
        "misc": 0.0
    },
    "demand_misses": {
        "total": 13010.285714285714,
        "instrn": 0.0,
        "data": 13010.285714285714,
        "read": 4345.357142857143,
        "write": 8664.92857142857,
        "misc": 0.0
    },
    "demand_miss_rate": {
        "total": 0.1930285714285714,
        "instrn": 0.0,
        "data": 0.1930285714285714,
        "read": 0.12981428571428572,
        "write": 0.2854785714285714,
        "misc": 0.0
    },
    "bytes_from_memory": 416329.14285714284,
    "bytes_to_memory": 288701.71428571426,
    "total_bytes_rw_mem": 705030.8571428572
}