{
    "demand_fetches": {
        "total": 10570637.615384616,
        "instrn": 0.0,
        "data": 10570637.615384616,
        "read": 9671347.153846154,
        "write": 899290.4615384615,
        "misc": 0.0
    },
    "demand_misses": {
        "total": 1298672.2307692308,
        "instrn": 0.0,
        "data": 1298672.2307692308,
        "read": 1204243.7692307692,
        "write": 94428.46153846153,
        "misc": 0.0
    },
    "demand_miss_rate": {
        "total": 0.11293076923076922,
        "instrn": 0.0,
        "data": 0.11293076923076922,
        "read": 0.11513846153846154,
        "write": 0.0958769230769231,
        "misc": 0.0
    },
    "bytes_from_memory": 83115022.76923077,
    "bytes_to_memory": 7134355.692307692,
    "total_bytes_rw_mem": 90249378.46153846
}