{
    "demand_fetches": {
        "total": 20428592.57142857,
        "instrn": 0.0,
        "data": 20428592.57142857,
        "read": 18731864.64285714,
        "write": 1696727.9285714286,
        "misc": 0.0
    },
    "demand_misses": {
        "total": 5621718.571428572,
        "instrn": 0.0,
        "data": 5621718.571428572,
        "read": 5155434.071428572,
        "write": 466284.5,
        "misc": 0.0
    },
    "demand_miss_rate": {
        "total": 0.2360857142857143,
        "instrn": 0.0,
        "data": 0.2360857142857143,
        "read": 0.23540000000000003,
        "write": 0.24117857142857144,
        "misc": 0.0
    },
    "bytes_from_memory": 89947497.14285715,
    "bytes_to_memory": 8090660.571428572,
    "total_bytes_rw_mem": 98038157.71428572
}