{
    "demand_fetches": {
        "total": 4866617.6,
        "instrn": 0.0,
        "data": 4866617.6,
        "read": 4328744.666666667,
        "write": 537872.9333333333,
        "misc": 0.0
    },
    "demand_misses": {
        "total": 2234264.8666666667,
        "instrn": 0.0,
        "data": 2234264.8666666667,
        "read": 2034429.4666666666,
        "write": 199835.4,
        "misc": 0.0
    },
    "demand_miss_rate": {
        "total": 0.3539866666666666,
        "instrn": 0.0,
        "data": 0.3539866666666666,
        "read": 0.3635666666666667,
        "write": 0.2948733333333333,
        "misc": 0.0
    },
    "bytes_from_memory": 35748237.86666667,
    "bytes_to_memory": 3353370.6666666665,
    "total_bytes_rw_mem": 39101608.53333333
}