{
    "demand_fetches": {
        "total": 9909112.285714285,
        "instrn": 0.0,
        "data": 9909112.285714285,
        "read": 9015925.285714285,
        "write": 893187.0,
        "misc": 0.0
    },
    "demand_misses": {
        "total": 872427.8571428572,
        "instrn": 0.0,
        "data": 872427.8571428572,
        "read": 784988.3571428572,
        "write": 87439.5,
        "misc": 0.0
    },
    "demand_miss_rate": {
        "total": 0.07537142857142856,
        "instrn": 0.0,
        "data": 0.07537142857142856,
        "read": 0.07447142857142855,
        "write": 0.08282142857142857,
        "misc": 0.0
    },
    "bytes_from_memory": 55835382.85714286,
    "bytes_to_memory": 6158262.857142857,
    "total_bytes_rw_mem": 61993645.71428572
}