{
    "demand_fetches": {
        "total": 20428592.57142857,
        "instrn": 0.0,
        "data": 20428592.57142857,
        "read": 18731864.64285714,
        "write": 1696727.9285714286,
        "misc": 0.0
    },
    "demand_misses": {
        "total": 5350258.214285715,
        "instrn": 0.0,
        "data": 5350258.214285715,
        "read": 4894205.857142857,
        "write": 456052.35714285716,
        "misc": 0.0
    },
    "demand_miss_rate": {
        "total": 0.22504999999999997,
        "instrn": 0.0,
        "data": 0.22504999999999997,
        "read": 0.2237857142857143,
        "write": 0.23579285714285714,
        "misc": 0.0
    },
    "bytes_from_memory": 85604131.42857143,
    "bytes_to_memory": 7759280.0,
    "total_bytes_rw_mem": 93363411.42857143
}