{
    "demand_fetches": {
        "total": 5213328.142857143,
        "instrn": 0.0,
        "data": 5213328.142857143,
        "read": 4637458.142857143,
        "write": 575870.0,
        "misc": 0.0
    },
    "demand_misses": {
        "total": 607260.6428571428,
        "instrn": 0.0,
        "data": 607260.6428571428,
        "read": 552445.2857142857,
        "write": 54815.357142857145,
        "misc": 0.0
    },
    "demand_miss_rate": {
        "total": 0.09677142857142854,
        "instrn": 0.0,
        "data": 0.09677142857142854,
        "read": 0.09942142857142856,
        "write": 0.08085714285714285,
        "misc": 0.0
    },
    "bytes_from_memory": 38864681.14285714,
    "bytes_to_memory": 3874651.4285714286,
    "total_bytes_rw_mem": 42739332.571428575
}