{
    "demand_fetches": {
        "total": 19213499.92857143,
        "instrn": 0.0,
        "data": 19213499.92857143,
        "read": 18041327.5,
        "write": 1172172.4285714286,
        "misc": 0.0
    },
    "demand_misses": {
        "total": 1488772.2142857143,
        "instrn": 0.0,
        "data": 1488772.2142857143,
        "read": 1359767.857142857,
        "write": 129004.35714285714,
        "misc": 0.0
    },
    "demand_miss_rate": {
        "total": 0.06677142857142856,
        "instrn": 0.0,
        "data": 0.06677142857142856,
        "read": 0.06479285714285714,
        "write": 0.0917,
        "misc": 0.0
    },
    "bytes_from_memory": 95281421.71428572,
    "bytes_to_memory": 9119076.57142857,
    "total_bytes_rw_mem": 104400498.28571428
}