{
    "demand_fetches": {
        "total": 11374004.785714285,
        "instrn": 0.0,
        "data": 11374004.785714285,
        "read": 9542798.0,
        "write": 1831206.7857142857,
        "misc": 0.0
    },
    "demand_misses": {
        "total": 3386940.5714285714,
        "instrn": 0.0,
        "data": 3386940.5714285714,
        "read": 2689692.214285714,
        "write": 697248.3571428572,
        "misc": 0.0
    },
    "demand_miss_rate": {
        "total": 0.2557428571428571,
        "instrn": 0.0,
        "data": 0.2557428571428571,
        "read": 0.24182857142857145,
        "write": 0.32217142857142855,
        "misc": 0.0
    },
    "bytes_from_memory": 54191049.14285714,
    "bytes_to_memory": 11571877.714285715,
    "total_bytes_rw_mem": 65762926.85714286
}