{
    "demand_fetches": {
        "total": 5592432.076923077,
        "instrn": 0.0,
        "data": 5592432.076923077,
        "read": 4987094.692307692,
        "write": 605337.3846153846,
        "misc": 0.0
    },
    "demand_misses": {
        "total": 1134459.0,
        "instrn": 0.0,
        "data": 1134459.0,
        "read": 1022496.5384615385,
        "write": 111962.46153846153,
        "misc": 0.0
    },
    "demand_miss_rate": {
        "total": 0.18143076923076923,
        "instrn": 0.0,
        "data": 0.18143076923076923,
        "read": 0.1832923076923077,
        "write": 0.16880769230769233,
        "misc": 0.0
    },
    "bytes_from_memory": 36302688.0,
    "bytes_to_memory": 3792814.769230769,
    "total_bytes_rw_mem": 40095502.76923077
}