{
    "demand_fetches": {
        "total": 9909112.285714285,
        "instrn": 0.0,
        "data": 9909112.285714285,
        "read": 9015925.285714285,
        "write": 893187.0,
        "misc": 0.0
    },
    "demand_misses": {
        "total": 3900466.5714285714,
        "instrn": 0.0,
        "data": 3900466.5714285714,
        "read": 3550069.0714285714,
        "write": 350397.5,
        "misc": 0.0
    },
    "demand_miss_rate": {
        "total": 0.3331214285714286,
        "instrn": 0.0,
        "data": 0.3331214285714286,
        "read": 0.33327142857142855,
        "write": 0.33220714285714287,
        "misc": 0.0
    },
    "bytes_from_memory": 62407465.14285714,
    "bytes_to_memory": 6071957.714285715,
    "total_bytes_rw_mem": 68479422.85714285
}