{
    "demand_fetches": {
        "total": 21086884.307692308,
        "instrn": 0.0,
        "data": 21086884.307692308,
        "read": 19657634.615384616,
        "write": 1429249.6923076923,
        "misc": 0.0
    },
    "demand_misses": {
        "total": 3191616.6153846155,
        "instrn": 0.0,
        "data": 3191616.6153846155,
        "read": 2975243.923076923,
        "write": 216372.6923076923,
        "misc": 0.0
    },
    "demand_miss_rate": {
        "total": 0.1392076923076923,
        "instrn": 0.0,
        "data": 0.1392076923076923,
        "read": 0.13884615384615387,
        "write": 0.14206153846153846,
        "misc": 0.0
    },
    "bytes_from_memory": 102131731.6923077,
    "bytes_to_memory": 7825713.230769231,
    "total_bytes_rw_mem": 109957444.92307693
}