{
    "demand_fetches": {
        "total": 14605860.461538462,
        "instrn": 0.0,
        "data": 14605860.461538462,
        "read": 11120620.153846154,
        "write": 3485240.3076923075,
        "misc": 0.0
    },
    "demand_misses": {
        "total": 1054250.1538461538,
        "instrn": 0.0,
        "data": 1054250.1538461538,
        "read": 719352.1538461539,
        "write": 334898.0,
        "misc": 0.0
    },
    "demand_miss_rate": {
        "total": 0.06642307692307692,
        "instrn": 0.0,
        "data": 0.06642307692307692,
        "read": 0.059484615384615386,
        "write": 0.08747692307692308,
        "misc": 0.0
    },
    "bytes_from_memory": 67472009.84615384,
    "bytes_to_memory": 22522417.230769232,
    "total_bytes_rw_mem": 89994427.07692307
}