{
    "demand_fetches": {
        "total": 5213475.357142857,
        "instrn": 0.0,
        "data": 5213475.357142857,
        "read": 4637549.0,
        "write": 575926.3571428572,
        "misc": 0.0
    },
    "demand_misses": {
        "total": 2438711.0,
        "instrn": 0.0,
        "data": 2438711.0,
        "read": 2219982.5714285714,
        "write": 218728.42857142858,
        "misc": 0.0
    },
    "demand_miss_rate": {
        "total": 0.38976428571428573,
        "instrn": 0.0,
        "data": 0.38976428571428573,
        "read": 0.4008928571428572,
        "write": 0.32327142857142854,
        "misc": 0.0
    },
    "bytes_from_memory": 39019376.0,
    "bytes_to_memory": 3713956.5714285714,
    "total_bytes_rw_mem": 42733332.571428575
}