{
    "demand_fetches": {
        "total": 5458719.785714285,
        "instrn": 0.0,
        "data": 5458719.785714285,
        "read": 4741325.428571428,
        "write": 717394.3571428572,
        "misc": 0.0
    },
    "demand_misses": {
        "total": 863086.6428571428,
        "instrn": 0.0,
        "data": 863086.6428571428,
        "read": 727765.7142857143,
        "write": 135320.92857142858,
        "misc": 0.0
    },
    "demand_miss_rate": {
        "total": 0.1357142857142857,
        "instrn": 0.0,
        "data": 0.1357142857142857,
        "read": 0.1316,
        "write": 0.15899285714285713,
        "misc": 0.0
    },
    "bytes_from_memory": 27618772.57142857,
    "bytes_to_memory": 4568710.857142857,
    "total_bytes_rw_mem": 32187483.42857143
}