{
    "demand_fetches": {
        "total": 5291166.928571428,
        "instrn": 0.0,
        "data": 5291166.928571428,
        "read": 4662116.428571428,
        "write": 629050.5,
        "misc": 0.0
    },
    "demand_misses": {
        "total": 1239276.4285714286,
        "instrn": 0.0,
        "data": 1239276.4285714286,
        "read": 1119290.857142857,
        "write": 119985.57142857143,
        "misc": 0.0
    },
    "demand_miss_rate": {
        "total": 0.19757857142857146,
        "instrn": 0.0,
        "data": 0.19757857142857146,
        "read": 0.20385000000000003,
        "write": 0.16244285714285714,
        "misc": 0.0
    },
    "bytes_from_memory": 39656845.71428572,
    "bytes_to_memory": 4204827.428571428,
    "total_bytes_rw_mem": 43861673.14285714
}