{
    "demand_fetches": {
        "total": 10538876.538461538,
        "instrn": 0.0,
        "data": 10538876.538461538,
        "read": 9658823.923076924,
        "write": 880052.6153846154,
        "misc": 0.0
    },
    "demand_misses": {
        "total": 5027066.846153846,
        "instrn": 0.0,
        "data": 5027066.846153846,
        "read": 4678153.0,
        "write": 348913.8461538461,
        "misc": 0.0
    },
    "demand_miss_rate": {
        "total": 0.43358461538461535,
        "instrn": 0.0,
        "data": 0.43358461538461535,
        "read": 0.4420615384615385,
        "write": 0.36431538461538465,
        "misc": 0.0
    },
    "bytes_from_memory": 80433069.53846154,
    "bytes_to_memory": 6073808.0,
    "total_bytes_rw_mem": 86506877.53846154
}