{
    "demand_fetches": {
        "total": 24717886.384615384,
        "instrn": 0.0,
        "data": 24717886.384615384,
        "read": 21686687.46153846,
        "write": 3031198.923076923,
        "misc": 0.0
    },
    "demand_misses": {
        "total": 1611965.076923077,
        "instrn": 0.0,
        "data": 1611965.076923077,
        "read": 1278514.3076923077,
        "write": 333450.76923076925,
        "misc": 0.0
    },
    "demand_miss_rate": {
        "total": 0.06047692307692309,
        "instrn": 0.0,
        "data": 0.06047692307692309,
        "read": 0.0546923076923077,
        "write": 0.09914615384615386,
        "misc": 0.0
    },
    "bytes_from_memory": 103165764.92307693,
    "bytes_to_memory": 22269769.846153848,
    "total_bytes_rw_mem": 125435534.76923077
}