{
    "demand_fetches": {
        "total": 5548853.153846154,
        "instrn": 0.0,
        "data": 5548853.153846154,
        "read": 4974626.0,
        "write": 574227.1538461539,
        "misc": 0.0
    },
    "demand_misses": {
        "total": 2635646.4615384615,
        "instrn": 0.0,
        "data": 2635646.4615384615,
        "read": 2410399.3076923075,
        "write": 225247.15384615384,
        "misc": 0.0
    },
    "demand_miss_rate": {
        "total": 0.42871538461538466,
        "instrn": 0.0,
        "data": 0.42871538461538466,
        "read": 0.4396153846153845,
        "write": 0.3601923076923077,
        "misc": 0.0
    },
    "bytes_from_memory": 42170343.384615384,
    "bytes_to_memory": 3851490.4615384615,
    "total_bytes_rw_mem": 46021833.84615385
}