{
    "demand_fetches": {
        "total": 101905.07142857143,
        "instrn": 0.0,
        "data": 101905.07142857143,
        "read": 56726.57142857143,
        "write": 45178.5,
        "misc": 0.0
    },
    "demand_misses": {
        "total": 44591.5,
        "instrn": 0.0,
        "data": 44591.5,
        "read": 10136.357142857143,
        "write": 34455.142857142855,
        "misc": 0.0
    },
    "demand_miss_rate": {
        "total": 0.2510428571428571,
        "instrn": 0.0,
        "data": 0.2510428571428571,
        "read": 0.12745714285714285,
        "write": 0.4351,
        "misc": 0.0
    },
    "bytes_from_memory": 1426928.0,
    "bytes_to_memory": 1116169.142857143,
    "total_bytes_rw_mem": 2543097.1428571427
}