{
    "demand_fetches": {
        "total": 5458719.785714285,
        "instrn": 0.0,
        "data": 5458719.785714285,
        "read": 4741325.428571428,
        "write": 717394.3571428572,
        "misc": 0.0
    },
    "demand_misses": {
        "total": 2608330.5714285714,
        "instrn": 0.0,
        "data": 2608330.5714285714,
        "read": 2316662.1428571427,
        "write": 291668.4285714286,
        "misc": 0.0
    },
    "demand_miss_rate": {
        "total": 0.40402857142857146,
        "instrn": 0.0,
        "data": 0.40402857142857146,
        "read": 0.4151428571428571,
        "write": 0.3438,
        "misc": 0.0
    },
    "bytes_from_memory": 41733289.14285714,
    "bytes_to_memory": 5157059.428571428,
    "total_bytes_rw_mem": 46890348.571428575
}