{
    "demand_fetches": {
        "total": 20199630.46153846,
        "instrn": 0.0,
        "data": 20199630.46153846,
        "read": 19130452.615384616,
        "write": 1069177.8461538462,
        "misc": 0.0
    },
    "demand_misses": {
        "total": 6433211.923076923,
        "instrn": 0.0,
        "data": 6433211.923076923,
        "read": 6093388.076923077,
        "write": 339823.8461538461,
        "misc": 0.0
    },
    "demand_miss_rate": {
        "total": 0.29040769230769226,
        "instrn": 0.0,
        "data": 0.29040769230769226,
        "read": 0.28954615384615384,
        "write": 0.29776923076923073,
        "misc": 0.0
    },
    "bytes_from_memory": 102931390.76923077,
    "bytes_to_memory": 5906582.153846154,
    "total_bytes_rw_mem": 108837972.92307693
}