{
    "demand_fetches": {
        "total": 18610525.285714287,
        "instrn": 0.0,
        "data": 18610525.285714287,
        "read": 17654362.285714287,
        "write": 956163.0,
        "misc": 0.0
    },
    "demand_misses": {
        "total": 2283937.214285714,
        "instrn": 0.0,
        "data": 2283937.214285714,
        "read": 2170478.0714285714,
        "write": 113459.14285714286,
        "misc": 0.0
    },
    "demand_miss_rate": {
        "total": 0.1052,
        "instrn": 0.0,
        "data": 0.1052,
        "read": 0.10552142857142857,
        "write": 0.10058571428571429,
        "misc": 0.0
    },
    "bytes_from_memory": 146171981.7142857,
    "bytes_to_memory": 8985216.0,
    "total_bytes_rw_mem": 155157197.7142857
}