{
    "demand_fetches": {
        "total": 159946.76923076922,
        "instrn": 0.0,
        "data": 159946.76923076922,
        "read": 85015.84615384616,
        "write": 74930.92307692308,
        "misc": 0.0
    },
    "demand_misses": {
        "total": 76305.84615384616,
        "instrn": 0.0,
        "data": 76305.84615384616,
        "read": 12207.692307692309,
        "write": 64098.153846153844,
        "misc": 0.0
    },
    "demand_miss_rate": {
        "total": 0.2695153846153846,
        "instrn": 0.0,
        "data": 0.2695153846153846,
        "read": 0.11370000000000001,
        "write": 0.5097384615384615,
        "misc": 0.0
    },
    "bytes_from_memory": 4883574.153846154,
    "bytes_to_memory": 4132160.0,
    "total_bytes_rw_mem": 9015734.153846154
}