{
    "demand_fetches": {
        "total": 13819035.384615384,
        "instrn": 0.0,
        "data": 13819035.384615384,
        "read": 12510103.538461538,
        "write": 1308931.8461538462,
        "misc": 0.0
    },
    "demand_misses": {
        "total": 2051450.923076923,
        "instrn": 0.0,
        "data": 2051450.923076923,
        "read": 1806094.5384615385,
        "write": 245356.38461538462,
        "misc": 0.0
    },
    "demand_miss_rate": {
        "total": 0.14894615384615387,
        "instrn": 0.0,
        "data": 0.14894615384615387,
        "read": 0.14427692307692308,
        "write": 0.18496153846153846,
        "misc": 0.0
    },
    "bytes_from_memory": 65646429.538461536,
    "bytes_to_memory": 8165927.384615385,
    "total_bytes_rw_mem": 73812356.92307693
}