{
    "demand_fetches": {
        "total": 5212942.5,
        "instrn": 0.0,
        "data": 5212942.5,
        "read": 4647407.142857143,
        "write": 565535.3571428572,
        "misc": 0.0
    },
    "demand_misses": {
        "total": 457594.28571428574,
        "instrn": 0.0,
        "data": 457594.28571428574,
        "read": 403270.14285714284,
        "write": 54324.142857142855,
        "misc": 0.0
    },
    "demand_miss_rate": {
        "total": 0.07517142857142857,
        "instrn": 0.0,
        "data": 0.07517142857142857,
        "read": 0.07432857142857144,
        "write": 0.08108571428571429,
        "misc": 0.0
    },
    "bytes_from_memory": 29286034.285714287,
    "bytes_to_memory": 3779597.714285714,
    "total_bytes_rw_mem": 33065632.0
}