{
    "demand_fetches": {
        "total": 14605860.461538462,
        "instrn": 0.0,
        "data": 14605860.461538462,
        "read": 11120620.153846154,
        "write": 3485240.3076923075,
        "misc": 0.0
    },
    "demand_misses": {
        "total": 978359.6153846154,
        "instrn": 0.0,
        "data": 978359.6153846154,
        "read": 650730.1538461539,
        "write": 327629.46153846156,
        "misc": 0.0
    },
    "demand_miss_rate": {
        "total": 0.060646153846153836,
        "instrn": 0.0,
        "data": 0.060646153846153836,
        "read": 0.05242307692307691,
        "write": 0.08546923076923077,
        "misc": 0.0
    },
    "bytes_from_memory": 62615015.384615384,
    "bytes_to_memory": 21574104.615384616,
    "total_bytes_rw_mem": 84189120.0
}