{
    "demand_fetches": {
        "total": 19213499.92857143,
        "instrn": 0.0,
        "data": 19213499.92857143,
        "read": 18041327.5,
        "write": 1172172.4285714286,
        "misc": 0.0
    },
    "demand_misses": {
        "total": 6170816.285714285,
        "instrn": 0.0,
        "data": 6170816.285714285,
        "read": 5804937.142857143,
        "write": 365879.14285714284,
        "misc": 0.0
    },
    "demand_miss_rate": {
        "total": 0.27435714285714285,
        "instrn": 0.0,
        "data": 0.27435714285714285,
        "read": 0.27422142857142856,
        "write": 0.2730642857142857,
        "misc": 0.0
    },
    "bytes_from_memory": 98733060.57142857,
    "bytes_to_memory": 6621858.285714285,
    "total_bytes_rw_mem": 105354918.85714285
}