{
    "demand_fetches": {
        "total": 5574400.076923077,
        "instrn": 0.0,
        "data": 5574400.076923077,
        "read": 4982210.769230769,
        "write": 592189.3076923077,
        "misc": 0.0
    },
    "demand_misses": {
        "total": 733799.6153846154,
        "instrn": 0.0,
        "data": 733799.6153846154,
        "read": 670621.6923076923,
        "write": 63177.92307692308,
        "misc": 0.0
    },
    "demand_miss_rate": {
        "total": 0.12402307692307689,
        "instrn": 0.0,
        "data": 0.12402307692307689,
        "read": 0.1288076923076923,
        "write": 0.09844615384615385,
        "misc": 0.0
    },
    "bytes_from_memory": 46963175.384615384,
    "bytes_to_memory": 4835382.153846154,
    "total_bytes_rw_mem": 51798557.538461536
}