{
    "demand_fetches": {
        "total": 165444.42857142858,
        "instrn": 0.0,
        "data": 165444.42857142858,
        "read": 88587.14285714286,
        "write": 76857.28571428571,
        "misc": 0.0
    },
    "demand_misses": {
        "total": 99131.07142857143,
        "instrn": 0.0,
        "data": 99131.07142857143,
        "read": 37540.07142857143,
        "write": 61591.0,
        "misc": 0.0
    },
    "demand_miss_rate": {
        "total": 0.3693642857142857,
        "instrn": 0.0,
        "data": 0.3693642857142857,
        "read": 0.2963928571428571,
        "write": 0.44981428571428567,
        "misc": 0.0
    },
    "bytes_from_memory": 6344388.571428572,
    "bytes_to_memory": 3973152.0,
    "total_bytes_rw_mem": 10317540.57142857
}