{
    "demand_fetches": {
        "total": 20428592.57142857,
        "instrn": 0.0,
        "data": 20428592.57142857,
        "read": 18731864.64285714,
        "write": 1696727.9285714286,
        "misc": 0.0
    },
    "demand_misses": {
        "total": 5326947.0,
        "instrn": 0.0,
        "data": 5326947.0,
        "read": 4872504.857142857,
        "write": 454442.14285714284,
        "misc": 0.0
    },
    "demand_miss_rate": {
        "total": 0.2238785714285714,
        "instrn": 0.0,
        "data": 0.2238785714285714,
        "read": 0.22257142857142856,
        "write": 0.23495714285714284,
        "misc": 0.0
    },
    "bytes_from_memory": 85231152.0,
    "bytes_to_memory": 7712729.142857143,
    "total_bytes_rw_mem": 92943881.14285715
}