{
    "demand_fetches": {
        "total": 19213499.92857143,
        "instrn": 0.0,
        "data": 19213499.92857143,
        "read": 18041327.5,
        "write": 1172172.4285714286,
        "misc": 0.0
    },
    "demand_misses": {
        "total": 1636754.857142857,
        "instrn": 0.0,
        "data": 1636754.857142857,
        "read": 1501963.7142857143,
        "write": 134791.14285714287,
        "misc": 0.0
    },
    "demand_miss_rate": {
        "total": 0.07332142857142857,
        "instrn": 0.0,
        "data": 0.07332142857142857,
        "read": 0.0716,
        "write": 0.09564285714285714,
        "misc": 0.0
    },
    "bytes_from_memory": 104752310.85714285,
    "bytes_to_memory": 9824475.42857143,
    "total_bytes_rw_mem": 114576786.28571428
}