{
    "demand_fetches": {
        "total": 5592432.076923077,
        "instrn": 0.0,
        "data": 5592432.076923077,
        "read": 4987094.692307692,
        "write": 605337.3846153846,
        "misc": 0.0
    },
    "demand_misses": {
        "total": 1386762.1538461538,
        "instrn": 0.0,
        "data": 1386762.1538461538,
        "read": 1262890.4615384615,
        "write": 123871.69230769231,
        "misc": 0.0
    },
    "demand_miss_rate": {
        "total": 0.2281461538461538,
        "instrn": 0.0,
        "data": 0.2281461538461538,
        "read": 0.23523076923076922,
        "write": 0.1884615384615384,
        "misc": 0.0
    },
    "bytes_from_memory": 44376388.92307692,
    "bytes_to_memory": 4440004.923076923,
    "total_bytes_rw_mem": 48816393.84615385
}