{
    "demand_fetches": {
        "total": 9774305.57142857,
        "instrn": 0.0,
        "data": 9774305.57142857,
        "read": 8964274.857142856,
        "write": 810030.7142857143,
        "misc": 0.0
    },
    "demand_misses": {
        "total": 4568403.142857143,
        "instrn": 0.0,
        "data": 4568403.142857143,
        "read": 4256297.214285715,
        "write": 312105.9285714286,
        "misc": 0.0
    },
    "demand_miss_rate": {
        "total": 0.3886071428571429,
        "instrn": 0.0,
        "data": 0.3886071428571429,
        "read": 0.3956,
        "write": 0.3278285714285714,
        "misc": 0.0
    },
    "bytes_from_memory": 73094450.28571428,
    "bytes_to_memory": 5378347.428571428,
    "total_bytes_rw_mem": 78472797.71428572
}