{
    "demand_fetches": {
        "total": 111298.57142857143,
        "instrn": 0.0,
        "data": 111298.57142857143,
        "read": 74882.0,
        "write": 36416.57142857143,
        "misc": 0.0
    },
    "demand_misses": {
        "total": 45219.357142857145,
        "instrn": 0.0,
        "data": 45219.357142857145,
        "read": 27386.85714285714,
        "write": 17832.5,
        "misc": 0.0
    },
    "demand_miss_rate": {
        "total": 0.2698642857142857,
        "instrn": 0.0,
        "data": 0.2698642857142857,
        "read": 0.24726428571428571,
        "write": 0.3130357142857143,
        "misc": 0.0
    },
    "bytes_from_memory": 1447019.4285714286,
    "bytes_to_memory": 590509.7142857143,
    "total_bytes_rw_mem": 2037529.142857143
}