{
    "demand_fetches": {
        "total": 9774315.714285715,
        "instrn": 0.0,
        "data": 9774315.714285715,
        "read": 8964283.0,
        "write": 810032.7142857143,
        "misc": 0.0
    },
    "demand_misses": {
        "total": 1206295.2142857143,
        "instrn": 0.0,
        "data": 1206295.2142857143,
        "read": 1122051.357142857,
        "write": 84243.85714285714,
        "misc": 0.0
    },
    "demand_miss_rate": {
        "total": 0.10527142857142857,
        "instrn": 0.0,
        "data": 0.10527142857142857,
        "read": 0.10742142857142857,
        "write": 0.08846428571428573,
        "misc": 0.0
    },
    "bytes_from_memory": 77202893.71428572,
    "bytes_to_memory": 6387474.285714285,
    "total_bytes_rw_mem": 83590368.0
}