{
    "demand_fetches": {
        "total": 30488086.615384616,
        "instrn": 0.0,
        "data": 30488086.615384616,
        "read": 24886322.692307692,
        "write": 5601763.923076923,
        "misc": 0.0
    },
    "demand_misses": {
        "total": 1953987.4615384615,
        "instrn": 0.0,
        "data": 1953987.4615384615,
        "read": 1327032.6153846155,
        "write": 626954.8461538461,
        "misc": 0.0
    },
    "demand_miss_rate": {
        "total": 0.05869999999999999,
        "instrn": 0.0,
        "data": 0.05869999999999999,
        "read": 0.04876923076923078,
        "write": 0.1012076923076923,
        "misc": 0.0
    },
    "bytes_from_memory": 125055197.53846154,
    "bytes_to_memory": 41949971.692307696,
    "total_bytes_rw_mem": 167005169.23076922
}