{
    "demand_fetches": {
        "total": 5213328.142857143,
        "instrn": 0.0,
        "data": 5213328.142857143,
        "read": 4637458.142857143,
        "write": 575870.0,
        "misc": 0.0
    },
    "demand_misses": {
        "total": 627191.9285714285,
        "instrn": 0.0,
        "data": 627191.9285714285,
        "read": 571006.6428571428,
        "write": 56185.28571428572,
        "misc": 0.0
    },
    "demand_miss_rate": {
        "total": 0.10177857142857141,
        "instrn": 0.0,
        "data": 0.10177857142857141,
        "read": 0.10507857142857144,
        "write": 0.08299285714285713,
        "misc": 0.0
    },
    "bytes_from_memory": 40140283.428571425,
    "bytes_to_memory": 4077668.5714285714,
    "total_bytes_rw_mem": 44217952.0
}