{
    "demand_fetches": {
        "total": 261857.0,
        "instrn": 0.0,
        "data": 261857.0,
        "read": 57447.357142857145,
        "write": 204409.64285714287,
        "misc": 0.0
    },
    "demand_misses": {
        "total": 216145.35714285713,
        "instrn": 0.0,
        "data": 216145.35714285713,
        "read": 24990.785714285714,
        "write": 191154.57142857142,
        "misc": 0.0
    },
    "demand_miss_rate": {
        "total": 0.49970714285714285,
        "instrn": 0.0,
        "data": 0.49970714285714285,
        "read": 0.32177142857142854,
        "write": 0.6010857142857143,
        "misc": 0.0
    },
    "bytes_from_memory": 3458325.714285714,
    "bytes_to_memory": 3071011.4285714286,
    "total_bytes_rw_mem": 6529337.142857143
}