{
    "demand_fetches": {
        "total": 11374302.642857144,
        "instrn": 0.0,
        "data": 11374302.642857144,
        "read": 9542977.785714285,
        "write": 1831324.857142857,
        "misc": 0.0
    },
    "demand_misses": {
        "total": 1301080.5,
        "instrn": 0.0,
        "data": 1301080.5,
        "read": 1091398.2142857143,
        "write": 209682.2857142857,
        "misc": 0.0
    },
    "demand_miss_rate": {
        "total": 0.09924285714285715,
        "instrn": 0.0,
        "data": 0.09924285714285715,
        "read": 0.09987857142857141,
        "write": 0.09679285714285712,
        "misc": 0.0
    },
    "bytes_from_memory": 83269152.0,
    "bytes_to_memory": 16221545.142857144,
    "total_bytes_rw_mem": 99490697.14285715
}