{
    "l1-I/Dcaches": {
        "demand_fetches": {
            "total": 11159083.23076923,
            "instrn": 0.0,
            "data": 11159083.23076923,
            "read": 9886628.0,
            "write": 1272455.2307692308,
            "misc": 0.0
        },
        "demand_misses": {
            "total": 3394679.923076923,
            "instrn": 0.0,
            "data": 3394679.923076923,
            "read": 2914695.3846153845,
            "write": 479984.53846153844,
            "misc": 0.0
        },
        "demand_miss_rate": {
            "total": 0.2804538461538462,
            "instrn": 0.0,
            "data": 0.2804538461538462,
            "read": 0.27094615384615384,
            "write": 0.3437,
            "misc": 0.0
        },
        "bytes_from_memory": 54314878.76923077,
        "bytes_to_memory": 7961720.615384615,
        "total_bytes_rw_mem": 62276599.384615384
    },
    "l2-ucache": {
        "demand_fetches": {
            "total": 3892287.4615384615,
            "instrn": 0.0,
            "data": 3892287.4615384615,
            "read": 3394679.923076923,
            "write": 497607.53846153844,
            "misc": 0.0
        },
        "demand_misses": {
            "total": 799859.2307692308,
            "instrn": 0.0,
            "data": 799859.2307692308,
            "read": 799852.6153846154,
            "write": 6.615384615384615,
            "misc": 0.0
        },
        "demand_miss_rate": {
            "total": 0.1879923076923077,
            "instrn": 0.0,
            "data": 0.1879923076923077,
            "read": 0.21956153846153842,
            "write": 1.5384615384615384e-05,
            "misc": 0.0
        },
        "bytes_from_memory": 51190990.76923077,
        "bytes_to_memory": 7996356.923076923,
        "total_bytes_rw_mem": 59187347.692307696
    }
}