{
    "demand_fetches": {
        "total": 21086884.307692308,
        "instrn": 0.0,
        "data": 21086884.307692308,
        "read": 19657634.615384616,
        "write": 1429249.6923076923,
        "misc": 0.0
    },
    "demand_misses": {
        "total": 5890925.076923077,
        "instrn": 0.0,
        "data": 5890925.076923077,
        "read": 5484073.615384615,
        "write": 406851.46153846156,
        "misc": 0.0
    },
    "demand_miss_rate": {
        "total": 0.2571076923076923,
        "instrn": 0.0,
        "data": 0.2571076923076923,
        "read": 0.25589999999999996,
        "write": 0.26833076923076926,
        "misc": 0.0
    },
    "bytes_from_memory": 94254801.23076923,
    "bytes_to_memory": 7000087.384615385,
    "total_bytes_rw_mem": 101254888.61538461
}