{
    "demand_fetches": {
        "total": 10581582.846153846,
        "instrn": 0.0,
        "data": 10581582.846153846,
        "read": 9676558.384615384,
        "write": 905024.4615384615,
        "misc": 0.0
    },
    "demand_misses": {
        "total": 1200203.923076923,
        "instrn": 0.0,
        "data": 1200203.923076923,
        "read": 1107448.7692307692,
        "write": 92755.15384615384,
        "misc": 0.0
    },
    "demand_miss_rate": {
        "total": 0.10243846153846153,
        "instrn": 0.0,
        "data": 0.10243846153846153,
        "read": 0.1036,
        "write": 0.09315384615384614,
        "misc": 0.0
    },
    "bytes_from_memory": 76813051.07692307,
    "bytes_to_memory": 6835854.769230769,
    "total_bytes_rw_mem": 83648905.84615384
}