{
    "demand_fetches": {
        "total": 21086884.307692308,
        "instrn": 0.0,
        "data": 21086884.307692308,
        "read": 19657634.615384616,
        "write": 1429249.6923076923,
        "misc": 0.0
    },
    "demand_misses": {
        "total": 5137880.0,
        "instrn": 0.0,
        "data": 5137880.0,
        "read": 4857253.0,
        "write": 280627.0,
        "misc": 0.0
    },
    "demand_miss_rate": {
        "total": 0.2215692307692308,
        "instrn": 0.0,
        "data": 0.2215692307692308,
        "read": 0.22512307692307695,
        "write": 0.1809153846153846,
        "misc": 0.0
    },
    "bytes_from_memory": 164412160.0,
    "bytes_to_memory": 11774951.384615384,
    "total_bytes_rw_mem": 176187111.3846154
}