{
    "demand_fetches": {
        "total": 5574400.076923077,
        "instrn": 0.0,
        "data": 5574400.076923077,
        "read": 4982210.769230769,
        "write": 592189.3076923077,
        "misc": 0.0
    },
    "demand_misses": {
        "total": 1384411.0,
        "instrn": 0.0,
        "data": 1384411.0,
        "read": 1262842.3076923077,
        "write": 121568.69230769231,
        "misc": 0.0
    },
    "demand_miss_rate": {
        "total": 0.22865384615384615,
        "instrn": 0.0,
        "data": 0.22865384615384615,
        "read": 0.2355923076923077,
        "write": 0.18907692307692311,
        "misc": 0.0
    },
    "bytes_from_memory": 44301152.0,
    "bytes_to_memory": 4390318.769230769,
    "total_bytes_rw_mem": 48691470.76923077
}