{
    "demand_fetches": {
        "total": 5213475.357142857,
        "instrn": 0.0,
        "data": 5213475.357142857,
        "read": 4637549.0,
        "write": 575926.3571428572,
        "misc": 0.0
    },
    "demand_misses": {
        "total": 1232215.9285714286,
        "instrn": 0.0,
        "data": 1232215.9285714286,
        "read": 1121740.5,
        "write": 110475.42857142857,
        "misc": 0.0
    },
    "demand_miss_rate": {
        "total": 0.19800714285714285,
        "instrn": 0.0,
        "data": 0.19800714285714285,
        "read": 0.20395,
        "write": 0.16318571428571427,
        "misc": 0.0
    },
    "bytes_from_memory": 39430909.71428572,
    "bytes_to_memory": 3857065.1428571427,
    "total_bytes_rw_mem": 43287974.85714286
}