{
    "demand_fetches": {
        "total": 9909068.142857144,
        "instrn": 0.0,
        "data": 9909068.142857144,
        "read": 9015900.142857144,
        "write": 893168.0,
        "misc": 0.0
    },
    "demand_misses": {
        "total": 3858487.3571428573,
        "instrn": 0.0,
        "data": 3858487.3571428573,
        "read": 3506684.214285714,
        "write": 351803.14285714284,
        "misc": 0.0
    },
    "demand_miss_rate": {
        "total": 0.3302714285714286,
        "instrn": 0.0,
        "data": 0.3302714285714286,
        "read": 0.32989999999999997,
        "write": 0.3337214285714286,
        "misc": 0.0
    },
    "bytes_from_memory": 61735797.71428572,
    "bytes_to_memory": 6116643.428571428,
    "total_bytes_rw_mem": 67852441.14285715
}