{
    "demand_fetches": {
        "total": 5291166.928571428,
        "instrn": 0.0,
        "data": 5291166.928571428,
        "read": 4662116.428571428,
        "write": 629050.5,
        "misc": 0.0
    },
    "demand_misses": {
        "total": 1239510.7857142857,
        "instrn": 0.0,
        "data": 1239510.7857142857,
        "read": 1118743.5714285714,
        "write": 120767.21428571429,
        "misc": 0.0
    },
    "demand_miss_rate": {
        "total": 0.19802857142857141,
        "instrn": 0.0,
        "data": 0.19802857142857141,
        "read": 0.20422142857142855,
        "write": 0.16344285714285714,
        "misc": 0.0
    },
    "bytes_from_memory": 39664345.14285714,
    "bytes_to_memory": 4252774.857142857,
    "total_bytes_rw_mem": 43917120.0
}