{
    "demand_fetches": {
        "total": 5291211.071428572,
        "instrn": 0.0,
        "data": 5291211.071428572,
        "read": 4662140.214285715,
        "write": 629070.8571428572,
        "misc": 0.0
    },
    "demand_misses": {
        "total": 2403629.6428571427,
        "instrn": 0.0,
        "data": 2403629.6428571427,
        "read": 2171607.714285714,
        "write": 232021.92857142858,
        "misc": 0.0
    },
    "demand_miss_rate": {
        "total": 0.38030714285714284,
        "instrn": 0.0,
        "data": 0.38030714285714284,
        "read": 0.3915,
        "write": 0.3144285714285714,
        "misc": 0.0
    },
    "bytes_from_memory": 38458074.28571428,
    "bytes_to_memory": 3885672.0,
    "total_bytes_rw_mem": 42343746.28571428
}