{
    "demand_fetches": {
        "total": 5592432.076923077,
        "instrn": 0.0,
        "data": 5592432.076923077,
        "read": 4987094.692307692,
        "write": 605337.3846153846,
        "misc": 0.0
    },
    "demand_misses": {
        "total": 1347951.076923077,
        "instrn": 0.0,
        "data": 1347951.076923077,
        "read": 1227412.6153846155,
        "write": 120538.46153846153,
        "misc": 0.0
    },
    "demand_miss_rate": {
        "total": 0.22040769230769233,
        "instrn": 0.0,
        "data": 0.22040769230769233,
        "read": 0.22706153846153845,
        "write": 0.1828153846153846,
        "misc": 0.0
    },
    "bytes_from_memory": 43134434.461538464,
    "bytes_to_memory": 4286176.0,
    "total_bytes_rw_mem": 47420610.461538464
}