{
    "demand_fetches": {
        "total": 5542834.307692308,
        "instrn": 0.0,
        "data": 5542834.307692308,
        "read": 4973664.076923077,
        "write": 569170.2307692308,
        "misc": 0.0
    },
    "demand_misses": {
        "total": 2217626.6923076925,
        "instrn": 0.0,
        "data": 2217626.6923076925,
        "read": 2002622.6153846155,
        "write": 215004.07692307694,
        "misc": 0.0
    },
    "demand_miss_rate": {
        "total": 0.3617307692307692,
        "instrn": 0.0,
        "data": 0.3617307692307692,
        "read": 0.36426153846153847,
        "write": 0.3447692307692308,
        "misc": 0.0
    },
    "bytes_from_memory": 35482027.07692308,
    "bytes_to_memory": 3620153.846153846,
    "total_bytes_rw_mem": 39102180.92307692
}