{
    "demand_fetches": {
        "total": 30488086.615384616,
        "instrn": 0.0,
        "data": 30488086.615384616,
        "read": 24886322.692307692,
        "write": 5601763.923076923,
        "misc": 0.0
    },
    "demand_misses": {
        "total": 1846640.0,
        "instrn": 0.0,
        "data": 1846640.0,
        "read": 1232677.3076923077,
        "write": 613962.6923076923,
        "misc": 0.0
    },
    "demand_miss_rate": {
        "total": 0.05464615384615383,
        "instrn": 0.0,
        "data": 0.05464615384615383,
        "read": 0.04436153846153846,
        "write": 0.09853076923076923,
        "misc": 0.0
    },
    "bytes_from_memory": 118184960.0,
    "bytes_to_memory": 40294695.384615384,
    "total_bytes_rw_mem": 158479655.3846154
}