{
    "demand_fetches": {
        "total": 14605860.461538462,
        "instrn": 0.0,
        "data": 14605860.461538462,
        "read": 11120620.153846154,
        "write": 3485240.3076923075,
        "misc": 0.0
    },
    "demand_misses": {
        "total": 1938857.5384615385,
        "instrn": 0.0,
        "data": 1938857.5384615385,
        "read": 1285447.4615384615,
        "write": 653410.0769230769,
        "misc": 0.0
    },
    "demand_miss_rate": {
        "total": 0.11983846153846153,
        "instrn": 0.0,
        "data": 0.11983846153846153,
        "read": 0.10307692307692308,
        "write": 0.17042307692307693,
        "misc": 0.0
    },
    "bytes_from_memory": 62043441.23076923,
    "bytes_to_memory": 21333499.076923076,
    "total_bytes_rw_mem": 83376940.3076923
}