{
    "demand_fetches": {
        "total": 10361724.57142857,
        "instrn": 0.0,
        "data": 10361724.57142857,
        "read": 9180187.714285715,
        "write": 1181536.857142857,
        "misc": 0.0
    },
    "demand_misses": {
        "total": 1482882.4285714286,
        "instrn": 0.0,
        "data": 1482882.4285714286,
        "read": 1261455.0,
        "write": 221427.42857142858,
        "misc": 0.0
    },
    "demand_miss_rate": {
        "total": 0.12345000000000002,
        "instrn": 0.0,
        "data": 0.12345000000000002,
        "read": 0.1182,
        "write": 0.15844999999999998,
        "misc": 0.0
    },
    "bytes_from_memory": 47452237.71428572,
    "bytes_to_memory": 7327609.142857143,
    "total_bytes_rw_mem": 54779846.85714286
}