{
    "demand_fetches": {
        "total": 18681704.285714287,
        "instrn": 0.0,
        "data": 18681704.285714287,
        "read": 17715672.214285713,
        "write": 966032.0714285715,
        "misc": 0.0
    },
    "demand_misses": {
        "total": 2768893.285714286,
        "instrn": 0.0,
        "data": 2768893.285714286,
        "read": 2614307.5,
        "write": 154585.7857142857,
        "misc": 0.0
    },
    "demand_miss_rate": {
        "total": 0.12613571428571427,
        "instrn": 0.0,
        "data": 0.12613571428571427,
        "read": 0.12514285714285717,
        "write": 0.13830714285714285,
        "misc": 0.0
    },
    "bytes_from_memory": 88604585.14285715,
    "bytes_to_memory": 5367494.857142857,
    "total_bytes_rw_mem": 93972080.0
}