{
    "demand_fetches": {
        "total": 21086884.307692308,
        "instrn": 0.0,
        "data": 21086884.307692308,
        "read": 19657634.615384616,
        "write": 1429249.6923076923,
        "misc": 0.0
    },
    "demand_misses": {
        "total": 5860178.153846154,
        "instrn": 0.0,
        "data": 5860178.153846154,
        "read": 5455409.384615385,
        "write": 404768.76923076925,
        "misc": 0.0
    },
    "demand_miss_rate": {
        "total": 0.25553076923076923,
        "instrn": 0.0,
        "data": 0.25553076923076923,
        "read": 0.2542461538461539,
        "write": 0.2670153846153846,
        "misc": 0.0
    },
    "bytes_from_memory": 93762850.46153846,
    "bytes_to_memory": 6933847.384615385,
    "total_bytes_rw_mem": 100696697.84615384
}