{
    "demand_fetches": {
        "total": 18610525.285714287,
        "instrn": 0.0,
        "data": 18610525.285714287,
        "read": 17654362.285714287,
        "write": 956163.0,
        "misc": 0.0
    },
    "demand_misses": {
        "total": 4077540.285714286,
        "instrn": 0.0,
        "data": 4077540.285714286,
        "read": 3901534.4285714286,
        "write": 176005.85714285713,
        "misc": 0.0
    },
    "demand_miss_rate": {
        "total": 0.17671428571428574,
        "instrn": 0.0,
        "data": 0.17671428571428574,
        "read": 0.17760714285714285,
        "write": 0.15871428571428572,
        "misc": 0.0
    },
    "bytes_from_memory": 130481289.14285715,
    "bytes_to_memory": 6624713.142857143,
    "total_bytes_rw_mem": 137106002.2857143
}