{
    "demand_fetches": {
        "total": 9909112.285714285,
        "instrn": 0.0,
        "data": 9909112.285714285,
        "read": 9015925.285714285,
        "write": 893187.0,
        "misc": 0.0
    },
    "demand_misses": {
        "total": 1017839.7142857143,
        "instrn": 0.0,
        "data": 1017839.7142857143,
        "read": 925612.7857142857,
        "write": 92226.92857142857,
        "misc": 0.0
    },
    "demand_miss_rate": {
        "total": 0.08730714285714285,
        "instrn": 0.0,
        "data": 0.08730714285714285,
        "read": 0.08743571428571428,
        "write": 0.08698571428571429,
        "misc": 0.0
    },
    "bytes_from_memory": 65141741.71428572,
    "bytes_to_memory": 6788690.285714285,
    "total_bytes_rw_mem": 71930432.0
}