{
    "demand_fetches": {
        "total": 55505.57142857143,
        "instrn": 0.0,
        "data": 55505.57142857143,
        "read": 32970.71428571428,
        "write": 22534.85714285714,
        "misc": 0.0
    },
    "demand_misses": {
        "total": 17974.071428571428,
        "instrn": 0.0,
        "data": 17974.071428571428,
        "read": 4806.642857142857,
        "write": 13167.42857142857,
        "misc": 0.0
    },
    "demand_miss_rate": {
        "total": 0.2261857142857143,
        "instrn": 0.0,
        "data": 0.2261857142857143,
        "read": 0.14895714285714284,
        "write": 0.3280785714285715,
        "misc": 0.0
    },
    "bytes_from_memory": 575170.2857142857,
    "bytes_to_memory": 434340.5714285714,
    "total_bytes_rw_mem": 1009510.8571428572
}