{
    "demand_fetches": {
        "total": 18610525.285714287,
        "instrn": 0.0,
        "data": 18610525.285714287,
        "read": 17654362.285714287,
        "write": 956163.0,
        "misc": 0.0
    },
    "demand_misses": {
        "total": 4549436.928571428,
        "instrn": 0.0,
        "data": 4549436.928571428,
        "read": 4356173.142857143,
        "write": 193263.7857142857,
        "misc": 0.0
    },
    "demand_miss_rate": {
        "total": 0.21004285714285714,
        "instrn": 0.0,
        "data": 0.21004285714285714,
        "read": 0.21262857142857142,
        "write": 0.17420714285714287,
        "misc": 0.0
    },
    "bytes_from_memory": 145581981.7142857,
    "bytes_to_memory": 7570820.571428572,
    "total_bytes_rw_mem": 153152802.2857143
}