{
    "demand_fetches": {
        "total": 10361724.57142857,
        "instrn": 0.0,
        "data": 10361724.57142857,
        "read": 9180187.714285715,
        "write": 1181536.857142857,
        "misc": 0.0
    },
    "demand_misses": {
        "total": 2533645.3571428573,
        "instrn": 0.0,
        "data": 2533645.3571428573,
        "read": 2279488.9285714286,
        "write": 254156.42857142858,
        "misc": 0.0
    },
    "demand_miss_rate": {
        "total": 0.20771428571428574,
        "instrn": 0.0,
        "data": 0.20771428571428574,
        "read": 0.21169285714285715,
        "write": 0.18205,
        "misc": 0.0
    },
    "bytes_from_memory": 81076651.42857143,
    "bytes_to_memory": 9343229.714285715,
    "total_bytes_rw_mem": 90419881.14285715
}