{
    "demand_fetches": {
        "total": 9909068.142857144,
        "instrn": 0.0,
        "data": 9909068.142857144,
        "read": 9015900.142857144,
        "write": 893168.0,
        "misc": 0.0
    },
    "demand_misses": {
        "total": 776170.9285714285,
        "instrn": 0.0,
        "data": 776170.9285714285,
        "read": 691425.5714285715,
        "write": 84745.35714285714,
        "misc": 0.0
    },
    "demand_miss_rate": {
        "total": 0.06749285714285716,
        "instrn": 0.0,
        "data": 0.06749285714285716,
        "read": 0.06587857142857143,
        "write": 0.08034285714285713,
        "misc": 0.0
    },
    "bytes_from_memory": 49674939.428571425,
    "bytes_to_memory": 5809961.142857143,
    "total_bytes_rw_mem": 55484900.571428575
}