{
    "demand_fetches": {
        "total": 74984.71428571429,
        "instrn": 0.0,
        "data": 74984.71428571429,
        "read": 47629.07142857143,
        "write": 27355.64285714286,
        "misc": 0.0
    },
    "demand_misses": {
        "total": 26354.714285714286,
        "instrn": 0.0,
        "data": 26354.714285714286,
        "read": 12000.07142857143,
        "write": 14354.642857142857,
        "misc": 0.0
    },
    "demand_miss_rate": {
        "total": 0.2136428571428572,
        "instrn": 0.0,
        "data": 0.2136428571428572,
        "read": 0.16060714285714286,
        "write": 0.3062214285714286,
        "misc": 0.0
    },
    "bytes_from_memory": 843350.8571428572,
    "bytes_to_memory": 473808.0,
    "total_bytes_rw_mem": 1317158.857142857
}