{
    "demand_fetches": {
        "total": 11374004.785714285,
        "instrn": 0.0,
        "data": 11374004.785714285,
        "read": 9542798.0,
        "write": 1831206.7857142857,
        "misc": 0.0
    },
    "demand_misses": {
        "total": 819256.7142857143,
        "instrn": 0.0,
        "data": 819256.7142857143,
        "read": 644665.2142857143,
        "write": 174591.5,
        "misc": 0.0
    },
    "demand_miss_rate": {
        "total": 0.062071428571428576,
        "instrn": 0.0,
        "data": 0.062071428571428576,
        "read": 0.05823571428571428,
        "write": 0.08059285714285715,
        "misc": 0.0
    },
    "bytes_from_memory": 52432429.71428572,
    "bytes_to_memory": 11731707.42857143,
    "total_bytes_rw_mem": 64164137.14285714
}