{
    "demand_fetches": {
        "total": 26140940.35714286,
        "instrn": 0.0,
        "data": 26140940.35714286,
        "read": 24017767.14285714,
        "write": 2123173.214285714,
        "misc": 0.0
    },
    "demand_misses": {
        "total": 7287835.285714285,
        "instrn": 0.0,
        "data": 7287835.285714285,
        "read": 6700459.214285715,
        "write": 587376.0714285715,
        "misc": 0.0
    },
    "demand_miss_rate": {
        "total": 0.2591642857142857,
        "instrn": 0.0,
        "data": 0.2591642857142857,
        "read": 0.2585928571428571,
        "write": 0.2630285714285714,
        "misc": 0.0
    },
    "bytes_from_memory": 116605364.57142857,
    "bytes_to_memory": 10318365.714285715,
    "total_bytes_rw_mem": 126923730.28571428
}