{
    "demand_fetches": {
        "total": 45098.357142857145,
        "instrn": 0.0,
        "data": 45098.357142857145,
        "read": 27033.5,
        "write": 18064.85714285714,
        "misc": 0.0
    },
    "demand_misses": {
        "total": 13437.42857142857,
        "instrn": 0.0,
        "data": 13437.42857142857,
        "read": 4611.857142857143,
        "write": 8825.57142857143,
        "misc": 0.0
    },
    "demand_miss_rate": {
        "total": 0.2006714285714286,
        "instrn": 0.0,
        "data": 0.2006714285714286,
        "read": 0.1372857142857143,
        "write": 0.2931571428571429,
        "misc": 0.0
    },
    "bytes_from_memory": 214998.85714285713,
    "bytes_to_memory": 148829.7142857143,
    "total_bytes_rw_mem": 363828.5714285714
}