{
    "demand_fetches": {
        "total": 10538876.538461538,
        "instrn": 0.0,
        "data": 10538876.538461538,
        "read": 9658823.923076924,
        "write": 880052.6153846154,
        "misc": 0.0
    },
    "demand_misses": {
        "total": 5025837.153846154,
        "instrn": 0.0,
        "data": 5025837.153846154,
        "read": 4677005.923076923,
        "write": 348831.23076923075,
        "misc": 0.0
    },
    "demand_miss_rate": {
        "total": 0.43325384615384616,
        "instrn": 0.0,
        "data": 0.43325384615384616,
        "read": 0.44170000000000004,
        "write": 0.3642846153846154,
        "misc": 0.0
    },
    "bytes_from_memory": 80413394.46153846,
    "bytes_to_memory": 6065044.923076923,
    "total_bytes_rw_mem": 86478439.38461539
}