{
    "demand_fetches": {
        "total": 9774315.714285715,
        "instrn": 0.0,
        "data": 9774315.714285715,
        "read": 8964283.0,
        "write": 810032.7142857143,
        "misc": 0.0
    },
    "demand_misses": {
        "total": 1694076.9285714286,
        "instrn": 0.0,
        "data": 1694076.9285714286,
        "read": 1542812.4285714286,
        "write": 151264.5,
        "misc": 0.0
    },
    "demand_miss_rate": {
        "total": 0.14655714285714283,
        "instrn": 0.0,
        "data": 0.14655714285714283,
        "read": 0.14500714285714286,
        "write": 0.15832857142857143,
        "misc": 0.0
    },
    "bytes_from_memory": 54210461.71428572,
    "bytes_to_memory": 5148171.428571428,
    "total_bytes_rw_mem": 59358633.14285714
}