{
    "power": {
        "0x40": 830.3158542174217,
        "0x41": 5.261417432052682,
        "0x44": 1711.3361899718916,
        "0x45": 865.1458946110555,
        "0x48": 1011.528050749746,
        "0x4c": 619.0231217900556
    },
    "current": {
        "0x40": 166.285302202441,
        "0x41": -0.6223237113402029,
        "0x44": 516.112272961581,
        "0x45": 857.0402111996225,
        "0x48": 564.0762679475031,
        "0x4c": 413.8317586223043
    },
    "energy": {
        "0x40": 45152.224390900235,
        "0x41": 286.1542951999946,
        "0x44": 93059.93694120078,
        "0x45": 47046.48066350028,
        "0x48": 55006.04827140055,
        "0x4c": 33662.64552520002
    }
}