{
    "demand_fetches": {
        "total": 56153.21428571428,
        "instrn": 0.0,
        "data": 56153.21428571428,
        "read": 39110.142857142855,
        "write": 17043.071428571428,
        "misc": 0.0
    },
    "demand_misses": {
        "total": 11025.785714285714,
        "instrn": 0.0,
        "data": 11025.785714285714,
        "read": 5882.428571428572,
        "write": 5143.357142857143,
        "misc": 0.0
    },
    "demand_miss_rate": {
        "total": 0.14539285714285713,
        "instrn": 0.0,
        "data": 0.14539285714285713,
        "read": 0.11714285714285713,
        "write": 0.2099642857142857,
        "misc": 0.0
    },
    "bytes_from_memory": 176412.57142857142,
    "bytes_to_memory": 91641.14285714286,
    "total_bytes_rw_mem": 268053.71428571426
}