{
    "demand_fetches": {
        "total": 5212973.285714285,
        "instrn": 0.0,
        "data": 5212973.285714285,
        "read": 4647427.142857143,
        "write": 565546.1428571428,
        "misc": 0.0
    },
    "demand_misses": {
        "total": 2096450.0,
        "instrn": 0.0,
        "data": 2096450.0,
        "read": 1876294.2142857143,
        "write": 220155.7857142857,
        "misc": 0.0
    },
    "demand_miss_rate": {
        "total": 0.3397785714285715,
        "instrn": 0.0,
        "data": 0.3397785714285715,
        "read": 0.3415285714285714,
        "write": 0.32885714285714285,
        "misc": 0.0
    },
    "bytes_from_memory": 33543200.0,
    "bytes_to_memory": 3781021.714285714,
    "total_bytes_rw_mem": 37324221.71428572
}