{
    "demand_fetches": {
        "total": 24717886.384615384,
        "instrn": 0.0,
        "data": 24717886.384615384,
        "read": 21686687.46153846,
        "write": 3031198.923076923,
        "misc": 0.0
    },
    "demand_misses": {
        "total": 3285003.846153846,
        "instrn": 0.0,
        "data": 3285003.846153846,
        "read": 2870552.230769231,
        "write": 414451.6153846154,
        "misc": 0.0
    },
    "demand_miss_rate": {
        "total": 0.12329230769230767,
        "instrn": 0.0,
        "data": 0.12329230769230767,
        "read": 0.12257692307692308,
        "write": 0.12791538461538463,
        "misc": 0.0
    },
    "bytes_from_memory": 105120123.07692307,
    "bytes_to_memory": 14852514.461538462,
    "total_bytes_rw_mem": 119972637.53846154
}