{
    "demand_fetches": {
        "total": 10361724.57142857,
        "instrn": 0.0,
        "data": 10361724.57142857,
        "read": 9180187.714285715,
        "write": 1181536.857142857,
        "misc": 0.0
    },
    "demand_misses": {
        "total": 3497146.714285714,
        "instrn": 0.0,
        "data": 3497146.714285714,
        "read": 3039186.3571428573,
        "write": 457960.35714285716,
        "misc": 0.0
    },
    "demand_miss_rate": {
        "total": 0.2886357142857143,
        "instrn": 0.0,
        "data": 0.2886357142857143,
        "read": 0.2827,
        "write": 0.3283142857142857,
        "misc": 0.0
    },
    "bytes_from_memory": 55954347.428571425,
    "bytes_to_memory": 7788115.428571428,
    "total_bytes_rw_mem": 63742462.85714286
}