{
    "demand_fetches": {
        "total": 6953170.357142857,
        "instrn": 0.0,
        "data": 6953170.357142857,
        "read": 6063401.928571428,
        "write": 889768.4285714285,
        "misc": 0.0
    },
    "demand_misses": {
        "total": 567318.0714285715,
        "instrn": 0.0,
        "data": 567318.0714285715,
        "read": 482744.5,
        "write": 84573.57142857143,
        "misc": 0.0
    },
    "demand_miss_rate": {
        "total": 0.07467142857142857,
        "instrn": 0.0,
        "data": 0.07467142857142857,
        "read": 0.0725642857142857,
        "write": 0.08678571428571429,
        "misc": 0.0
    },
    "bytes_from_memory": 36308356.571428575,
    "bytes_to_memory": 5814765.714285715,
    "total_bytes_rw_mem": 42123122.28571428
}