{
    "demand_fetches": {
        "total": 24717886.384615384,
        "instrn": 0.0,
        "data": 24717886.384615384,
        "read": 21686687.46153846,
        "write": 3031198.923076923,
        "misc": 0.0
    },
    "demand_misses": {
        "total": 1577728.7692307692,
        "instrn": 0.0,
        "data": 1577728.7692307692,
        "read": 1247064.0,
        "write": 330664.76923076925,
        "misc": 0.0
    },
    "demand_miss_rate": {
        "total": 0.05926153846153846,
        "instrn": 0.0,
        "data": 0.05926153846153846,
        "read": 0.053399999999999996,
        "write": 0.09833076923076924,
        "misc": 0.0
    },
    "bytes_from_memory": 100974641.23076923,
    "bytes_to_memory": 21909376.0,
    "total_bytes_rw_mem": 122884017.23076923
}