{
    "demand_fetches": {
        "total": 13819035.384615384,
        "instrn": 0.0,
        "data": 13819035.384615384,
        "read": 12510103.538461538,
        "write": 1308931.8461538462,
        "misc": 0.0
    },
    "demand_misses": {
        "total": 4075565.153846154,
        "instrn": 0.0,
        "data": 4075565.153846154,
        "read": 3588713.4615384615,
        "write": 486851.6923076923,
        "misc": 0.0
    },
    "demand_miss_rate": {
        "total": 0.2954923076923077,
        "instrn": 0.0,
        "data": 0.2954923076923077,
        "read": 0.28615384615384615,
        "write": 0.36713076923076926,
        "misc": 0.0
    },
    "bytes_from_memory": 65209042.461538464,
    "bytes_to_memory": 8012823.384615385,
    "total_bytes_rw_mem": 73221865.84615384
}