{
    "demand_fetches": {
        "total": 85755.07142857143,
        "instrn": 0.0,
        "data": 85755.07142857143,
        "read": 51953.0,
        "write": 33802.07142857143,
        "misc": 0.0
    },
    "demand_misses": {
        "total": 37366.57142857143,
        "instrn": 0.0,
        "data": 37366.57142857143,
        "read": 14951.785714285714,
        "write": 22414.785714285714,
        "misc": 0.0
    },
    "demand_miss_rate": {
        "total": 0.24876428571428574,
        "instrn": 0.0,
        "data": 0.24876428571428574,
        "read": 0.17535714285714282,
        "write": 0.36990714285714293,
        "misc": 0.0
    },
    "bytes_from_memory": 1195730.2857142857,
    "bytes_to_memory": 731222.8571428572,
    "total_bytes_rw_mem": 1926953.142857143
}