{
    "demand_fetches": {
        "total": 9802103.142857144,
        "instrn": 0.0,
        "data": 9802103.142857144,
        "read": 8971251.642857144,
        "write": 830851.5,
        "misc": 0.0
    },
    "demand_misses": {
        "total": 942061.8571428572,
        "instrn": 0.0,
        "data": 942061.8571428572,
        "read": 863949.2142857143,
        "write": 78112.64285714286,
        "misc": 0.0
    },
    "demand_miss_rate": {
        "total": 0.07897142857142858,
        "instrn": 0.0,
        "data": 0.07897142857142858,
        "read": 0.07867857142857142,
        "write": 0.07983571428571427,
        "misc": 0.0
    },
    "bytes_from_memory": 60291958.85714286,
    "bytes_to_memory": 5479273.142857143,
    "total_bytes_rw_mem": 65771232.0
}