{
    "demand_fetches": {
        "total": 165444.42857142858,
        "instrn": 0.0,
        "data": 165444.42857142858,
        "read": 88587.14285714286,
        "write": 76857.28571428571,
        "misc": 0.0
    },
    "demand_misses": {
        "total": 116888.5,
        "instrn": 0.0,
        "data": 116888.5,
        "read": 54171.5,
        "write": 62717.0,
        "misc": 0.0
    },
    "demand_miss_rate": {
        "total": 0.47091428571428573,
        "instrn": 0.0,
        "data": 0.47091428571428573,
        "read": 0.4434785714285714,
        "write": 0.4838571428571428,
        "misc": 0.0
    },
    "bytes_from_memory": 1870216.0,
    "bytes_to_memory": 1016133.7142857143,
    "total_bytes_rw_mem": 2886349.714285714
}