{
    "demand_fetches": {
        "total": 10361724.57142857,
        "instrn": 0.0,
        "data": 10361724.57142857,
        "read": 9180187.714285715,
        "write": 1181536.857142857,
        "misc": 0.0
    },
    "demand_misses": {
        "total": 1315271.7857142857,
        "instrn": 0.0,
        "data": 1315271.7857142857,
        "read": 1182388.4285714286,
        "write": 132883.35714285713,
        "misc": 0.0
    },
    "demand_miss_rate": {
        "total": 0.10974285714285716,
        "instrn": 0.0,
        "data": 0.10974285714285716,
        "read": 0.11211428571428571,
        "write": 0.09524285714285714,
        "misc": 0.0
    },
    "bytes_from_memory": 84177394.28571428,
    "bytes_to_memory": 10283382.857142856,
    "total_bytes_rw_mem": 94460777.14285715
}