{
    "demand_fetches": {
        "total": 20199630.46153846,
        "instrn": 0.0,
        "data": 20199630.46153846,
        "read": 19130452.615384616,
        "write": 1069177.8461538462,
        "misc": 0.0
    },
    "demand_misses": {
        "total": 2568333.4615384615,
        "instrn": 0.0,
        "data": 2568333.4615384615,
        "read": 2427995.4615384615,
        "write": 140338.0,
        "misc": 0.0
    },
    "demand_miss_rate": {
        "total": 0.11795384615384616,
        "instrn": 0.0,
        "data": 0.11795384615384616,
        "read": 0.11807692307692307,
        "write": 0.11801538461538462,
        "misc": 0.0
    },
    "bytes_from_memory": 164373341.53846154,
    "bytes_to_memory": 11416093.538461538,
    "total_bytes_rw_mem": 175789435.07692307
}