{
    "demand_fetches": {
        "total": 117406.64285714286,
        "instrn": 0.0,
        "data": 117406.64285714286,
        "read": 73725.42857142857,
        "write": 43681.21428571428,
        "misc": 0.0
    },
    "demand_misses": {
        "total": 46401.5,
        "instrn": 0.0,
        "data": 46401.5,
        "read": 22877.285714285714,
        "write": 23524.214285714286,
        "misc": 0.0
    },
    "demand_miss_rate": {
        "total": 0.24254285714285717,
        "instrn": 0.0,
        "data": 0.24254285714285717,
        "read": 0.20404285714285714,
        "write": 0.3083,
        "misc": 0.0
    },
    "bytes_from_memory": 2969696.0,
    "bytes_to_memory": 1534829.7142857143,
    "total_bytes_rw_mem": 4504525.714285715
}