{
    "demand_fetches": {
        "total": 129662.53846153847,
        "instrn": 0.0,
        "data": 129662.53846153847,
        "read": 46295.307692307695,
        "write": 83367.23076923077,
        "misc": 0.0
    },
    "demand_misses": {
        "total": 91305.15384615384,
        "instrn": 0.0,
        "data": 91305.15384615384,
        "read": 20219.153846153848,
        "write": 71086.0,
        "misc": 0.0
    },
    "demand_miss_rate": {
        "total": 0.4414923076923077,
        "instrn": 0.0,
        "data": 0.4414923076923077,
        "read": 0.31719230769230766,
        "write": 0.5388615384615385,
        "misc": 0.0
    },
    "bytes_from_memory": 2921764.923076923,
    "bytes_to_memory": 2290771.6923076925,
    "total_bytes_rw_mem": 5212536.615384615
}