{
    "demand_fetches": {
        "total": 46138.28571428572,
        "instrn": 0.0,
        "data": 46138.28571428572,
        "read": 29109.428571428572,
        "write": 17028.85714285714,
        "misc": 0.0
    },
    "demand_misses": {
        "total": 10836.142857142857,
        "instrn": 0.0,
        "data": 10836.142857142857,
        "read": 4715.571428571428,
        "write": 6120.571428571428,
        "misc": 0.0
    },
    "demand_miss_rate": {
        "total": 0.15879285714285715,
        "instrn": 0.0,
        "data": 0.15879285714285715,
        "read": 0.11775714285714285,
        "write": 0.23113571428571428,
        "misc": 0.0
    },
    "bytes_from_memory": 693513.1428571428,
    "bytes_to_memory": 412105.14285714284,
    "total_bytes_rw_mem": 1105618.2857142857
}