{
    "demand_fetches": {
        "total": 9909068.142857144,
        "instrn": 0.0,
        "data": 9909068.142857144,
        "read": 9015900.142857144,
        "write": 893168.0,
        "misc": 0.0
    },
    "demand_misses": {
        "total": 1538146.0714285714,
        "instrn": 0.0,
        "data": 1538146.0714285714,
        "read": 1370211.7857142857,
        "write": 167934.2857142857,
        "misc": 0.0
    },
    "demand_miss_rate": {
        "total": 0.13337857142857143,
        "instrn": 0.0,
        "data": 0.13337857142857143,
        "read": 0.13012142857142858,
        "write": 0.15924285714285716,
        "misc": 0.0
    },
    "bytes_from_memory": 49220674.28571428,
    "bytes_to_memory": 5645120.0,
    "total_bytes_rw_mem": 54865794.28571428
}