{
    "demand_fetches": {
        "total": 5291166.928571428,
        "instrn": 0.0,
        "data": 5291166.928571428,
        "read": 4662116.428571428,
        "write": 629050.5,
        "misc": 0.0
    },
    "demand_misses": {
        "total": 1183132.2857142857,
        "instrn": 0.0,
        "data": 1183132.2857142857,
        "read": 1068454.0,
        "write": 114678.28571428571,
        "misc": 0.0
    },
    "demand_miss_rate": {
        "total": 0.18227142857142856,
        "instrn": 0.0,
        "data": 0.18227142857142856,
        "read": 0.18632142857142855,
        "write": 0.15512142857142858,
        "misc": 0.0
    },
    "bytes_from_memory": 37860233.14285714,
    "bytes_to_memory": 3881280.0,
    "total_bytes_rw_mem": 41741513.14285714
}