{
    "demand_fetches": {
        "total": 60908.07142857143,
        "instrn": 0.0,
        "data": 60908.07142857143,
        "read": 42158.857142857145,
        "write": 18749.214285714286,
        "misc": 0.0
    },
    "demand_misses": {
        "total": 11036.214285714286,
        "instrn": 0.0,
        "data": 11036.214285714286,
        "read": 6436.928571428572,
        "write": 4599.285714285715,
        "misc": 0.0
    },
    "demand_miss_rate": {
        "total": 0.13740714285714287,
        "instrn": 0.0,
        "data": 0.13740714285714287,
        "read": 0.11931428571428572,
        "write": 0.17859285714285714,
        "misc": 0.0
    },
    "bytes_from_memory": 176579.42857142858,
    "bytes_to_memory": 84144.0,
    "total_bytes_rw_mem": 260723.42857142858
}