{
    "demand_fetches": {
        "total": 13819035.384615384,
        "instrn": 0.0,
        "data": 13819035.384615384,
        "read": 12510103.538461538,
        "write": 1308931.8461538462,
        "misc": 0.0
    },
    "demand_misses": {
        "total": 2557620.5384615385,
        "instrn": 0.0,
        "data": 2557620.5384615385,
        "read": 2299710.153846154,
        "write": 257910.38461538462,
        "misc": 0.0
    },
    "demand_miss_rate": {
        "total": 0.18335384615384615,
        "instrn": 0.0,
        "data": 0.18335384615384615,
        "read": 0.1818923076923077,
        "write": 0.19460769230769231,
        "misc": 0.0
    },
    "bytes_from_memory": 81843857.23076923,
    "bytes_to_memory": 8945624.615384616,
    "total_bytes_rw_mem": 90789481.84615384
}