{
    "demand_fetches": {
        "total": 5213328.142857143,
        "instrn": 0.0,
        "data": 5213328.142857143,
        "read": 4637458.142857143,
        "write": 575870.0,
        "misc": 0.0
    },
    "demand_misses": {
        "total": 626733.2857142857,
        "instrn": 0.0,
        "data": 626733.2857142857,
        "read": 570767.7857142857,
        "write": 55965.5,
        "misc": 0.0
    },
    "demand_miss_rate": {
        "total": 0.10172142857142859,
        "instrn": 0.0,
        "data": 0.10172142857142859,
        "read": 0.10504285714285715,
        "write": 0.08268571428571428,
        "misc": 0.0
    },
    "bytes_from_memory": 40110930.28571428,
    "bytes_to_memory": 4040658.285714286,
    "total_bytes_rw_mem": 44151588.571428575
}