{
    "l1-I/Dcaches": {
        "demand_fetches": {
            "total": 20676751.0,
            "instrn": 0.0,
            "data": 20676751.0,
            "read": 19427084.153846152,
            "write": 1249666.8461538462,
            "misc": 0.0
        },
        "demand_misses": {
            "total": 6008717.384615385,
            "instrn": 0.0,
            "data": 6008717.384615385,
            "read": 5642202.538461538,
            "write": 366514.8461538461,
            "misc": 0.0
        },
        "demand_miss_rate": {
            "total": 0.2669923076923077,
            "instrn": 0.0,
            "data": 0.2669923076923077,
            "read": 0.2658846153846154,
            "write": 0.27712307692307686,
            "misc": 0.0
        },
        "bytes_from_memory": 96139478.15384616,
        "bytes_to_memory": 6324476.307692308,
        "total_bytes_rw_mem": 102463954.46153846
    },
    "l2-ucache": {
        "demand_fetches": {
            "total": 6403997.153846154,
            "instrn": 0.0,
            "data": 6403997.153846154,
            "read": 6008717.384615385,
            "write": 395279.76923076925,
            "misc": 0.0
        },
        "demand_misses": {
            "total": 1450514.6153846155,
            "instrn": 0.0,
            "data": 1450514.6153846155,
            "read": 1450234.923076923,
            "write": 279.6923076923077,
            "misc": 0.0
        },
        "demand_miss_rate": {
            "total": 0.20698461538461538,
            "instrn": 0.0,
            "data": 0.20698461538461538,
            "read": 0.22449230769230766,
            "write": 0.0010153846153846153,
            "misc": 0.0
        },
        "bytes_from_memory": 92832935.38461539,
        "bytes_to_memory": 8931229.538461538,
        "total_bytes_rw_mem": 101764164.92307693
    }
}