{
    "power": {
        "0x40": 821.2196844790968,
        "0x41": 5.155101096121623,
        "0x44": 1705.7676844435275,
        "0x45": 858.6297005902114,
        "0x48": 1010.1467521500743,
        "0x4c": 610.9113647554723
    },
    "current": {
        "0x40": 164.0370506959118,
        "0x41": -0.4721869730185479,
        "0x44": 514.364761635761,
        "0x45": 851.622954932544,
        "0x48": 563.644531492394,
        "0x4c": 408.5470443929085
    },
    "energy": {
        "0x40": 28092.561606599847,
        "0x41": 176.51576799999998,
        "0x44": 58377.83863320033,
        "0x45": 29386.274233299962,
        "0x48": 34570.949644200264,
        "0x4c": 20906.59351859986
    }
}