{
    "demand_fetches": {
        "total": 19213499.92857143,
        "instrn": 0.0,
        "data": 19213499.92857143,
        "read": 18041327.5,
        "write": 1172172.4285714286,
        "misc": 0.0
    },
    "demand_misses": {
        "total": 4036216.8571428573,
        "instrn": 0.0,
        "data": 4036216.8571428573,
        "read": 3815587.5,
        "write": 220629.35714285713,
        "misc": 0.0
    },
    "demand_miss_rate": {
        "total": 0.17799999999999996,
        "instrn": 0.0,
        "data": 0.17799999999999996,
        "read": 0.1793642857142857,
        "write": 0.16112142857142858,
        "misc": 0.0
    },
    "bytes_from_memory": 129158939.42857143,
    "bytes_to_memory": 8906676.57142857,
    "total_bytes_rw_mem": 138065616.0
}