{
    "demand_fetches": {
        "total": 9774315.714285715,
        "instrn": 0.0,
        "data": 9774315.714285715,
        "read": 8964283.0,
        "write": 810032.7142857143,
        "misc": 0.0
    },
    "demand_misses": {
        "total": 1675843.142857143,
        "instrn": 0.0,
        "data": 1675843.142857143,
        "read": 1526229.5,
        "write": 149613.64285714287,
        "misc": 0.0
    },
    "demand_miss_rate": {
        "total": 0.14486428571428572,
        "instrn": 0.0,
        "data": 0.14486428571428572,
        "read": 0.1433142857142857,
        "write": 0.1566642857142857,
        "misc": 0.0
    },
    "bytes_from_memory": 53626980.571428575,
    "bytes_to_memory": 5053801.142857143,
    "total_bytes_rw_mem": 58680781.71428572
}