{
    "demand_fetches": {
        "total": 56153.21428571428,
        "instrn": 0.0,
        "data": 56153.21428571428,
        "read": 39110.142857142855,
        "write": 17043.071428571428,
        "misc": 0.0
    },
    "demand_misses": {
        "total": 9977.92857142857,
        "instrn": 0.0,
        "data": 9977.92857142857,
        "read": 5299.0,
        "write": 4678.928571428572,
        "misc": 0.0
    },
    "demand_miss_rate": {
        "total": 0.12665714285714286,
        "instrn": 0.0,
        "data": 0.12665714285714286,
        "read": 0.10162857142857143,
        "write": 0.18505714285714286,
        "misc": 0.0
    },
    "bytes_from_memory": 638587.4285714285,
    "bytes_to_memory": 320640.0,
    "total_bytes_rw_mem": 959227.4285714285
}