{
    "demand_fetches": {
        "total": 20118611.615384616,
        "instrn": 0.0,
        "data": 20118611.615384616,
        "read": 19078063.846153848,
        "write": 1040547.7692307692,
        "misc": 0.0
    },
    "demand_misses": {
        "total": 6620243.230769231,
        "instrn": 0.0,
        "data": 6620243.230769231,
        "read": 6283864.230769231,
        "write": 336379.0,
        "misc": 0.0
    },
    "demand_miss_rate": {
        "total": 0.29848461538461535,
        "instrn": 0.0,
        "data": 0.29848461538461535,
        "read": 0.29791538461538464,
        "write": 0.3012461538461539,
        "misc": 0.0
    },
    "bytes_from_memory": 105923891.6923077,
    "bytes_to_memory": 5852884.923076923,
    "total_bytes_rw_mem": 111776776.61538461
}