{
    "demand_fetches": {
        "total": 5550060.846153846,
        "instrn": 0.0,
        "data": 5550060.846153846,
        "read": 4978853.230769231,
        "write": 571207.6153846154,
        "misc": 0.0
    },
    "demand_misses": {
        "total": 1379444.2307692308,
        "instrn": 0.0,
        "data": 1379444.2307692308,
        "read": 1262492.0,
        "write": 116952.23076923077,
        "misc": 0.0
    },
    "demand_miss_rate": {
        "total": 0.2287615384615385,
        "instrn": 0.0,
        "data": 0.2287615384615385,
        "read": 0.23547692307692303,
        "write": 0.18773846153846152,
        "misc": 0.0
    },
    "bytes_from_memory": 44142215.384615384,
    "bytes_to_memory": 4194417.230769231,
    "total_bytes_rw_mem": 48336632.615384616
}