{
    "demand_fetches": {
        "total": 5458719.785714285,
        "instrn": 0.0,
        "data": 5458719.785714285,
        "read": 4741325.428571428,
        "write": 717394.3571428572,
        "misc": 0.0
    },
    "demand_misses": {
        "total": 1142358.142857143,
        "instrn": 0.0,
        "data": 1142358.142857143,
        "read": 993982.0714285715,
        "write": 148376.07142857142,
        "misc": 0.0
    },
    "demand_miss_rate": {
        "total": 0.17952142857142858,
        "instrn": 0.0,
        "data": 0.17952142857142858,
        "read": 0.1809,
        "write": 0.17382857142857144,
        "misc": 0.0
    },
    "bytes_from_memory": 36555460.571428575,
    "bytes_to_memory": 5355780.571428572,
    "total_bytes_rw_mem": 41911241.14285714
}