{
    "demand_fetches": {
        "total": 5213475.357142857,
        "instrn": 0.0,
        "data": 5213475.357142857,
        "read": 4637549.0,
        "write": 575926.3571428572,
        "misc": 0.0
    },
    "demand_misses": {
        "total": 2371207.1428571427,
        "instrn": 0.0,
        "data": 2371207.1428571427,
        "read": 2156178.4285714286,
        "write": 215028.7142857143,
        "misc": 0.0
    },
    "demand_miss_rate": {
        "total": 0.37487142857142847,
        "instrn": 0.0,
        "data": 0.37487142857142847,
        "read": 0.38389999999999996,
        "write": 0.3174642857142857,
        "misc": 0.0
    },
    "bytes_from_memory": 37939314.28571428,
    "bytes_to_memory": 3616406.8571428573,
    "total_bytes_rw_mem": 41555721.14285714
}