{
    "demand_fetches": {
        "total": 20330162.076923076,
        "instrn": 0.0,
        "data": 20330162.076923076,
        "read": 19211134.46153846,
        "write": 1119027.6153846155,
        "misc": 0.0
    },
    "demand_misses": {
        "total": 2587113.5384615385,
        "instrn": 0.0,
        "data": 2587113.5384615385,
        "read": 2438417.3846153845,
        "write": 148696.15384615384,
        "misc": 0.0
    },
    "demand_miss_rate": {
        "total": 0.11742307692307692,
        "instrn": 0.0,
        "data": 0.11742307692307692,
        "read": 0.11750000000000001,
        "write": 0.1186692307692308,
        "misc": 0.0
    },
    "bytes_from_memory": 165575266.46153846,
    "bytes_to_memory": 12122963.692307692,
    "total_bytes_rw_mem": 177698230.15384614
}