{
    "demand_fetches": {
        "total": 5550060.846153846,
        "instrn": 0.0,
        "data": 5550060.846153846,
        "read": 4978853.230769231,
        "write": 571207.6153846154,
        "misc": 0.0
    },
    "demand_misses": {
        "total": 1868925.2307692308,
        "instrn": 0.0,
        "data": 1868925.2307692308,
        "read": 1656549.3846153845,
        "write": 212375.84615384616,
        "misc": 0.0
    },
    "demand_miss_rate": {
        "total": 0.30927692307692306,
        "instrn": 0.0,
        "data": 0.30927692307692306,
        "read": 0.30474615384615383,
        "write": 0.33902307692307687,
        "misc": 0.0
    },
    "bytes_from_memory": 29902803.692307692,
    "bytes_to_memory": 3530702.769230769,
    "total_bytes_rw_mem": 33433506.46153846
}