{
    "demand_fetches": {
        "total": 5548853.153846154,
        "instrn": 0.0,
        "data": 5548853.153846154,
        "read": 4974626.0,
        "write": 574227.1538461539,
        "misc": 0.0
    },
    "demand_misses": {
        "total": 1028586.0,
        "instrn": 0.0,
        "data": 1028586.0,
        "read": 922295.6923076923,
        "write": 106290.30769230769,
        "misc": 0.0
    },
    "demand_miss_rate": {
        "total": 0.16867692307692309,
        "instrn": 0.0,
        "data": 0.16867692307692309,
        "read": 0.16864615384615386,
        "write": 0.1688769230769231,
        "misc": 0.0
    },
    "bytes_from_memory": 32914752.0,
    "bytes_to_memory": 3584972.3076923075,
    "total_bytes_rw_mem": 36499724.307692304
}