{
    "demand_fetches": {
        "total": 18610525.285714287,
        "instrn": 0.0,
        "data": 18610525.285714287,
        "read": 17654362.285714287,
        "write": 956163.0,
        "misc": 0.0
    },
    "demand_misses": {
        "total": 4248876.785714285,
        "instrn": 0.0,
        "data": 4248876.785714285,
        "read": 4074313.6428571427,
        "write": 174563.14285714287,
        "misc": 0.0
    },
    "demand_miss_rate": {
        "total": 0.18175,
        "instrn": 0.0,
        "data": 0.18175,
        "read": 0.18304285714285715,
        "write": 0.15710000000000002,
        "misc": 0.0
    },
    "bytes_from_memory": 135964057.14285713,
    "bytes_to_memory": 6528182.857142857,
    "total_bytes_rw_mem": 142492240.0
}