{
    "demand_fetches": {
        "total": 6953170.357142857,
        "instrn": 0.0,
        "data": 6953170.357142857,
        "read": 6063401.928571428,
        "write": 889768.4285714285,
        "misc": 0.0
    },
    "demand_misses": {
        "total": 2162579.0,
        "instrn": 0.0,
        "data": 2162579.0,
        "read": 1830297.0,
        "write": 332282.0,
        "misc": 0.0
    },
    "demand_miss_rate": {
        "total": 0.28740714285714286,
        "instrn": 0.0,
        "data": 0.28740714285714286,
        "read": 0.2779642857142857,
        "write": 0.3412642857142857,
        "misc": 0.0
    },
    "bytes_from_memory": 34601264.0,
    "bytes_to_memory": 5514147.428571428,
    "total_bytes_rw_mem": 40115411.428571425
}