{
    "demand_fetches": {
        "total": 5548853.153846154,
        "instrn": 0.0,
        "data": 5548853.153846154,
        "read": 4974626.0,
        "write": 574227.1538461539,
        "misc": 0.0
    },
    "demand_misses": {
        "total": 1226272.5384615385,
        "instrn": 0.0,
        "data": 1226272.5384615385,
        "read": 1117023.3076923077,
        "write": 109249.23076923077,
        "misc": 0.0
    },
    "demand_miss_rate": {
        "total": 0.1975538461538462,
        "instrn": 0.0,
        "data": 0.1975538461538462,
        "read": 0.20125384615384614,
        "write": 0.17356153846153846,
        "misc": 0.0
    },
    "bytes_from_memory": 39240721.23076923,
    "bytes_to_memory": 3753132.3076923075,
    "total_bytes_rw_mem": 42993853.538461536
}