{
    "demand_fetches": {
        "total": 5291166.928571428,
        "instrn": 0.0,
        "data": 5291166.928571428,
        "read": 4662116.428571428,
        "write": 629050.5,
        "misc": 0.0
    },
    "demand_misses": {
        "total": 2449240.285714286,
        "instrn": 0.0,
        "data": 2449240.285714286,
        "read": 2209927.285714286,
        "write": 239313.0,
        "misc": 0.0
    },
    "demand_miss_rate": {
        "total": 0.38929285714285705,
        "instrn": 0.0,
        "data": 0.38929285714285705,
        "read": 0.40085000000000004,
        "write": 0.324,
        "misc": 0.0
    },
    "bytes_from_memory": 39187844.571428575,
    "bytes_to_memory": 4073662.8571428573,
    "total_bytes_rw_mem": 43261507.428571425
}