{
    "demand_fetches": {
        "total": 9671492.866666667,
        "instrn": 0.0,
        "data": 9671492.866666667,
        "read": 8568500.333333334,
        "write": 1102992.5333333334,
        "misc": 0.0
    },
    "demand_misses": {
        "total": 1483347.8,
        "instrn": 0.0,
        "data": 1483347.8,
        "read": 1273264.9333333333,
        "write": 210082.86666666667,
        "misc": 0.0
    },
    "demand_miss_rate": {
        "total": 0.12270000000000002,
        "instrn": 0.0,
        "data": 0.12270000000000002,
        "read": 0.11854666666666666,
        "write": 0.15029333333333333,
        "misc": 0.0
    },
    "bytes_from_memory": 47467129.6,
    "bytes_to_memory": 7050118.4,
    "total_bytes_rw_mem": 54517248.0
}