{
    "demand_fetches": {
        "total": 5213475.357142857,
        "instrn": 0.0,
        "data": 5213475.357142857,
        "read": 4637549.0,
        "write": 575926.3571428572,
        "misc": 0.0
    },
    "demand_misses": {
        "total": 627197.5714285715,
        "instrn": 0.0,
        "data": 627197.5714285715,
        "read": 571011.3571428572,
        "write": 56186.21428571428,
        "misc": 0.0
    },
    "demand_miss_rate": {
        "total": 0.10177142857142858,
        "instrn": 0.0,
        "data": 0.10177142857142858,
        "read": 0.10507857142857144,
        "write": 0.08298571428571429,
        "misc": 0.0
    },
    "bytes_from_memory": 40140644.571428575,
    "bytes_to_memory": 4078084.5714285714,
    "total_bytes_rw_mem": 44218729.14285714
}