{
    "demand_fetches": {
        "total": 4866617.6,
        "instrn": 0.0,
        "data": 4866617.6,
        "read": 4328744.666666667,
        "write": 537872.9333333333,
        "misc": 0.0
    },
    "demand_misses": {
        "total": 2227014.533333333,
        "instrn": 0.0,
        "data": 2227014.533333333,
        "read": 2026909.0,
        "write": 200105.53333333333,
        "misc": 0.0
    },
    "demand_miss_rate": {
        "total": 0.35247333333333336,
        "instrn": 0.0,
        "data": 0.35247333333333336,
        "read": 0.3616400000000001,
        "write": 0.2952199999999999,
        "misc": 0.0
    },
    "bytes_from_memory": 35632232.53333333,
    "bytes_to_memory": 3363959.466666667,
    "total_bytes_rw_mem": 38996192.0
}