{
    "demand_fetches": {
        "total": 9774315.714285715,
        "instrn": 0.0,
        "data": 9774315.714285715,
        "read": 8964283.0,
        "write": 810032.7142857143,
        "misc": 0.0
    },
    "demand_misses": {
        "total": 2404954.1428571427,
        "instrn": 0.0,
        "data": 2404954.1428571427,
        "read": 2235861.785714286,
        "write": 169092.35714285713,
        "misc": 0.0
    },
    "demand_miss_rate": {
        "total": 0.21013571428571431,
        "instrn": 0.0,
        "data": 0.21013571428571431,
        "read": 0.21416428571428575,
        "write": 0.17846428571428571,
        "misc": 0.0
    },
    "bytes_from_memory": 76958532.57142857,
    "bytes_to_memory": 6212020.571428572,
    "total_bytes_rw_mem": 83170553.14285715
}