{
    "demand_fetches": {
        "total": 5147154.857142857,
        "instrn": 0.0,
        "data": 5147154.857142857,
        "read": 4618732.214285715,
        "write": 528422.6428571428,
        "misc": 0.0
    },
    "demand_misses": {
        "total": 617580.2857142857,
        "instrn": 0.0,
        "data": 617580.2857142857,
        "read": 564846.1428571428,
        "write": 52734.142857142855,
        "misc": 0.0
    },
    "demand_miss_rate": {
        "total": 0.10155000000000002,
        "instrn": 0.0,
        "data": 0.10155000000000002,
        "read": 0.10425714285714284,
        "write": 0.08460000000000001,
        "misc": 0.0
    },
    "bytes_from_memory": 39525138.28571428,
    "bytes_to_memory": 3834537.1428571427,
    "total_bytes_rw_mem": 43359675.428571425
}