{
    "demand_fetches": {
        "total": 5147154.857142857,
        "instrn": 0.0,
        "data": 5147154.857142857,
        "read": 4618732.214285715,
        "write": 528422.6428571428,
        "misc": 0.0
    },
    "demand_misses": {
        "total": 1020373.2857142857,
        "instrn": 0.0,
        "data": 1020373.2857142857,
        "read": 919201.5,
        "write": 101171.78571428571,
        "misc": 0.0
    },
    "demand_miss_rate": {
        "total": 0.16736428571428572,
        "instrn": 0.0,
        "data": 0.16736428571428572,
        "read": 0.16824285714285714,
        "write": 0.1619928571428572,
        "misc": 0.0
    },
    "bytes_from_memory": 32651945.14285714,
    "bytes_to_memory": 3476715.4285714286,
    "total_bytes_rw_mem": 36128660.571428575
}