{
    "demand_fetches": {
        "total": 10570637.615384616,
        "instrn": 0.0,
        "data": 10570637.615384616,
        "read": 9671347.153846154,
        "write": 899290.4615384615,
        "misc": 0.0
    },
    "demand_misses": {
        "total": 5109896.384615385,
        "instrn": 0.0,
        "data": 5109896.384615385,
        "read": 4742842.615384615,
        "write": 367053.76923076925,
        "misc": 0.0
    },
    "demand_miss_rate": {
        "total": 0.4411461538461538,
        "instrn": 0.0,
        "data": 0.4411461538461538,
        "read": 0.44926923076923075,
        "write": 0.37585384615384615,
        "misc": 0.0
    },
    "bytes_from_memory": 81758342.15384616,
    "bytes_to_memory": 6504675.692307692,
    "total_bytes_rw_mem": 88263017.84615384
}