{
    "demand_fetches": {
        "total": 9802103.142857144,
        "instrn": 0.0,
        "data": 9802103.142857144,
        "read": 8971251.642857144,
        "write": 830851.5,
        "misc": 0.0
    },
    "demand_misses": {
        "total": 1222826.0714285714,
        "instrn": 0.0,
        "data": 1222826.0714285714,
        "read": 1133961.2857142857,
        "write": 88864.78571428571,
        "misc": 0.0
    },
    "demand_miss_rate": {
        "total": 0.1068642857142857,
        "instrn": 0.0,
        "data": 0.1068642857142857,
        "read": 0.10885000000000002,
        "write": 0.09138571428571428,
        "misc": 0.0
    },
    "bytes_from_memory": 78260868.57142857,
    "bytes_to_memory": 6849270.857142857,
    "total_bytes_rw_mem": 85110139.42857143
}