{
    "demand_fetches": {
        "total": 14605860.461538462,
        "instrn": 0.0,
        "data": 14605860.461538462,
        "read": 11120620.153846154,
        "write": 3485240.3076923075,
        "misc": 0.0
    },
    "demand_misses": {
        "total": 1934709.923076923,
        "instrn": 0.0,
        "data": 1934709.923076923,
        "read": 1281818.3846153845,
        "write": 652891.5384615385,
        "misc": 0.0
    },
    "demand_miss_rate": {
        "total": 0.1193846153846154,
        "instrn": 0.0,
        "data": 0.1193846153846154,
        "read": 0.1025846153846154,
        "write": 0.17017692307692306,
        "misc": 0.0
    },
    "bytes_from_memory": 61910717.538461536,
    "bytes_to_memory": 21299273.846153848,
    "total_bytes_rw_mem": 83209991.38461539
}