{
    "demand_fetches": {
        "total": 13819035.384615384,
        "instrn": 0.0,
        "data": 13819035.384615384,
        "read": 12510103.538461538,
        "write": 1308931.8461538462,
        "misc": 0.0
    },
    "demand_misses": {
        "total": 1323028.8461538462,
        "instrn": 0.0,
        "data": 1323028.8461538462,
        "read": 1188874.3076923077,
        "write": 134154.53846153847,
        "misc": 0.0
    },
    "demand_miss_rate": {
        "total": 0.09472307692307692,
        "instrn": 0.0,
        "data": 0.09472307692307692,
        "read": 0.09395384615384615,
        "write": 0.10096153846153846,
        "misc": 0.0
    },
    "bytes_from_memory": 84673846.15384616,
    "bytes_to_memory": 9762604.307692308,
    "total_bytes_rw_mem": 94436450.46153846
}