{
    "demand_fetches": {
        "total": 20412821.46153846,
        "instrn": 0.0,
        "data": 20412821.46153846,
        "read": 19265828.692307692,
        "write": 1146992.7692307692,
        "misc": 0.0
    },
    "demand_misses": {
        "total": 2355983.769230769,
        "instrn": 0.0,
        "data": 2355983.769230769,
        "read": 2205170.5384615385,
        "write": 150813.23076923078,
        "misc": 0.0
    },
    "demand_miss_rate": {
        "total": 0.10550000000000001,
        "instrn": 0.0,
        "data": 0.10550000000000001,
        "read": 0.10476153846153845,
        "write": 0.11675384615384615,
        "misc": 0.0
    },
    "bytes_from_memory": 150782961.23076922,
    "bytes_to_memory": 12213395.692307692,
    "total_bytes_rw_mem": 162996356.92307693
}