{
    "demand_fetches": {
        "total": 18681482.285714287,
        "instrn": 0.0,
        "data": 18681482.285714287,
        "read": 17715536.92857143,
        "write": 965945.3571428572,
        "misc": 0.0
    },
    "demand_misses": {
        "total": 1642702.7142857143,
        "instrn": 0.0,
        "data": 1642702.7142857143,
        "read": 1537791.642857143,
        "write": 104911.07142857143,
        "misc": 0.0
    },
    "demand_miss_rate": {
        "total": 0.07452142857142856,
        "instrn": 0.0,
        "data": 0.07452142857142856,
        "read": 0.07339285714285713,
        "write": 0.09057142857142855,
        "misc": 0.0
    },
    "bytes_from_memory": 105132973.71428572,
    "bytes_to_memory": 7647428.571428572,
    "total_bytes_rw_mem": 112780402.28571428
}