{
    "demand_fetches": {
        "total": 5458719.785714285,
        "instrn": 0.0,
        "data": 5458719.785714285,
        "read": 4741325.428571428,
        "write": 717394.3571428572,
        "misc": 0.0
    },
    "demand_misses": {
        "total": 850219.5714285715,
        "instrn": 0.0,
        "data": 850219.5714285715,
        "read": 715456.7142857143,
        "write": 134762.85714285713,
        "misc": 0.0
    },
    "demand_miss_rate": {
        "total": 0.13349999999999998,
        "instrn": 0.0,
        "data": 0.13349999999999998,
        "read": 0.1291,
        "write": 0.15831428571428569,
        "misc": 0.0
    },
    "bytes_from_memory": 27207026.285714287,
    "bytes_to_memory": 4535218.285714285,
    "total_bytes_rw_mem": 31742244.57142857
}