{
    "demand_fetches": {
        "total": 261857.0,
        "instrn": 0.0,
        "data": 261857.0,
        "read": 57447.357142857145,
        "write": 204409.64285714287,
        "misc": 0.0
    },
    "demand_misses": {
        "total": 217055.07142857142,
        "instrn": 0.0,
        "data": 217055.07142857142,
        "read": 26045.285714285714,
        "write": 191009.7857142857,
        "misc": 0.0
    },
    "demand_miss_rate": {
        "total": 0.503257142857143,
        "instrn": 0.0,
        "data": 0.503257142857143,
        "read": 0.3334142857142858,
        "write": 0.5989214285714286,
        "misc": 0.0
    },
    "bytes_from_memory": 6945762.285714285,
    "bytes_to_memory": 6131584.0,
    "total_bytes_rw_mem": 13077346.285714285
}