{
    "demand_fetches": {
        "total": 11374302.642857144,
        "instrn": 0.0,
        "data": 11374302.642857144,
        "read": 9542977.785714285,
        "write": 1831324.857142857,
        "misc": 0.0
    },
    "demand_misses": {
        "total": 1020534.0,
        "instrn": 0.0,
        "data": 1020534.0,
        "read": 827988.5,
        "write": 192545.5,
        "misc": 0.0
    },
    "demand_miss_rate": {
        "total": 0.07760714285714286,
        "instrn": 0.0,
        "data": 0.07760714285714286,
        "read": 0.07533571428571428,
        "write": 0.08867142857142855,
        "misc": 0.0
    },
    "bytes_from_memory": 65314176.0,
    "bytes_to_memory": 13715044.57142857,
    "total_bytes_rw_mem": 79029220.57142857
}