{
    "demand_fetches": {
        "total": 9802103.142857144,
        "instrn": 0.0,
        "data": 9802103.142857144,
        "read": 8971251.642857144,
        "write": 830851.5,
        "misc": 0.0
    },
    "demand_misses": {
        "total": 1198845.357142857,
        "instrn": 0.0,
        "data": 1198845.357142857,
        "read": 1113487.5714285714,
        "write": 85357.78571428571,
        "misc": 0.0
    },
    "demand_miss_rate": {
        "total": 0.10442857142857143,
        "instrn": 0.0,
        "data": 0.10442857142857143,
        "read": 0.10659285714285714,
        "write": 0.08752142857142857,
        "misc": 0.0
    },
    "bytes_from_memory": 76726102.85714285,
    "bytes_to_memory": 6475076.571428572,
    "total_bytes_rw_mem": 83201179.42857143
}