{
    "demand_fetches": {
        "total": 5574400.076923077,
        "instrn": 0.0,
        "data": 5574400.076923077,
        "read": 4982210.769230769,
        "write": 592189.3076923077,
        "misc": 0.0
    },
    "demand_misses": {
        "total": 544396.3846153846,
        "instrn": 0.0,
        "data": 544396.3846153846,
        "read": 489086.76923076925,
        "write": 55309.61538461538,
        "misc": 0.0
    },
    "demand_miss_rate": {
        "total": 0.08874615384615386,
        "instrn": 0.0,
        "data": 0.08874615384615386,
        "read": 0.0893076923076923,
        "write": 0.08522307692307692,
        "misc": 0.0
    },
    "bytes_from_memory": 34841368.615384616,
    "bytes_to_memory": 3825260.3076923075,
    "total_bytes_rw_mem": 38666628.92307692
}