{
    "demand_fetches": {
        "total": 19213499.92857143,
        "instrn": 0.0,
        "data": 19213499.92857143,
        "read": 18041327.5,
        "write": 1172172.4285714286,
        "misc": 0.0
    },
    "demand_misses": {
        "total": 4661681.642857143,
        "instrn": 0.0,
        "data": 4661681.642857143,
        "read": 4429463.428571428,
        "write": 232218.2142857143,
        "misc": 0.0
    },
    "demand_miss_rate": {
        "total": 0.20604285714285717,
        "instrn": 0.0,
        "data": 0.20604285714285717,
        "read": 0.20895000000000002,
        "write": 0.17009999999999997,
        "misc": 0.0
    },
    "bytes_from_memory": 149173812.57142857,
    "bytes_to_memory": 9636770.285714285,
    "total_bytes_rw_mem": 158810582.85714287
}