{
    "demand_fetches": {
        "total": 5458719.785714285,
        "instrn": 0.0,
        "data": 5458719.785714285,
        "read": 4741325.428571428,
        "write": 717394.3571428572,
        "misc": 0.0
    },
    "demand_misses": {
        "total": 1205343.2857142857,
        "instrn": 0.0,
        "data": 1205343.2857142857,
        "read": 1057419.0714285714,
        "write": 147924.2142857143,
        "misc": 0.0
    },
    "demand_miss_rate": {
        "total": 0.1886071428571429,
        "instrn": 0.0,
        "data": 0.1886071428571429,
        "read": 0.1917,
        "write": 0.17322142857142855,
        "misc": 0.0
    },
    "bytes_from_memory": 38570985.14285714,
    "bytes_to_memory": 5318841.142857143,
    "total_bytes_rw_mem": 43889826.28571428
}