{
    "demand_fetches": {
        "total": 5548853.153846154,
        "instrn": 0.0,
        "data": 5548853.153846154,
        "read": 4974626.0,
        "write": 574227.1538461539,
        "misc": 0.0
    },
    "demand_misses": {
        "total": 730319.1538461539,
        "instrn": 0.0,
        "data": 730319.1538461539,
        "read": 669050.0,
        "write": 61269.153846153844,
        "misc": 0.0
    },
    "demand_miss_rate": {
        "total": 0.1240307692307692,
        "instrn": 0.0,
        "data": 0.1240307692307692,
        "read": 0.1287076923076923,
        "write": 0.09840000000000002,
        "misc": 0.0
    },
    "bytes_from_memory": 46740425.84615385,
    "bytes_to_memory": 4682747.076923077,
    "total_bytes_rw_mem": 51423172.92307692
}