{
    "power": {
        "0x40": 816.98353043676,
        "0x41": 5.3197134712645715,
        "0x44": 1702.7818422988669,
        "0x45": 861.6101976091893,
        "0x48": 1010.5664630804412,
        "0x4c": 607.9944311724117
    },
    "current": {
        "0x40": 163.47808004597903,
        "0x41": -0.5618542068965492,
        "0x44": 513.6625675402374,
        "0x45": 854.2311273563201,
        "0x48": 563.5887053333199,
        "0x4c": 406.4639033103417
    },
    "energy": {
        "0x40": 26002.07779969987,
        "0x41": 169.37301459999995,
        "0x44": 54198.436264300144,
        "0x45": 27424.389274599962,
        "0x48": 32165.106310500178,
        "0x4c": 19351.1460137998
    }
}