{
    "demand_fetches": {
        "total": 10581582.846153846,
        "instrn": 0.0,
        "data": 10581582.846153846,
        "read": 9676558.384615384,
        "write": 905024.4615384615,
        "misc": 0.0
    },
    "demand_misses": {
        "total": 2472911.4615384615,
        "instrn": 0.0,
        "data": 2472911.4615384615,
        "read": 2292302.0,
        "write": 180609.46153846153,
        "misc": 0.0
    },
    "demand_miss_rate": {
        "total": 0.20932307692307692,
        "instrn": 0.0,
        "data": 0.20932307692307692,
        "read": 0.21266153846153843,
        "write": 0.18162307692307694,
        "misc": 0.0
    },
    "bytes_from_memory": 79133166.76923077,
    "bytes_to_memory": 6384184.615384615,
    "total_bytes_rw_mem": 85517351.38461539
}