{
    "demand_fetches": {
        "total": 20428592.57142857,
        "instrn": 0.0,
        "data": 20428592.57142857,
        "read": 18731864.64285714,
        "write": 1696727.9285714286,
        "misc": 0.0
    },
    "demand_misses": {
        "total": 1444092.857142857,
        "instrn": 0.0,
        "data": 1444092.857142857,
        "read": 1256562.4285714286,
        "write": 187530.42857142858,
        "misc": 0.0
    },
    "demand_miss_rate": {
        "total": 0.061,
        "instrn": 0.0,
        "data": 0.061,
        "read": 0.05783571428571428,
        "write": 0.09221428571428572,
        "misc": 0.0
    },
    "bytes_from_memory": 92421942.85714285,
    "bytes_to_memory": 12867739.42857143,
    "total_bytes_rw_mem": 105289682.28571428
}