{
    "demand_fetches": {
        "total": 5574400.076923077,
        "instrn": 0.0,
        "data": 5574400.076923077,
        "read": 4982210.769230769,
        "write": 592189.3076923077,
        "misc": 0.0
    },
    "demand_misses": {
        "total": 1271397.3846153845,
        "instrn": 0.0,
        "data": 1271397.3846153845,
        "read": 1159411.3076923077,
        "write": 111986.07692307692,
        "misc": 0.0
    },
    "demand_miss_rate": {
        "total": 0.20358461538461542,
        "instrn": 0.0,
        "data": 0.20358461538461542,
        "read": 0.2084076923076923,
        "write": 0.17273076923076924,
        "misc": 0.0
    },
    "bytes_from_memory": 40684716.307692304,
    "bytes_to_memory": 3842104.6153846155,
    "total_bytes_rw_mem": 44526820.92307692
}