{
    "demand_fetches": {
        "total": 5291166.928571428,
        "instrn": 0.0,
        "data": 5291166.928571428,
        "read": 4662116.428571428,
        "write": 629050.5,
        "misc": 0.0
    },
    "demand_misses": {
        "total": 2489869.714285714,
        "instrn": 0.0,
        "data": 2489869.714285714,
        "read": 2242612.3571428573,
        "write": 247257.35714285713,
        "misc": 0.0
    },
    "demand_miss_rate": {
        "total": 0.39580714285714286,
        "instrn": 0.0,
        "data": 0.39580714285714286,
        "read": 0.40660714285714283,
        "write": 0.33505,
        "misc": 0.0
    },
    "bytes_from_memory": 39837915.428571425,
    "bytes_to_memory": 4227264.0,
    "total_bytes_rw_mem": 44065179.428571425
}