{
    "demand_fetches": {
        "total": 6502652.307692308,
        "instrn": 0.0,
        "data": 6502652.307692308,
        "read": 5342057.923076923,
        "write": 1160594.3846153845,
        "misc": 0.0
    },
    "demand_misses": {
        "total": 458401.1538461539,
        "instrn": 0.0,
        "data": 458401.1538461539,
        "read": 351375.76923076925,
        "write": 107025.38461538461,
        "misc": 0.0
    },
    "demand_miss_rate": {
        "total": 0.06337692307692308,
        "instrn": 0.0,
        "data": 0.06337692307692308,
        "read": 0.058392307692307695,
        "write": 0.08343076923076923,
        "misc": 0.0
    },
    "bytes_from_memory": 29337673.846153848,
    "bytes_to_memory": 7198217.846153846,
    "total_bytes_rw_mem": 36535891.692307696
}