{
    "demand_fetches": {
        "total": 18610525.285714287,
        "instrn": 0.0,
        "data": 18610525.285714287,
        "read": 17654362.285714287,
        "write": 956163.0,
        "misc": 0.0
    },
    "demand_misses": {
        "total": 6710369.928571428,
        "instrn": 0.0,
        "data": 6710369.928571428,
        "read": 6390134.714285715,
        "write": 320235.21428571426,
        "misc": 0.0
    },
    "demand_miss_rate": {
        "total": 0.29449285714285717,
        "instrn": 0.0,
        "data": 0.29449285714285717,
        "read": 0.2943857142857143,
        "write": 0.2887071428571428,
        "misc": 0.0
    },
    "bytes_from_memory": 107365918.85714285,
    "bytes_to_memory": 5594566.857142857,
    "total_bytes_rw_mem": 112960485.71428572
}