{
    "demand_fetches": {
        "total": 129662.53846153847,
        "instrn": 0.0,
        "data": 129662.53846153847,
        "read": 46295.307692307695,
        "write": 83367.23076923077,
        "misc": 0.0
    },
    "demand_misses": {
        "total": 90275.69230769231,
        "instrn": 0.0,
        "data": 90275.69230769231,
        "read": 20409.384615384617,
        "write": 69866.30769230769,
        "misc": 0.0
    },
    "demand_miss_rate": {
        "total": 0.4270615384615385,
        "instrn": 0.0,
        "data": 0.4270615384615385,
        "read": 0.32246923076923084,
        "write": 0.4970923076923076,
        "misc": 0.0
    },
    "bytes_from_memory": 5777644.307692308,
    "bytes_to_memory": 4506343.384615385,
    "total_bytes_rw_mem": 10283987.692307692
}