{
    "demand_fetches": {
        "total": 6502652.307692308,
        "instrn": 0.0,
        "data": 6502652.307692308,
        "read": 5342057.923076923,
        "write": 1160594.3846153845,
        "misc": 0.0
    },
    "demand_misses": {
        "total": 1792123.6153846155,
        "instrn": 0.0,
        "data": 1792123.6153846155,
        "read": 1368316.5384615385,
        "write": 423807.07692307694,
        "misc": 0.0
    },
    "demand_miss_rate": {
        "total": 0.2455846153846154,
        "instrn": 0.0,
        "data": 0.2455846153846154,
        "read": 0.2244153846153846,
        "write": 0.33006153846153846,
        "misc": 0.0
    },
    "bytes_from_memory": 28673977.846153848,
    "bytes_to_memory": 6933160.615384615,
    "total_bytes_rw_mem": 35607138.461538464
}