{
    "demand_fetches": {
        "total": 20412821.46153846,
        "instrn": 0.0,
        "data": 20412821.46153846,
        "read": 19265828.692307692,
        "write": 1146992.7692307692,
        "misc": 0.0
    },
    "demand_misses": {
        "total": 9795510.153846154,
        "instrn": 0.0,
        "data": 9795510.153846154,
        "read": 9373327.23076923,
        "write": 422182.92307692306,
        "misc": 0.0
    },
    "demand_miss_rate": {
        "total": 0.4369538461538462,
        "instrn": 0.0,
        "data": 0.4369538461538462,
        "read": 0.44402307692307696,
        "write": 0.3438461538461538,
        "misc": 0.0
    },
    "bytes_from_memory": 156728162.46153846,
    "bytes_to_memory": 8336124.307692308,
    "total_bytes_rw_mem": 165064286.76923078
}