{
    "demand_fetches": {
        "total": 9802103.142857144,
        "instrn": 0.0,
        "data": 9802103.142857144,
        "read": 8971251.642857144,
        "write": 830851.5,
        "misc": 0.0
    },
    "demand_misses": {
        "total": 3693418.6428571427,
        "instrn": 0.0,
        "data": 3693418.6428571427,
        "read": 3389951.5714285714,
        "write": 303467.0714285714,
        "misc": 0.0
    },
    "demand_miss_rate": {
        "total": 0.3076428571428571,
        "instrn": 0.0,
        "data": 0.3076428571428571,
        "read": 0.3063714285714285,
        "write": 0.31049999999999994,
        "misc": 0.0
    },
    "bytes_from_memory": 59094698.28571428,
    "bytes_to_memory": 5072229.714285715,
    "total_bytes_rw_mem": 64166928.0
}