{
    "demand_fetches": {
        "total": 101905.07142857143,
        "instrn": 0.0,
        "data": 101905.07142857143,
        "read": 56726.57142857143,
        "write": 45178.5,
        "misc": 0.0
    },
    "demand_misses": {
        "total": 44697.71428571428,
        "instrn": 0.0,
        "data": 44697.71428571428,
        "read": 10199.57142857143,
        "write": 34498.142857142855,
        "misc": 0.0
    },
    "demand_miss_rate": {
        "total": 0.2524285714285714,
        "instrn": 0.0,
        "data": 0.2524285714285714,
        "read": 0.12866428571428573,
        "write": 0.43695714285714277,
        "misc": 0.0
    },
    "bytes_from_memory": 1430326.857142857,
    "bytes_to_memory": 1117611.4285714286,
    "total_bytes_rw_mem": 2547938.285714286
}