{
    "demand_fetches": {
        "total": 5548853.153846154,
        "instrn": 0.0,
        "data": 5548853.153846154,
        "read": 4974626.0,
        "write": 574227.1538461539,
        "misc": 0.0
    },
    "demand_misses": {
        "total": 1342869.1538461538,
        "instrn": 0.0,
        "data": 1342869.1538461538,
        "read": 1228272.1538461538,
        "write": 114597.0,
        "misc": 0.0
    },
    "demand_miss_rate": {
        "total": 0.22092307692307692,
        "instrn": 0.0,
        "data": 0.22092307692307692,
        "read": 0.22730769230769232,
        "write": 0.1830692307692308,
        "misc": 0.0
    },
    "bytes_from_memory": 42971812.92307692,
    "bytes_to_memory": 4069986.4615384615,
    "total_bytes_rw_mem": 47041799.384615384
}