{
    "demand_fetches": {
        "total": 4865898.266666667,
        "instrn": 0.0,
        "data": 4865898.266666667,
        "read": 4337913.4,
        "write": 527984.8666666667,
        "misc": 0.0
    },
    "demand_misses": {
        "total": 502484.13333333336,
        "instrn": 0.0,
        "data": 502484.13333333336,
        "read": 448550.06666666665,
        "write": 53934.066666666666,
        "misc": 0.0
    },
    "demand_miss_rate": {
        "total": 0.08294,
        "instrn": 0.0,
        "data": 0.08294,
        "read": 0.08346666666666666,
        "write": 0.08022666666666667,
        "misc": 0.0
    },
    "bytes_from_memory": 32158984.533333335,
    "bytes_to_memory": 3952230.4,
    "total_bytes_rw_mem": 36111214.93333333
}