{
    "demand_fetches": {
        "total": 9123650.733333332,
        "instrn": 0.0,
        "data": 9123650.733333332,
        "read": 8367132.133333334,
        "write": 756518.6,
        "misc": 0.0
    },
    "demand_misses": {
        "total": 1089762.7333333334,
        "instrn": 0.0,
        "data": 1089762.7333333334,
        "read": 1013744.2,
        "write": 76018.53333333334,
        "misc": 0.0
    },
    "demand_miss_rate": {
        "total": 0.09336000000000001,
        "instrn": 0.0,
        "data": 0.09336000000000001,
        "read": 0.09501333333333334,
        "write": 0.07953333333333332,
        "misc": 0.0
    },
    "bytes_from_memory": 69744814.93333334,
    "bytes_to_memory": 5604872.533333333,
    "total_bytes_rw_mem": 75349687.46666667
}