{
    "demand_fetches": {
        "total": 5550060.846153846,
        "instrn": 0.0,
        "data": 5550060.846153846,
        "read": 4978853.230769231,
        "write": 571207.6153846154,
        "misc": 0.0
    },
    "demand_misses": {
        "total": 941390.0769230769,
        "instrn": 0.0,
        "data": 941390.0769230769,
        "read": 834377.8461538461,
        "write": 107012.23076923077,
        "misc": 0.0
    },
    "demand_miss_rate": {
        "total": 0.15610000000000002,
        "instrn": 0.0,
        "data": 0.15610000000000002,
        "read": 0.15391538461538462,
        "write": 0.17066923076923077,
        "misc": 0.0
    },
    "bytes_from_memory": 30124482.46153846,
    "bytes_to_memory": 3612160.0,
    "total_bytes_rw_mem": 33736642.461538464
}