{
    "demand_fetches": {
        "total": 5458719.785714285,
        "instrn": 0.0,
        "data": 5458719.785714285,
        "read": 4741325.428571428,
        "write": 717394.3571428572,
        "misc": 0.0
    },
    "demand_misses": {
        "total": 478808.71428571426,
        "instrn": 0.0,
        "data": 478808.71428571426,
        "read": 408872.64285714284,
        "write": 69936.07142857143,
        "misc": 0.0
    },
    "demand_miss_rate": {
        "total": 0.07625,
        "instrn": 0.0,
        "data": 0.07625,
        "read": 0.07525000000000001,
        "write": 0.0822857142857143,
        "misc": 0.0
    },
    "bytes_from_memory": 30643757.714285713,
    "bytes_to_memory": 4930898.285714285,
    "total_bytes_rw_mem": 35574656.0
}