{
    "demand_fetches": {
        "total": 13819035.384615384,
        "instrn": 0.0,
        "data": 13819035.384615384,
        "read": 12510103.538461538,
        "write": 1308931.8461538462,
        "misc": 0.0
    },
    "demand_misses": {
        "total": 6544210.923076923,
        "instrn": 0.0,
        "data": 6544210.923076923,
        "read": 6015789.615384615,
        "write": 528421.3076923077,
        "misc": 0.0
    },
    "demand_miss_rate": {
        "total": 0.46310000000000007,
        "instrn": 0.0,
        "data": 0.46310000000000007,
        "read": 0.4711615384615385,
        "write": 0.39968461538461547,
        "misc": 0.0
    },
    "bytes_from_memory": 104707374.76923077,
    "bytes_to_memory": 9320802.461538462,
    "total_bytes_rw_mem": 114028177.23076923
}