{
    "demand_fetches": {
        "total": 111298.57142857143,
        "instrn": 0.0,
        "data": 111298.57142857143,
        "read": 74882.0,
        "write": 36416.57142857143,
        "misc": 0.0
    },
    "demand_misses": {
        "total": 45266.642857142855,
        "instrn": 0.0,
        "data": 45266.642857142855,
        "read": 27426.214285714286,
        "write": 17840.428571428572,
        "misc": 0.0
    },
    "demand_miss_rate": {
        "total": 0.2706642857142857,
        "instrn": 0.0,
        "data": 0.2706642857142857,
        "read": 0.2482142857142857,
        "write": 0.31347857142857144,
        "misc": 0.0
    },
    "bytes_from_memory": 1448532.5714285714,
    "bytes_to_memory": 591012.5714285715,
    "total_bytes_rw_mem": 2039545.142857143
}