{
    "demand_fetches": {
        "total": 13228859.285714285,
        "instrn": 0.0,
        "data": 13228859.285714285,
        "read": 11759523.07142857,
        "write": 1469336.2142857143,
        "misc": 0.0
    },
    "demand_misses": {
        "total": 2236713.4285714286,
        "instrn": 0.0,
        "data": 2236713.4285714286,
        "read": 1949284.4285714286,
        "write": 287429.0,
        "misc": 0.0
    },
    "demand_miss_rate": {
        "total": 0.15639285714285717,
        "instrn": 0.0,
        "data": 0.15639285714285717,
        "read": 0.15300714285714287,
        "write": 0.1794785714285714,
        "misc": 0.0
    },
    "bytes_from_memory": 71574829.71428572,
    "bytes_to_memory": 9850781.714285715,
    "total_bytes_rw_mem": 81425611.42857143
}