{
    "demand_fetches": {
        "total": 9909112.285714285,
        "instrn": 0.0,
        "data": 9909112.285714285,
        "read": 9015925.285714285,
        "write": 893187.0,
        "misc": 0.0
    },
    "demand_misses": {
        "total": 1693127.2142857143,
        "instrn": 0.0,
        "data": 1693127.2142857143,
        "read": 1522386.642857143,
        "write": 170740.57142857142,
        "misc": 0.0
    },
    "demand_miss_rate": {
        "total": 0.1456,
        "instrn": 0.0,
        "data": 0.1456,
        "read": 0.14357857142857142,
        "write": 0.1617785714285714,
        "misc": 0.0
    },
    "bytes_from_memory": 54180070.85714286,
    "bytes_to_memory": 5818493.714285715,
    "total_bytes_rw_mem": 59998564.571428575
}