{
    "demand_fetches": {
        "total": 45098.357142857145,
        "instrn": 0.0,
        "data": 45098.357142857145,
        "read": 27033.5,
        "write": 18064.85714285714,
        "misc": 0.0
    },
    "demand_misses": {
        "total": 13025.357142857143,
        "instrn": 0.0,
        "data": 13025.357142857143,
        "read": 4387.571428571428,
        "write": 8637.785714285714,
        "misc": 0.0
    },
    "demand_miss_rate": {
        "total": 0.19364285714285714,
        "instrn": 0.0,
        "data": 0.19364285714285714,
        "read": 0.13170714285714286,
        "write": 0.28395,
        "misc": 0.0
    },
    "bytes_from_memory": 416811.4285714286,
    "bytes_to_memory": 287997.71428571426,
    "total_bytes_rw_mem": 704809.1428571428
}