{
    "demand_fetches": {
        "total": 20330162.076923076,
        "instrn": 0.0,
        "data": 20330162.076923076,
        "read": 19211134.46153846,
        "write": 1119027.6153846155,
        "misc": 0.0
    },
    "demand_misses": {
        "total": 9391591.307692308,
        "instrn": 0.0,
        "data": 9391591.307692308,
        "read": 8994465.615384616,
        "write": 397125.6923076923,
        "misc": 0.0
    },
    "demand_miss_rate": {
        "total": 0.41746153846153844,
        "instrn": 0.0,
        "data": 0.41746153846153844,
        "read": 0.42341538461538464,
        "write": 0.33287692307692307,
        "misc": 0.0
    },
    "bytes_from_memory": 150265460.92307693,
    "bytes_to_memory": 7581027.692307692,
    "total_bytes_rw_mem": 157846488.6153846
}