{
    "demand_fetches": {
        "total": 6502652.307692308,
        "instrn": 0.0,
        "data": 6502652.307692308,
        "read": 5342057.923076923,
        "write": 1160594.3846153845,
        "misc": 0.0
    },
    "demand_misses": {
        "total": 2680043.846153846,
        "instrn": 0.0,
        "data": 2680043.846153846,
        "read": 2206626.4615384615,
        "write": 473417.3846153846,
        "misc": 0.0
    },
    "demand_miss_rate": {
        "total": 0.3763615384615385,
        "instrn": 0.0,
        "data": 0.3763615384615385,
        "read": 0.3783000000000001,
        "write": 0.3694538461538462,
        "misc": 0.0
    },
    "bytes_from_memory": 42880701.538461536,
    "bytes_to_memory": 8484051.692307692,
    "total_bytes_rw_mem": 51364753.23076923
}