{
    "demand_fetches": {
        "total": 26140940.35714286,
        "instrn": 0.0,
        "data": 26140940.35714286,
        "read": 24017767.14285714,
        "write": 2123173.214285714,
        "misc": 0.0
    },
    "demand_misses": {
        "total": 6812228.714285715,
        "instrn": 0.0,
        "data": 6812228.714285715,
        "read": 6246495.428571428,
        "write": 565733.2857142857,
        "misc": 0.0
    },
    "demand_miss_rate": {
        "total": 0.24203571428571427,
        "instrn": 0.0,
        "data": 0.24203571428571427,
        "read": 0.24072142857142856,
        "write": 0.2533142857142857,
        "misc": 0.0
    },
    "bytes_from_memory": 108995659.42857143,
    "bytes_to_memory": 9595408.0,
    "total_bytes_rw_mem": 118591067.42857143
}