{
    "demand_fetches": {
        "total": 5213475.357142857,
        "instrn": 0.0,
        "data": 5213475.357142857,
        "read": 4637549.0,
        "write": 575926.3571428572,
        "misc": 0.0
    },
    "demand_misses": {
        "total": 2469279.1428571427,
        "instrn": 0.0,
        "data": 2469279.1428571427,
        "read": 2242683.285714286,
        "write": 226595.85714285713,
        "misc": 0.0
    },
    "demand_miss_rate": {
        "total": 0.39733571428571424,
        "instrn": 0.0,
        "data": 0.39733571428571424,
        "read": 0.4078214285714286,
        "write": 0.3356857142857143,
        "misc": 0.0
    },
    "bytes_from_memory": 39508466.28571428,
    "bytes_to_memory": 3884994.285714286,
    "total_bytes_rw_mem": 43393460.571428575
}