{
    "demand_fetches": {
        "total": 5212973.285714285,
        "instrn": 0.0,
        "data": 5212973.285714285,
        "read": 4647427.142857143,
        "write": 565546.1428571428,
        "misc": 0.0
    },
    "demand_misses": {
        "total": 919139.1428571428,
        "instrn": 0.0,
        "data": 919139.1428571428,
        "read": 811197.1428571428,
        "write": 107942.0,
        "misc": 0.0
    },
    "demand_miss_rate": {
        "total": 0.15050000000000002,
        "instrn": 0.0,
        "data": 0.15050000000000002,
        "read": 0.1488857142857143,
        "write": 0.16130714285714284,
        "misc": 0.0
    },
    "bytes_from_memory": 29412452.57142857,
    "bytes_to_memory": 3683561.1428571427,
    "total_bytes_rw_mem": 33096013.714285713
}