{
    "demand_fetches": {
        "total": 20412821.46153846,
        "instrn": 0.0,
        "data": 20412821.46153846,
        "read": 19265828.692307692,
        "write": 1146992.7692307692,
        "misc": 0.0
    },
    "demand_misses": {
        "total": 3457985.153846154,
        "instrn": 0.0,
        "data": 3457985.153846154,
        "read": 3267625.076923077,
        "write": 190360.07692307694,
        "misc": 0.0
    },
    "demand_miss_rate": {
        "total": 0.1553230769230769,
        "instrn": 0.0,
        "data": 0.1553230769230769,
        "read": 0.15524615384615384,
        "write": 0.1549230769230769,
        "misc": 0.0
    },
    "bytes_from_memory": 110655524.92307693,
    "bytes_to_memory": 7027436.307692308,
    "total_bytes_rw_mem": 117682961.23076923
}