{
    "demand_fetches": {
        "total": 5212973.285714285,
        "instrn": 0.0,
        "data": 5212973.285714285,
        "read": 4647427.142857143,
        "write": 565546.1428571428,
        "misc": 0.0
    },
    "demand_misses": {
        "total": 689790.3571428572,
        "instrn": 0.0,
        "data": 689790.3571428572,
        "read": 629870.0714285715,
        "write": 59920.28571428572,
        "misc": 0.0
    },
    "demand_miss_rate": {
        "total": 0.11569285714285715,
        "instrn": 0.0,
        "data": 0.11569285714285715,
        "read": 0.12016428571428571,
        "write": 0.08988571428571428,
        "misc": 0.0
    },
    "bytes_from_memory": 44146582.85714286,
    "bytes_to_memory": 4519881.142857143,
    "total_bytes_rw_mem": 48666464.0
}