{
    "demand_fetches": {
        "total": 20199630.46153846,
        "instrn": 0.0,
        "data": 20199630.46153846,
        "read": 19130452.615384616,
        "write": 1069177.8461538462,
        "misc": 0.0
    },
    "demand_misses": {
        "total": 4845452.923076923,
        "instrn": 0.0,
        "data": 4845452.923076923,
        "read": 4641129.230769231,
        "write": 204323.6923076923,
        "misc": 0.0
    },
    "demand_miss_rate": {
        "total": 0.21767692307692307,
        "instrn": 0.0,
        "data": 0.21767692307692307,
        "read": 0.22056153846153848,
        "write": 0.17739999999999997,
        "misc": 0.0
    },
    "bytes_from_memory": 155054493.53846154,
    "bytes_to_memory": 8019517.538461538,
    "total_bytes_rw_mem": 163074011.07692307
}