{
    "demand_fetches": {
        "total": 60908.07142857143,
        "instrn": 0.0,
        "data": 60908.07142857143,
        "read": 42158.857142857145,
        "write": 18749.214285714286,
        "misc": 0.0
    },
    "demand_misses": {
        "total": 10848.214285714286,
        "instrn": 0.0,
        "data": 10848.214285714286,
        "read": 6257.285714285715,
        "write": 4590.928571428572,
        "misc": 0.0
    },
    "demand_miss_rate": {
        "total": 0.13474285714285714,
        "instrn": 0.0,
        "data": 0.13474285714285714,
        "read": 0.11552857142857144,
        "write": 0.17829285714285711,
        "misc": 0.0
    },
    "bytes_from_memory": 173571.42857142858,
    "bytes_to_memory": 83717.71428571429,
    "total_bytes_rw_mem": 257289.14285714287
}