{
    "demand_fetches": {
        "total": 10538876.538461538,
        "instrn": 0.0,
        "data": 10538876.538461538,
        "read": 9658823.923076924,
        "write": 880052.6153846154,
        "misc": 0.0
    },
    "demand_misses": {
        "total": 1290764.076923077,
        "instrn": 0.0,
        "data": 1290764.076923077,
        "read": 1199339.0,
        "write": 91425.07692307692,
        "misc": 0.0
    },
    "demand_miss_rate": {
        "total": 0.1123076923076923,
        "instrn": 0.0,
        "data": 0.1123076923076923,
        "read": 0.11453076923076924,
        "write": 0.09512307692307695,
        "misc": 0.0
    },
    "bytes_from_memory": 82608900.92307693,
    "bytes_to_memory": 6904029.538461538,
    "total_bytes_rw_mem": 89512930.46153846
}