{
    "demand_fetches": {
        "total": 5548853.153846154,
        "instrn": 0.0,
        "data": 5548853.153846154,
        "read": 4974626.0,
        "write": 574227.1538461539,
        "misc": 0.0
    },
    "demand_misses": {
        "total": 518776.53846153844,
        "instrn": 0.0,
        "data": 518776.53846153844,
        "read": 465155.8461538461,
        "write": 53620.692307692305,
        "misc": 0.0
    },
    "demand_miss_rate": {
        "total": 0.08533076923076924,
        "instrn": 0.0,
        "data": 0.08533076923076924,
        "read": 0.08541538461538462,
        "write": 0.08515384615384614,
        "misc": 0.0
    },
    "bytes_from_memory": 33201698.46153846,
    "bytes_to_memory": 3693838.769230769,
    "total_bytes_rw_mem": 36895537.23076923
}