{
    "demand_fetches": {
        "total": 5548853.153846154,
        "instrn": 0.0,
        "data": 5548853.153846154,
        "read": 4974626.0,
        "write": 574227.1538461539,
        "misc": 0.0
    },
    "demand_misses": {
        "total": 2601554.3076923075,
        "instrn": 0.0,
        "data": 2601554.3076923075,
        "read": 2382355.230769231,
        "write": 219199.07692307694,
        "misc": 0.0
    },
    "demand_miss_rate": {
        "total": 0.41988461538461536,
        "instrn": 0.0,
        "data": 0.41988461538461536,
        "read": 0.4309923076923077,
        "write": 0.3492153846153846,
        "misc": 0.0
    },
    "bytes_from_memory": 41624868.92307692,
    "bytes_to_memory": 3718697.846153846,
    "total_bytes_rw_mem": 45343566.76923077
}