{
    "demand_fetches": {
        "total": 5550060.846153846,
        "instrn": 0.0,
        "data": 5550060.846153846,
        "read": 4978853.230769231,
        "write": 571207.6153846154,
        "misc": 0.0
    },
    "demand_misses": {
        "total": 1344046.076923077,
        "instrn": 0.0,
        "data": 1344046.076923077,
        "read": 1229213.5384615385,
        "write": 114832.53846153847,
        "misc": 0.0
    },
    "demand_miss_rate": {
        "total": 0.22099230769230768,
        "instrn": 0.0,
        "data": 0.22099230769230768,
        "read": 0.2270230769230769,
        "write": 0.18371538461538459,
        "misc": 0.0
    },
    "bytes_from_memory": 43009474.461538464,
    "bytes_to_memory": 4082336.0,
    "total_bytes_rw_mem": 47091810.461538464
}