{
    "demand_fetches": {
        "total": 5550060.846153846,
        "instrn": 0.0,
        "data": 5550060.846153846,
        "read": 4978853.230769231,
        "write": 571207.6153846154,
        "misc": 0.0
    },
    "demand_misses": {
        "total": 1847427.0,
        "instrn": 0.0,
        "data": 1847427.0,
        "read": 1636601.923076923,
        "write": 210825.07692307694,
        "misc": 0.0
    },
    "demand_miss_rate": {
        "total": 0.30583076923076924,
        "instrn": 0.0,
        "data": 0.30583076923076924,
        "read": 0.30115384615384616,
        "write": 0.33647692307692306,
        "misc": 0.0
    },
    "bytes_from_memory": 29558832.0,
    "bytes_to_memory": 3490062.769230769,
    "total_bytes_rw_mem": 33048894.769230768
}