{
    "demand_fetches": {
        "total": 10581582.846153846,
        "instrn": 0.0,
        "data": 10581582.846153846,
        "read": 9676558.384615384,
        "write": 905024.4615384615,
        "misc": 0.0
    },
    "demand_misses": {
        "total": 3338628.230769231,
        "instrn": 0.0,
        "data": 3338628.230769231,
        "read": 3004514.230769231,
        "write": 334114.0,
        "misc": 0.0
    },
    "demand_miss_rate": {
        "total": 0.2901846153846154,
        "instrn": 0.0,
        "data": 0.2901846153846154,
        "read": 0.28440000000000004,
        "write": 0.33695384615384616,
        "misc": 0.0
    },
    "bytes_from_memory": 53418051.692307696,
    "bytes_to_memory": 5533757.538461538,
    "total_bytes_rw_mem": 58951809.23076923
}