{
    "demand_fetches": {
        "total": 4865898.266666667,
        "instrn": 0.0,
        "data": 4865898.266666667,
        "read": 4337913.4,
        "write": 527984.8666666667,
        "misc": 0.0
    },
    "demand_misses": {
        "total": 435543.73333333334,
        "instrn": 0.0,
        "data": 435543.73333333334,
        "read": 384488.4666666667,
        "write": 51055.26666666667,
        "misc": 0.0
    },
    "demand_miss_rate": {
        "total": 0.07158666666666666,
        "instrn": 0.0,
        "data": 0.07158666666666666,
        "read": 0.07093333333333333,
        "write": 0.07622666666666666,
        "misc": 0.0
    },
    "bytes_from_memory": 27874798.933333334,
    "bytes_to_memory": 3582220.8,
    "total_bytes_rw_mem": 31457019.733333334
}