{
    "demand_fetches": {
        "total": 19213305.85714286,
        "instrn": 0.0,
        "data": 19213305.85714286,
        "read": 18041208.5,
        "write": 1172097.357142857,
        "misc": 0.0
    },
    "demand_misses": {
        "total": 5584962.0,
        "instrn": 0.0,
        "data": 5584962.0,
        "read": 5240010.142857143,
        "write": 344951.85714285716,
        "misc": 0.0
    },
    "demand_miss_rate": {
        "total": 0.2483785714285714,
        "instrn": 0.0,
        "data": 0.2483785714285714,
        "read": 0.24733571428571427,
        "write": 0.2579642857142857,
        "misc": 0.0
    },
    "bytes_from_memory": 89359392.0,
    "bytes_to_memory": 5935489.142857143,
    "total_bytes_rw_mem": 95294881.14285715
}