{
    "demand_fetches": {
        "total": 20330012.46153846,
        "instrn": 0.0,
        "data": 20330012.46153846,
        "read": 19211260.923076924,
        "write": 1118751.5384615385,
        "misc": 0.0
    },
    "demand_misses": {
        "total": 6326244.307692308,
        "instrn": 0.0,
        "data": 6326244.307692308,
        "read": 5979133.076923077,
        "write": 347111.23076923075,
        "misc": 0.0
    },
    "demand_miss_rate": {
        "total": 0.2851769230769231,
        "instrn": 0.0,
        "data": 0.2851769230769231,
        "read": 0.2843384615384616,
        "write": 0.29220769230769233,
        "misc": 0.0
    },
    "bytes_from_memory": 101219908.92307693,
    "bytes_to_memory": 6010803.692307692,
    "total_bytes_rw_mem": 107230712.61538461
}