{
    "demand_fetches": {
        "total": 165444.42857142858,
        "instrn": 0.0,
        "data": 165444.42857142858,
        "read": 88587.14285714286,
        "write": 76857.28571428571,
        "misc": 0.0
    },
    "demand_misses": {
        "total": 100069.28571428571,
        "instrn": 0.0,
        "data": 100069.28571428571,
        "read": 37994.21428571428,
        "write": 62075.07142857143,
        "misc": 0.0
    },
    "demand_miss_rate": {
        "total": 0.3781928571428571,
        "instrn": 0.0,
        "data": 0.3781928571428571,
        "read": 0.30357142857142855,
        "write": 0.46322142857142856,
        "misc": 0.0
    },
    "bytes_from_memory": 6404434.285714285,
    "bytes_to_memory": 4006422.8571428573,
    "total_bytes_rw_mem": 10410857.142857144
}