{
    "demand_fetches": {
        "total": 129662.53846153847,
        "instrn": 0.0,
        "data": 129662.53846153847,
        "read": 46295.307692307695,
        "write": 83367.23076923077,
        "misc": 0.0
    },
    "demand_misses": {
        "total": 91034.61538461539,
        "instrn": 0.0,
        "data": 91034.61538461539,
        "read": 19972.69230769231,
        "write": 71061.92307692308,
        "misc": 0.0
    },
    "demand_miss_rate": {
        "total": 0.4368692307692308,
        "instrn": 0.0,
        "data": 0.4368692307692308,
        "read": 0.3102153846153846,
        "write": 0.5371307692307692,
        "misc": 0.0
    },
    "bytes_from_memory": 2913107.6923076925,
    "bytes_to_memory": 2289860.923076923,
    "total_bytes_rw_mem": 5202968.615384615
}