{
    "demand_fetches": {
        "total": 5458719.785714285,
        "instrn": 0.0,
        "data": 5458719.785714285,
        "read": 4741325.428571428,
        "write": 717394.3571428572,
        "misc": 0.0
    },
    "demand_misses": {
        "total": 405080.28571428574,
        "instrn": 0.0,
        "data": 405080.28571428574,
        "read": 338424.5,
        "write": 66655.78571428571,
        "misc": 0.0
    },
    "demand_miss_rate": {
        "total": 0.06423571428571428,
        "instrn": 0.0,
        "data": 0.06423571428571428,
        "read": 0.06175714285714285,
        "write": 0.0783642857142857,
        "misc": 0.0
    },
    "bytes_from_memory": 25925138.285714287,
    "bytes_to_memory": 4504795.428571428,
    "total_bytes_rw_mem": 30429933.714285713
}