{
    "demand_fetches": {
        "total": 20412821.46153846,
        "instrn": 0.0,
        "data": 20412821.46153846,
        "read": 19265828.692307692,
        "write": 1146992.7692307692,
        "misc": 0.0
    },
    "demand_misses": {
        "total": 1848844.6923076923,
        "instrn": 0.0,
        "data": 1848844.6923076923,
        "read": 1715716.4615384615,
        "write": 133128.23076923078,
        "misc": 0.0
    },
    "demand_miss_rate": {
        "total": 0.08340769230769231,
        "instrn": 0.0,
        "data": 0.08340769230769231,
        "read": 0.08194615384615384,
        "write": 0.10376153846153846,
        "misc": 0.0
    },
    "bytes_from_memory": 118326060.3076923,
    "bytes_to_memory": 9854153.846153846,
    "total_bytes_rw_mem": 128180214.15384616
}