{
    "demand_fetches": {
        "total": 5550060.846153846,
        "instrn": 0.0,
        "data": 5550060.846153846,
        "read": 4978853.230769231,
        "write": 571207.6153846154,
        "misc": 0.0
    },
    "demand_misses": {
        "total": 2637349.230769231,
        "instrn": 0.0,
        "data": 2637349.230769231,
        "read": 2412567.5384615385,
        "write": 224781.6923076923,
        "misc": 0.0
    },
    "demand_miss_rate": {
        "total": 0.4291307692307692,
        "instrn": 0.0,
        "data": 0.4291307692307692,
        "read": 0.4396769230769231,
        "write": 0.36020769230769234,
        "misc": 0.0
    },
    "bytes_from_memory": 42197587.692307696,
    "bytes_to_memory": 3864745.846153846,
    "total_bytes_rw_mem": 46062333.538461536
}