{
    "demand_fetches": {
        "total": 9774305.57142857,
        "instrn": 0.0,
        "data": 9774305.57142857,
        "read": 8964274.857142856,
        "write": 810030.7142857143,
        "misc": 0.0
    },
    "demand_misses": {
        "total": 985750.2857142857,
        "instrn": 0.0,
        "data": 985750.2857142857,
        "read": 906955.8571428572,
        "write": 78794.42857142857,
        "misc": 0.0
    },
    "demand_miss_rate": {
        "total": 0.08456428571428572,
        "instrn": 0.0,
        "data": 0.08456428571428572,
        "read": 0.08478571428571431,
        "write": 0.08225,
        "misc": 0.0
    },
    "bytes_from_memory": 63088018.28571428,
    "bytes_to_memory": 5614930.285714285,
    "total_bytes_rw_mem": 68702948.57142857
}