{
    "demand_fetches": {
        "total": 9123650.733333332,
        "instrn": 0.0,
        "data": 9123650.733333332,
        "read": 8367132.133333334,
        "write": 756518.6,
        "misc": 0.0
    },
    "demand_misses": {
        "total": 3505310.6,
        "instrn": 0.0,
        "data": 3505310.6,
        "read": 3218817.533333333,
        "write": 286493.06666666665,
        "misc": 0.0
    },
    "demand_miss_rate": {
        "total": 0.3010866666666667,
        "instrn": 0.0,
        "data": 0.3010866666666667,
        "read": 0.30095999999999995,
        "write": 0.30004000000000003,
        "misc": 0.0
    },
    "bytes_from_memory": 56084969.6,
    "bytes_to_memory": 4877226.666666667,
    "total_bytes_rw_mem": 60962196.266666666
}