{
    "demand_fetches": {
        "total": 24718192.769230768,
        "instrn": 0.0,
        "data": 24718192.769230768,
        "read": 21686931.46153846,
        "write": 3031261.3076923075,
        "misc": 0.0
    },
    "demand_misses": {
        "total": 5720081.230769231,
        "instrn": 0.0,
        "data": 5720081.230769231,
        "read": 4970739.307692308,
        "write": 749341.9230769231,
        "misc": 0.0
    },
    "demand_miss_rate": {
        "total": 0.2144846153846154,
        "instrn": 0.0,
        "data": 0.2144846153846154,
        "read": 0.21180769230769236,
        "write": 0.23173846153846153,
        "misc": 0.0
    },
    "bytes_from_memory": 91521299.6923077,
    "bytes_to_memory": 12459427.692307692,
    "total_bytes_rw_mem": 103980727.38461539
}