{
    "demand_fetches": {
        "total": 5550060.846153846,
        "instrn": 0.0,
        "data": 5550060.846153846,
        "read": 4978853.230769231,
        "write": 571207.6153846154,
        "misc": 0.0
    },
    "demand_misses": {
        "total": 2101892.846153846,
        "instrn": 0.0,
        "data": 2101892.846153846,
        "read": 1886557.3076923077,
        "write": 215335.53846153847,
        "misc": 0.0
    },
    "demand_miss_rate": {
        "total": 0.3438153846153846,
        "instrn": 0.0,
        "data": 0.3438153846153846,
        "read": 0.34364615384615377,
        "write": 0.34386923076923076,
        "misc": 0.0
    },
    "bytes_from_memory": 33630285.538461536,
    "bytes_to_memory": 3614331.076923077,
    "total_bytes_rw_mem": 37244616.615384616
}