{
    "demand_fetches": {
        "total": 20412821.46153846,
        "instrn": 0.0,
        "data": 20412821.46153846,
        "read": 19265828.692307692,
        "write": 1146992.7692307692,
        "misc": 0.0
    },
    "demand_misses": {
        "total": 1846804.0,
        "instrn": 0.0,
        "data": 1846804.0,
        "read": 1715140.4615384615,
        "write": 131663.53846153847,
        "misc": 0.0
    },
    "demand_miss_rate": {
        "total": 0.08333846153846153,
        "instrn": 0.0,
        "data": 0.08333846153846153,
        "read": 0.0819153846153846,
        "write": 0.10284615384615384,
        "misc": 0.0
    },
    "bytes_from_memory": 118195456.0,
    "bytes_to_memory": 9790178.461538462,
    "total_bytes_rw_mem": 127985634.46153846
}