{
    "demand_fetches": {
        "total": 6502652.307692308,
        "instrn": 0.0,
        "data": 6502652.307692308,
        "read": 5342057.923076923,
        "write": 1160594.3846153845,
        "misc": 0.0
    },
    "demand_misses": {
        "total": 1791072.0,
        "instrn": 0.0,
        "data": 1791072.0,
        "read": 1367476.6923076923,
        "write": 423595.3076923077,
        "misc": 0.0
    },
    "demand_miss_rate": {
        "total": 0.24532307692307692,
        "instrn": 0.0,
        "data": 0.24532307692307692,
        "read": 0.2241153846153846,
        "write": 0.32984615384615384,
        "misc": 0.0
    },
    "bytes_from_memory": 28657152.0,
    "bytes_to_memory": 6927854.769230769,
    "total_bytes_rw_mem": 35585006.76923077
}