{
    "demand_fetches": {
        "total": 6489888.133333334,
        "instrn": 0.0,
        "data": 6489888.133333334,
        "read": 5659406.0,
        "write": 830482.1333333333,
        "misc": 0.0
    },
    "demand_misses": {
        "total": 2188952.933333333,
        "instrn": 0.0,
        "data": 2188952.933333333,
        "read": 1873391.2,
        "write": 315561.73333333334,
        "misc": 0.0
    },
    "demand_miss_rate": {
        "total": 0.2914333333333333,
        "instrn": 0.0,
        "data": 0.2914333333333333,
        "read": 0.2856866666666667,
        "write": 0.3246933333333333,
        "misc": 0.0
    },
    "bytes_from_memory": 35023246.93333333,
    "bytes_to_memory": 5304376.533333333,
    "total_bytes_rw_mem": 40327623.46666667
}