{
    "demand_fetches": {
        "total": 9909068.142857144,
        "instrn": 0.0,
        "data": 9909068.142857144,
        "read": 9015900.142857144,
        "write": 893168.0,
        "misc": 0.0
    },
    "demand_misses": {
        "total": 1002929.7857142857,
        "instrn": 0.0,
        "data": 1002929.7857142857,
        "read": 910020.6428571428,
        "write": 92909.14285714286,
        "misc": 0.0
    },
    "demand_miss_rate": {
        "total": 0.08635000000000001,
        "instrn": 0.0,
        "data": 0.08635000000000001,
        "read": 0.08627142857142858,
        "write": 0.08770714285714286,
        "misc": 0.0
    },
    "bytes_from_memory": 64187506.28571428,
    "bytes_to_memory": 6878829.714285715,
    "total_bytes_rw_mem": 71066336.0
}