{
    "demand_fetches": {
        "total": 21422233.0,
        "instrn": 0.0,
        "data": 21422233.0,
        "read": 18795179.4,
        "write": 2627053.6,
        "misc": 0.0
    },
    "demand_misses": {
        "total": 1471020.4666666666,
        "instrn": 0.0,
        "data": 1471020.4666666666,
        "read": 1174140.0,
        "write": 296880.4666666667,
        "misc": 0.0
    },
    "demand_miss_rate": {
        "total": 0.05531333333333333,
        "instrn": 0.0,
        "data": 0.05531333333333333,
        "read": 0.05037333333333334,
        "write": 0.08830666666666667,
        "misc": 0.0
    },
    "bytes_from_memory": 94145309.86666666,
    "bytes_to_memory": 20194670.933333334,
    "total_bytes_rw_mem": 114339980.8
}