{
    "demand_fetches": {
        "total": 5550060.846153846,
        "instrn": 0.0,
        "data": 5550060.846153846,
        "read": 4978853.230769231,
        "write": 571207.6153846154,
        "misc": 0.0
    },
    "demand_misses": {
        "total": 1261279.923076923,
        "instrn": 0.0,
        "data": 1261279.923076923,
        "read": 1148814.5384615385,
        "write": 112465.38461538461,
        "misc": 0.0
    },
    "demand_miss_rate": {
        "total": 0.20526923076923076,
        "instrn": 0.0,
        "data": 0.20526923076923076,
        "read": 0.20920000000000002,
        "write": 0.17934615384615385,
        "misc": 0.0
    },
    "bytes_from_memory": 40360957.538461536,
    "bytes_to_memory": 3945831.3846153845,
    "total_bytes_rw_mem": 44306788.92307692
}