{
    "demand_fetches": {
        "total": 26140940.35714286,
        "instrn": 0.0,
        "data": 26140940.35714286,
        "read": 24017767.14285714,
        "write": 2123173.214285714,
        "misc": 0.0
    },
    "demand_misses": {
        "total": 1850049.7142857143,
        "instrn": 0.0,
        "data": 1850049.7142857143,
        "read": 1614335.642857143,
        "write": 235714.07142857142,
        "misc": 0.0
    },
    "demand_miss_rate": {
        "total": 0.06607857142857142,
        "instrn": 0.0,
        "data": 0.06607857142857142,
        "read": 0.06267142857142856,
        "write": 0.10029285714285716,
        "misc": 0.0
    },
    "bytes_from_memory": 118403181.71428572,
    "bytes_to_memory": 16168845.714285715,
    "total_bytes_rw_mem": 134572027.42857143
}