{
    "demand_fetches": {
        "total": 9909068.142857144,
        "instrn": 0.0,
        "data": 9909068.142857144,
        "read": 9015900.142857144,
        "write": 893168.0,
        "misc": 0.0
    },
    "demand_misses": {
        "total": 4041819.4285714286,
        "instrn": 0.0,
        "data": 4041819.4285714286,
        "read": 3691775.785714286,
        "write": 350043.64285714284,
        "misc": 0.0
    },
    "demand_miss_rate": {
        "total": 0.3433428571428572,
        "instrn": 0.0,
        "data": 0.3433428571428572,
        "read": 0.3447785714285715,
        "write": 0.33170714285714287,
        "misc": 0.0
    },
    "bytes_from_memory": 64669110.85714286,
    "bytes_to_memory": 6058825.142857143,
    "total_bytes_rw_mem": 70727936.0
}