{
    "demand_fetches": {
        "total": 56153.21428571428,
        "instrn": 0.0,
        "data": 56153.21428571428,
        "read": 39110.142857142855,
        "write": 17043.071428571428,
        "misc": 0.0
    },
    "demand_misses": {
        "total": 10417.357142857143,
        "instrn": 0.0,
        "data": 10417.357142857143,
        "read": 5699.214285714285,
        "write": 4718.142857142857,
        "misc": 0.0
    },
    "demand_miss_rate": {
        "total": 0.1333,
        "instrn": 0.0,
        "data": 0.1333,
        "read": 0.11045,
        "write": 0.18702857142857146,
        "misc": 0.0
    },
    "bytes_from_memory": 666710.8571428572,
    "bytes_to_memory": 327168.0,
    "total_bytes_rw_mem": 993878.8571428572
}