{
    "demand_fetches": {
        "total": 10361724.57142857,
        "instrn": 0.0,
        "data": 10361724.57142857,
        "read": 9180187.714285715,
        "write": 1181536.857142857,
        "misc": 0.0
    },
    "demand_misses": {
        "total": 807964.7857142857,
        "instrn": 0.0,
        "data": 807964.7857142857,
        "read": 694127.8571428572,
        "write": 113836.92857142857,
        "misc": 0.0
    },
    "demand_miss_rate": {
        "total": 0.06707142857142857,
        "instrn": 0.0,
        "data": 0.06707142857142857,
        "read": 0.06492142857142857,
        "write": 0.08147142857142856,
        "misc": 0.0
    },
    "bytes_from_memory": 51709746.28571428,
    "bytes_to_memory": 7797289.142857143,
    "total_bytes_rw_mem": 59507035.428571425
}