{
    "demand_fetches": {
        "total": 20330162.076923076,
        "instrn": 0.0,
        "data": 20330162.076923076,
        "read": 19211134.46153846,
        "write": 1119027.6153846155,
        "misc": 0.0
    },
    "demand_misses": {
        "total": 2874249.6923076925,
        "instrn": 0.0,
        "data": 2874249.6923076925,
        "read": 2703871.846153846,
        "write": 170377.84615384616,
        "misc": 0.0
    },
    "demand_miss_rate": {
        "total": 0.13046923076923078,
        "instrn": 0.0,
        "data": 0.13046923076923078,
        "read": 0.1293923076923077,
        "write": 0.14317692307692306,
        "misc": 0.0
    },
    "bytes_from_memory": 91975990.15384616,
    "bytes_to_memory": 5839409.230769231,
    "total_bytes_rw_mem": 97815399.38461539
}