{
    "demand_fetches": {
        "total": 9774305.57142857,
        "instrn": 0.0,
        "data": 9774305.57142857,
        "read": 8964274.857142856,
        "write": 810030.7142857143,
        "misc": 0.0
    },
    "demand_misses": {
        "total": 3780860.5714285714,
        "instrn": 0.0,
        "data": 3780860.5714285714,
        "read": 3475012.0714285714,
        "write": 305848.5,
        "misc": 0.0
    },
    "demand_miss_rate": {
        "total": 0.3238214285714286,
        "instrn": 0.0,
        "data": 0.3238214285714286,
        "read": 0.3239,
        "write": 0.32032142857142853,
        "misc": 0.0
    },
    "bytes_from_memory": 60493769.14285714,
    "bytes_to_memory": 5197717.714285715,
    "total_bytes_rw_mem": 65691486.85714286
}