{
    "demand_fetches": {
        "total": 21086884.307692308,
        "instrn": 0.0,
        "data": 21086884.307692308,
        "read": 19657634.615384616,
        "write": 1429249.6923076923,
        "misc": 0.0
    },
    "demand_misses": {
        "total": 10016112.307692308,
        "instrn": 0.0,
        "data": 10016112.307692308,
        "read": 9506742.615384616,
        "write": 509369.6923076923,
        "misc": 0.0
    },
    "demand_miss_rate": {
        "total": 0.43085384615384625,
        "instrn": 0.0,
        "data": 0.43085384615384625,
        "read": 0.439323076923077,
        "write": 0.3321,
        "misc": 0.0
    },
    "bytes_from_memory": 160257796.92307693,
    "bytes_to_memory": 10386561.23076923,
    "total_bytes_rw_mem": 170644358.15384614
}