{
    "demand_fetches": {
        "total": 19214001.5,
        "instrn": 0.0,
        "data": 19214001.5,
        "read": 18041581.714285713,
        "write": 1172419.7857142857,
        "misc": 0.0
    },
    "demand_misses": {
        "total": 3135059.4285714286,
        "instrn": 0.0,
        "data": 3135059.4285714286,
        "read": 2944139.0714285714,
        "write": 190920.35714285713,
        "misc": 0.0
    },
    "demand_miss_rate": {
        "total": 0.13961428571428575,
        "instrn": 0.0,
        "data": 0.13961428571428575,
        "read": 0.1393642857142857,
        "write": 0.14165,
        "misc": 0.0
    },
    "bytes_from_memory": 100321901.71428572,
    "bytes_to_memory": 7111010.285714285,
    "total_bytes_rw_mem": 107432912.0
}