{
    "demand_fetches": {
        "total": 5291166.928571428,
        "instrn": 0.0,
        "data": 5291166.928571428,
        "read": 4662116.428571428,
        "write": 629050.5,
        "misc": 0.0
    },
    "demand_misses": {
        "total": 1268518.0714285714,
        "instrn": 0.0,
        "data": 1268518.0714285714,
        "read": 1143873.7857142857,
        "write": 124644.28571428571,
        "misc": 0.0
    },
    "demand_miss_rate": {
        "total": 0.20375714285714283,
        "instrn": 0.0,
        "data": 0.20375714285714283,
        "read": 0.21025,
        "write": 0.1688214285714286,
        "misc": 0.0
    },
    "bytes_from_memory": 40592578.28571428,
    "bytes_to_memory": 4429952.0,
    "total_bytes_rw_mem": 45022530.28571428
}