{
    "demand_fetches": {
        "total": 30488086.615384616,
        "instrn": 0.0,
        "data": 30488086.615384616,
        "read": 24886322.692307692,
        "write": 5601763.923076923,
        "misc": 0.0
    },
    "demand_misses": {
        "total": 2100299.076923077,
        "instrn": 0.0,
        "data": 2100299.076923077,
        "read": 1454835.8461538462,
        "write": 645463.2307692308,
        "misc": 0.0
    },
    "demand_miss_rate": {
        "total": 0.06381538461538462,
        "instrn": 0.0,
        "data": 0.06381538461538462,
        "read": 0.05438461538461538,
        "write": 0.10416153846153849,
        "misc": 0.0
    },
    "bytes_from_memory": 134419140.92307693,
    "bytes_to_memory": 44135527.384615384,
    "total_bytes_rw_mem": 178554668.30769232
}