{
    "demand_fetches": {
        "total": 117406.64285714286,
        "instrn": 0.0,
        "data": 117406.64285714286,
        "read": 73725.42857142857,
        "write": 43681.21428571428,
        "misc": 0.0
    },
    "demand_misses": {
        "total": 46992.642857142855,
        "instrn": 0.0,
        "data": 46992.642857142855,
        "read": 23369.214285714286,
        "write": 23623.428571428572,
        "misc": 0.0
    },
    "demand_miss_rate": {
        "total": 0.2489571428571429,
        "instrn": 0.0,
        "data": 0.2489571428571429,
        "read": 0.21202857142857143,
        "write": 0.31117142857142854,
        "misc": 0.0
    },
    "bytes_from_memory": 3007529.1428571427,
    "bytes_to_memory": 1544498.2857142857,
    "total_bytes_rw_mem": 4552027.428571428
}