{
    "demand_fetches": {
        "total": 111298.57142857143,
        "instrn": 0.0,
        "data": 111298.57142857143,
        "read": 74882.0,
        "write": 36416.57142857143,
        "misc": 0.0
    },
    "demand_misses": {
        "total": 45076.92857142857,
        "instrn": 0.0,
        "data": 45076.92857142857,
        "read": 27442.714285714286,
        "write": 17634.214285714286,
        "misc": 0.0
    },
    "demand_miss_rate": {
        "total": 0.26794999999999997,
        "instrn": 0.0,
        "data": 0.26794999999999997,
        "read": 0.24761428571428573,
        "write": 0.3061857142857143,
        "misc": 0.0
    },
    "bytes_from_memory": 2884923.4285714286,
    "bytes_to_memory": 1164402.2857142857,
    "total_bytes_rw_mem": 4049325.714285714
}