{
    "demand_fetches": {
        "total": 21086884.307692308,
        "instrn": 0.0,
        "data": 21086884.307692308,
        "read": 19657634.615384616,
        "write": 1429249.6923076923,
        "misc": 0.0
    },
    "demand_misses": {
        "total": 1459418.6153846155,
        "instrn": 0.0,
        "data": 1459418.6153846155,
        "read": 1306792.076923077,
        "write": 152626.53846153847,
        "misc": 0.0
    },
    "demand_miss_rate": {
        "total": 0.06422307692307692,
        "instrn": 0.0,
        "data": 0.06422307692307692,
        "read": 0.06146923076923076,
        "write": 0.09601538461538461,
        "misc": 0.0
    },
    "bytes_from_memory": 93402791.38461539,
    "bytes_to_memory": 10363997.538461538,
    "total_bytes_rw_mem": 103766788.92307693
}