{
    "demand_fetches": {
        "total": 9671492.866666667,
        "instrn": 0.0,
        "data": 9671492.866666667,
        "read": 8568500.333333334,
        "write": 1102992.5333333334,
        "misc": 0.0
    },
    "demand_misses": {
        "total": 846813.0,
        "instrn": 0.0,
        "data": 846813.0,
        "read": 735650.0666666667,
        "write": 111162.93333333333,
        "misc": 0.0
    },
    "demand_miss_rate": {
        "total": 0.07028666666666666,
        "instrn": 0.0,
        "data": 0.07028666666666666,
        "read": 0.06895333333333334,
        "write": 0.07955333333333332,
        "misc": 0.0
    },
    "bytes_from_memory": 54196032.0,
    "bytes_to_memory": 7936076.8,
    "total_bytes_rw_mem": 62132108.8
}