{
    "demand_fetches": {
        "total": 5548853.153846154,
        "instrn": 0.0,
        "data": 5548853.153846154,
        "read": 4974626.0,
        "write": 574227.1538461539,
        "misc": 0.0
    },
    "demand_misses": {
        "total": 669005.2307692308,
        "instrn": 0.0,
        "data": 669005.2307692308,
        "read": 611982.2307692308,
        "write": 57023.0,
        "misc": 0.0
    },
    "demand_miss_rate": {
        "total": 0.10976153846153845,
        "instrn": 0.0,
        "data": 0.10976153846153845,
        "read": 0.11286923076923078,
        "write": 0.09075384615384616,
        "misc": 0.0
    },
    "bytes_from_memory": 42816334.76923077,
    "bytes_to_memory": 4155869.5384615385,
    "total_bytes_rw_mem": 46972204.307692304
}