{
    "demand_fetches": {
        "total": 10570637.615384616,
        "instrn": 0.0,
        "data": 10570637.615384616,
        "read": 9671347.153846154,
        "write": 899290.4615384615,
        "misc": 0.0
    },
    "demand_misses": {
        "total": 1295265.8461538462,
        "instrn": 0.0,
        "data": 1295265.8461538462,
        "read": 1201012.7692307692,
        "write": 94253.07692307692,
        "misc": 0.0
    },
    "demand_miss_rate": {
        "total": 0.11216923076923078,
        "instrn": 0.0,
        "data": 0.11216923076923078,
        "read": 0.11430769230769229,
        "write": 0.09567692307692309,
        "misc": 0.0
    },
    "bytes_from_memory": 82897014.15384616,
    "bytes_to_memory": 7119000.615384615,
    "total_bytes_rw_mem": 90016014.76923077
}