{
    "demand_fetches": {
        "total": 159946.76923076922,
        "instrn": 0.0,
        "data": 159946.76923076922,
        "read": 85015.84615384616,
        "write": 74930.92307692308,
        "misc": 0.0
    },
    "demand_misses": {
        "total": 75512.30769230769,
        "instrn": 0.0,
        "data": 75512.30769230769,
        "read": 11480.461538461539,
        "write": 64031.846153846156,
        "misc": 0.0
    },
    "demand_miss_rate": {
        "total": 0.26359230769230774,
        "instrn": 0.0,
        "data": 0.26359230769230774,
        "read": 0.10563846153846154,
        "write": 0.5071923076923077,
        "misc": 0.0
    },
    "bytes_from_memory": 4832787.692307692,
    "bytes_to_memory": 4124696.6153846155,
    "total_bytes_rw_mem": 8957484.307692308
}