{
    "demand_fetches": {
        "total": 5147401.5,
        "instrn": 0.0,
        "data": 5147401.5,
        "read": 4618878.428571428,
        "write": 528523.0714285715,
        "misc": 0.0
    },
    "demand_misses": {
        "total": 2059302.7857142857,
        "instrn": 0.0,
        "data": 2059302.7857142857,
        "read": 1859650.7857142857,
        "write": 199652.0,
        "misc": 0.0
    },
    "demand_miss_rate": {
        "total": 0.33585000000000004,
        "instrn": 0.0,
        "data": 0.33585000000000004,
        "read": 0.3381928571428571,
        "write": 0.3201285714285714,
        "misc": 0.0
    },
    "bytes_from_memory": 32948844.57142857,
    "bytes_to_memory": 3361569.1428571427,
    "total_bytes_rw_mem": 36310413.71428572
}