{
    "demand_fetches": {
        "total": 5212973.285714285,
        "instrn": 0.0,
        "data": 5212973.285714285,
        "read": 4647427.142857143,
        "write": 565546.1428571428,
        "misc": 0.0
    },
    "demand_misses": {
        "total": 1095180.9285714286,
        "instrn": 0.0,
        "data": 1095180.9285714286,
        "read": 982868.4285714285,
        "write": 112312.5,
        "misc": 0.0
    },
    "demand_miss_rate": {
        "total": 0.1777785714285714,
        "instrn": 0.0,
        "data": 0.1777785714285714,
        "read": 0.1795071428571429,
        "write": 0.1673214285714286,
        "misc": 0.0
    },
    "bytes_from_memory": 35045789.71428572,
    "bytes_to_memory": 3936080.0,
    "total_bytes_rw_mem": 38981869.71428572
}