{
    "demand_fetches": {
        "total": 14605886.461538462,
        "instrn": 0.0,
        "data": 14605886.461538462,
        "read": 11120549.0,
        "write": 3485337.4615384615,
        "misc": 0.0
    },
    "demand_misses": {
        "total": 3884470.4615384615,
        "instrn": 0.0,
        "data": 3884470.4615384615,
        "read": 2579153.923076923,
        "write": 1305316.5384615385,
        "misc": 0.0
    },
    "demand_miss_rate": {
        "total": 0.2403692307692308,
        "instrn": 0.0,
        "data": 0.2403692307692308,
        "read": 0.2072615384615385,
        "write": 0.34050769230769234,
        "misc": 0.0
    },
    "bytes_from_memory": 62151527.384615384,
    "bytes_to_memory": 21217565.53846154,
    "total_bytes_rw_mem": 83369092.92307693
}