{
    "demand_fetches": {
        "total": 18610525.285714287,
        "instrn": 0.0,
        "data": 18610525.285714287,
        "read": 17654362.285714287,
        "write": 956163.0,
        "misc": 0.0
    },
    "demand_misses": {
        "total": 2922084.5714285714,
        "instrn": 0.0,
        "data": 2922084.5714285714,
        "read": 2766791.3571428573,
        "write": 155293.2142857143,
        "misc": 0.0
    },
    "demand_miss_rate": {
        "total": 0.13070714285714286,
        "instrn": 0.0,
        "data": 0.13070714285714286,
        "read": 0.12987857142857143,
        "write": 0.14014285714285715,
        "misc": 0.0
    },
    "bytes_from_memory": 93506706.28571428,
    "bytes_to_memory": 5352875.428571428,
    "total_bytes_rw_mem": 98859581.71428572
}