{
    "demand_fetches": {
        "total": 74984.71428571429,
        "instrn": 0.0,
        "data": 74984.71428571429,
        "read": 47629.07142857143,
        "write": 27355.64285714286,
        "misc": 0.0
    },
    "demand_misses": {
        "total": 27173.714285714286,
        "instrn": 0.0,
        "data": 27173.714285714286,
        "read": 12583.57142857143,
        "write": 14590.142857142857,
        "misc": 0.0
    },
    "demand_miss_rate": {
        "total": 0.22490714285714292,
        "instrn": 0.0,
        "data": 0.22490714285714292,
        "read": 0.17279999999999998,
        "write": 0.31585,
        "misc": 0.0
    },
    "bytes_from_memory": 434779.4285714286,
    "bytes_to_memory": 244387.42857142858,
    "total_bytes_rw_mem": 679166.8571428572
}