{
    "demand_fetches": {
        "total": 9909068.142857144,
        "instrn": 0.0,
        "data": 9909068.142857144,
        "read": 9015900.142857144,
        "write": 893168.0,
        "misc": 0.0
    },
    "demand_misses": {
        "total": 4779549.142857143,
        "instrn": 0.0,
        "data": 4779549.142857143,
        "read": 4414124.071428572,
        "write": 365425.0714285714,
        "misc": 0.0
    },
    "demand_miss_rate": {
        "total": 0.40791428571428573,
        "instrn": 0.0,
        "data": 0.40791428571428573,
        "read": 0.4154214285714285,
        "write": 0.3490357142857143,
        "misc": 0.0
    },
    "bytes_from_memory": 76472786.28571428,
    "bytes_to_memory": 6494245.714285715,
    "total_bytes_rw_mem": 82967032.0
}