{
    "demand_fetches": {
        "total": 5548853.153846154,
        "instrn": 0.0,
        "data": 5548853.153846154,
        "read": 4974626.0,
        "write": 574227.1538461539,
        "misc": 0.0
    },
    "demand_misses": {
        "total": 524293.9230769231,
        "instrn": 0.0,
        "data": 524293.9230769231,
        "read": 470104.53846153844,
        "write": 54189.38461538462,
        "misc": 0.0
    },
    "demand_miss_rate": {
        "total": 0.08635384615384617,
        "instrn": 0.0,
        "data": 0.08635384615384617,
        "read": 0.08646153846153846,
        "write": 0.08604615384615383,
        "misc": 0.0
    },
    "bytes_from_memory": 33554811.07692308,
    "bytes_to_memory": 3771012.923076923,
    "total_bytes_rw_mem": 37325824.0
}