{
    "demand_fetches": {
        "total": 5291166.928571428,
        "instrn": 0.0,
        "data": 5291166.928571428,
        "read": 4662116.428571428,
        "write": 629050.5,
        "misc": 0.0
    },
    "demand_misses": {
        "total": 632906.8571428572,
        "instrn": 0.0,
        "data": 632906.8571428572,
        "read": 571274.6428571428,
        "write": 61632.21428571428,
        "misc": 0.0
    },
    "demand_miss_rate": {
        "total": 0.10205,
        "instrn": 0.0,
        "data": 0.10205,
        "read": 0.10546428571428572,
        "write": 0.08340714285714287,
        "misc": 0.0
    },
    "bytes_from_memory": 40506038.85714286,
    "bytes_to_memory": 4526870.857142857,
    "total_bytes_rw_mem": 45032909.71428572
}