{
    "demand_fetches": {
        "total": 10538876.538461538,
        "instrn": 0.0,
        "data": 10538876.538461538,
        "read": 9658823.923076924,
        "write": 880052.6153846154,
        "misc": 0.0
    },
    "demand_misses": {
        "total": 2072275.2307692308,
        "instrn": 0.0,
        "data": 2072275.2307692308,
        "read": 1904805.6153846155,
        "write": 167469.61538461538,
        "misc": 0.0
    },
    "demand_miss_rate": {
        "total": 0.17725384615384612,
        "instrn": 0.0,
        "data": 0.17725384615384612,
        "read": 0.17755384615384617,
        "write": 0.17374615384615386,
        "misc": 0.0
    },
    "bytes_from_memory": 66312807.384615384,
    "bytes_to_memory": 5753252.923076923,
    "total_bytes_rw_mem": 72066060.3076923
}