{
    "demand_fetches": {
        "total": 10361724.57142857,
        "instrn": 0.0,
        "data": 10361724.57142857,
        "read": 9180187.714285715,
        "write": 1181536.857142857,
        "misc": 0.0
    },
    "demand_misses": {
        "total": 1314271.357142857,
        "instrn": 0.0,
        "data": 1314271.357142857,
        "read": 1182175.7142857143,
        "write": 132095.64285714287,
        "misc": 0.0
    },
    "demand_miss_rate": {
        "total": 0.1096357142857143,
        "instrn": 0.0,
        "data": 0.1096357142857143,
        "read": 0.1120857142857143,
        "write": 0.09453571428571428,
        "misc": 0.0
    },
    "bytes_from_memory": 84113366.85714285,
    "bytes_to_memory": 10202011.42857143,
    "total_bytes_rw_mem": 94315378.28571428
}