{
    "demand_fetches": {
        "total": 9774305.57142857,
        "instrn": 0.0,
        "data": 9774305.57142857,
        "read": 8964274.857142856,
        "write": 810030.7142857143,
        "misc": 0.0
    },
    "demand_misses": {
        "total": 1941252.2857142857,
        "instrn": 0.0,
        "data": 1941252.2857142857,
        "read": 1786281.7857142857,
        "write": 154970.5,
        "misc": 0.0
    },
    "demand_miss_rate": {
        "total": 0.16619285714285717,
        "instrn": 0.0,
        "data": 0.16619285714285717,
        "read": 0.16655714285714285,
        "write": 0.16202857142857144,
        "misc": 0.0
    },
    "bytes_from_memory": 62120073.14285714,
    "bytes_to_memory": 5360786.285714285,
    "total_bytes_rw_mem": 67480859.42857143
}