{
    "demand_fetches": {
        "total": 5212973.285714285,
        "instrn": 0.0,
        "data": 5212973.285714285,
        "read": 4647427.142857143,
        "write": 565546.1428571428,
        "misc": 0.0
    },
    "demand_misses": {
        "total": 822122.6428571428,
        "instrn": 0.0,
        "data": 822122.6428571428,
        "read": 717003.9285714285,
        "write": 105118.71428571429,
        "misc": 0.0
    },
    "demand_miss_rate": {
        "total": 0.13592142857142858,
        "instrn": 0.0,
        "data": 0.13592142857142858,
        "read": 0.13275714285714285,
        "write": 0.15709285714285712,
        "misc": 0.0
    },
    "bytes_from_memory": 26307924.57142857,
    "bytes_to_memory": 3517227.4285714286,
    "total_bytes_rw_mem": 29825152.0
}