{
    "demand_fetches": {
        "total": 5212973.285714285,
        "instrn": 0.0,
        "data": 5212973.285714285,
        "read": 4647427.142857143,
        "write": 565546.1428571428,
        "misc": 0.0
    },
    "demand_misses": {
        "total": 1296133.9285714286,
        "instrn": 0.0,
        "data": 1296133.9285714286,
        "read": 1179201.0,
        "write": 116932.92857142857,
        "misc": 0.0
    },
    "demand_miss_rate": {
        "total": 0.21279285714285714,
        "instrn": 0.0,
        "data": 0.21279285714285714,
        "read": 0.21899285714285716,
        "write": 0.17537857142857144,
        "misc": 0.0
    },
    "bytes_from_memory": 41476285.71428572,
    "bytes_to_memory": 4237478.857142857,
    "total_bytes_rw_mem": 45713764.571428575
}