{
    "demand_fetches": {
        "total": 46138.28571428572,
        "instrn": 0.0,
        "data": 46138.28571428572,
        "read": 29109.428571428572,
        "write": 17028.85714285714,
        "misc": 0.0
    },
    "demand_misses": {
        "total": 11229.0,
        "instrn": 0.0,
        "data": 11229.0,
        "read": 4895.214285714285,
        "write": 6333.785714285715,
        "misc": 0.0
    },
    "demand_miss_rate": {
        "total": 0.16895714285714286,
        "instrn": 0.0,
        "data": 0.16895714285714286,
        "read": 0.12715,
        "write": 0.24224285714285718,
        "misc": 0.0
    },
    "bytes_from_memory": 359328.0,
    "bytes_to_memory": 215734.85714285713,
    "total_bytes_rw_mem": 575062.8571428572
}