{
    "demand_fetches": {
        "total": 6502652.307692308,
        "instrn": 0.0,
        "data": 6502652.307692308,
        "read": 5342057.923076923,
        "write": 1160594.3846153845,
        "misc": 0.0
    },
    "demand_misses": {
        "total": 989257.2307692308,
        "instrn": 0.0,
        "data": 989257.2307692308,
        "read": 770424.2307692308,
        "write": 218833.0,
        "misc": 0.0
    },
    "demand_miss_rate": {
        "total": 0.14173846153846154,
        "instrn": 0.0,
        "data": 0.14173846153846154,
        "read": 0.1348153846153846,
        "write": 0.1706230769230769,
        "misc": 0.0
    },
    "bytes_from_memory": 31656231.384615384,
    "bytes_to_memory": 7373435.076923077,
    "total_bytes_rw_mem": 39029666.461538464
}