{
    "demand_fetches": {
        "total": 5550060.846153846,
        "instrn": 0.0,
        "data": 5550060.846153846,
        "read": 4978853.230769231,
        "write": 571207.6153846154,
        "misc": 0.0
    },
    "demand_misses": {
        "total": 552246.3076923077,
        "instrn": 0.0,
        "data": 552246.3076923077,
        "read": 497207.6153846154,
        "write": 55038.692307692305,
        "misc": 0.0
    },
    "demand_miss_rate": {
        "total": 0.09054615384615383,
        "instrn": 0.0,
        "data": 0.09054615384615383,
        "read": 0.09099230769230769,
        "write": 0.08776153846153846,
        "misc": 0.0
    },
    "bytes_from_memory": 35343763.692307696,
    "bytes_to_memory": 3853331.6923076925,
    "total_bytes_rw_mem": 39197095.384615384
}