{
    "demand_fetches": {
        "total": 121393.5,
        "instrn": 0.0,
        "data": 121393.5,
        "read": 81639.64285714286,
        "write": 39753.857142857145,
        "misc": 0.0
    },
    "demand_misses": {
        "total": 56933.78571428572,
        "instrn": 0.0,
        "data": 56933.78571428572,
        "read": 31311.35714285714,
        "write": 25622.428571428572,
        "misc": 0.0
    },
    "demand_miss_rate": {
        "total": 0.2898428571428571,
        "instrn": 0.0,
        "data": 0.2898428571428571,
        "read": 0.25625,
        "write": 0.3501071428571429,
        "misc": 0.0
    },
    "bytes_from_memory": 3643762.285714286,
    "bytes_to_memory": 1667730.2857142857,
    "total_bytes_rw_mem": 5311492.571428572
}