{
    "demand_fetches": {
        "total": 55505.57142857143,
        "instrn": 0.0,
        "data": 55505.57142857143,
        "read": 32970.71428571428,
        "write": 22534.85714285714,
        "misc": 0.0
    },
    "demand_misses": {
        "total": 18581.85714285714,
        "instrn": 0.0,
        "data": 18581.85714285714,
        "read": 5093.857142857143,
        "write": 13488.0,
        "misc": 0.0
    },
    "demand_miss_rate": {
        "total": 0.23324999999999999,
        "instrn": 0.0,
        "data": 0.23324999999999999,
        "read": 0.1532,
        "write": 0.33804285714285714,
        "misc": 0.0
    },
    "bytes_from_memory": 297309.71428571426,
    "bytes_to_memory": 223721.14285714287,
    "total_bytes_rw_mem": 521030.85714285716
}