{
    "demand_fetches": {
        "total": 5550060.846153846,
        "instrn": 0.0,
        "data": 5550060.846153846,
        "read": 4978853.230769231,
        "write": 571207.6153846154,
        "misc": 0.0
    },
    "demand_misses": {
        "total": 2588929.923076923,
        "instrn": 0.0,
        "data": 2588929.923076923,
        "read": 2368571.230769231,
        "write": 220358.6923076923,
        "misc": 0.0
    },
    "demand_miss_rate": {
        "total": 0.4170384615384615,
        "instrn": 0.0,
        "data": 0.4170384615384615,
        "read": 0.42660769230769235,
        "write": 0.3519307692307692,
        "misc": 0.0
    },
    "bytes_from_memory": 41422878.76923077,
    "bytes_to_memory": 3761476.923076923,
    "total_bytes_rw_mem": 45184355.692307696
}