{
    "demand_fetches": {
        "total": 22952060.35714286,
        "instrn": 0.0,
        "data": 22952060.35714286,
        "read": 20137478.0,
        "write": 2814582.3571428573,
        "misc": 0.0
    },
    "demand_misses": {
        "total": 1496819.7857142857,
        "instrn": 0.0,
        "data": 1496819.7857142857,
        "read": 1187195.142857143,
        "write": 309624.64285714284,
        "misc": 0.0
    },
    "demand_miss_rate": {
        "total": 0.056157142857142864,
        "instrn": 0.0,
        "data": 0.056157142857142864,
        "read": 0.05078571428571429,
        "write": 0.09207142857142858,
        "misc": 0.0
    },
    "bytes_from_memory": 95796466.28571428,
    "bytes_to_memory": 20677888.0,
    "total_bytes_rw_mem": 116474354.28571428
}