{
    "demand_fetches": {
        "total": 9802105.857142856,
        "instrn": 0.0,
        "data": 9802105.857142856,
        "read": 8971251.07142857,
        "write": 830854.7857142857,
        "misc": 0.0
    },
    "demand_misses": {
        "total": 2232537.214285714,
        "instrn": 0.0,
        "data": 2232537.214285714,
        "read": 2075620.357142857,
        "write": 156916.85714285713,
        "misc": 0.0
    },
    "demand_miss_rate": {
        "total": 0.1837571428571429,
        "instrn": 0.0,
        "data": 0.1837571428571429,
        "read": 0.18587142857142855,
        "write": 0.16064285714285712,
        "misc": 0.0
    },
    "bytes_from_memory": 71441190.85714285,
    "bytes_to_memory": 5417515.428571428,
    "total_bytes_rw_mem": 76858706.28571428
}