{
    "demand_fetches": {
        "total": 9909992.214285715,
        "instrn": 0.0,
        "data": 9909992.214285715,
        "read": 9016409.357142856,
        "write": 893582.8571428572,
        "misc": 0.0
    },
    "demand_misses": {
        "total": 1987797.5714285714,
        "instrn": 0.0,
        "data": 1987797.5714285714,
        "read": 1808172.4285714286,
        "write": 179625.14285714287,
        "misc": 0.0
    },
    "demand_miss_rate": {
        "total": 0.16998571428571432,
        "instrn": 0.0,
        "data": 0.16998571428571432,
        "read": 0.1701142857142857,
        "write": 0.1696785714285714,
        "misc": 0.0
    },
    "bytes_from_memory": 63609522.28571428,
    "bytes_to_memory": 6367083.428571428,
    "total_bytes_rw_mem": 69976605.71428572
}