{
    "demand_fetches": {
        "total": 261857.0,
        "instrn": 0.0,
        "data": 261857.0,
        "read": 57447.357142857145,
        "write": 204409.64285714287,
        "misc": 0.0
    },
    "demand_misses": {
        "total": 214767.2142857143,
        "instrn": 0.0,
        "data": 214767.2142857143,
        "read": 25908.14285714286,
        "write": 188859.07142857142,
        "misc": 0.0
    },
    "demand_miss_rate": {
        "total": 0.47433571428571436,
        "instrn": 0.0,
        "data": 0.47433571428571436,
        "read": 0.33037142857142854,
        "write": 0.5351285714285714,
        "misc": 0.0
    },
    "bytes_from_memory": 13745101.714285715,
    "bytes_to_memory": 12123209.142857144,
    "total_bytes_rw_mem": 25868310.85714286
}