{
    "demand_fetches": {
        "total": 9802105.857142856,
        "instrn": 0.0,
        "data": 9802105.857142856,
        "read": 8971251.07142857,
        "write": 830854.7857142857,
        "misc": 0.0
    },
    "demand_misses": {
        "total": 1091247.7857142857,
        "instrn": 0.0,
        "data": 1091247.7857142857,
        "read": 1010980.7857142857,
        "write": 80267.0,
        "misc": 0.0
    },
    "demand_miss_rate": {
        "total": 0.09017142857142858,
        "instrn": 0.0,
        "data": 0.09017142857142858,
        "read": 0.09085714285714286,
        "write": 0.0822857142857143,
        "misc": 0.0
    },
    "bytes_from_memory": 69839858.28571428,
    "bytes_to_memory": 5748507.428571428,
    "total_bytes_rw_mem": 75588365.71428572
}