{
    "demand_fetches": {
        "total": 10581582.846153846,
        "instrn": 0.0,
        "data": 10581582.846153846,
        "read": 9676558.384615384,
        "write": 905024.4615384615,
        "misc": 0.0
    },
    "demand_misses": {
        "total": 844863.1538461539,
        "instrn": 0.0,
        "data": 844863.1538461539,
        "read": 760011.9230769231,
        "write": 84851.23076923077,
        "misc": 0.0
    },
    "demand_miss_rate": {
        "total": 0.0736923076923077,
        "instrn": 0.0,
        "data": 0.0736923076923077,
        "read": 0.07228461538461539,
        "write": 0.08549230769230769,
        "misc": 0.0
    },
    "bytes_from_memory": 54071241.84615385,
    "bytes_to_memory": 5793427.692307692,
    "total_bytes_rw_mem": 59864669.538461536
}