{
    "demand_fetches": {
        "total": 20412821.46153846,
        "instrn": 0.0,
        "data": 20412821.46153846,
        "read": 19265828.692307692,
        "write": 1146992.7692307692,
        "misc": 0.0
    },
    "demand_misses": {
        "total": 1461958.5384615385,
        "instrn": 0.0,
        "data": 1461958.5384615385,
        "read": 1342816.5384615385,
        "write": 119142.0,
        "misc": 0.0
    },
    "demand_miss_rate": {
        "total": 0.06641538461538461,
        "instrn": 0.0,
        "data": 0.06641538461538461,
        "read": 0.0643923076923077,
        "write": 0.09340000000000001,
        "misc": 0.0
    },
    "bytes_from_memory": 93565346.46153846,
    "bytes_to_memory": 8140834.461538462,
    "total_bytes_rw_mem": 101706180.92307693
}