{
    "demand_fetches": {
        "total": 5147401.5,
        "instrn": 0.0,
        "data": 5147401.5,
        "read": 4618878.428571428,
        "write": 528523.0714285715,
        "misc": 0.0
    },
    "demand_misses": {
        "total": 518318.71428571426,
        "instrn": 0.0,
        "data": 518318.71428571426,
        "read": 466955.0714285714,
        "write": 51363.642857142855,
        "misc": 0.0
    },
    "demand_miss_rate": {
        "total": 0.0853142857142857,
        "instrn": 0.0,
        "data": 0.0853142857142857,
        "read": 0.0858857142857143,
        "write": 0.08217857142857143,
        "misc": 0.0
    },
    "bytes_from_memory": 33172397.714285713,
    "bytes_to_memory": 3633202.285714286,
    "total_bytes_rw_mem": 36805600.0
}