{
    "demand_fetches": {
        "total": 9123650.733333332,
        "instrn": 0.0,
        "data": 9123650.733333332,
        "read": 8367132.133333334,
        "write": 756518.6,
        "misc": 0.0
    },
    "demand_misses": {
        "total": 1093305.6666666667,
        "instrn": 0.0,
        "data": 1093305.6666666667,
        "read": 1017488.3333333334,
        "write": 75817.33333333333,
        "misc": 0.0
    },
    "demand_miss_rate": {
        "total": 0.09387333333333332,
        "instrn": 0.0,
        "data": 0.09387333333333332,
        "read": 0.09562666666666668,
        "write": 0.07931333333333335,
        "misc": 0.0
    },
    "bytes_from_memory": 69971562.66666667,
    "bytes_to_memory": 5558809.6,
    "total_bytes_rw_mem": 75530372.26666667
}