{
    "demand_fetches": {
        "total": 19066998.666666668,
        "instrn": 0.0,
        "data": 19066998.666666668,
        "read": 17483255.733333334,
        "write": 1583742.9333333333,
        "misc": 0.0
    },
    "demand_misses": {
        "total": 1347919.4666666666,
        "instrn": 0.0,
        "data": 1347919.4666666666,
        "read": 1172864.4,
        "write": 175055.06666666668,
        "misc": 0.0
    },
    "demand_miss_rate": {
        "total": 0.05693333333333333,
        "instrn": 0.0,
        "data": 0.05693333333333333,
        "read": 0.05398,
        "write": 0.08609333333333334,
        "misc": 0.0
    },
    "bytes_from_memory": 86266845.86666666,
    "bytes_to_memory": 12010935.466666667,
    "total_bytes_rw_mem": 98277781.33333333
}