{
    "demand_fetches": {
        "total": 18610525.285714287,
        "instrn": 0.0,
        "data": 18610525.285714287,
        "read": 17654362.285714287,
        "write": 956163.0,
        "misc": 0.0
    },
    "demand_misses": {
        "total": 1502207.9285714286,
        "instrn": 0.0,
        "data": 1502207.9285714286,
        "read": 1406272.5,
        "write": 95935.42857142857,
        "misc": 0.0
    },
    "demand_miss_rate": {
        "total": 0.06754285714285715,
        "instrn": 0.0,
        "data": 0.06754285714285715,
        "read": 0.06632857142857143,
        "write": 0.08420714285714286,
        "misc": 0.0
    },
    "bytes_from_memory": 96141307.42857143,
    "bytes_to_memory": 6699730.285714285,
    "total_bytes_rw_mem": 102841037.71428572
}