{
    "demand_fetches": {
        "total": 5213475.357142857,
        "instrn": 0.0,
        "data": 5213475.357142857,
        "read": 4637549.0,
        "write": 575926.3571428572,
        "misc": 0.0
    },
    "demand_misses": {
        "total": 1292352.4285714286,
        "instrn": 0.0,
        "data": 1292352.4285714286,
        "read": 1174395.857142857,
        "write": 117956.57142857143,
        "misc": 0.0
    },
    "demand_miss_rate": {
        "total": 0.21175714285714284,
        "instrn": 0.0,
        "data": 0.21175714285714284,
        "read": 0.2183928571428571,
        "write": 0.17512857142857144,
        "misc": 0.0
    },
    "bytes_from_memory": 41355277.71428572,
    "bytes_to_memory": 4236633.142857143,
    "total_bytes_rw_mem": 45591910.85714286
}