{
    "demand_fetches": {
        "total": 5213475.357142857,
        "instrn": 0.0,
        "data": 5213475.357142857,
        "read": 4637549.0,
        "write": 575926.3571428572,
        "misc": 0.0
    },
    "demand_misses": {
        "total": 626736.3571428572,
        "instrn": 0.0,
        "data": 626736.3571428572,
        "read": 570771.1428571428,
        "write": 55965.21428571428,
        "misc": 0.0
    },
    "demand_miss_rate": {
        "total": 0.10170714285714286,
        "instrn": 0.0,
        "data": 0.10170714285714286,
        "read": 0.10505,
        "write": 0.08266428571428572,
        "misc": 0.0
    },
    "bytes_from_memory": 40111126.85714286,
    "bytes_to_memory": 4041028.5714285714,
    "total_bytes_rw_mem": 44152155.428571425
}