{
    "demand_fetches": {
        "total": 11374302.642857144,
        "instrn": 0.0,
        "data": 11374302.642857144,
        "read": 9542977.785714285,
        "write": 1831324.857142857,
        "misc": 0.0
    },
    "demand_misses": {
        "total": 1635589.0714285714,
        "instrn": 0.0,
        "data": 1635589.0714285714,
        "read": 1287943.0,
        "write": 347646.0714285714,
        "misc": 0.0
    },
    "demand_miss_rate": {
        "total": 0.12375714285714286,
        "instrn": 0.0,
        "data": 0.12375714285714286,
        "read": 0.11606428571428572,
        "write": 0.16045714285714285,
        "misc": 0.0
    },
    "bytes_from_memory": 52338850.28571428,
    "bytes_to_memory": 11537172.57142857,
    "total_bytes_rw_mem": 63876022.85714286
}