{
    "power": {
        "0x40": 815.9461181861366,
        "0x41": 5.125465298329541,
        "0x44": 1702.2870251074155,
        "0x45": 859.681364820998,
        "0x48": 1010.0379739856623,
        "0x4c": 606.6390480668285
    },
    "current": {
        "0x40": 163.26702152744818,
        "0x41": -0.5059777565632442,
        "0x44": 513.4877418615819,
        "0x45": 852.0708730787574,
        "0x48": 563.4520515035708,
        "0x4c": 405.74699174224116
    },
    "energy": {
        "0x40": 24537.723123399886,
        "0x41": 154.19502379999898,
        "0x44": 51193.61206320017,
        "0x45": 25855.12397920005,
        "0x48": 30376.186712200102,
        "0x4c": 18243.427043599797
    }
}