{
    "demand_fetches": {
        "total": 6953170.357142857,
        "instrn": 0.0,
        "data": 6953170.357142857,
        "read": 6063401.928571428,
        "write": 889768.4285714285,
        "misc": 0.0
    },
    "demand_misses": {
        "total": 636247.0,
        "instrn": 0.0,
        "data": 636247.0,
        "read": 548185.9285714285,
        "write": 88061.07142857143,
        "misc": 0.0
    },
    "demand_miss_rate": {
        "total": 0.08487857142857146,
        "instrn": 0.0,
        "data": 0.08487857142857146,
        "read": 0.08400714285714285,
        "write": 0.09033571428571427,
        "misc": 0.0
    },
    "bytes_from_memory": 40719808.0,
    "bytes_to_memory": 6278468.571428572,
    "total_bytes_rw_mem": 46998276.571428575
}