{
    "demand_fetches": {
        "total": 5291166.928571428,
        "instrn": 0.0,
        "data": 5291166.928571428,
        "read": 4662116.428571428,
        "write": 629050.5,
        "misc": 0.0
    },
    "demand_misses": {
        "total": 631669.2142857143,
        "instrn": 0.0,
        "data": 631669.2142857143,
        "read": 570642.0714285715,
        "write": 61027.142857142855,
        "misc": 0.0
    },
    "demand_miss_rate": {
        "total": 0.10163571428571429,
        "instrn": 0.0,
        "data": 0.10163571428571429,
        "read": 0.10509285714285714,
        "write": 0.08261428571428572,
        "misc": 0.0
    },
    "bytes_from_memory": 40426829.71428572,
    "bytes_to_memory": 4452836.571428572,
    "total_bytes_rw_mem": 44879666.28571428
}