{
    "demand_fetches": {
        "total": 30488086.615384616,
        "instrn": 0.0,
        "data": 30488086.615384616,
        "read": 24886322.692307692,
        "write": 5601763.923076923,
        "misc": 0.0
    },
    "demand_misses": {
        "total": 3090162.5384615385,
        "instrn": 0.0,
        "data": 3090162.5384615385,
        "read": 2431486.5384615385,
        "write": 658676.0,
        "misc": 0.0
    },
    "demand_miss_rate": {
        "total": 0.09136923076923077,
        "instrn": 0.0,
        "data": 0.09136923076923077,
        "read": 0.08718461538461539,
        "write": 0.10890769230769229,
        "misc": 0.0
    },
    "bytes_from_memory": 98885201.23076923,
    "bytes_to_memory": 21758198.153846152,
    "total_bytes_rw_mem": 120643399.38461539
}