{
    "power": {
        "0x40": 806.4068521511574,
        "0x41": 5.456572674418779,
        "0x44": 1696.9645684302302,
        "0x45": 863.293787674414,
        "0x48": 1010.7038006395209,
        "0x4c": 599.2305116860491
    },
    "current": {
        "0x40": 161.48631343023268,
        "0x41": -0.43140476744185907,
        "0x44": 512.093532441863,
        "0x45": 856.6831223837194,
        "0x48": 563.4997674418611,
        "0x4c": 400.54245656976514
    },
    "energy": {
        "0x40": 19469.23605359986,
        "0x41": 131.89178659999857,
        "0x44": 40971.84262939986,
        "0x45": 20845.30615320004,
        "0x48": 24402.024480900312,
        "0x4c": 14469.13443399985
    }
}