{
    "demand_fetches": {
        "total": 21086884.307692308,
        "instrn": 0.0,
        "data": 21086884.307692308,
        "read": 19657634.615384616,
        "write": 1429249.6923076923,
        "misc": 0.0
    },
    "demand_misses": {
        "total": 1553081.1538461538,
        "instrn": 0.0,
        "data": 1553081.1538461538,
        "read": 1396589.0,
        "write": 156492.15384615384,
        "misc": 0.0
    },
    "demand_miss_rate": {
        "total": 0.06816153846153847,
        "instrn": 0.0,
        "data": 0.06816153846153847,
        "read": 0.06553846153846153,
        "write": 0.09837692307692307,
        "misc": 0.0
    },
    "bytes_from_memory": 99397193.84615384,
    "bytes_to_memory": 10865860.923076924,
    "total_bytes_rw_mem": 110263054.76923077
}