{
    "demand_fetches": {
        "total": 30488086.615384616,
        "instrn": 0.0,
        "data": 30488086.615384616,
        "read": 24886322.692307692,
        "write": 5601763.923076923,
        "misc": 0.0
    },
    "demand_misses": {
        "total": 6151756.153846154,
        "instrn": 0.0,
        "data": 6151756.153846154,
        "read": 4840801.076923077,
        "write": 1310955.076923077,
        "misc": 0.0
    },
    "demand_miss_rate": {
        "total": 0.1818230769230769,
        "instrn": 0.0,
        "data": 0.1818230769230769,
        "read": 0.17343076923076922,
        "write": 0.2168769230769231,
        "misc": 0.0
    },
    "bytes_from_memory": 98428098.46153846,
    "bytes_to_memory": 21452848.0,
    "total_bytes_rw_mem": 119880946.46153846
}