{
    "demand_fetches": {
        "total": 9774305.57142857,
        "instrn": 0.0,
        "data": 9774305.57142857,
        "read": 8964274.857142856,
        "write": 810030.7142857143,
        "misc": 0.0
    },
    "demand_misses": {
        "total": 961296.5,
        "instrn": 0.0,
        "data": 961296.5,
        "read": 881820.0,
        "write": 79476.5,
        "misc": 0.0
    },
    "demand_miss_rate": {
        "total": 0.08300714285714285,
        "instrn": 0.0,
        "data": 0.08300714285714285,
        "read": 0.08296428571428571,
        "write": 0.08305714285714284,
        "misc": 0.0
    },
    "bytes_from_memory": 61522976.0,
    "bytes_to_memory": 5709275.428571428,
    "total_bytes_rw_mem": 67232251.42857143
}