{
    "demand_fetches": {
        "total": 5291211.071428572,
        "instrn": 0.0,
        "data": 5291211.071428572,
        "read": 4662140.214285715,
        "write": 629070.8571428572,
        "misc": 0.0
    },
    "demand_misses": {
        "total": 1239224.7142857143,
        "instrn": 0.0,
        "data": 1239224.7142857143,
        "read": 1119239.0714285714,
        "write": 119985.64285714286,
        "misc": 0.0
    },
    "demand_miss_rate": {
        "total": 0.19757857142857146,
        "instrn": 0.0,
        "data": 0.19757857142857146,
        "read": 0.20385000000000006,
        "write": 0.1624642857142857,
        "misc": 0.0
    },
    "bytes_from_memory": 39655190.85714286,
    "bytes_to_memory": 4204688.0,
    "total_bytes_rw_mem": 43859878.85714286
}