{
    "demand_fetches": {
        "total": 5548853.153846154,
        "instrn": 0.0,
        "data": 5548853.153846154,
        "read": 4974626.0,
        "write": 574227.1538461539,
        "misc": 0.0
    },
    "demand_misses": {
        "total": 1340936.2307692308,
        "instrn": 0.0,
        "data": 1340936.2307692308,
        "read": 1226873.3846153845,
        "write": 114062.84615384616,
        "misc": 0.0
    },
    "demand_miss_rate": {
        "total": 0.22048461538461536,
        "instrn": 0.0,
        "data": 0.22048461538461536,
        "read": 0.22696153846153846,
        "write": 0.18213846153846153,
        "misc": 0.0
    },
    "bytes_from_memory": 42909959.384615384,
    "bytes_to_memory": 4026806.153846154,
    "total_bytes_rw_mem": 46936765.538461536
}