{
    "demand_fetches": {
        "total": 19066998.666666668,
        "instrn": 0.0,
        "data": 19066998.666666668,
        "read": 17483255.733333334,
        "write": 1583742.9333333333,
        "misc": 0.0
    },
    "demand_misses": {
        "total": 2506794.0,
        "instrn": 0.0,
        "data": 2506794.0,
        "read": 2290739.4,
        "write": 216054.6,
        "misc": 0.0
    },
    "demand_miss_rate": {
        "total": 0.10544666666666667,
        "instrn": 0.0,
        "data": 0.10544666666666667,
        "read": 0.10475333333333331,
        "write": 0.11150000000000002,
        "misc": 0.0
    },
    "bytes_from_memory": 80217408.0,
    "bytes_to_memory": 7457422.933333334,
    "total_bytes_rw_mem": 87674830.93333334
}