{
    "demand_fetches": {
        "total": 9909068.142857144,
        "instrn": 0.0,
        "data": 9909068.142857144,
        "read": 9015900.142857144,
        "write": 893168.0,
        "misc": 0.0
    },
    "demand_misses": {
        "total": 1017793.3571428572,
        "instrn": 0.0,
        "data": 1017793.3571428572,
        "read": 925568.5714285715,
        "write": 92224.78571428571,
        "misc": 0.0
    },
    "demand_miss_rate": {
        "total": 0.08730714285714285,
        "instrn": 0.0,
        "data": 0.08730714285714285,
        "read": 0.08744285714285714,
        "write": 0.08699285714285714,
        "misc": 0.0
    },
    "bytes_from_memory": 65138774.85714286,
    "bytes_to_memory": 6788150.857142857,
    "total_bytes_rw_mem": 71926925.71428572
}