{
    "demand_fetches": {
        "total": 19213499.92857143,
        "instrn": 0.0,
        "data": 19213499.92857143,
        "read": 18041327.5,
        "write": 1172172.4285714286,
        "misc": 0.0
    },
    "demand_misses": {
        "total": 5625524.785714285,
        "instrn": 0.0,
        "data": 5625524.785714285,
        "read": 5277485.428571428,
        "write": 348039.35714285716,
        "misc": 0.0
    },
    "demand_miss_rate": {
        "total": 0.2505428571428571,
        "instrn": 0.0,
        "data": 0.2505428571428571,
        "read": 0.24952142857142853,
        "write": 0.2601214285714285,
        "misc": 0.0
    },
    "bytes_from_memory": 90008396.57142857,
    "bytes_to_memory": 6032249.142857143,
    "total_bytes_rw_mem": 96040645.71428572
}