{
    "demand_fetches": {
        "total": 60908.07142857143,
        "instrn": 0.0,
        "data": 60908.07142857143,
        "read": 42158.857142857145,
        "write": 18749.214285714286,
        "misc": 0.0
    },
    "demand_misses": {
        "total": 10377.142857142857,
        "instrn": 0.0,
        "data": 10377.142857142857,
        "read": 5972.0,
        "write": 4405.142857142857,
        "misc": 0.0
    },
    "demand_miss_rate": {
        "total": 0.12775714285714287,
        "instrn": 0.0,
        "data": 0.12775714285714287,
        "read": 0.1095142857142857,
        "write": 0.16936428571428572,
        "misc": 0.0
    },
    "bytes_from_memory": 332068.5714285714,
    "bytes_to_memory": 155558.85714285713,
    "total_bytes_rw_mem": 487627.4285714286
}