{
    "demand_fetches": {
        "total": 6502652.307692308,
        "instrn": 0.0,
        "data": 6502652.307692308,
        "read": 5342057.923076923,
        "write": 1160594.3846153845,
        "misc": 0.0
    },
    "demand_misses": {
        "total": 796464.7692307692,
        "instrn": 0.0,
        "data": 796464.7692307692,
        "read": 668282.3846153846,
        "write": 128182.38461538461,
        "misc": 0.0
    },
    "demand_miss_rate": {
        "total": 0.1151076923076923,
        "instrn": 0.0,
        "data": 0.1151076923076923,
        "read": 0.11919230769230768,
        "write": 0.09969230769230769,
        "misc": 0.0
    },
    "bytes_from_memory": 50973745.23076923,
    "bytes_to_memory": 9885755.076923076,
    "total_bytes_rw_mem": 60859500.307692304
}