{
    "demand_fetches": {
        "total": 14605860.461538462,
        "instrn": 0.0,
        "data": 14605860.461538462,
        "read": 11120620.153846154,
        "write": 3485240.3076923075,
        "misc": 0.0
    },
    "demand_misses": {
        "total": 2245700.0,
        "instrn": 0.0,
        "data": 2245700.0,
        "read": 1562286.0,
        "write": 683414.0,
        "misc": 0.0
    },
    "demand_miss_rate": {
        "total": 0.14223846153846154,
        "instrn": 0.0,
        "data": 0.14223846153846154,
        "read": 0.1303692307692308,
        "write": 0.17844615384615387,
        "misc": 0.0
    },
    "bytes_from_memory": 71862400.0,
    "bytes_to_memory": 22989681.230769232,
    "total_bytes_rw_mem": 94852081.23076923
}