{
    "demand_fetches": {
        "total": 4866617.6,
        "instrn": 0.0,
        "data": 4866617.6,
        "read": 4328744.666666667,
        "write": 537872.9333333333,
        "misc": 0.0
    },
    "demand_misses": {
        "total": 585478.1333333333,
        "instrn": 0.0,
        "data": 585478.1333333333,
        "read": 533027.8,
        "write": 52450.333333333336,
        "misc": 0.0
    },
    "demand_miss_rate": {
        "total": 0.09500666666666666,
        "instrn": 0.0,
        "data": 0.09500666666666666,
        "read": 0.09807333333333333,
        "write": 0.07741333333333332,
        "misc": 0.0
    },
    "bytes_from_memory": 37470600.53333333,
    "bytes_to_memory": 3811217.066666667,
    "total_bytes_rw_mem": 41281817.6
}