{
    "demand_fetches": {
        "total": 30488086.615384616,
        "instrn": 0.0,
        "data": 30488086.615384616,
        "read": 24886322.692307692,
        "write": 5601763.923076923,
        "misc": 0.0
    },
    "demand_misses": {
        "total": 3219839.6923076925,
        "instrn": 0.0,
        "data": 3219839.6923076925,
        "read": 2545346.923076923,
        "write": 674492.7692307692,
        "misc": 0.0
    },
    "demand_miss_rate": {
        "total": 0.09703846153846153,
        "instrn": 0.0,
        "data": 0.09703846153846153,
        "read": 0.0935923076923077,
        "write": 0.11156153846153848,
        "misc": 0.0
    },
    "bytes_from_memory": 103034870.15384616,
    "bytes_to_memory": 22663251.692307692,
    "total_bytes_rw_mem": 125698121.84615384
}