{
    "demand_fetches": {
        "total": 5291166.928571428,
        "instrn": 0.0,
        "data": 5291166.928571428,
        "read": 4662116.428571428,
        "write": 629050.5,
        "misc": 0.0
    },
    "demand_misses": {
        "total": 598148.5714285715,
        "instrn": 0.0,
        "data": 598148.5714285715,
        "read": 539911.2142857143,
        "write": 58237.357142857145,
        "misc": 0.0
    },
    "demand_miss_rate": {
        "total": 0.09255714285714287,
        "instrn": 0.0,
        "data": 0.09255714285714287,
        "read": 0.09466428571428571,
        "write": 0.07881428571428571,
        "misc": 0.0
    },
    "bytes_from_memory": 38281508.571428575,
    "bytes_to_memory": 4063035.4285714286,
    "total_bytes_rw_mem": 42344544.0
}