{
    "demand_fetches": {
        "total": 13819035.384615384,
        "instrn": 0.0,
        "data": 13819035.384615384,
        "read": 12510103.538461538,
        "write": 1308931.8461538462,
        "misc": 0.0
    },
    "demand_misses": {
        "total": 5047001.0,
        "instrn": 0.0,
        "data": 5047001.0,
        "read": 4535411.538461538,
        "write": 511589.46153846156,
        "misc": 0.0
    },
    "demand_miss_rate": {
        "total": 0.3619230769230769,
        "instrn": 0.0,
        "data": 0.3619230769230769,
        "read": 0.35866923076923085,
        "write": 0.3864153846153846,
        "misc": 0.0
    },
    "bytes_from_memory": 80752016.0,
    "bytes_to_memory": 8809243.076923076,
    "total_bytes_rw_mem": 89561259.07692307
}