{
    "demand_fetches": {
        "total": 5548853.153846154,
        "instrn": 0.0,
        "data": 5548853.153846154,
        "read": 4974626.0,
        "write": 574227.1538461539,
        "misc": 0.0
    },
    "demand_misses": {
        "total": 692694.5384615385,
        "instrn": 0.0,
        "data": 692694.5384615385,
        "read": 634499.5384615385,
        "write": 58195.0,
        "misc": 0.0
    },
    "demand_miss_rate": {
        "total": 0.11612307692307691,
        "instrn": 0.0,
        "data": 0.11612307692307691,
        "read": 0.12035384615384616,
        "write": 0.09287692307692308,
        "misc": 0.0
    },
    "bytes_from_memory": 44332450.461538464,
    "bytes_to_memory": 4299805.538461538,
    "total_bytes_rw_mem": 48632256.0
}