{
    "demand_fetches": {
        "total": 17437226.466666665,
        "instrn": 0.0,
        "data": 17437226.466666665,
        "read": 16535103.133333333,
        "write": 902123.3333333334,
        "misc": 0.0
    },
    "demand_misses": {
        "total": 1533293.6,
        "instrn": 0.0,
        "data": 1533293.6,
        "read": 1435332.2666666666,
        "write": 97961.33333333333,
        "misc": 0.0
    },
    "demand_miss_rate": {
        "total": 0.06955333333333333,
        "instrn": 0.0,
        "data": 0.06955333333333333,
        "read": 0.06849333333333332,
        "write": 0.08452,
        "misc": 0.0
    },
    "bytes_from_memory": 98130790.4,
    "bytes_to_memory": 7141312.0,
    "total_bytes_rw_mem": 105272102.4
}