{
    "demand_fetches": {
        "total": 18610560.285714287,
        "instrn": 0.0,
        "data": 18610560.285714287,
        "read": 17654384.07142857,
        "write": 956176.2142857143,
        "misc": 0.0
    },
    "demand_misses": {
        "total": 8064600.071428572,
        "instrn": 0.0,
        "data": 8064600.071428572,
        "read": 7726007.357142857,
        "write": 338592.71428571426,
        "misc": 0.0
    },
    "demand_miss_rate": {
        "total": 0.3482785714285715,
        "instrn": 0.0,
        "data": 0.3482785714285715,
        "read": 0.35041428571428573,
        "write": 0.30629285714285714,
        "misc": 0.0
    },
    "bytes_from_memory": 129033601.14285715,
    "bytes_to_memory": 6146932.571428572,
    "total_bytes_rw_mem": 135180533.7142857
}