{
    "demand_fetches": {
        "total": 10361724.57142857,
        "instrn": 0.0,
        "data": 10361724.57142857,
        "read": 9180187.714285715,
        "write": 1181536.857142857,
        "misc": 0.0
    },
    "demand_misses": {
        "total": 4960108.357142857,
        "instrn": 0.0,
        "data": 4960108.357142857,
        "read": 4470874.785714285,
        "write": 489233.5714285714,
        "misc": 0.0
    },
    "demand_miss_rate": {
        "total": 0.40545,
        "instrn": 0.0,
        "data": 0.40545,
        "read": 0.4136714285714285,
        "write": 0.35159285714285715,
        "misc": 0.0
    },
    "bytes_from_memory": 79361733.71428572,
    "bytes_to_memory": 8774069.714285715,
    "total_bytes_rw_mem": 88135803.42857143
}