{
    "demand_fetches": {
        "total": 13819035.384615384,
        "instrn": 0.0,
        "data": 13819035.384615384,
        "read": 12510103.538461538,
        "write": 1308931.8461538462,
        "misc": 0.0
    },
    "demand_misses": {
        "total": 2071529.4615384615,
        "instrn": 0.0,
        "data": 2071529.4615384615,
        "read": 1825031.8461538462,
        "write": 246497.61538461538,
        "misc": 0.0
    },
    "demand_miss_rate": {
        "total": 0.15046153846153845,
        "instrn": 0.0,
        "data": 0.15046153846153845,
        "read": 0.14586923076923075,
        "write": 0.1858692307692308,
        "misc": 0.0
    },
    "bytes_from_memory": 66288942.76923077,
    "bytes_to_memory": 8235793.230769231,
    "total_bytes_rw_mem": 74524736.0
}