{
    "demand_fetches": {
        "total": 30488086.615384616,
        "instrn": 0.0,
        "data": 30488086.615384616,
        "read": 24886322.692307692,
        "write": 5601763.923076923,
        "misc": 0.0
    },
    "demand_misses": {
        "total": 3864315.3846153845,
        "instrn": 0.0,
        "data": 3864315.3846153845,
        "read": 3109636.3076923075,
        "write": 754679.0769230769,
        "misc": 0.0
    },
    "demand_miss_rate": {
        "total": 0.11740000000000002,
        "instrn": 0.0,
        "data": 0.11740000000000002,
        "read": 0.11563076923076923,
        "write": 0.1248923076923077,
        "misc": 0.0
    },
    "bytes_from_memory": 123658092.3076923,
    "bytes_to_memory": 27124605.53846154,
    "total_bytes_rw_mem": 150782697.84615386
}