{
    "demand_fetches": {
        "total": 9123650.733333332,
        "instrn": 0.0,
        "data": 9123650.733333332,
        "read": 8367132.133333334,
        "write": 756518.6,
        "misc": 0.0
    },
    "demand_misses": {
        "total": 4263897.133333334,
        "instrn": 0.0,
        "data": 4263897.133333334,
        "read": 3972540.8666666667,
        "write": 291356.26666666666,
        "misc": 0.0
    },
    "demand_miss_rate": {
        "total": 0.3626533333333333,
        "instrn": 0.0,
        "data": 0.3626533333333333,
        "read": 0.3691933333333333,
        "write": 0.30574666666666667,
        "misc": 0.0
    },
    "bytes_from_memory": 68222354.13333334,
    "bytes_to_memory": 5020243.2,
    "total_bytes_rw_mem": 73242597.33333333
}