{
    "demand_fetches": {
        "total": 9802105.857142856,
        "instrn": 0.0,
        "data": 9802105.857142856,
        "read": 8971251.07142857,
        "write": 830854.7857142857,
        "misc": 0.0
    },
    "demand_misses": {
        "total": 2215793.6428571427,
        "instrn": 0.0,
        "data": 2215793.6428571427,
        "read": 2058537.357142857,
        "write": 157256.2857142857,
        "misc": 0.0
    },
    "demand_miss_rate": {
        "total": 0.18130714285714286,
        "instrn": 0.0,
        "data": 0.18130714285714286,
        "read": 0.18306428571428568,
        "write": 0.1610714285714286,
        "misc": 0.0
    },
    "bytes_from_memory": 70905396.57142857,
    "bytes_to_memory": 5440978.285714285,
    "total_bytes_rw_mem": 76346374.85714285
}