{
    "demand_fetches": {
        "total": 121393.5,
        "instrn": 0.0,
        "data": 121393.5,
        "read": 81639.64285714286,
        "write": 39753.857142857145,
        "misc": 0.0
    },
    "demand_misses": {
        "total": 72869.64285714286,
        "instrn": 0.0,
        "data": 72869.64285714286,
        "read": 46635.5,
        "write": 26234.14285714286,
        "misc": 0.0
    },
    "demand_miss_rate": {
        "total": 0.3951857142857143,
        "instrn": 0.0,
        "data": 0.3951857142857143,
        "read": 0.3973428571428571,
        "write": 0.36810000000000004,
        "misc": 0.0
    },
    "bytes_from_memory": 2331828.5714285714,
    "bytes_to_memory": 856852.5714285715,
    "total_bytes_rw_mem": 3188681.1428571427
}