{
    "demand_fetches": {
        "total": 10361724.57142857,
        "instrn": 0.0,
        "data": 10361724.57142857,
        "read": 9180187.714285715,
        "write": 1181536.857142857,
        "misc": 0.0
    },
    "demand_misses": {
        "total": 2947059.0714285714,
        "instrn": 0.0,
        "data": 2947059.0714285714,
        "read": 2507235.285714286,
        "write": 439823.78571428574,
        "misc": 0.0
    },
    "demand_miss_rate": {
        "total": 0.24502142857142864,
        "instrn": 0.0,
        "data": 0.24502142857142864,
        "read": 0.23453571428571426,
        "write": 0.31484285714285715,
        "misc": 0.0
    },
    "bytes_from_memory": 47152945.14285714,
    "bytes_to_memory": 7209755.428571428,
    "total_bytes_rw_mem": 54362700.571428575
}