{
    "demand_fetches": {
        "total": 111298.57142857143,
        "instrn": 0.0,
        "data": 111298.57142857143,
        "read": 74882.0,
        "write": 36416.57142857143,
        "misc": 0.0
    },
    "demand_misses": {
        "total": 45976.0,
        "instrn": 0.0,
        "data": 45976.0,
        "read": 27877.071428571428,
        "write": 18098.928571428572,
        "misc": 0.0
    },
    "demand_miss_rate": {
        "total": 0.2782857142857143,
        "instrn": 0.0,
        "data": 0.2782857142857143,
        "read": 0.2553357142857143,
        "write": 0.32220714285714286,
        "misc": 0.0
    },
    "bytes_from_memory": 735616.0,
    "bytes_to_memory": 303918.85714285716,
    "total_bytes_rw_mem": 1039534.8571428572
}