{
    "demand_fetches": {
        "total": 56153.21428571428,
        "instrn": 0.0,
        "data": 56153.21428571428,
        "read": 39110.142857142855,
        "write": 17043.071428571428,
        "misc": 0.0
    },
    "demand_misses": {
        "total": 11166.5,
        "instrn": 0.0,
        "data": 11166.5,
        "read": 6015.428571428572,
        "write": 5151.071428571428,
        "misc": 0.0
    },
    "demand_miss_rate": {
        "total": 0.14730714285714286,
        "instrn": 0.0,
        "data": 0.14730714285714286,
        "read": 0.11977857142857143,
        "write": 0.2102785714285714,
        "misc": 0.0
    },
    "bytes_from_memory": 178664.0,
    "bytes_to_memory": 91937.14285714286,
    "total_bytes_rw_mem": 270601.14285714284
}