{
    "demand_fetches": {
        "total": 11374004.785714285,
        "instrn": 0.0,
        "data": 11374004.785714285,
        "read": 9542798.0,
        "write": 1831206.7857142857,
        "misc": 0.0
    },
    "demand_misses": {
        "total": 3210868.5,
        "instrn": 0.0,
        "data": 3210868.5,
        "read": 2521951.8571428573,
        "write": 688916.6428571428,
        "misc": 0.0
    },
    "demand_miss_rate": {
        "total": 0.2424285714285714,
        "instrn": 0.0,
        "data": 0.2424285714285714,
        "read": 0.2266071428571428,
        "write": 0.3179571428571429,
        "misc": 0.0
    },
    "bytes_from_memory": 51373896.0,
    "bytes_to_memory": 11310038.857142856,
    "total_bytes_rw_mem": 62683934.85714286
}