{
    "demand_fetches": {
        "total": 14605860.461538462,
        "instrn": 0.0,
        "data": 14605860.461538462,
        "read": 11120620.153846154,
        "write": 3485240.3076923075,
        "misc": 0.0
    },
    "demand_misses": {
        "total": 1044461.5384615385,
        "instrn": 0.0,
        "data": 1044461.5384615385,
        "read": 710749.5384615385,
        "write": 333712.0,
        "misc": 0.0
    },
    "demand_miss_rate": {
        "total": 0.06594615384615385,
        "instrn": 0.0,
        "data": 0.06594615384615385,
        "read": 0.058992307692307705,
        "write": 0.08716153846153846,
        "misc": 0.0
    },
    "bytes_from_memory": 66845538.461538464,
    "bytes_to_memory": 22381243.076923076,
    "total_bytes_rw_mem": 89226781.53846154
}