{
    "demand_fetches": {
        "total": 5458719.785714285,
        "instrn": 0.0,
        "data": 5458719.785714285,
        "read": 4741325.428571428,
        "write": 717394.3571428572,
        "misc": 0.0
    },
    "demand_misses": {
        "total": 1357438.0,
        "instrn": 0.0,
        "data": 1357438.0,
        "read": 1206733.2857142857,
        "write": 150704.7142857143,
        "misc": 0.0
    },
    "demand_miss_rate": {
        "total": 0.2126142857142857,
        "instrn": 0.0,
        "data": 0.2126142857142857,
        "read": 0.21940714285714283,
        "write": 0.17707142857142855,
        "misc": 0.0
    },
    "bytes_from_memory": 43438016.0,
    "bytes_to_memory": 5461860.571428572,
    "total_bytes_rw_mem": 48899876.571428575
}