{
    "demand_fetches": {
        "total": 9802103.142857144,
        "instrn": 0.0,
        "data": 9802103.142857144,
        "read": 8971251.642857144,
        "write": 830851.5,
        "misc": 0.0
    },
    "demand_misses": {
        "total": 1866847.142857143,
        "instrn": 0.0,
        "data": 1866847.142857143,
        "read": 1712477.7857142857,
        "write": 154369.35714285713,
        "misc": 0.0
    },
    "demand_miss_rate": {
        "total": 0.15607857142857146,
        "instrn": 0.0,
        "data": 0.15607857142857146,
        "read": 0.15544285714285713,
        "write": 0.1579142857142857,
        "misc": 0.0
    },
    "bytes_from_memory": 59739108.571428575,
    "bytes_to_memory": 5276973.714285715,
    "total_bytes_rw_mem": 65016082.28571428
}