{
    "demand_fetches": {
        "total": 17437226.466666665,
        "instrn": 0.0,
        "data": 17437226.466666665,
        "read": 16535103.133333333,
        "write": 902123.3333333334,
        "misc": 0.0
    },
    "demand_misses": {
        "total": 5737485.266666667,
        "instrn": 0.0,
        "data": 5737485.266666667,
        "read": 5445962.266666667,
        "write": 291523.0,
        "misc": 0.0
    },
    "demand_miss_rate": {
        "total": 0.25865333333333335,
        "instrn": 0.0,
        "data": 0.25865333333333335,
        "read": 0.25819333333333333,
        "write": 0.2609533333333333,
        "misc": 0.0
    },
    "bytes_from_memory": 91799764.26666667,
    "bytes_to_memory": 5071937.066666666,
    "total_bytes_rw_mem": 96871701.33333333
}