{
    "demand_fetches": {
        "total": 9909068.142857144,
        "instrn": 0.0,
        "data": 9909068.142857144,
        "read": 9015900.142857144,
        "write": 893168.0,
        "misc": 0.0
    },
    "demand_misses": {
        "total": 4782844.357142857,
        "instrn": 0.0,
        "data": 4782844.357142857,
        "read": 4417390.571428572,
        "write": 365453.78571428574,
        "misc": 0.0
    },
    "demand_miss_rate": {
        "total": 0.40873571428571426,
        "instrn": 0.0,
        "data": 0.40873571428571426,
        "read": 0.41642142857142855,
        "write": 0.3490285714285714,
        "misc": 0.0
    },
    "bytes_from_memory": 76525509.71428572,
    "bytes_to_memory": 6498146.285714285,
    "total_bytes_rw_mem": 83023656.0
}