{
    "demand_fetches": {
        "total": 19066998.666666668,
        "instrn": 0.0,
        "data": 19066998.666666668,
        "read": 17483255.733333334,
        "write": 1583742.9333333333,
        "misc": 0.0
    },
    "demand_misses": {
        "total": 4994003.666666667,
        "instrn": 0.0,
        "data": 4994003.666666667,
        "read": 4568347.0,
        "write": 425656.6666666667,
        "misc": 0.0
    },
    "demand_miss_rate": {
        "total": 0.21006000000000002,
        "instrn": 0.0,
        "data": 0.21006000000000002,
        "read": 0.20888000000000004,
        "write": 0.22010666666666667,
        "misc": 0.0
    },
    "bytes_from_memory": 79904058.66666667,
    "bytes_to_memory": 7241498.666666667,
    "total_bytes_rw_mem": 87145557.33333333
}