{
    "demand_fetches": {
        "total": 9774315.714285715,
        "instrn": 0.0,
        "data": 9774315.714285715,
        "read": 8964283.0,
        "write": 810032.7142857143,
        "misc": 0.0
    },
    "demand_misses": {
        "total": 2368499.5,
        "instrn": 0.0,
        "data": 2368499.5,
        "read": 2204195.5714285714,
        "write": 164303.92857142858,
        "misc": 0.0
    },
    "demand_miss_rate": {
        "total": 0.2051214285714286,
        "instrn": 0.0,
        "data": 0.2051214285714286,
        "read": 0.20913571428571429,
        "write": 0.17280000000000004,
        "misc": 0.0
    },
    "bytes_from_memory": 75791984.0,
    "bytes_to_memory": 5960166.857142857,
    "total_bytes_rw_mem": 81752150.85714285
}