{
    "demand_fetches": {
        "total": 10616309.666666666,
        "instrn": 0.0,
        "data": 10616309.666666666,
        "read": 8906967.933333334,
        "write": 1709341.7333333334,
        "misc": 0.0
    },
    "demand_misses": {
        "total": 1601347.6,
        "instrn": 0.0,
        "data": 1601347.6,
        "read": 1272276.0,
        "write": 329071.6,
        "misc": 0.0
    },
    "demand_miss_rate": {
        "total": 0.12108666666666669,
        "instrn": 0.0,
        "data": 0.12108666666666669,
        "read": 0.11466,
        "write": 0.15193333333333334,
        "misc": 0.0
    },
    "bytes_from_memory": 51243123.2,
    "bytes_to_memory": 11048407.466666667,
    "total_bytes_rw_mem": 62291530.666666664
}