{
    "demand_fetches": {
        "total": 24717886.384615384,
        "instrn": 0.0,
        "data": 24717886.384615384,
        "read": 21686687.46153846,
        "write": 3031198.923076923,
        "misc": 0.0
    },
    "demand_misses": {
        "total": 2343581.076923077,
        "instrn": 0.0,
        "data": 2343581.076923077,
        "read": 1939806.1538461538,
        "write": 403774.92307692306,
        "misc": 0.0
    },
    "demand_miss_rate": {
        "total": 0.08806153846153844,
        "instrn": 0.0,
        "data": 0.08806153846153844,
        "read": 0.0833076923076923,
        "write": 0.1200769230769231,
        "misc": 0.0
    },
    "bytes_from_memory": 149989188.92307693,
    "bytes_to_memory": 30352615.384615384,
    "total_bytes_rw_mem": 180341804.30769232
}