{
    "demand_fetches": {
        "total": 30488086.615384616,
        "instrn": 0.0,
        "data": 30488086.615384616,
        "read": 24886322.692307692,
        "write": 5601763.923076923,
        "misc": 0.0
    },
    "demand_misses": {
        "total": 7398144.461538462,
        "instrn": 0.0,
        "data": 7398144.461538462,
        "read": 5970522.384615385,
        "write": 1427622.076923077,
        "misc": 0.0
    },
    "demand_miss_rate": {
        "total": 0.22453076923076926,
        "instrn": 0.0,
        "data": 0.22453076923076926,
        "read": 0.22161538461538463,
        "write": 0.23685384615384614,
        "misc": 0.0
    },
    "bytes_from_memory": 118370311.38461539,
    "bytes_to_memory": 25338192.0,
    "total_bytes_rw_mem": 143708503.3846154
}