{
    "demand_fetches": {
        "total": 18610525.285714287,
        "instrn": 0.0,
        "data": 18610525.285714287,
        "read": 17654362.285714287,
        "write": 956163.0,
        "misc": 0.0
    },
    "demand_misses": {
        "total": 8064731.714285715,
        "instrn": 0.0,
        "data": 8064731.714285715,
        "read": 7726157.142857143,
        "write": 338574.5714285714,
        "misc": 0.0
    },
    "demand_miss_rate": {
        "total": 0.3482928571428571,
        "instrn": 0.0,
        "data": 0.3482928571428571,
        "read": 0.3504285714285715,
        "write": 0.30629999999999996,
        "misc": 0.0
    },
    "bytes_from_memory": 129035707.42857143,
    "bytes_to_memory": 6146819.428571428,
    "total_bytes_rw_mem": 135182526.85714287
}