{
    "demand_fetches": {
        "total": 6953170.357142857,
        "instrn": 0.0,
        "data": 6953170.357142857,
        "read": 6063401.928571428,
        "write": 889768.4285714285,
        "misc": 0.0
    },
    "demand_misses": {
        "total": 1199679.642857143,
        "instrn": 0.0,
        "data": 1199679.642857143,
        "read": 1028469.4285714285,
        "write": 171210.2142857143,
        "misc": 0.0
    },
    "demand_miss_rate": {
        "total": 0.15990714285714286,
        "instrn": 0.0,
        "data": 0.15990714285714286,
        "read": 0.15714999999999996,
        "write": 0.17600714285714286,
        "misc": 0.0
    },
    "bytes_from_memory": 38389748.571428575,
    "bytes_to_memory": 5857328.0,
    "total_bytes_rw_mem": 44247076.571428575
}