{
    "demand_fetches": {
        "total": 10361724.57142857,
        "instrn": 0.0,
        "data": 10361724.57142857,
        "read": 9180187.714285715,
        "write": 1181536.857142857,
        "misc": 0.0
    },
    "demand_misses": {
        "total": 1170918.142857143,
        "instrn": 0.0,
        "data": 1170918.142857143,
        "read": 1041694.3571428572,
        "write": 129223.78571428571,
        "misc": 0.0
    },
    "demand_miss_rate": {
        "total": 0.09612857142857142,
        "instrn": 0.0,
        "data": 0.09612857142857142,
        "read": 0.09682857142857144,
        "write": 0.09199285714285713,
        "misc": 0.0
    },
    "bytes_from_memory": 74938761.14285715,
    "bytes_to_memory": 9794944.0,
    "total_bytes_rw_mem": 84733705.14285715
}