{
    "demand_fetches": {
        "total": 17437226.466666665,
        "instrn": 0.0,
        "data": 17437226.466666665,
        "read": 16535103.133333333,
        "write": 902123.3333333334,
        "misc": 0.0
    },
    "demand_misses": {
        "total": 2891889.7333333334,
        "instrn": 0.0,
        "data": 2891889.7333333334,
        "read": 2742481.7333333334,
        "write": 149408.0,
        "misc": 0.0
    },
    "demand_miss_rate": {
        "total": 0.13052,
        "instrn": 0.0,
        "data": 0.13052,
        "read": 0.13019999999999998,
        "write": 0.13324,
        "misc": 0.0
    },
    "bytes_from_memory": 92540471.46666667,
    "bytes_to_memory": 5322393.6,
    "total_bytes_rw_mem": 97862865.06666666
}