{
    "demand_fetches": {
        "total": 5548853.153846154,
        "instrn": 0.0,
        "data": 5548853.153846154,
        "read": 4974626.0,
        "write": 574227.1538461539,
        "misc": 0.0
    },
    "demand_misses": {
        "total": 2337643.923076923,
        "instrn": 0.0,
        "data": 2337643.923076923,
        "read": 2121090.923076923,
        "write": 216553.0,
        "misc": 0.0
    },
    "demand_miss_rate": {
        "total": 0.3781769230769231,
        "instrn": 0.0,
        "data": 0.3781769230769231,
        "read": 0.3833,
        "write": 0.3443923076923076,
        "misc": 0.0
    },
    "bytes_from_memory": 37402302.76923077,
    "bytes_to_memory": 3652052.923076923,
    "total_bytes_rw_mem": 41054355.692307696
}