{
    "demand_fetches": {
        "total": 5550060.846153846,
        "instrn": 0.0,
        "data": 5550060.846153846,
        "read": 4978853.230769231,
        "write": 571207.6153846154,
        "misc": 0.0
    },
    "demand_misses": {
        "total": 1343001.3846153845,
        "instrn": 0.0,
        "data": 1343001.3846153845,
        "read": 1228630.3076923077,
        "write": 114371.07692307692,
        "misc": 0.0
    },
    "demand_miss_rate": {
        "total": 0.2207769230769231,
        "instrn": 0.0,
        "data": 0.2207769230769231,
        "read": 0.22692307692307695,
        "write": 0.18291538461538465,
        "misc": 0.0
    },
    "bytes_from_memory": 42976044.307692304,
    "bytes_to_memory": 4045390.769230769,
    "total_bytes_rw_mem": 47021435.07692308
}