{
    "demand_fetches": {
        "total": 5291166.928571428,
        "instrn": 0.0,
        "data": 5291166.928571428,
        "read": 4662116.428571428,
        "write": 629050.5,
        "misc": 0.0
    },
    "demand_misses": {
        "total": 631158.1428571428,
        "instrn": 0.0,
        "data": 631158.1428571428,
        "read": 570396.5714285715,
        "write": 60761.57142857143,
        "misc": 0.0
    },
    "demand_miss_rate": {
        "total": 0.1015357142857143,
        "instrn": 0.0,
        "data": 0.1015357142857143,
        "read": 0.10504285714285715,
        "write": 0.08227857142857142,
        "misc": 0.0
    },
    "bytes_from_memory": 40394121.14285714,
    "bytes_to_memory": 4407638.857142857,
    "total_bytes_rw_mem": 44801760.0
}