{
    "demand_fetches": {
        "total": 111298.57142857143,
        "instrn": 0.0,
        "data": 111298.57142857143,
        "read": 74882.0,
        "write": 36416.57142857143,
        "misc": 0.0
    },
    "demand_misses": {
        "total": 45497.21428571428,
        "instrn": 0.0,
        "data": 45497.21428571428,
        "read": 27568.714285714286,
        "write": 17928.5,
        "misc": 0.0
    },
    "demand_miss_rate": {
        "total": 0.2725357142857143,
        "instrn": 0.0,
        "data": 0.2725357142857143,
        "read": 0.24997857142857144,
        "write": 0.31552857142857144,
        "misc": 0.0
    },
    "bytes_from_memory": 1455910.857142857,
    "bytes_to_memory": 593990.8571428572,
    "total_bytes_rw_mem": 2049901.7142857143
}