{
    "demand_fetches": {
        "total": 9774315.714285715,
        "instrn": 0.0,
        "data": 9774315.714285715,
        "read": 8964283.0,
        "write": 810032.7142857143,
        "misc": 0.0
    },
    "demand_misses": {
        "total": 3337073.5,
        "instrn": 0.0,
        "data": 3337073.5,
        "read": 3039655.0714285714,
        "write": 297418.4285714286,
        "misc": 0.0
    },
    "demand_miss_rate": {
        "total": 0.28814285714285715,
        "instrn": 0.0,
        "data": 0.28814285714285715,
        "read": 0.2850071428571429,
        "write": 0.31169285714285716,
        "misc": 0.0
    },
    "bytes_from_memory": 53393176.0,
    "bytes_to_memory": 4955483.428571428,
    "total_bytes_rw_mem": 58348659.428571425
}