{
    "demand_fetches": {
        "total": 129662.53846153847,
        "instrn": 0.0,
        "data": 129662.53846153847,
        "read": 46295.307692307695,
        "write": 83367.23076923077,
        "misc": 0.0
    },
    "demand_misses": {
        "total": 90969.92307692308,
        "instrn": 0.0,
        "data": 90969.92307692308,
        "read": 19915.0,
        "write": 71054.92307692308,
        "misc": 0.0
    },
    "demand_miss_rate": {
        "total": 0.43606153846153856,
        "instrn": 0.0,
        "data": 0.43606153846153856,
        "read": 0.30889230769230763,
        "write": 0.5369307692307692,
        "misc": 0.0
    },
    "bytes_from_memory": 2911037.5384615385,
    "bytes_to_memory": 2289449.846153846,
    "total_bytes_rw_mem": 5200487.384615385
}