{
    "demand_fetches": {
        "total": 5147154.857142857,
        "instrn": 0.0,
        "data": 5147154.857142857,
        "read": 4618732.214285715,
        "write": 528422.6428571428,
        "misc": 0.0
    },
    "demand_misses": {
        "total": 915772.2142857143,
        "instrn": 0.0,
        "data": 915772.2142857143,
        "read": 816795.0,
        "write": 98977.21428571429,
        "misc": 0.0
    },
    "demand_miss_rate": {
        "total": 0.15154285714285712,
        "instrn": 0.0,
        "data": 0.15154285714285712,
        "read": 0.15050000000000002,
        "write": 0.15867142857142857,
        "misc": 0.0
    },
    "bytes_from_memory": 29304710.85714286,
    "bytes_to_memory": 3348944.0,
    "total_bytes_rw_mem": 32653654.85714286
}