{
    "demand_fetches": {
        "total": 5550060.846153846,
        "instrn": 0.0,
        "data": 5550060.846153846,
        "read": 4978853.230769231,
        "write": 571207.6153846154,
        "misc": 0.0
    },
    "demand_misses": {
        "total": 1045288.4615384615,
        "instrn": 0.0,
        "data": 1045288.4615384615,
        "read": 935905.1538461539,
        "write": 109383.30769230769,
        "misc": 0.0
    },
    "demand_miss_rate": {
        "total": 0.17188461538461536,
        "instrn": 0.0,
        "data": 0.17188461538461536,
        "read": 0.17153846153846153,
        "write": 0.17436153846153843,
        "misc": 0.0
    },
    "bytes_from_memory": 33449230.769230768,
    "bytes_to_memory": 3753863.3846153845,
    "total_bytes_rw_mem": 37203094.15384615
}