{
    "demand_fetches": {
        "total": 6502652.307692308,
        "instrn": 0.0,
        "data": 6502652.307692308,
        "read": 5342057.923076923,
        "write": 1160594.3846153845,
        "misc": 0.0
    },
    "demand_misses": {
        "total": 1796502.3076923077,
        "instrn": 0.0,
        "data": 1796502.3076923077,
        "read": 1372075.3076923077,
        "write": 424427.0,
        "misc": 0.0
    },
    "demand_miss_rate": {
        "total": 0.24655384615384612,
        "instrn": 0.0,
        "data": 0.24655384615384612,
        "read": 0.22546153846153844,
        "write": 0.33080769230769225,
        "misc": 0.0
    },
    "bytes_from_memory": 28744036.923076924,
    "bytes_to_memory": 6952500.923076923,
    "total_bytes_rw_mem": 35696537.84615385
}