{
    "demand_fetches": {
        "total": 5212973.285714285,
        "instrn": 0.0,
        "data": 5212973.285714285,
        "read": 4647427.142857143,
        "write": 565546.1428571428,
        "misc": 0.0
    },
    "demand_misses": {
        "total": 419047.0714285714,
        "instrn": 0.0,
        "data": 419047.0714285714,
        "read": 365808.64285714284,
        "write": 53238.42857142857,
        "misc": 0.0
    },
    "demand_miss_rate": {
        "total": 0.06950714285714285,
        "instrn": 0.0,
        "data": 0.06950714285714285,
        "read": 0.06802857142857142,
        "write": 0.07957857142857143,
        "misc": 0.0
    },
    "bytes_from_memory": 26819012.57142857,
    "bytes_to_memory": 3650194.285714286,
    "total_bytes_rw_mem": 30469206.85714286
}