{
    "demand_fetches": {
        "total": 10538876.538461538,
        "instrn": 0.0,
        "data": 10538876.538461538,
        "read": 9658823.923076924,
        "write": 880052.6153846154,
        "misc": 0.0
    },
    "demand_misses": {
        "total": 2539571.4615384615,
        "instrn": 0.0,
        "data": 2539571.4615384615,
        "read": 2361499.6153846155,
        "write": 178071.84615384616,
        "misc": 0.0
    },
    "demand_miss_rate": {
        "total": 0.21967692307692308,
        "instrn": 0.0,
        "data": 0.21967692307692308,
        "read": 0.22393846153846153,
        "write": 0.1855846153846154,
        "misc": 0.0
    },
    "bytes_from_memory": 81266286.76923077,
    "bytes_to_memory": 6393467.076923077,
    "total_bytes_rw_mem": 87659753.84615384
}