{
    "demand_fetches": {
        "total": 5574400.076923077,
        "instrn": 0.0,
        "data": 5574400.076923077,
        "read": 4982210.769230769,
        "write": 592189.3076923077,
        "misc": 0.0
    },
    "demand_misses": {
        "total": 1312642.3076923077,
        "instrn": 0.0,
        "data": 1312642.3076923077,
        "read": 1197920.3846153845,
        "write": 114721.92307692308,
        "misc": 0.0
    },
    "demand_miss_rate": {
        "total": 0.21307692307692308,
        "instrn": 0.0,
        "data": 0.21307692307692308,
        "read": 0.21904615384615386,
        "write": 0.17720769230769232,
        "misc": 0.0
    },
    "bytes_from_memory": 42004553.84615385,
    "bytes_to_memory": 4019283.6923076925,
    "total_bytes_rw_mem": 46023837.538461536
}