{
    "demand_fetches": {
        "total": 165444.42857142858,
        "instrn": 0.0,
        "data": 165444.42857142858,
        "read": 88587.14285714286,
        "write": 76857.28571428571,
        "misc": 0.0
    },
    "demand_misses": {
        "total": 100450.85714285714,
        "instrn": 0.0,
        "data": 100450.85714285714,
        "read": 38378.07142857143,
        "write": 62072.78571428572,
        "misc": 0.0
    },
    "demand_miss_rate": {
        "total": 0.38115,
        "instrn": 0.0,
        "data": 0.38115,
        "read": 0.30825,
        "write": 0.46287142857142854,
        "misc": 0.0
    },
    "bytes_from_memory": 6428854.857142857,
    "bytes_to_memory": 4012790.8571428573,
    "total_bytes_rw_mem": 10441645.714285715
}