{
    "demand_fetches": {
        "total": 18681704.285714287,
        "instrn": 0.0,
        "data": 18681704.285714287,
        "read": 17715672.214285713,
        "write": 966032.0714285715,
        "misc": 0.0
    },
    "demand_misses": {
        "total": 9061023.07142857,
        "instrn": 0.0,
        "data": 9061023.07142857,
        "read": 8696706.42857143,
        "write": 364316.64285714284,
        "misc": 0.0
    },
    "demand_miss_rate": {
        "total": 0.4114714285714286,
        "instrn": 0.0,
        "data": 0.4114714285714286,
        "read": 0.4176071428571429,
        "write": 0.3266714285714286,
        "misc": 0.0
    },
    "bytes_from_memory": 144976369.14285713,
    "bytes_to_memory": 6973754.285714285,
    "total_bytes_rw_mem": 151950123.42857143
}