{
    "demand_fetches": {
        "total": 20428592.57142857,
        "instrn": 0.0,
        "data": 20428592.57142857,
        "read": 18731864.64285714,
        "write": 1696727.9285714286,
        "misc": 0.0
    },
    "demand_misses": {
        "total": 2548780.5,
        "instrn": 0.0,
        "data": 2548780.5,
        "read": 2324330.6428571427,
        "write": 224449.85714285713,
        "misc": 0.0
    },
    "demand_miss_rate": {
        "total": 0.10750714285714287,
        "instrn": 0.0,
        "data": 0.10750714285714287,
        "read": 0.10657142857142855,
        "write": 0.11599285714285716,
        "misc": 0.0
    },
    "bytes_from_memory": 81560976.0,
    "bytes_to_memory": 7547316.571428572,
    "total_bytes_rw_mem": 89108292.57142857
}