{
    "demand_fetches": {
        "total": 19213499.92857143,
        "instrn": 0.0,
        "data": 19213499.92857143,
        "read": 18041327.5,
        "write": 1172172.4285714286,
        "misc": 0.0
    },
    "demand_misses": {
        "total": 2609823.214285714,
        "instrn": 0.0,
        "data": 2609823.214285714,
        "read": 2438668.5714285714,
        "write": 171154.64285714287,
        "misc": 0.0
    },
    "demand_miss_rate": {
        "total": 0.1167642857142857,
        "instrn": 0.0,
        "data": 0.1167642857142857,
        "read": 0.11575,
        "write": 0.12792857142857145,
        "misc": 0.0
    },
    "bytes_from_memory": 83514342.85714285,
    "bytes_to_memory": 5864946.285714285,
    "total_bytes_rw_mem": 89379289.14285715
}