{
    "demand_fetches": {
        "total": 4866617.6,
        "instrn": 0.0,
        "data": 4866617.6,
        "read": 4328744.666666667,
        "write": 537872.9333333333,
        "misc": 0.0
    },
    "demand_misses": {
        "total": 2276434.933333333,
        "instrn": 0.0,
        "data": 2276434.933333333,
        "read": 2071250.3333333333,
        "write": 205184.6,
        "misc": 0.0
    },
    "demand_miss_rate": {
        "total": 0.36406666666666665,
        "instrn": 0.0,
        "data": 0.36406666666666665,
        "read": 0.37433333333333324,
        "write": 0.3030666666666667,
        "misc": 0.0
    },
    "bytes_from_memory": 36422958.93333333,
    "bytes_to_memory": 3491502.933333333,
    "total_bytes_rw_mem": 39914461.86666667
}