{
    "demand_fetches": {
        "total": 5147746.0,
        "instrn": 0.0,
        "data": 5147746.0,
        "read": 4619092.142857143,
        "write": 528653.8571428572,
        "misc": 0.0
    },
    "demand_misses": {
        "total": 513859.5714285714,
        "instrn": 0.0,
        "data": 513859.5714285714,
        "read": 462266.9285714286,
        "write": 51592.642857142855,
        "misc": 0.0
    },
    "demand_miss_rate": {
        "total": 0.08475714285714285,
        "instrn": 0.0,
        "data": 0.08475714285714285,
        "read": 0.0851857142857143,
        "write": 0.08252857142857142,
        "misc": 0.0
    },
    "bytes_from_memory": 32887012.57142857,
    "bytes_to_memory": 3661869.714285714,
    "total_bytes_rw_mem": 36548882.28571428
}