{
    "demand_fetches": {
        "total": 5291166.928571428,
        "instrn": 0.0,
        "data": 5291166.928571428,
        "read": 4662116.428571428,
        "write": 629050.5,
        "misc": 0.0
    },
    "demand_misses": {
        "total": 1308794.7857142857,
        "instrn": 0.0,
        "data": 1308794.7857142857,
        "read": 1179406.2857142857,
        "write": 129388.5,
        "misc": 0.0
    },
    "demand_miss_rate": {
        "total": 0.2115214285714286,
        "instrn": 0.0,
        "data": 0.2115214285714286,
        "read": 0.2182714285714286,
        "write": 0.1755928571428571,
        "misc": 0.0
    },
    "bytes_from_memory": 41881433.14285714,
    "bytes_to_memory": 4652393.142857143,
    "total_bytes_rw_mem": 46533826.28571428
}