{
    "demand_fetches": {
        "total": 21086884.307692308,
        "instrn": 0.0,
        "data": 21086884.307692308,
        "read": 19657634.615384616,
        "write": 1429249.6923076923,
        "misc": 0.0
    },
    "demand_misses": {
        "total": 2079307.2307692308,
        "instrn": 0.0,
        "data": 2079307.2307692308,
        "read": 1898788.076923077,
        "write": 180519.15384615384,
        "misc": 0.0
    },
    "demand_miss_rate": {
        "total": 0.09070769230769231,
        "instrn": 0.0,
        "data": 0.09070769230769231,
        "read": 0.08886153846153846,
        "write": 0.11265384615384616,
        "misc": 0.0
    },
    "bytes_from_memory": 133075662.76923077,
    "bytes_to_memory": 13794146.461538462,
    "total_bytes_rw_mem": 146869809.23076922
}