{
    "demand_fetches": {
        "total": 21086884.307692308,
        "instrn": 0.0,
        "data": 21086884.307692308,
        "read": 19657634.615384616,
        "write": 1429249.6923076923,
        "misc": 0.0
    },
    "demand_misses": {
        "total": 1444893.0,
        "instrn": 0.0,
        "data": 1444893.0,
        "read": 1293093.0,
        "write": 151800.0,
        "misc": 0.0
    },
    "demand_miss_rate": {
        "total": 0.0635923076923077,
        "instrn": 0.0,
        "data": 0.0635923076923077,
        "read": 0.060815384615384604,
        "write": 0.09546923076923079,
        "misc": 0.0
    },
    "bytes_from_memory": 92473152.0,
    "bytes_to_memory": 10252504.615384616,
    "total_bytes_rw_mem": 102725656.61538461
}