{
    "demand_fetches": {
        "total": 18681482.285714287,
        "instrn": 0.0,
        "data": 18681482.285714287,
        "read": 17715536.92857143,
        "write": 965945.3571428572,
        "misc": 0.0
    },
    "demand_misses": {
        "total": 3098416.785714286,
        "instrn": 0.0,
        "data": 3098416.785714286,
        "read": 2938338.0,
        "write": 160078.7857142857,
        "misc": 0.0
    },
    "demand_miss_rate": {
        "total": 0.13985,
        "instrn": 0.0,
        "data": 0.13985,
        "read": 0.13949999999999999,
        "write": 0.1428214285714286,
        "misc": 0.0
    },
    "bytes_from_memory": 99149337.14285715,
    "bytes_to_memory": 5700896.0,
    "total_bytes_rw_mem": 104850233.14285715
}