{
    "demand_fetches": {
        "total": 9774315.714285715,
        "instrn": 0.0,
        "data": 9774315.714285715,
        "read": 8964283.0,
        "write": 810032.7142857143,
        "misc": 0.0
    },
    "demand_misses": {
        "total": 845010.2142857143,
        "instrn": 0.0,
        "data": 845010.2142857143,
        "read": 769296.5,
        "write": 75713.71428571429,
        "misc": 0.0
    },
    "demand_miss_rate": {
        "total": 0.07324285714285714,
        "instrn": 0.0,
        "data": 0.07324285714285714,
        "read": 0.07247857142857142,
        "write": 0.07925,
        "misc": 0.0
    },
    "bytes_from_memory": 54080653.71428572,
    "bytes_to_memory": 5228960.0,
    "total_bytes_rw_mem": 59309613.71428572
}