{
    "demand_fetches": {
        "total": 10581582.846153846,
        "instrn": 0.0,
        "data": 10581582.846153846,
        "read": 9676558.384615384,
        "write": 905024.4615384615,
        "misc": 0.0
    },
    "demand_misses": {
        "total": 2557086.4615384615,
        "instrn": 0.0,
        "data": 2557086.4615384615,
        "read": 2371839.0,
        "write": 185247.46153846153,
        "misc": 0.0
    },
    "demand_miss_rate": {
        "total": 0.2192846153846154,
        "instrn": 0.0,
        "data": 0.2192846153846154,
        "read": 0.22334615384615386,
        "write": 0.18716923076923075,
        "misc": 0.0
    },
    "bytes_from_memory": 81826766.76923077,
    "bytes_to_memory": 6665964.307692308,
    "total_bytes_rw_mem": 88492731.07692307
}