{
    "demand_fetches": {
        "total": 5458719.785714285,
        "instrn": 0.0,
        "data": 5458719.785714285,
        "read": 4741325.428571428,
        "write": 717394.3571428572,
        "misc": 0.0
    },
    "demand_misses": {
        "total": 1600281.5714285714,
        "instrn": 0.0,
        "data": 1600281.5714285714,
        "read": 1335538.4285714286,
        "write": 264743.14285714284,
        "misc": 0.0
    },
    "demand_miss_rate": {
        "total": 0.25267142857142855,
        "instrn": 0.0,
        "data": 0.25267142857142855,
        "read": 0.24220714285714284,
        "write": 0.31134999999999996,
        "misc": 0.0
    },
    "bytes_from_memory": 25604505.14285714,
    "bytes_to_memory": 4361280.0,
    "total_bytes_rw_mem": 29965785.14285714
}