{
    "demand_fetches": {
        "total": 10538876.538461538,
        "instrn": 0.0,
        "data": 10538876.538461538,
        "read": 9658823.923076924,
        "write": 880052.6153846154,
        "misc": 0.0
    },
    "demand_misses": {
        "total": 1791282.0,
        "instrn": 0.0,
        "data": 1791282.0,
        "read": 1626639.6923076923,
        "write": 164642.3076923077,
        "misc": 0.0
    },
    "demand_miss_rate": {
        "total": 0.1550923076923077,
        "instrn": 0.0,
        "data": 0.1550923076923077,
        "read": 0.15313076923076924,
        "write": 0.17069230769230767,
        "misc": 0.0
    },
    "bytes_from_memory": 57321024.0,
    "bytes_to_memory": 5591256.615384615,
    "total_bytes_rw_mem": 62912280.615384616
}