{
    "demand_fetches": {
        "total": 5458719.785714285,
        "instrn": 0.0,
        "data": 5458719.785714285,
        "read": 4741325.428571428,
        "write": 717394.3571428572,
        "misc": 0.0
    },
    "demand_misses": {
        "total": 932864.0,
        "instrn": 0.0,
        "data": 932864.0,
        "read": 795003.5714285715,
        "write": 137860.42857142858,
        "misc": 0.0
    },
    "demand_miss_rate": {
        "total": 0.14714285714285716,
        "instrn": 0.0,
        "data": 0.14714285714285716,
        "read": 0.14453571428571427,
        "write": 0.16215714285714286,
        "misc": 0.0
    },
    "bytes_from_memory": 29851648.0,
    "bytes_to_memory": 4715632.0,
    "total_bytes_rw_mem": 34567280.0
}