{
    "demand_fetches": {
        "total": 9774315.714285715,
        "instrn": 0.0,
        "data": 9774315.714285715,
        "read": 8964283.0,
        "write": 810032.7142857143,
        "misc": 0.0
    },
    "demand_misses": {
        "total": 4587483.428571428,
        "instrn": 0.0,
        "data": 4587483.428571428,
        "read": 4276041.357142857,
        "write": 311442.0714285714,
        "misc": 0.0
    },
    "demand_miss_rate": {
        "total": 0.39118571428571425,
        "instrn": 0.0,
        "data": 0.39118571428571425,
        "read": 0.39868571428571437,
        "write": 0.32707857142857144,
        "misc": 0.0
    },
    "bytes_from_memory": 73399734.85714285,
    "bytes_to_memory": 5358610.285714285,
    "total_bytes_rw_mem": 78758345.14285715
}