{
    "demand_fetches": {
        "total": 5291166.928571428,
        "instrn": 0.0,
        "data": 5291166.928571428,
        "read": 4662116.428571428,
        "write": 629050.5,
        "misc": 0.0
    },
    "demand_misses": {
        "total": 1309830.4285714286,
        "instrn": 0.0,
        "data": 1309830.4285714286,
        "read": 1179961.5,
        "write": 129868.92857142857,
        "misc": 0.0
    },
    "demand_miss_rate": {
        "total": 0.21183571428571427,
        "instrn": 0.0,
        "data": 0.21183571428571427,
        "read": 0.2185214285714286,
        "write": 0.17629999999999998,
        "misc": 0.0
    },
    "bytes_from_memory": 41914573.71428572,
    "bytes_to_memory": 4699705.142857143,
    "total_bytes_rw_mem": 46614278.85714286
}