{
    "demand_fetches": {
        "total": 9909068.142857144,
        "instrn": 0.0,
        "data": 9909068.142857144,
        "read": 9015900.142857144,
        "write": 893168.0,
        "misc": 0.0
    },
    "demand_misses": {
        "total": 2053391.9285714286,
        "instrn": 0.0,
        "data": 2053391.9285714286,
        "read": 1873861.7857142857,
        "write": 179530.14285714287,
        "misc": 0.0
    },
    "demand_miss_rate": {
        "total": 0.17474285714285714,
        "instrn": 0.0,
        "data": 0.17474285714285714,
        "read": 0.1754785714285714,
        "write": 0.1695785714285714,
        "misc": 0.0
    },
    "bytes_from_memory": 65708541.71428572,
    "bytes_to_memory": 6349113.142857143,
    "total_bytes_rw_mem": 72057654.85714285
}