{
    "demand_fetches": {
        "total": 5592432.076923077,
        "instrn": 0.0,
        "data": 5592432.076923077,
        "read": 4987094.692307692,
        "write": 605337.3846153846,
        "misc": 0.0
    },
    "demand_misses": {
        "total": 2689691.6923076925,
        "instrn": 0.0,
        "data": 2689691.6923076925,
        "read": 2445623.846153846,
        "write": 244067.84615384616,
        "misc": 0.0
    },
    "demand_miss_rate": {
        "total": 0.43677692307692306,
        "instrn": 0.0,
        "data": 0.43677692307692306,
        "read": 0.4477307692307693,
        "write": 0.37148461538461547,
        "misc": 0.0
    },
    "bytes_from_memory": 43035067.07692308,
    "bytes_to_memory": 4207721.846153846,
    "total_bytes_rw_mem": 47242788.92307692
}