{
    "demand_fetches": {
        "total": 5592432.076923077,
        "instrn": 0.0,
        "data": 5592432.076923077,
        "read": 4987094.692307692,
        "write": 605337.3846153846,
        "misc": 0.0
    },
    "demand_misses": {
        "total": 672144.3846153846,
        "instrn": 0.0,
        "data": 672144.3846153846,
        "read": 612590.8461538461,
        "write": 59553.53846153846,
        "misc": 0.0
    },
    "demand_miss_rate": {
        "total": 0.10977692307692308,
        "instrn": 0.0,
        "data": 0.10977692307692308,
        "read": 0.11316923076923077,
        "write": 0.09014615384615386,
        "misc": 0.0
    },
    "bytes_from_memory": 43017240.615384616,
    "bytes_to_memory": 4337880.615384615,
    "total_bytes_rw_mem": 47355121.23076923
}