{
    "demand_fetches": {
        "total": 19214001.5,
        "instrn": 0.0,
        "data": 19214001.5,
        "read": 18041581.714285713,
        "write": 1172419.7857142857,
        "misc": 0.0
    },
    "demand_misses": {
        "total": 2839091.785714286,
        "instrn": 0.0,
        "data": 2839091.785714286,
        "read": 2660516.9285714286,
        "write": 178574.85714285713,
        "misc": 0.0
    },
    "demand_miss_rate": {
        "total": 0.12658571428571427,
        "instrn": 0.0,
        "data": 0.12658571428571427,
        "read": 0.12597142857142857,
        "write": 0.133,
        "misc": 0.0
    },
    "bytes_from_memory": 90850937.14285715,
    "bytes_to_memory": 6324114.285714285,
    "total_bytes_rw_mem": 97175051.42857143
}