{
    "demand_fetches": {
        "total": 20199630.46153846,
        "instrn": 0.0,
        "data": 20199630.46153846,
        "read": 19130452.615384616,
        "write": 1069177.8461538462,
        "misc": 0.0
    },
    "demand_misses": {
        "total": 4742448.846153846,
        "instrn": 0.0,
        "data": 4742448.846153846,
        "read": 4537180.538461538,
        "write": 205268.3076923077,
        "misc": 0.0
    },
    "demand_miss_rate": {
        "total": 0.21137692307692307,
        "instrn": 0.0,
        "data": 0.21137692307692307,
        "read": 0.21362307692307694,
        "write": 0.17833846153846158,
        "misc": 0.0
    },
    "bytes_from_memory": 151758363.07692307,
    "bytes_to_memory": 8109745.230769231,
    "total_bytes_rw_mem": 159868108.30769232
}