{
    "demand_fetches": {
        "total": 20428592.57142857,
        "instrn": 0.0,
        "data": 20428592.57142857,
        "read": 18731864.64285714,
        "write": 1696727.9285714286,
        "misc": 0.0
    },
    "demand_misses": {
        "total": 8387371.357142857,
        "instrn": 0.0,
        "data": 8387371.357142857,
        "read": 7795619.5,
        "write": 591751.8571428572,
        "misc": 0.0
    },
    "demand_miss_rate": {
        "total": 0.34909285714285715,
        "instrn": 0.0,
        "data": 0.34909285714285715,
        "read": 0.3538928571428571,
        "write": 0.30180714285714283,
        "misc": 0.0
    },
    "bytes_from_memory": 134197941.71428572,
    "bytes_to_memory": 12334253.714285715,
    "total_bytes_rw_mem": 146532195.42857143
}