{
    "demand_fetches": {
        "total": 10570637.615384616,
        "instrn": 0.0,
        "data": 10570637.615384616,
        "read": 9671347.153846154,
        "write": 899290.4615384615,
        "misc": 0.0
    },
    "demand_misses": {
        "total": 2040666.7692307692,
        "instrn": 0.0,
        "data": 2040666.7692307692,
        "read": 1868914.3076923077,
        "write": 171752.46153846153,
        "misc": 0.0
    },
    "demand_miss_rate": {
        "total": 0.17477692307692308,
        "instrn": 0.0,
        "data": 0.17477692307692308,
        "read": 0.17473076923076925,
        "write": 0.17426153846153847,
        "misc": 0.0
    },
    "bytes_from_memory": 65301336.615384616,
    "bytes_to_memory": 5895419.076923077,
    "total_bytes_rw_mem": 71196755.6923077
}