{
    "demand_fetches": {
        "total": 9671492.866666667,
        "instrn": 0.0,
        "data": 9671492.866666667,
        "read": 8568500.333333334,
        "write": 1102992.5333333334,
        "misc": 0.0
    },
    "demand_misses": {
        "total": 761620.0666666667,
        "instrn": 0.0,
        "data": 761620.0666666667,
        "read": 654837.5333333333,
        "write": 106782.53333333334,
        "misc": 0.0
    },
    "demand_miss_rate": {
        "total": 0.06332666666666668,
        "instrn": 0.0,
        "data": 0.06332666666666668,
        "read": 0.06136666666666666,
        "write": 0.07643333333333334,
        "misc": 0.0
    },
    "bytes_from_memory": 48743684.266666666,
    "bytes_to_memory": 7344661.333333333,
    "total_bytes_rw_mem": 56088345.6
}