{
    "demand_fetches": {
        "total": 5458719.785714285,
        "instrn": 0.0,
        "data": 5458719.785714285,
        "read": 4741325.428571428,
        "write": 717394.3571428572,
        "misc": 0.0
    },
    "demand_misses": {
        "total": 612895.7142857143,
        "instrn": 0.0,
        "data": 612895.7142857143,
        "read": 536581.2142857143,
        "write": 76314.5,
        "misc": 0.0
    },
    "demand_miss_rate": {
        "total": 0.09782142857142857,
        "instrn": 0.0,
        "data": 0.09782142857142857,
        "read": 0.09971428571428573,
        "write": 0.08921428571428572,
        "misc": 0.0
    },
    "bytes_from_memory": 39225325.71428572,
    "bytes_to_memory": 5734276.571428572,
    "total_bytes_rw_mem": 44959602.28571428
}