{
    "demand_fetches": {
        "total": 21086884.307692308,
        "instrn": 0.0,
        "data": 21086884.307692308,
        "read": 19657634.615384616,
        "write": 1429249.6923076923,
        "misc": 0.0
    },
    "demand_misses": {
        "total": 2715920.5384615385,
        "instrn": 0.0,
        "data": 2715920.5384615385,
        "read": 2511512.153846154,
        "write": 204408.38461538462,
        "misc": 0.0
    },
    "demand_miss_rate": {
        "total": 0.1180153846153846,
        "instrn": 0.0,
        "data": 0.1180153846153846,
        "read": 0.11732307692307692,
        "write": 0.1272076923076923,
        "misc": 0.0
    },
    "bytes_from_memory": 173818914.46153846,
    "bytes_to_memory": 16928610.46153846,
    "total_bytes_rw_mem": 190747524.92307693
}