{
    "demand_fetches": {
        "total": 18610525.285714287,
        "instrn": 0.0,
        "data": 18610525.285714287,
        "read": 17654362.285714287,
        "write": 956163.0,
        "misc": 0.0
    },
    "demand_misses": {
        "total": 5882852.428571428,
        "instrn": 0.0,
        "data": 5882852.428571428,
        "read": 5571865.928571428,
        "write": 310986.5,
        "misc": 0.0
    },
    "demand_miss_rate": {
        "total": 0.2628071428571429,
        "instrn": 0.0,
        "data": 0.2628071428571429,
        "read": 0.2611428571428571,
        "write": 0.28100714285714284,
        "misc": 0.0
    },
    "bytes_from_memory": 94125638.85714285,
    "bytes_to_memory": 5312710.857142857,
    "total_bytes_rw_mem": 99438349.71428572
}