{
    "demand_fetches": {
        "total": 20412821.46153846,
        "instrn": 0.0,
        "data": 20412821.46153846,
        "read": 19265828.692307692,
        "write": 1146992.7692307692,
        "misc": 0.0
    },
    "demand_misses": {
        "total": 8587790.846153846,
        "instrn": 0.0,
        "data": 8587790.846153846,
        "read": 8178864.615384615,
        "write": 408926.23076923075,
        "misc": 0.0
    },
    "demand_miss_rate": {
        "total": 0.38139999999999996,
        "instrn": 0.0,
        "data": 0.38139999999999996,
        "read": 0.38493076923076924,
        "write": 0.33205384615384614,
        "misc": 0.0
    },
    "bytes_from_memory": 137404653.53846154,
    "bytes_to_memory": 7968860.307692308,
    "total_bytes_rw_mem": 145373513.84615386
}