{
    "demand_fetches": {
        "total": 10556531.923076924,
        "instrn": 0.0,
        "data": 10556531.923076924,
        "read": 9661717.76923077,
        "write": 894814.1538461539,
        "misc": 0.0
    },
    "demand_misses": {
        "total": 4777550.384615385,
        "instrn": 0.0,
        "data": 4777550.384615385,
        "read": 4443789.538461538,
        "write": 333760.8461538461,
        "misc": 0.0
    },
    "demand_miss_rate": {
        "total": 0.3922769230769231,
        "instrn": 0.0,
        "data": 0.3922769230769231,
        "read": 0.3968230769230769,
        "write": 0.34206923076923074,
        "misc": 0.0
    },
    "bytes_from_memory": 76440806.15384616,
    "bytes_to_memory": 5644019.692307692,
    "total_bytes_rw_mem": 82084825.84615384
}