{
    "demand_fetches": {
        "total": 20412821.46153846,
        "instrn": 0.0,
        "data": 20412821.46153846,
        "read": 19265828.692307692,
        "write": 1146992.7692307692,
        "misc": 0.0
    },
    "demand_misses": {
        "total": 6223281.538461538,
        "instrn": 0.0,
        "data": 6223281.538461538,
        "read": 5870013.153846154,
        "write": 353268.3846153846,
        "misc": 0.0
    },
    "demand_miss_rate": {
        "total": 0.2797846153846154,
        "instrn": 0.0,
        "data": 0.2797846153846154,
        "read": 0.2787615384615385,
        "write": 0.2893076923076923,
        "misc": 0.0
    },
    "bytes_from_memory": 99572504.61538461,
    "bytes_to_memory": 6154568.615384615,
    "total_bytes_rw_mem": 105727073.23076923
}