{
    "demand_fetches": {
        "total": 20042779.53846154,
        "instrn": 0.0,
        "data": 20042779.53846154,
        "read": 19012945.769230768,
        "write": 1029833.7692307692,
        "misc": 0.0
    },
    "demand_misses": {
        "total": 7432241.384615385,
        "instrn": 0.0,
        "data": 7432241.384615385,
        "read": 7088176.846153846,
        "write": 344064.53846153844,
        "misc": 0.0
    },
    "demand_miss_rate": {
        "total": 0.32287692307692306,
        "instrn": 0.0,
        "data": 0.32287692307692306,
        "read": 0.3231153846153846,
        "write": 0.3101769230769231,
        "misc": 0.0
    },
    "bytes_from_memory": 118915862.15384616,
    "bytes_to_memory": 5991522.461538462,
    "total_bytes_rw_mem": 124907384.61538461
}