{
    "demand_fetches": {
        "total": 9774315.714285715,
        "instrn": 0.0,
        "data": 9774315.714285715,
        "read": 8964283.0,
        "write": 810032.7142857143,
        "misc": 0.0
    },
    "demand_misses": {
        "total": 985705.4285714285,
        "instrn": 0.0,
        "data": 985705.4285714285,
        "read": 906902.2142857143,
        "write": 78803.21428571429,
        "misc": 0.0
    },
    "demand_miss_rate": {
        "total": 0.08456428571428572,
        "instrn": 0.0,
        "data": 0.08456428571428572,
        "read": 0.08479285714285716,
        "write": 0.08225714285714285,
        "misc": 0.0
    },
    "bytes_from_memory": 63085147.428571425,
    "bytes_to_memory": 5615478.857142857,
    "total_bytes_rw_mem": 68700626.28571428
}