{
    "demand_fetches": {
        "total": 6502652.307692308,
        "instrn": 0.0,
        "data": 6502652.307692308,
        "read": 5342057.923076923,
        "write": 1160594.3846153845,
        "misc": 0.0
    },
    "demand_misses": {
        "total": 1829575.3076923077,
        "instrn": 0.0,
        "data": 1829575.3076923077,
        "read": 1402634.0,
        "write": 426941.3076923077,
        "misc": 0.0
    },
    "demand_miss_rate": {
        "total": 0.2512923076923077,
        "instrn": 0.0,
        "data": 0.2512923076923077,
        "read": 0.2309153846153846,
        "write": 0.3326692307692308,
        "misc": 0.0
    },
    "bytes_from_memory": 29273204.923076924,
    "bytes_to_memory": 7026733.538461538,
    "total_bytes_rw_mem": 36299938.461538464
}