{
    "demand_fetches": {
        "total": 9802103.142857144,
        "instrn": 0.0,
        "data": 9802103.142857144,
        "read": 8971251.642857144,
        "write": 830851.5,
        "misc": 0.0
    },
    "demand_misses": {
        "total": 1162787.5714285714,
        "instrn": 0.0,
        "data": 1162787.5714285714,
        "read": 1081042.7142857143,
        "write": 81744.85714285714,
        "misc": 0.0
    },
    "demand_miss_rate": {
        "total": 0.10112142857142857,
        "instrn": 0.0,
        "data": 0.10112142857142857,
        "read": 0.10316428571428572,
        "write": 0.08399999999999999,
        "misc": 0.0
    },
    "bytes_from_memory": 74418404.57142857,
    "bytes_to_memory": 5970656.0,
    "total_bytes_rw_mem": 80389060.57142857
}