{
    "demand_fetches": {
        "total": 19213305.85714286,
        "instrn": 0.0,
        "data": 19213305.85714286,
        "read": 18041208.5,
        "write": 1172097.357142857,
        "misc": 0.0
    },
    "demand_misses": {
        "total": 1636754.2857142857,
        "instrn": 0.0,
        "data": 1636754.2857142857,
        "read": 1501956.5,
        "write": 134797.7857142857,
        "misc": 0.0
    },
    "demand_miss_rate": {
        "total": 0.07332857142857142,
        "instrn": 0.0,
        "data": 0.07332857142857142,
        "read": 0.0716,
        "write": 0.09565714285714286,
        "misc": 0.0
    },
    "bytes_from_memory": 104752274.28571428,
    "bytes_to_memory": 9824374.857142856,
    "total_bytes_rw_mem": 114576649.14285715
}