{
    "demand_fetches": {
        "total": 24717886.384615384,
        "instrn": 0.0,
        "data": 24717886.384615384,
        "read": 21686687.46153846,
        "write": 3031198.923076923,
        "misc": 0.0
    },
    "demand_misses": {
        "total": 2904071.3846153845,
        "instrn": 0.0,
        "data": 2904071.3846153845,
        "read": 2523723.769230769,
        "write": 380347.6153846154,
        "misc": 0.0
    },
    "demand_miss_rate": {
        "total": 0.10892307692307691,
        "instrn": 0.0,
        "data": 0.10892307692307691,
        "read": 0.10760000000000002,
        "write": 0.11755384615384615,
        "misc": 0.0
    },
    "bytes_from_memory": 92930284.3076923,
    "bytes_to_memory": 12853799.384615384,
    "total_bytes_rw_mem": 105784083.6923077
}