{
    "demand_fetches": {
        "total": 20412821.46153846,
        "instrn": 0.0,
        "data": 20412821.46153846,
        "read": 19265828.692307692,
        "write": 1146992.7692307692,
        "misc": 0.0
    },
    "demand_misses": {
        "total": 2610195.5384615385,
        "instrn": 0.0,
        "data": 2610195.5384615385,
        "read": 2453757.0,
        "write": 156438.53846153847,
        "misc": 0.0
    },
    "demand_miss_rate": {
        "total": 0.11801538461538462,
        "instrn": 0.0,
        "data": 0.11801538461538462,
        "read": 0.11785384615384616,
        "write": 0.12199230769230768,
        "misc": 0.0
    },
    "bytes_from_memory": 167052514.46153846,
    "bytes_to_memory": 12883613.538461538,
    "total_bytes_rw_mem": 179936128.0
}