{
    "demand_fetches": {
        "total": 20412821.46153846,
        "instrn": 0.0,
        "data": 20412821.46153846,
        "read": 19265828.692307692,
        "write": 1146992.7692307692,
        "misc": 0.0
    },
    "demand_misses": {
        "total": 2831255.0,
        "instrn": 0.0,
        "data": 2831255.0,
        "read": 2659409.0,
        "write": 171846.0,
        "misc": 0.0
    },
    "demand_miss_rate": {
        "total": 0.12799230769230768,
        "instrn": 0.0,
        "data": 0.12799230769230768,
        "read": 0.12688461538461537,
        "write": 0.14071538461538463,
        "misc": 0.0
    },
    "bytes_from_memory": 90600160.0,
    "bytes_to_memory": 5880758.153846154,
    "total_bytes_rw_mem": 96480918.15384616
}