{
    "demand_fetches": {
        "total": 5212973.285714285,
        "instrn": 0.0,
        "data": 5212973.285714285,
        "read": 4647427.142857143,
        "write": 565546.1428571428,
        "misc": 0.0
    },
    "demand_misses": {
        "total": 686736.3571428572,
        "instrn": 0.0,
        "data": 686736.3571428572,
        "read": 626530.9285714285,
        "write": 60205.42857142857,
        "misc": 0.0
    },
    "demand_miss_rate": {
        "total": 0.11516428571428572,
        "instrn": 0.0,
        "data": 0.11516428571428572,
        "read": 0.11948571428571428,
        "write": 0.09032857142857142,
        "misc": 0.0
    },
    "bytes_from_memory": 43951126.85714286,
    "bytes_to_memory": 4582189.714285715,
    "total_bytes_rw_mem": 48533316.571428575
}