{
    "demand_fetches": {
        "total": 14605860.461538462,
        "instrn": 0.0,
        "data": 14605860.461538462,
        "read": 11120620.153846154,
        "write": 3485240.3076923075,
        "misc": 0.0
    },
    "demand_misses": {
        "total": 4970031.615384615,
        "instrn": 0.0,
        "data": 4970031.615384615,
        "read": 3587220.6923076925,
        "write": 1382810.923076923,
        "misc": 0.0
    },
    "demand_miss_rate": {
        "total": 0.31380769230769234,
        "instrn": 0.0,
        "data": 0.31380769230769234,
        "read": 0.2980307692307692,
        "write": 0.36206923076923075,
        "misc": 0.0
    },
    "bytes_from_memory": 79520505.84615384,
    "bytes_to_memory": 23772604.307692308,
    "total_bytes_rw_mem": 103293110.15384616
}