{
    "demand_fetches": {
        "total": 19213499.92857143,
        "instrn": 0.0,
        "data": 19213499.92857143,
        "read": 18041327.5,
        "write": 1172172.4285714286,
        "misc": 0.0
    },
    "demand_misses": {
        "total": 5584941.714285715,
        "instrn": 0.0,
        "data": 5584941.714285715,
        "read": 5240000.642857143,
        "write": 344941.0714285714,
        "misc": 0.0
    },
    "demand_miss_rate": {
        "total": 0.24837142857142855,
        "instrn": 0.0,
        "data": 0.24837142857142855,
        "read": 0.24732857142857143,
        "write": 0.2579214285714285,
        "misc": 0.0
    },
    "bytes_from_memory": 89359067.42857143,
    "bytes_to_memory": 5935440.0,
    "total_bytes_rw_mem": 95294507.42857143
}