{
    "demand_fetches": {
        "total": 11374004.785714285,
        "instrn": 0.0,
        "data": 11374004.785714285,
        "read": 9542798.0,
        "write": 1831206.7857142857,
        "misc": 0.0
    },
    "demand_misses": {
        "total": 828249.9285714285,
        "instrn": 0.0,
        "data": 828249.9285714285,
        "read": 653194.7857142857,
        "write": 175055.14285714287,
        "misc": 0.0
    },
    "demand_miss_rate": {
        "total": 0.06283571428571427,
        "instrn": 0.0,
        "data": 0.06283571428571427,
        "read": 0.05907857142857143,
        "write": 0.08085714285714286,
        "misc": 0.0
    },
    "bytes_from_memory": 53007995.428571425,
    "bytes_to_memory": 11794276.57142857,
    "total_bytes_rw_mem": 64802272.0
}