{
    "demand_fetches": {
        "total": 6953170.357142857,
        "instrn": 0.0,
        "data": 6953170.357142857,
        "read": 6063401.928571428,
        "write": 889768.4285714285,
        "misc": 0.0
    },
    "demand_misses": {
        "total": 573897.4285714285,
        "instrn": 0.0,
        "data": 573897.4285714285,
        "read": 488909.4285714286,
        "write": 84988.0,
        "misc": 0.0
    },
    "demand_miss_rate": {
        "total": 0.07569285714285715,
        "instrn": 0.0,
        "data": 0.07569285714285715,
        "read": 0.07368571428571427,
        "write": 0.08720714285714284,
        "misc": 0.0
    },
    "bytes_from_memory": 36729435.428571425,
    "bytes_to_memory": 5867611.428571428,
    "total_bytes_rw_mem": 42597046.85714286
}