{
    "demand_fetches": {
        "total": 21086884.307692308,
        "instrn": 0.0,
        "data": 21086884.307692308,
        "read": 19657634.615384616,
        "write": 1429249.6923076923,
        "misc": 0.0
    },
    "demand_misses": {
        "total": 1722776.5384615385,
        "instrn": 0.0,
        "data": 1722776.5384615385,
        "read": 1557122.923076923,
        "write": 165653.61538461538,
        "misc": 0.0
    },
    "demand_miss_rate": {
        "total": 0.07561538461538461,
        "instrn": 0.0,
        "data": 0.07561538461538461,
        "read": 0.07318461538461539,
        "write": 0.10394615384615385,
        "misc": 0.0
    },
    "bytes_from_memory": 110257698.46153846,
    "bytes_to_memory": 12081181.538461538,
    "total_bytes_rw_mem": 122338880.0
}