{
    "demand_fetches": {
        "total": 9909068.142857144,
        "instrn": 0.0,
        "data": 9909068.142857144,
        "read": 9015900.142857144,
        "write": 893168.0,
        "misc": 0.0
    },
    "demand_misses": {
        "total": 1519722.857142857,
        "instrn": 0.0,
        "data": 1519722.857142857,
        "read": 1353251.142857143,
        "write": 166471.7142857143,
        "misc": 0.0
    },
    "demand_miss_rate": {
        "total": 0.13172857142857144,
        "instrn": 0.0,
        "data": 0.13172857142857144,
        "read": 0.12844999999999998,
        "write": 0.15775,
        "misc": 0.0
    },
    "bytes_from_memory": 48631131.428571425,
    "bytes_to_memory": 5562086.857142857,
    "total_bytes_rw_mem": 54193218.28571428
}