{
    "power": {
        "0x40": 831.8440105875408,
        "0x41": 5.263329514393839,
        "0x44": 1712.0928021518278,
        "0x45": 858.4719651642845,
        "0x48": 1010.9817016865396,
        "0x4c": 620.8702289909771
    },
    "current": {
        "0x40": 166.15748894706562,
        "0x41": -0.5123727537074702,
        "0x44": 516.3012942716055,
        "0x45": 850.7075555393818,
        "0x48": 563.7921514393361,
        "0x4c": 414.81057423669046
    },
    "energy": {
        "0x40": 41942.591485899895,
        "0x41": 265.4986596000018,
        "0x44": 86350.0271452997,
        "0x45": 43297.63371659985,
        "0x48": 50989.093117901466,
        "0x4c": 31313.376446100086
    }
}