{
    "demand_fetches": {
        "total": 5147746.0,
        "instrn": 0.0,
        "data": 5147746.0,
        "read": 4619092.142857143,
        "write": 528653.8571428572,
        "misc": 0.0
    },
    "demand_misses": {
        "total": 2002254.9285714286,
        "instrn": 0.0,
        "data": 2002254.9285714286,
        "read": 1801926.2142857143,
        "write": 200328.7142857143,
        "misc": 0.0
    },
    "demand_miss_rate": {
        "total": 0.3281428571428571,
        "instrn": 0.0,
        "data": 0.3281428571428571,
        "read": 0.3291714285714286,
        "write": 0.32117142857142855,
        "misc": 0.0
    },
    "bytes_from_memory": 32036078.85714286,
    "bytes_to_memory": 3380460.5714285714,
    "total_bytes_rw_mem": 35416539.428571425
}