{
    "demand_fetches": {
        "total": 21086884.307692308,
        "instrn": 0.0,
        "data": 21086884.307692308,
        "read": 19657634.615384616,
        "write": 1429249.6923076923,
        "misc": 0.0
    },
    "demand_misses": {
        "total": 2948562.4615384615,
        "instrn": 0.0,
        "data": 2948562.4615384615,
        "read": 2742100.3846153845,
        "write": 206462.07692307694,
        "misc": 0.0
    },
    "demand_miss_rate": {
        "total": 0.12864615384615383,
        "instrn": 0.0,
        "data": 0.12864615384615383,
        "read": 0.1278923076923077,
        "write": 0.13580769230769232,
        "misc": 0.0
    },
    "bytes_from_memory": 94353998.76923077,
    "bytes_to_memory": 7196659.692307692,
    "total_bytes_rw_mem": 101550658.46153846
}