{
    "demand_fetches": {
        "total": 5574400.076923077,
        "instrn": 0.0,
        "data": 5574400.076923077,
        "read": 4982210.769230769,
        "write": 592189.3076923077,
        "misc": 0.0
    },
    "demand_misses": {
        "total": 1074750.2307692308,
        "instrn": 0.0,
        "data": 1074750.2307692308,
        "read": 965434.6153846154,
        "write": 109315.61538461539,
        "misc": 0.0
    },
    "demand_miss_rate": {
        "total": 0.17466153846153845,
        "instrn": 0.0,
        "data": 0.17466153846153845,
        "read": 0.17561538461538456,
        "write": 0.16845384615384612,
        "misc": 0.0
    },
    "bytes_from_memory": 34392007.384615384,
    "bytes_to_memory": 3692315.076923077,
    "total_bytes_rw_mem": 38084322.461538464
}