{
    "demand_fetches": {
        "total": 101905.07142857143,
        "instrn": 0.0,
        "data": 101905.07142857143,
        "read": 56726.57142857143,
        "write": 45178.5,
        "misc": 0.0
    },
    "demand_misses": {
        "total": 44731.71428571428,
        "instrn": 0.0,
        "data": 44731.71428571428,
        "read": 10406.07142857143,
        "write": 34325.642857142855,
        "misc": 0.0
    },
    "demand_miss_rate": {
        "total": 0.2519642857142857,
        "instrn": 0.0,
        "data": 0.2519642857142857,
        "read": 0.13135714285714287,
        "write": 0.4306142857142858,
        "misc": 0.0
    },
    "bytes_from_memory": 2862829.714285714,
    "bytes_to_memory": 2221650.285714286,
    "total_bytes_rw_mem": 5084480.0
}