{
    "demand_fetches": {
        "total": 5574400.076923077,
        "instrn": 0.0,
        "data": 5574400.076923077,
        "read": 4982210.769230769,
        "write": 592189.3076923077,
        "misc": 0.0
    },
    "demand_misses": {
        "total": 695089.0769230769,
        "instrn": 0.0,
        "data": 695089.0769230769,
        "read": 635144.0769230769,
        "write": 59945.0,
        "misc": 0.0
    },
    "demand_miss_rate": {
        "total": 0.11606153846153845,
        "instrn": 0.0,
        "data": 0.11606153846153845,
        "read": 0.12037692307692308,
        "write": 0.09280000000000001,
        "misc": 0.0
    },
    "bytes_from_memory": 44485700.92307692,
    "bytes_to_memory": 4439325.538461538,
    "total_bytes_rw_mem": 48925026.461538464
}