{
    "demand_fetches": {
        "total": 45098.357142857145,
        "instrn": 0.0,
        "data": 45098.357142857145,
        "read": 27033.5,
        "write": 18064.85714285714,
        "misc": 0.0
    },
    "demand_misses": {
        "total": 13376.714285714286,
        "instrn": 0.0,
        "data": 13376.714285714286,
        "read": 4559.571428571428,
        "write": 8817.142857142857,
        "misc": 0.0
    },
    "demand_miss_rate": {
        "total": 0.19932142857142857,
        "instrn": 0.0,
        "data": 0.19932142857142857,
        "read": 0.13552857142857141,
        "write": 0.2924428571428571,
        "misc": 0.0
    },
    "bytes_from_memory": 214027.42857142858,
    "bytes_to_memory": 148699.42857142858,
    "total_bytes_rw_mem": 362726.85714285716
}