{
    "demand_fetches": {
        "total": 20330162.076923076,
        "instrn": 0.0,
        "data": 20330162.076923076,
        "read": 19211134.46153846,
        "write": 1119027.6153846155,
        "misc": 0.0
    },
    "demand_misses": {
        "total": 3621356.923076923,
        "instrn": 0.0,
        "data": 3621356.923076923,
        "read": 3426603.6153846155,
        "write": 194753.3076923077,
        "misc": 0.0
    },
    "demand_miss_rate": {
        "total": 0.1631923076923077,
        "instrn": 0.0,
        "data": 0.1631923076923077,
        "read": 0.1632153846153846,
        "write": 0.16198461538461537,
        "misc": 0.0
    },
    "bytes_from_memory": 115883421.53846154,
    "bytes_to_memory": 7358468.923076923,
    "total_bytes_rw_mem": 123241890.46153846
}