{
    "demand_fetches": {
        "total": 19213305.85714286,
        "instrn": 0.0,
        "data": 19213305.85714286,
        "read": 18041208.5,
        "write": 1172097.357142857,
        "misc": 0.0
    },
    "demand_misses": {
        "total": 1488794.0714285714,
        "instrn": 0.0,
        "data": 1488794.0714285714,
        "read": 1359781.142857143,
        "write": 129012.92857142857,
        "misc": 0.0
    },
    "demand_miss_rate": {
        "total": 0.06677142857142856,
        "instrn": 0.0,
        "data": 0.06677142857142856,
        "read": 0.06479285714285714,
        "write": 0.09171428571428572,
        "misc": 0.0
    },
    "bytes_from_memory": 95282820.57142857,
    "bytes_to_memory": 9119373.714285715,
    "total_bytes_rw_mem": 104402194.28571428
}