{
    "demand_fetches": {
        "total": 24717886.384615384,
        "instrn": 0.0,
        "data": 24717886.384615384,
        "read": 21686687.46153846,
        "write": 3031198.923076923,
        "misc": 0.0
    },
    "demand_misses": {
        "total": 3002411.846153846,
        "instrn": 0.0,
        "data": 3002411.846153846,
        "read": 2611591.153846154,
        "write": 390820.6923076923,
        "misc": 0.0
    },
    "demand_miss_rate": {
        "total": 0.11280769230769232,
        "instrn": 0.0,
        "data": 0.11280769230769232,
        "read": 0.11156923076923077,
        "write": 0.12074615384615385,
        "misc": 0.0
    },
    "bytes_from_memory": 96077179.07692307,
    "bytes_to_memory": 13436201.846153846,
    "total_bytes_rw_mem": 109513380.92307693
}