{
    "demand_fetches": {
        "total": 5147154.857142857,
        "instrn": 0.0,
        "data": 5147154.857142857,
        "read": 4618732.214285715,
        "write": 528422.6428571428,
        "misc": 0.0
    },
    "demand_misses": {
        "total": 2002368.357142857,
        "instrn": 0.0,
        "data": 2002368.357142857,
        "read": 1802108.9285714286,
        "write": 200259.42857142858,
        "misc": 0.0
    },
    "demand_miss_rate": {
        "total": 0.3282,
        "instrn": 0.0,
        "data": 0.3282,
        "read": 0.32921428571428574,
        "write": 0.3212428571428572,
        "misc": 0.0
    },
    "bytes_from_memory": 32037893.714285713,
    "bytes_to_memory": 3380465.1428571427,
    "total_bytes_rw_mem": 35418358.85714286
}