{
    "demand_fetches": {
        "total": 5213328.142857143,
        "instrn": 0.0,
        "data": 5213328.142857143,
        "read": 4637458.142857143,
        "write": 575870.0,
        "misc": 0.0
    },
    "demand_misses": {
        "total": 1194467.2857142857,
        "instrn": 0.0,
        "data": 1194467.2857142857,
        "read": 1086026.2857142857,
        "write": 108441.0,
        "misc": 0.0
    },
    "demand_miss_rate": {
        "total": 0.18934999999999996,
        "instrn": 0.0,
        "data": 0.18934999999999996,
        "read": 0.19402142857142854,
        "write": 0.1600214285714286,
        "misc": 0.0
    },
    "bytes_from_memory": 38222953.14285714,
    "bytes_to_memory": 3731197.714285714,
    "total_bytes_rw_mem": 41954150.85714286
}