{
    "demand_fetches": {
        "total": 11374302.642857144,
        "instrn": 0.0,
        "data": 11374302.642857144,
        "read": 9542977.785714285,
        "write": 1831324.857142857,
        "misc": 0.0
    },
    "demand_misses": {
        "total": 1394400.2142857143,
        "instrn": 0.0,
        "data": 1394400.2142857143,
        "read": 1185982.5714285714,
        "write": 208417.64285714287,
        "misc": 0.0
    },
    "demand_miss_rate": {
        "total": 0.10480714285714288,
        "instrn": 0.0,
        "data": 0.10480714285714288,
        "read": 0.10670714285714286,
        "write": 0.09606428571428573,
        "misc": 0.0
    },
    "bytes_from_memory": 89241613.71428572,
    "bytes_to_memory": 16061796.57142857,
    "total_bytes_rw_mem": 105303410.28571428
}