{
    "demand_fetches": {
        "total": 9774315.714285715,
        "instrn": 0.0,
        "data": 9774315.714285715,
        "read": 8964283.0,
        "write": 810032.7142857143,
        "misc": 0.0
    },
    "demand_misses": {
        "total": 968708.7142857143,
        "instrn": 0.0,
        "data": 968708.7142857143,
        "read": 889660.6428571428,
        "write": 79048.07142857143,
        "misc": 0.0
    },
    "demand_miss_rate": {
        "total": 0.0833,
        "instrn": 0.0,
        "data": 0.0833,
        "read": 0.08336428571428571,
        "write": 0.08252142857142857,
        "misc": 0.0
    },
    "bytes_from_memory": 61997357.71428572,
    "bytes_to_memory": 5654569.142857143,
    "total_bytes_rw_mem": 67651926.85714285
}