{
    "demand_fetches": {
        "total": 9909992.214285715,
        "instrn": 0.0,
        "data": 9909992.214285715,
        "read": 9016409.357142856,
        "write": 893582.8571428572,
        "misc": 0.0
    },
    "demand_misses": {
        "total": 1688749.7142857143,
        "instrn": 0.0,
        "data": 1688749.7142857143,
        "read": 1517803.9285714286,
        "write": 170945.7857142857,
        "misc": 0.0
    },
    "demand_miss_rate": {
        "total": 0.14531428571428573,
        "instrn": 0.0,
        "data": 0.14531428571428573,
        "read": 0.14322857142857143,
        "write": 0.16194999999999998,
        "misc": 0.0
    },
    "bytes_from_memory": 54039990.85714286,
    "bytes_to_memory": 5834466.285714285,
    "total_bytes_rw_mem": 59874457.14285714
}