{
    "l1-I/Dcaches": {
        "demand_fetches": {
            "total": 20673072.46153846,
            "instrn": 0.0,
            "data": 20673072.46153846,
            "read": 19426499.153846152,
            "write": 1246573.3076923077,
            "misc": 0.0
        },
        "demand_misses": {
            "total": 6007419.846153846,
            "instrn": 0.0,
            "data": 6007419.846153846,
            "read": 5642197.692307692,
            "write": 365222.1538461539,
            "misc": 0.0
        },
        "demand_miss_rate": {
            "total": 0.26694615384615383,
            "instrn": 0.0,
            "data": 0.26694615384615383,
            "read": 0.2658384615384616,
            "write": 0.276976923076923,
            "misc": 0.0
        },
        "bytes_from_memory": 96118717.53846154,
        "bytes_to_memory": 6307670.153846154,
        "total_bytes_rw_mem": 102426387.6923077
    },
    "l2-ucache": {
        "demand_fetches": {
            "total": 6401649.230769231,
            "instrn": 0.0,
            "data": 6401649.230769231,
            "read": 6007419.846153846,
            "write": 394229.3846153846,
            "misc": 0.0
        },
        "demand_misses": {
            "total": 1451964.7692307692,
            "instrn": 0.0,
            "data": 1451964.7692307692,
            "read": 1451677.8461538462,
            "write": 286.9230769230769,
            "misc": 0.0
        },
        "demand_miss_rate": {
            "total": 0.2072,
            "instrn": 0.0,
            "data": 0.2072,
            "read": 0.2247,
            "write": 0.0010384615384615382,
            "misc": 0.0
        },
        "bytes_from_memory": 92925745.23076923,
        "bytes_to_memory": 8921063.384615384,
        "total_bytes_rw_mem": 101846808.61538461
    }
}