{
    "demand_fetches": {
        "total": 11374302.642857144,
        "instrn": 0.0,
        "data": 11374302.642857144,
        "read": 9542977.785714285,
        "write": 1831324.857142857,
        "misc": 0.0
    },
    "demand_misses": {
        "total": 1002418.3571428572,
        "instrn": 0.0,
        "data": 1002418.3571428572,
        "read": 815636.2857142857,
        "write": 186782.07142857142,
        "misc": 0.0
    },
    "demand_miss_rate": {
        "total": 0.07597142857142856,
        "instrn": 0.0,
        "data": 0.07597142857142856,
        "read": 0.07385,
        "write": 0.08627857142857141,
        "misc": 0.0
    },
    "bytes_from_memory": 64154774.85714286,
    "bytes_to_memory": 13342404.57142857,
    "total_bytes_rw_mem": 77497179.42857143
}