{
    "demand_fetches": {
        "total": 24717886.384615384,
        "instrn": 0.0,
        "data": 24717886.384615384,
        "read": 21686687.46153846,
        "write": 3031198.923076923,
        "misc": 0.0
    },
    "demand_misses": {
        "total": 5632613.307692308,
        "instrn": 0.0,
        "data": 5632613.307692308,
        "read": 4890438.461538462,
        "write": 742174.8461538461,
        "misc": 0.0
    },
    "demand_miss_rate": {
        "total": 0.21146153846153848,
        "instrn": 0.0,
        "data": 0.21146153846153848,
        "read": 0.2086846153846154,
        "write": 0.22946923076923076,
        "misc": 0.0
    },
    "bytes_from_memory": 90121812.92307693,
    "bytes_to_memory": 12217000.615384616,
    "total_bytes_rw_mem": 102338813.53846154
}