{
    "demand_fetches": {
        "total": 111298.57142857143,
        "instrn": 0.0,
        "data": 111298.57142857143,
        "read": 74882.0,
        "write": 36416.57142857143,
        "misc": 0.0
    },
    "demand_misses": {
        "total": 44885.92857142857,
        "instrn": 0.0,
        "data": 44885.92857142857,
        "read": 27276.571428571428,
        "write": 17609.35714285714,
        "misc": 0.0
    },
    "demand_miss_rate": {
        "total": 0.26524285714285717,
        "instrn": 0.0,
        "data": 0.26524285714285717,
        "read": 0.2443,
        "write": 0.3047714285714286,
        "misc": 0.0
    },
    "bytes_from_memory": 2872699.4285714286,
    "bytes_to_memory": 1160022.857142857,
    "total_bytes_rw_mem": 4032722.285714286
}