{
    "demand_fetches": {
        "total": 30488086.615384616,
        "instrn": 0.0,
        "data": 30488086.615384616,
        "read": 24886322.692307692,
        "write": 5601763.923076923,
        "misc": 0.0
    },
    "demand_misses": {
        "total": 1849849.3846153845,
        "instrn": 0.0,
        "data": 1849849.3846153845,
        "read": 1235359.0,
        "write": 614490.3846153846,
        "misc": 0.0
    },
    "demand_miss_rate": {
        "total": 0.05481538461538461,
        "instrn": 0.0,
        "data": 0.05481538461538461,
        "read": 0.04450769230769231,
        "write": 0.09871538461538461,
        "misc": 0.0
    },
    "bytes_from_memory": 118390360.61538461,
    "bytes_to_memory": 40362560.0,
    "total_bytes_rw_mem": 158752920.6153846
}