{
    "demand_fetches": {
        "total": 5213475.357142857,
        "instrn": 0.0,
        "data": 5213475.357142857,
        "read": 4637549.0,
        "write": 575926.3571428572,
        "misc": 0.0
    },
    "demand_misses": {
        "total": 1194223.9285714286,
        "instrn": 0.0,
        "data": 1194223.9285714286,
        "read": 1085777.5,
        "write": 108446.42857142857,
        "misc": 0.0
    },
    "demand_miss_rate": {
        "total": 0.1893,
        "instrn": 0.0,
        "data": 0.1893,
        "read": 0.19397857142857142,
        "write": 0.16000714285714285,
        "misc": 0.0
    },
    "bytes_from_memory": 38215165.71428572,
    "bytes_to_memory": 3731378.285714286,
    "total_bytes_rw_mem": 41946544.0
}