{
    "demand_fetches": {
        "total": 111298.57142857143,
        "instrn": 0.0,
        "data": 111298.57142857143,
        "read": 74882.0,
        "write": 36416.57142857143,
        "misc": 0.0
    },
    "demand_misses": {
        "total": 45187.28571428572,
        "instrn": 0.0,
        "data": 45187.28571428572,
        "read": 27356.571428571428,
        "write": 17830.714285714286,
        "misc": 0.0
    },
    "demand_miss_rate": {
        "total": 0.26954285714285714,
        "instrn": 0.0,
        "data": 0.26954285714285714,
        "read": 0.24679285714285717,
        "write": 0.31297857142857144,
        "misc": 0.0
    },
    "bytes_from_memory": 1445993.142857143,
    "bytes_to_memory": 590338.2857142857,
    "total_bytes_rw_mem": 2036331.4285714286
}