{
    "demand_fetches": {
        "total": 14605860.461538462,
        "instrn": 0.0,
        "data": 14605860.461538462,
        "read": 11120620.153846154,
        "write": 3485240.3076923075,
        "misc": 0.0
    },
    "demand_misses": {
        "total": 2218585.4615384615,
        "instrn": 0.0,
        "data": 2218585.4615384615,
        "read": 1538434.923076923,
        "write": 680150.5384615385,
        "misc": 0.0
    },
    "demand_miss_rate": {
        "total": 0.14039230769230773,
        "instrn": 0.0,
        "data": 0.14039230769230773,
        "read": 0.1282,
        "write": 0.17766923076923075,
        "misc": 0.0
    },
    "bytes_from_memory": 70994734.76923077,
    "bytes_to_memory": 22804305.230769232,
    "total_bytes_rw_mem": 93799040.0
}