{
    "power": {
        "0x40": 813.176625447205,
        "0x41": 5.269626028622749,
        "0x44": 1700.2017013417028,
        "0x45": 865.0364611806748,
        "0x48": 1011.6062213327198,
        "0x4c": 604.3163118962499
    },
    "current": {
        "0x40": 162.60691641323933,
        "0x41": -0.46602236135956865,
        "0x44": 512.707952325592,
        "0x45": 857.1621147584945,
        "0x48": 564.1791239266387,
        "0x4c": 404.02932307691975
    },
    "energy": {
        "0x40": 26237.97243359983,
        "0x41": 170.1380433999997,
        "0x44": 54859.06147550019,
        "0x45": 27912.334309100075,
        "0x48": 32640.14333370004,
        "0x4c": 19499.020588999854
    }
}