{
    "demand_fetches": {
        "total": 5548853.153846154,
        "instrn": 0.0,
        "data": 5548853.153846154,
        "read": 4974626.0,
        "write": 574227.1538461539,
        "misc": 0.0
    },
    "demand_misses": {
        "total": 1314354.6923076923,
        "instrn": 0.0,
        "data": 1314354.6923076923,
        "read": 1203408.7692307692,
        "write": 110945.92307692308,
        "misc": 0.0
    },
    "demand_miss_rate": {
        "total": 0.2132846153846154,
        "instrn": 0.0,
        "data": 0.2132846153846154,
        "read": 0.21917692307692305,
        "write": 0.17654615384615382,
        "misc": 0.0
    },
    "bytes_from_memory": 42059350.15384615,
    "bytes_to_memory": 3854424.6153846155,
    "total_bytes_rw_mem": 45913774.76923077
}