{
    "demand_fetches": {
        "total": 9774315.714285715,
        "instrn": 0.0,
        "data": 9774315.714285715,
        "read": 8964283.0,
        "write": 810032.7142857143,
        "misc": 0.0
    },
    "demand_misses": {
        "total": 2402498.785714286,
        "instrn": 0.0,
        "data": 2402498.785714286,
        "read": 2233907.214285714,
        "write": 168591.57142857142,
        "misc": 0.0
    },
    "demand_miss_rate": {
        "total": 0.20982857142857145,
        "instrn": 0.0,
        "data": 0.20982857142857145,
        "read": 0.21389285714285716,
        "write": 0.17791428571428575,
        "misc": 0.0
    },
    "bytes_from_memory": 76879961.14285715,
    "bytes_to_memory": 6166198.857142857,
    "total_bytes_rw_mem": 83046160.0
}