{
    "demand_fetches": {
        "total": 24717886.384615384,
        "instrn": 0.0,
        "data": 24717886.384615384,
        "read": 21686687.46153846,
        "write": 3031198.923076923,
        "misc": 0.0
    },
    "demand_misses": {
        "total": 1698950.6923076923,
        "instrn": 0.0,
        "data": 1698950.6923076923,
        "read": 1358367.1538461538,
        "write": 340583.53846153844,
        "misc": 0.0
    },
    "demand_miss_rate": {
        "total": 0.06387692307692307,
        "instrn": 0.0,
        "data": 0.06387692307692307,
        "read": 0.05826923076923077,
        "write": 0.10133846153846154,
        "misc": 0.0
    },
    "bytes_from_memory": 108732844.3076923,
    "bytes_to_memory": 23214468.923076924,
    "total_bytes_rw_mem": 131947313.23076923
}