{
    "demand_fetches": {
        "total": 9774315.714285715,
        "instrn": 0.0,
        "data": 9774315.714285715,
        "read": 8964283.0,
        "write": 810032.7142857143,
        "misc": 0.0
    },
    "demand_misses": {
        "total": 3835569.1428571427,
        "instrn": 0.0,
        "data": 3835569.1428571427,
        "read": 3530161.8571428573,
        "write": 305407.28571428574,
        "misc": 0.0
    },
    "demand_miss_rate": {
        "total": 0.32811428571428575,
        "instrn": 0.0,
        "data": 0.32811428571428575,
        "read": 0.3287428571428571,
        "write": 0.3198928571428571,
        "misc": 0.0
    },
    "bytes_from_memory": 61369106.28571428,
    "bytes_to_memory": 5180549.714285715,
    "total_bytes_rw_mem": 66549656.0
}