{
    "l1-I/Dcaches": {
        "demand_fetches": {
            "total": 26417347.53846154,
            "instrn": 0.0,
            "data": 26417347.53846154,
            "read": 24901107.846153848,
            "write": 1516239.6923076923,
            "misc": 0.0
        },
        "demand_misses": {
            "total": 7705102.230769231,
            "instrn": 0.0,
            "data": 7705102.230769231,
            "read": 7264997.923076923,
            "write": 440104.3076923077,
            "misc": 0.0
        },
        "demand_miss_rate": {
            "total": 0.2891230769230769,
            "instrn": 0.0,
            "data": 0.2891230769230769,
            "read": 0.28817692307692305,
            "write": 0.29704615384615385,
            "misc": 0.0
        },
        "bytes_from_memory": 123281635.6923077,
        "bytes_to_memory": 7666812.307692308,
        "total_bytes_rw_mem": 130948448.0
    },
    "l2-ucache": {
        "demand_fetches": {
            "total": 8184278.0,
            "instrn": 0.0,
            "data": 8184278.0,
            "read": 7705102.230769231,
            "write": 479175.76923076925,
            "misc": 0.0
        },
        "demand_misses": {
            "total": 1879741.5384615385,
            "instrn": 0.0,
            "data": 1879741.5384615385,
            "read": 1879278.5384615385,
            "write": 463.0,
            "misc": 0.0
        },
        "demand_miss_rate": {
            "total": 0.2269923076923077,
            "instrn": 0.0,
            "data": 0.2269923076923077,
            "read": 0.2452769230769231,
            "write": 0.0012384615384615385,
            "misc": 0.0
        },
        "bytes_from_memory": 120303458.46153846,
        "bytes_to_memory": 10988169.846153846,
        "total_bytes_rw_mem": 131291628.3076923
    }
}