{
    "demand_fetches": {
        "total": 9802105.857142856,
        "instrn": 0.0,
        "data": 9802105.857142856,
        "read": 8971251.07142857,
        "write": 830854.7857142857,
        "misc": 0.0
    },
    "demand_misses": {
        "total": 2296969.0,
        "instrn": 0.0,
        "data": 2296969.0,
        "read": 2136346.0,
        "write": 160623.0,
        "misc": 0.0
    },
    "demand_miss_rate": {
        "total": 0.19817857142857145,
        "instrn": 0.0,
        "data": 0.19817857142857145,
        "read": 0.2020142857142857,
        "write": 0.16507142857142856,
        "misc": 0.0
    },
    "bytes_from_memory": 73503008.0,
    "bytes_to_memory": 5663314.285714285,
    "total_bytes_rw_mem": 79166322.28571428
}