{
    "demand_fetches": {
        "total": 20199630.46153846,
        "instrn": 0.0,
        "data": 20199630.46153846,
        "read": 19130452.615384616,
        "write": 1069177.8461538462,
        "misc": 0.0
    },
    "demand_misses": {
        "total": 3242334.153846154,
        "instrn": 0.0,
        "data": 3242334.153846154,
        "read": 3068207.846153846,
        "write": 174126.3076923077,
        "misc": 0.0
    },
    "demand_miss_rate": {
        "total": 0.14656153846153847,
        "instrn": 0.0,
        "data": 0.14656153846153847,
        "read": 0.14602307692307692,
        "write": 0.15204615384615383,
        "misc": 0.0
    },
    "bytes_from_memory": 103754692.92307693,
    "bytes_to_memory": 6196627.692307692,
    "total_bytes_rw_mem": 109951320.61538461
}