{
    "demand_fetches": {
        "total": 9774315.714285715,
        "instrn": 0.0,
        "data": 9774315.714285715,
        "read": 8964283.0,
        "write": 810032.7142857143,
        "misc": 0.0
    },
    "demand_misses": {
        "total": 4679725.357142857,
        "instrn": 0.0,
        "data": 4679725.357142857,
        "read": 4358694.285714285,
        "write": 321031.0714285714,
        "misc": 0.0
    },
    "demand_miss_rate": {
        "total": 0.40300714285714284,
        "instrn": 0.0,
        "data": 0.40300714285714284,
        "read": 0.4108785714285714,
        "write": 0.3381428571428571,
        "misc": 0.0
    },
    "bytes_from_memory": 74875605.71428572,
    "bytes_to_memory": 5578632.0,
    "total_bytes_rw_mem": 80454237.71428572
}