{
    "demand_fetches": {
        "total": 30488086.615384616,
        "instrn": 0.0,
        "data": 30488086.615384616,
        "read": 24886322.692307692,
        "write": 5601763.923076923,
        "misc": 0.0
    },
    "demand_misses": {
        "total": 6170032.153846154,
        "instrn": 0.0,
        "data": 6170032.153846154,
        "read": 4856865.769230769,
        "write": 1313166.3846153845,
        "misc": 0.0
    },
    "demand_miss_rate": {
        "total": 0.18267692307692313,
        "instrn": 0.0,
        "data": 0.18267692307692313,
        "read": 0.1743769230769231,
        "write": 0.21725384615384616,
        "misc": 0.0
    },
    "bytes_from_memory": 98720514.46153846,
    "bytes_to_memory": 21513265.230769232,
    "total_bytes_rw_mem": 120233779.6923077
}