{
    "demand_fetches": {
        "total": 5574400.076923077,
        "instrn": 0.0,
        "data": 5574400.076923077,
        "read": 4982210.769230769,
        "write": 592189.3076923077,
        "misc": 0.0
    },
    "demand_misses": {
        "total": 1383174.6153846155,
        "instrn": 0.0,
        "data": 1383174.6153846155,
        "read": 1262044.3076923077,
        "write": 121130.30769230769,
        "misc": 0.0
    },
    "demand_miss_rate": {
        "total": 0.22830769230769235,
        "instrn": 0.0,
        "data": 0.22830769230769235,
        "read": 0.23529230769230766,
        "write": 0.18832307692307693,
        "misc": 0.0
    },
    "bytes_from_memory": 44261587.692307696,
    "bytes_to_memory": 4338656.0,
    "total_bytes_rw_mem": 48600243.692307696
}