{
    "demand_fetches": {
        "total": 11374302.642857144,
        "instrn": 0.0,
        "data": 11374302.642857144,
        "read": 9542977.785714285,
        "write": 1831324.857142857,
        "misc": 0.0
    },
    "demand_misses": {
        "total": 3104181.214285714,
        "instrn": 0.0,
        "data": 3104181.214285714,
        "read": 2420593.6428571427,
        "write": 683587.5714285715,
        "misc": 0.0
    },
    "demand_miss_rate": {
        "total": 0.2351142857142857,
        "instrn": 0.0,
        "data": 0.2351142857142857,
        "read": 0.21831428571428574,
        "write": 0.3153857142857142,
        "misc": 0.0
    },
    "bytes_from_memory": 49666899.428571425,
    "bytes_to_memory": 11138355.42857143,
    "total_bytes_rw_mem": 60805254.85714286
}