{
    "demand_fetches": {
        "total": 10570637.615384616,
        "instrn": 0.0,
        "data": 10570637.615384616,
        "read": 9671347.153846154,
        "write": 899290.4615384615,
        "misc": 0.0
    },
    "demand_misses": {
        "total": 4860273.307692308,
        "instrn": 0.0,
        "data": 4860273.307692308,
        "read": 4511666.769230769,
        "write": 348606.53846153844,
        "misc": 0.0
    },
    "demand_miss_rate": {
        "total": 0.4127615384615385,
        "instrn": 0.0,
        "data": 0.4127615384615385,
        "read": 0.41951538461538457,
        "write": 0.3546615384615385,
        "misc": 0.0
    },
    "bytes_from_memory": 77764372.92307693,
    "bytes_to_memory": 6010945.230769231,
    "total_bytes_rw_mem": 83775318.15384616
}