{
    "power": {
        "0x40": 820.5338303964512,
        "0x41": 5.243563964757911,
        "0x44": 1705.1643652863647,
        "0x45": 858.3786162995524,
        "0x48": 1010.8259930396325,
        "0x4c": 610.9613921585807
    },
    "current": {
        "0x40": 164.08869977973876,
        "0x41": -0.6246850660792925,
        "0x44": 514.4104044493489,
        "0x45": 851.163421101317,
        "0x48": 563.8577467400713,
        "0x4c": 408.2424211013138
    },
    "energy": {
        "0x40": 26564.940020799826,
        "0x41": 169.82556659999983,
        "0x44": 55203.856962600024,
        "0x45": 27790.500526199932,
        "0x48": 32726.005923400367,
        "0x4c": 19780.169152899856
    }
}