{
    "demand_fetches": {
        "total": 10581582.846153846,
        "instrn": 0.0,
        "data": 10581582.846153846,
        "read": 9676558.384615384,
        "write": 905024.4615384615,
        "misc": 0.0
    },
    "demand_misses": {
        "total": 3341610.923076923,
        "instrn": 0.0,
        "data": 3341610.923076923,
        "read": 3007006.0,
        "write": 334604.92307692306,
        "misc": 0.0
    },
    "demand_miss_rate": {
        "total": 0.29046153846153844,
        "instrn": 0.0,
        "data": 0.29046153846153844,
        "read": 0.2846615384615384,
        "write": 0.3374923076923077,
        "misc": 0.0
    },
    "bytes_from_memory": 53465774.76923077,
    "bytes_to_memory": 5547693.538461538,
    "total_bytes_rw_mem": 59013468.307692304
}