{
    "demand_fetches": {
        "total": 5291166.928571428,
        "instrn": 0.0,
        "data": 5291166.928571428,
        "read": 4662116.428571428,
        "write": 629050.5,
        "misc": 0.0
    },
    "demand_misses": {
        "total": 658334.2142857143,
        "instrn": 0.0,
        "data": 658334.2142857143,
        "read": 594129.4285714285,
        "write": 64204.78571428572,
        "misc": 0.0
    },
    "demand_miss_rate": {
        "total": 0.10781428571428571,
        "instrn": 0.0,
        "data": 0.10781428571428571,
        "read": 0.11192857142857145,
        "write": 0.08699285714285714,
        "misc": 0.0
    },
    "bytes_from_memory": 42133389.71428572,
    "bytes_to_memory": 4831049.142857143,
    "total_bytes_rw_mem": 46964438.85714286
}