{
    "demand_fetches": {
        "total": 18681704.285714287,
        "instrn": 0.0,
        "data": 18681704.285714287,
        "read": 17715672.214285713,
        "write": 966032.0714285715,
        "misc": 0.0
    },
    "demand_misses": {
        "total": 6221542.071428572,
        "instrn": 0.0,
        "data": 6221542.071428572,
        "read": 5905163.0,
        "write": 316379.0714285714,
        "misc": 0.0
    },
    "demand_miss_rate": {
        "total": 0.28058571428571427,
        "instrn": 0.0,
        "data": 0.28058571428571427,
        "read": 0.28010714285714283,
        "write": 0.2829642857142857,
        "misc": 0.0
    },
    "bytes_from_memory": 99544673.14285715,
    "bytes_to_memory": 5554937.142857143,
    "total_bytes_rw_mem": 105099610.28571428
}