{
    "demand_fetches": {
        "total": 5291166.928571428,
        "instrn": 0.0,
        "data": 5291166.928571428,
        "read": 4662116.428571428,
        "write": 629050.5,
        "misc": 0.0
    },
    "demand_misses": {
        "total": 596727.5714285715,
        "instrn": 0.0,
        "data": 596727.5714285715,
        "read": 538750.0714285715,
        "write": 57977.5,
        "misc": 0.0
    },
    "demand_miss_rate": {
        "total": 0.09225714285714286,
        "instrn": 0.0,
        "data": 0.09225714285714286,
        "read": 0.09436428571428569,
        "write": 0.07846428571428574,
        "misc": 0.0
    },
    "bytes_from_memory": 38190564.571428575,
    "bytes_to_memory": 4018390.8571428573,
    "total_bytes_rw_mem": 42208955.428571425
}