{
    "demand_fetches": {
        "total": 30488086.615384616,
        "instrn": 0.0,
        "data": 30488086.615384616,
        "read": 24886322.692307692,
        "write": 5601763.923076923,
        "misc": 0.0
    },
    "demand_misses": {
        "total": 3088890.6153846155,
        "instrn": 0.0,
        "data": 3088890.6153846155,
        "read": 2430430.230769231,
        "write": 658460.3846153846,
        "misc": 0.0
    },
    "demand_miss_rate": {
        "total": 0.09133846153846154,
        "instrn": 0.0,
        "data": 0.09133846153846154,
        "read": 0.08713076923076922,
        "write": 0.10886153846153844,
        "misc": 0.0
    },
    "bytes_from_memory": 98844499.6923077,
    "bytes_to_memory": 21747662.769230768,
    "total_bytes_rw_mem": 120592162.46153846
}