{
    "demand_fetches": {
        "total": 18681704.285714287,
        "instrn": 0.0,
        "data": 18681704.285714287,
        "read": 17715672.214285713,
        "write": 966032.0714285715,
        "misc": 0.0
    },
    "demand_misses": {
        "total": 2381631.714285714,
        "instrn": 0.0,
        "data": 2381631.714285714,
        "read": 2256642.1428571427,
        "write": 124989.57142857143,
        "misc": 0.0
    },
    "demand_miss_rate": {
        "total": 0.10964285714285715,
        "instrn": 0.0,
        "data": 0.10964285714285715,
        "read": 0.10985714285714285,
        "write": 0.1083857142857143,
        "misc": 0.0
    },
    "bytes_from_memory": 152424429.7142857,
    "bytes_to_memory": 10200534.857142856,
    "total_bytes_rw_mem": 162624964.57142857
}