{
    "demand_fetches": {
        "total": 10581582.846153846,
        "instrn": 0.0,
        "data": 10581582.846153846,
        "read": 9676558.384615384,
        "write": 905024.4615384615,
        "misc": 0.0
    },
    "demand_misses": {
        "total": 1898458.4615384615,
        "instrn": 0.0,
        "data": 1898458.4615384615,
        "read": 1725356.076923077,
        "write": 173102.38461538462,
        "misc": 0.0
    },
    "demand_miss_rate": {
        "total": 0.16377692307692307,
        "instrn": 0.0,
        "data": 0.16377692307692307,
        "read": 0.16244615384615382,
        "write": 0.17447692307692308,
        "misc": 0.0
    },
    "bytes_from_memory": 60750670.76923077,
    "bytes_to_memory": 5933540.923076923,
    "total_bytes_rw_mem": 66684211.692307696
}