{
    "demand_fetches": {
        "total": 9774315.714285715,
        "instrn": 0.0,
        "data": 9774315.714285715,
        "read": 8964283.0,
        "write": 810032.7142857143,
        "misc": 0.0
    },
    "demand_misses": {
        "total": 1896274.357142857,
        "instrn": 0.0,
        "data": 1896274.357142857,
        "read": 1740387.2857142857,
        "write": 155887.07142857142,
        "misc": 0.0
    },
    "demand_miss_rate": {
        "total": 0.16323571428571423,
        "instrn": 0.0,
        "data": 0.16323571428571423,
        "read": 0.16314999999999996,
        "write": 0.16307857142857143,
        "misc": 0.0
    },
    "bytes_from_memory": 60680779.428571425,
    "bytes_to_memory": 5425652.571428572,
    "total_bytes_rw_mem": 66106432.0
}