{
    "demand_fetches": {
        "total": 11374302.642857144,
        "instrn": 0.0,
        "data": 11374302.642857144,
        "read": 9542977.785714285,
        "write": 1831324.857142857,
        "misc": 0.0
    },
    "demand_misses": {
        "total": 828286.2142857143,
        "instrn": 0.0,
        "data": 828286.2142857143,
        "read": 653228.6428571428,
        "write": 175057.57142857142,
        "misc": 0.0
    },
    "demand_miss_rate": {
        "total": 0.06283571428571427,
        "instrn": 0.0,
        "data": 0.06283571428571427,
        "read": 0.05908571428571429,
        "write": 0.08085714285714285,
        "misc": 0.0
    },
    "bytes_from_memory": 53010317.71428572,
    "bytes_to_memory": 11794523.42857143,
    "total_bytes_rw_mem": 64804841.14285714
}