{
    "demand_fetches": {
        "total": 20412821.46153846,
        "instrn": 0.0,
        "data": 20412821.46153846,
        "read": 19265828.692307692,
        "write": 1146992.7692307692,
        "misc": 0.0
    },
    "demand_misses": {
        "total": 5628182.769230769,
        "instrn": 0.0,
        "data": 5628182.769230769,
        "read": 5289708.230769231,
        "write": 338474.53846153844,
        "misc": 0.0
    },
    "demand_miss_rate": {
        "total": 0.25422307692307694,
        "instrn": 0.0,
        "data": 0.25422307692307694,
        "read": 0.25213846153846153,
        "write": 0.2776923076923077,
        "misc": 0.0
    },
    "bytes_from_memory": 90050924.3076923,
    "bytes_to_memory": 5689628.307692308,
    "total_bytes_rw_mem": 95740552.61538461
}