{
    "demand_fetches": {
        "total": 5592432.076923077,
        "instrn": 0.0,
        "data": 5592432.076923077,
        "read": 4987094.692307692,
        "write": 605337.3846153846,
        "misc": 0.0
    },
    "demand_misses": {
        "total": 1318269.6153846155,
        "instrn": 0.0,
        "data": 1318269.6153846155,
        "read": 1202269.8461538462,
        "write": 115999.76923076923,
        "misc": 0.0
    },
    "demand_miss_rate": {
        "total": 0.21300000000000002,
        "instrn": 0.0,
        "data": 0.21300000000000002,
        "read": 0.2193230769230769,
        "write": 0.17547692307692306,
        "misc": 0.0
    },
    "bytes_from_memory": 42184627.692307696,
    "bytes_to_memory": 4030916.923076923,
    "total_bytes_rw_mem": 46215544.615384616
}