{
    "demand_fetches": {
        "total": 10361724.57142857,
        "instrn": 0.0,
        "data": 10361724.57142857,
        "read": 9180187.714285715,
        "write": 1181536.857142857,
        "misc": 0.0
    },
    "demand_misses": {
        "total": 3152311.0,
        "instrn": 0.0,
        "data": 3152311.0,
        "read": 2706638.8571428573,
        "write": 445672.14285714284,
        "misc": 0.0
    },
    "demand_miss_rate": {
        "total": 0.26041428571428576,
        "instrn": 0.0,
        "data": 0.26041428571428576,
        "read": 0.2515642857142857,
        "write": 0.3191642857142857,
        "misc": 0.0
    },
    "bytes_from_memory": 50436976.0,
    "bytes_to_memory": 7393581.714285715,
    "total_bytes_rw_mem": 57830557.71428572
}