{
    "demand_fetches": {
        "total": 14605860.461538462,
        "instrn": 0.0,
        "data": 14605860.461538462,
        "read": 11120620.153846154,
        "write": 3485240.3076923075,
        "misc": 0.0
    },
    "demand_misses": {
        "total": 1004660.0769230769,
        "instrn": 0.0,
        "data": 1004660.0769230769,
        "read": 674379.4615384615,
        "write": 330280.6153846154,
        "misc": 0.0
    },
    "demand_miss_rate": {
        "total": 0.062400000000000004,
        "instrn": 0.0,
        "data": 0.062400000000000004,
        "read": 0.05453076923076924,
        "write": 0.08616153846153847,
        "misc": 0.0
    },
    "bytes_from_memory": 64298244.92307692,
    "bytes_to_memory": 21915736.615384616,
    "total_bytes_rw_mem": 86213981.53846154
}