{
    "power": {
        "0x40": 812.3571765096797,
        "0x41": 5.178840000000164,
        "0x44": 1699.6128011080434,
        "0x45": 861.4154859279739,
        "0x48": 1010.0599007756074,
        "0x4c": 604.3370192797828
    },
    "current": {
        "0x40": 162.59552997230037,
        "0x41": -0.5484891966758979,
        "0x44": 512.7491642659292,
        "0x45": 854.6609860387792,
        "0x48": 563.4742723545698,
        "0x4c": 403.82506354570546
    },
    "energy": {
        "0x40": 21439.98114599983,
        "0x41": 136.75197799999884,
        "0x44": 44855.54615180012,
        "0x45": 22733.978809400003,
        "0x48": 26657.46576490007,
        "0x4c": 15950.007198499865
    }
}