{
    "demand_fetches": {
        "total": 20199630.46153846,
        "instrn": 0.0,
        "data": 20199630.46153846,
        "read": 19130452.615384616,
        "write": 1069177.8461538462,
        "misc": 0.0
    },
    "demand_misses": {
        "total": 5879014.769230769,
        "instrn": 0.0,
        "data": 5879014.769230769,
        "read": 5548090.230769231,
        "write": 330924.53846153844,
        "misc": 0.0
    },
    "demand_miss_rate": {
        "total": 0.26681538461538457,
        "instrn": 0.0,
        "data": 0.26681538461538457,
        "read": 0.26478461538461545,
        "write": 0.2903076923076923,
        "misc": 0.0
    },
    "bytes_from_memory": 94064236.3076923,
    "bytes_to_memory": 5627538.461538462,
    "total_bytes_rw_mem": 99691774.76923077
}