{
    "demand_fetches": {
        "total": 21086884.307692308,
        "instrn": 0.0,
        "data": 21086884.307692308,
        "read": 19657634.615384616,
        "write": 1429249.6923076923,
        "misc": 0.0
    },
    "demand_misses": {
        "total": 2714520.153846154,
        "instrn": 0.0,
        "data": 2714520.153846154,
        "read": 2509707.6923076925,
        "write": 204812.46153846153,
        "misc": 0.0
    },
    "demand_miss_rate": {
        "total": 0.1179230769230769,
        "instrn": 0.0,
        "data": 0.1179230769230769,
        "read": 0.11720769230769233,
        "write": 0.1275153846153846,
        "misc": 0.0
    },
    "bytes_from_memory": 173729289.84615386,
    "bytes_to_memory": 17008871.384615384,
    "total_bytes_rw_mem": 190738161.23076922
}