{
    "demand_fetches": {
        "total": 10361724.57142857,
        "instrn": 0.0,
        "data": 10361724.57142857,
        "read": 9180187.714285715,
        "write": 1181536.857142857,
        "misc": 0.0
    },
    "demand_misses": {
        "total": 1743839.857142857,
        "instrn": 0.0,
        "data": 1743839.857142857,
        "read": 1513111.142857143,
        "write": 230728.7142857143,
        "misc": 0.0
    },
    "demand_miss_rate": {
        "total": 0.1442142857142857,
        "instrn": 0.0,
        "data": 0.1442142857142857,
        "read": 0.14106428571428573,
        "write": 0.16532142857142856,
        "misc": 0.0
    },
    "bytes_from_memory": 55802875.428571425,
    "bytes_to_memory": 7902553.142857143,
    "total_bytes_rw_mem": 63705428.571428575
}