{
    "demand_fetches": {
        "total": 10361724.57142857,
        "instrn": 0.0,
        "data": 10361724.57142857,
        "read": 9180187.714285715,
        "write": 1181536.857142857,
        "misc": 0.0
    },
    "demand_misses": {
        "total": 745977.2857142857,
        "instrn": 0.0,
        "data": 745977.2857142857,
        "read": 634796.4285714285,
        "write": 111180.85714285714,
        "misc": 0.0
    },
    "demand_miss_rate": {
        "total": 0.06221428571428571,
        "instrn": 0.0,
        "data": 0.06221428571428571,
        "read": 0.05962142857142856,
        "write": 0.07956428571428571,
        "misc": 0.0
    },
    "bytes_from_memory": 47742546.28571428,
    "bytes_to_memory": 7449270.857142857,
    "total_bytes_rw_mem": 55191817.14285714
}