{
    "demand_fetches": {
        "total": 5213475.357142857,
        "instrn": 0.0,
        "data": 5213475.357142857,
        "read": 4637549.0,
        "write": 575926.3571428572,
        "misc": 0.0
    },
    "demand_misses": {
        "total": 1231325.857142857,
        "instrn": 0.0,
        "data": 1231325.857142857,
        "read": 1121148.7142857143,
        "write": 110177.14285714286,
        "misc": 0.0
    },
    "demand_miss_rate": {
        "total": 0.1978142857142857,
        "instrn": 0.0,
        "data": 0.1978142857142857,
        "read": 0.20382142857142857,
        "write": 0.16270714285714288,
        "misc": 0.0
    },
    "bytes_from_memory": 39402427.428571425,
    "bytes_to_memory": 3833078.8571428573,
    "total_bytes_rw_mem": 43235506.28571428
}