{
    "demand_fetches": {
        "total": 19214001.5,
        "instrn": 0.0,
        "data": 19214001.5,
        "read": 18041581.714285713,
        "write": 1172419.7857142857,
        "misc": 0.0
    },
    "demand_misses": {
        "total": 3094403.4285714286,
        "instrn": 0.0,
        "data": 3094403.4285714286,
        "read": 2907722.5,
        "write": 186680.92857142858,
        "misc": 0.0
    },
    "demand_miss_rate": {
        "total": 0.1377142857142857,
        "instrn": 0.0,
        "data": 0.1377142857142857,
        "read": 0.13754999999999998,
        "write": 0.13868571428571427,
        "misc": 0.0
    },
    "bytes_from_memory": 99020909.71428572,
    "bytes_to_memory": 6807218.285714285,
    "total_bytes_rw_mem": 105828128.0
}