{
    "demand_fetches": {
        "total": 9802105.857142856,
        "instrn": 0.0,
        "data": 9802105.857142856,
        "read": 8971251.07142857,
        "write": 830854.7857142857,
        "misc": 0.0
    },
    "demand_misses": {
        "total": 2299188.4285714286,
        "instrn": 0.0,
        "data": 2299188.4285714286,
        "read": 2137433.6428571427,
        "write": 161754.7857142857,
        "misc": 0.0
    },
    "demand_miss_rate": {
        "total": 0.19719285714285717,
        "instrn": 0.0,
        "data": 0.19719285714285717,
        "read": 0.20067857142857146,
        "write": 0.1662,
        "misc": 0.0
    },
    "bytes_from_memory": 73574029.71428572,
    "bytes_to_memory": 5735657.142857143,
    "total_bytes_rw_mem": 79309686.85714285
}