{
    "demand_fetches": {
        "total": 5213475.357142857,
        "instrn": 0.0,
        "data": 5213475.357142857,
        "read": 4637549.0,
        "write": 575926.3571428572,
        "misc": 0.0
    },
    "demand_misses": {
        "total": 648902.5,
        "instrn": 0.0,
        "data": 648902.5,
        "read": 590658.8571428572,
        "write": 58243.642857142855,
        "misc": 0.0
    },
    "demand_miss_rate": {
        "total": 0.10762142857142858,
        "instrn": 0.0,
        "data": 0.10762142857142858,
        "read": 0.11166428571428573,
        "write": 0.08626428571428571,
        "misc": 0.0
    },
    "bytes_from_memory": 41529760.0,
    "bytes_to_memory": 4339446.857142857,
    "total_bytes_rw_mem": 45869206.85714286
}