{
    "demand_fetches": {
        "total": 261857.0,
        "instrn": 0.0,
        "data": 261857.0,
        "read": 57447.357142857145,
        "write": 204409.64285714287,
        "misc": 0.0
    },
    "demand_misses": {
        "total": 216909.85714285713,
        "instrn": 0.0,
        "data": 216909.85714285713,
        "read": 25705.35714285714,
        "write": 191204.5,
        "misc": 0.0
    },
    "demand_miss_rate": {
        "total": 0.5080214285714285,
        "instrn": 0.0,
        "data": 0.5080214285714285,
        "read": 0.3366571428571429,
        "write": 0.6029,
        "misc": 0.0
    },
    "bytes_from_memory": 3470557.714285714,
    "bytes_to_memory": 3072278.8571428573,
    "total_bytes_rw_mem": 6542836.571428572
}