{
    "demand_fetches": {
        "total": 101905.07142857143,
        "instrn": 0.0,
        "data": 101905.07142857143,
        "read": 56726.57142857143,
        "write": 45178.5,
        "misc": 0.0
    },
    "demand_misses": {
        "total": 45033.5,
        "instrn": 0.0,
        "data": 45033.5,
        "read": 10390.357142857143,
        "write": 34643.142857142855,
        "misc": 0.0
    },
    "demand_miss_rate": {
        "total": 0.2564214285714286,
        "instrn": 0.0,
        "data": 0.2564214285714286,
        "read": 0.13221428571428576,
        "write": 0.4420071428571429,
        "misc": 0.0
    },
    "bytes_from_memory": 720536.0,
    "bytes_to_memory": 563532.5714285715,
    "total_bytes_rw_mem": 1284068.5714285714
}