{
    "demand_fetches": {
        "total": 10538876.538461538,
        "instrn": 0.0,
        "data": 10538876.538461538,
        "read": 9658823.923076924,
        "write": 880052.6153846154,
        "misc": 0.0
    },
    "demand_misses": {
        "total": 4080961.6153846155,
        "instrn": 0.0,
        "data": 4080961.6153846155,
        "read": 3749331.153846154,
        "write": 331630.46153846156,
        "misc": 0.0
    },
    "demand_miss_rate": {
        "total": 0.34823076923076923,
        "instrn": 0.0,
        "data": 0.34823076923076923,
        "read": 0.34830000000000005,
        "write": 0.3444,
        "misc": 0.0
    },
    "bytes_from_memory": 65295385.84615385,
    "bytes_to_memory": 5612205.538461538,
    "total_bytes_rw_mem": 70907591.38461539
}