{
    "demand_fetches": {
        "total": 10616309.666666666,
        "instrn": 0.0,
        "data": 10616309.666666666,
        "read": 8906967.933333334,
        "write": 1709341.7333333334,
        "misc": 0.0
    },
    "demand_misses": {
        "total": 3024596.7333333334,
        "instrn": 0.0,
        "data": 3024596.7333333334,
        "read": 2380658.066666667,
        "write": 643938.6666666666,
        "misc": 0.0
    },
    "demand_miss_rate": {
        "total": 0.22849333333333333,
        "instrn": 0.0,
        "data": 0.22849333333333333,
        "read": 0.2141066666666667,
        "write": 0.29723333333333335,
        "misc": 0.0
    },
    "bytes_from_memory": 48393547.733333334,
    "bytes_to_memory": 10585373.866666667,
    "total_bytes_rw_mem": 58978921.6
}