{
    "demand_fetches": {
        "total": 9909068.142857144,
        "instrn": 0.0,
        "data": 9909068.142857144,
        "read": 9015900.142857144,
        "write": 893168.0,
        "misc": 0.0
    },
    "demand_misses": {
        "total": 1048475.7857142857,
        "instrn": 0.0,
        "data": 1048475.7857142857,
        "read": 956314.0714285715,
        "write": 92161.71428571429,
        "misc": 0.0
    },
    "demand_miss_rate": {
        "total": 0.08952857142857142,
        "instrn": 0.0,
        "data": 0.08952857142857142,
        "read": 0.08992857142857144,
        "write": 0.08686428571428571,
        "misc": 0.0
    },
    "bytes_from_memory": 67102450.28571428,
    "bytes_to_memory": 6757723.428571428,
    "total_bytes_rw_mem": 73860173.71428572
}