{
    "demand_fetches": {
        "total": 117406.64285714286,
        "instrn": 0.0,
        "data": 117406.64285714286,
        "read": 73725.42857142857,
        "write": 43681.21428571428,
        "misc": 0.0
    },
    "demand_misses": {
        "total": 53237.71428571428,
        "instrn": 0.0,
        "data": 53237.71428571428,
        "read": 29320.428571428572,
        "write": 23917.285714285714,
        "misc": 0.0
    },
    "demand_miss_rate": {
        "total": 0.29409285714285716,
        "instrn": 0.0,
        "data": 0.29409285714285716,
        "read": 0.27225714285714286,
        "write": 0.32285,
        "misc": 0.0
    },
    "bytes_from_memory": 1703606.857142857,
    "bytes_to_memory": 783780.5714285715,
    "total_bytes_rw_mem": 2487387.4285714286
}