{
    "demand_fetches": {
        "total": 261857.0,
        "instrn": 0.0,
        "data": 261857.0,
        "read": 57447.357142857145,
        "write": 204409.64285714287,
        "misc": 0.0
    },
    "demand_misses": {
        "total": 216705.2857142857,
        "instrn": 0.0,
        "data": 216705.2857142857,
        "read": 25516.0,
        "write": 191189.2857142857,
        "misc": 0.0
    },
    "demand_miss_rate": {
        "total": 0.5063642857142858,
        "instrn": 0.0,
        "data": 0.5063642857142858,
        "read": 0.33352857142857145,
        "write": 0.6025285714285714,
        "misc": 0.0
    },
    "bytes_from_memory": 3467284.5714285714,
    "bytes_to_memory": 3071582.8571428573,
    "total_bytes_rw_mem": 6538867.428571428
}