{
    "demand_fetches": {
        "total": 11374302.642857144,
        "instrn": 0.0,
        "data": 11374302.642857144,
        "read": 9542977.785714285,
        "write": 1831324.857142857,
        "misc": 0.0
    },
    "demand_misses": {
        "total": 1558151.0,
        "instrn": 0.0,
        "data": 1558151.0,
        "read": 1215042.9285714286,
        "write": 343108.0714285714,
        "misc": 0.0
    },
    "demand_miss_rate": {
        "total": 0.11812857142857143,
        "instrn": 0.0,
        "data": 0.11812857142857143,
        "read": 0.10975,
        "write": 0.15825,
        "misc": 0.0
    },
    "bytes_from_memory": 49860832.0,
    "bytes_to_memory": 11257636.57142857,
    "total_bytes_rw_mem": 61118468.571428575
}