{
    "demand_fetches": {
        "total": 10539113.0,
        "instrn": 0.0,
        "data": 10539113.0,
        "read": 9659132.461538462,
        "write": 879980.5384615385,
        "misc": 0.0
    },
    "demand_misses": {
        "total": 4111765.153846154,
        "instrn": 0.0,
        "data": 4111765.153846154,
        "read": 3781039.076923077,
        "write": 330726.07692307694,
        "misc": 0.0
    },
    "demand_miss_rate": {
        "total": 0.35105384615384616,
        "instrn": 0.0,
        "data": 0.35105384615384616,
        "read": 0.3515692307692308,
        "write": 0.3436846153846154,
        "misc": 0.0
    },
    "bytes_from_memory": 65788242.461538464,
    "bytes_to_memory": 5580952.615384615,
    "total_bytes_rw_mem": 71369195.07692307
}