{
    "demand_fetches": {
        "total": 6502652.307692308,
        "instrn": 0.0,
        "data": 6502652.307692308,
        "read": 5342057.923076923,
        "write": 1160594.3846153845,
        "misc": 0.0
    },
    "demand_misses": {
        "total": 518355.0,
        "instrn": 0.0,
        "data": 518355.0,
        "read": 407326.0,
        "write": 111029.0,
        "misc": 0.0
    },
    "demand_miss_rate": {
        "total": 0.07430769230769232,
        "instrn": 0.0,
        "data": 0.07430769230769232,
        "read": 0.07133846153846155,
        "write": 0.0866076923076923,
        "misc": 0.0
    },
    "bytes_from_memory": 33174720.0,
    "bytes_to_memory": 7721531.076923077,
    "total_bytes_rw_mem": 40896251.07692308
}