{
    "l1-i_dcaches": {
        "demand_fetches": {
            "total": 177134100.0,
            "instrn": 0.0,
            "data": 177134100.0,
            "read": 120599415.0,
            "write": 56534685.0,
            "misc": 0.0
        },
        "demand_misses": {
            "total": 10395462.0,
            "instrn": 0.0,
            "data": 10395462.0,
            "read": 10108957.5,
            "write": 286504.5,
            "misc": 0.0
        },
        "demand_miss_rate": {
            "total": 0.02935,
            "instrn": 0.0,
            "data": 0.02935,
            "read": 0.0419,
            "write": 0.00255,
            "misc": 0.0
        },
        "bytes_from_memory": 332654784.0,
        "bytes_to_memory": 278687456.0,
        "total_bytes_rw_mem": 611342240.0
    },
    "l2-ucache": {
        "demand_fetches": {
            "total": 19104445.0,
            "instrn": 0.0,
            "data": 19104445.0,
            "read": 10395462.0,
            "write": 8708983.0,
            "misc": 0.0
        },
        "demand_misses": {
            "total": 5228724.5,
            "instrn": 0.0,
            "data": 5228724.5,
            "read": 5221487.0,
            "write": 7237.5,
            "misc": 0.0
        },
        "demand_miss_rate": {
            "total": 0.13685,
            "instrn": 0.0,
            "data": 0.13685,
            "read": 0.25115,
            "write": 0.0004,
            "misc": 0.0
        },
        "bytes_from_memory": 334638368.0,
        "bytes_to_memory": 279174528.0,
        "total_bytes_rw_mem": 613812896.0
    }
}