{
    "demand_fetches": {
        "total": 19213499.92857143,
        "instrn": 0.0,
        "data": 19213499.92857143,
        "read": 18041327.5,
        "write": 1172172.4285714286,
        "misc": 0.0
    },
    "demand_misses": {
        "total": 9114645.57142857,
        "instrn": 0.0,
        "data": 9114645.57142857,
        "read": 8690229.0,
        "write": 424416.5714285714,
        "misc": 0.0
    },
    "demand_miss_rate": {
        "total": 0.4013999999999999,
        "instrn": 0.0,
        "data": 0.4013999999999999,
        "read": 0.4083357142857143,
        "write": 0.3141500000000001,
        "misc": 0.0
    },
    "bytes_from_memory": 145834329.14285713,
    "bytes_to_memory": 8527825.142857144,
    "total_bytes_rw_mem": 154362154.2857143
}