{
    "demand_fetches": {
        "total": 10570637.615384616,
        "instrn": 0.0,
        "data": 10570637.615384616,
        "read": 9671347.153846154,
        "write": 899290.4615384615,
        "misc": 0.0
    },
    "demand_misses": {
        "total": 4052221.6153846155,
        "instrn": 0.0,
        "data": 4052221.6153846155,
        "read": 3713244.0,
        "write": 338977.6153846154,
        "misc": 0.0
    },
    "demand_miss_rate": {
        "total": 0.3464230769230769,
        "instrn": 0.0,
        "data": 0.3464230769230769,
        "read": 0.34634615384615386,
        "write": 0.34446923076923075,
        "misc": 0.0
    },
    "bytes_from_memory": 64835545.84615385,
    "bytes_to_memory": 5717259.076923077,
    "total_bytes_rw_mem": 70552804.92307693
}