{
    "demand_fetches": {
        "total": 9909992.214285715,
        "instrn": 0.0,
        "data": 9909992.214285715,
        "read": 9016409.357142856,
        "write": 893582.8571428572,
        "misc": 0.0
    },
    "demand_misses": {
        "total": 4041803.214285714,
        "instrn": 0.0,
        "data": 4041803.214285714,
        "read": 3691772.714285714,
        "write": 350030.5,
        "misc": 0.0
    },
    "demand_miss_rate": {
        "total": 0.34328571428571436,
        "instrn": 0.0,
        "data": 0.34328571428571436,
        "read": 0.3447714285714286,
        "write": 0.33152857142857134,
        "misc": 0.0
    },
    "bytes_from_memory": 64668851.428571425,
    "bytes_to_memory": 6059785.142857143,
    "total_bytes_rw_mem": 70728636.57142857
}