{
    "demand_fetches": {
        "total": 9909992.214285715,
        "instrn": 0.0,
        "data": 9909992.214285715,
        "read": 9016409.357142856,
        "write": 893582.8571428572,
        "misc": 0.0
    },
    "demand_misses": {
        "total": 3900435.714285714,
        "instrn": 0.0,
        "data": 3900435.714285714,
        "read": 3550083.3571428573,
        "write": 350352.35714285716,
        "misc": 0.0
    },
    "demand_miss_rate": {
        "total": 0.33309285714285713,
        "instrn": 0.0,
        "data": 0.33309285714285713,
        "read": 0.3332428571428571,
        "write": 0.33199999999999996,
        "misc": 0.0
    },
    "bytes_from_memory": 62406971.428571425,
    "bytes_to_memory": 6072794.285714285,
    "total_bytes_rw_mem": 68479765.71428572
}