{
    "demand_fetches": {
        "total": 17437226.466666665,
        "instrn": 0.0,
        "data": 17437226.466666665,
        "read": 16535103.133333333,
        "write": 902123.3333333334,
        "misc": 0.0
    },
    "demand_misses": {
        "total": 3385507.7333333334,
        "instrn": 0.0,
        "data": 3385507.7333333334,
        "read": 3221546.8,
        "write": 163960.93333333332,
        "misc": 0.0
    },
    "demand_miss_rate": {
        "total": 0.15152000000000002,
        "instrn": 0.0,
        "data": 0.15152000000000002,
        "read": 0.15188666666666667,
        "write": 0.14462,
        "misc": 0.0
    },
    "bytes_from_memory": 108336247.46666667,
    "bytes_to_memory": 6215784.533333333,
    "total_bytes_rw_mem": 114552032.0
}