{
    "demand_fetches": {
        "total": 20199630.46153846,
        "instrn": 0.0,
        "data": 20199630.46153846,
        "read": 19130452.615384616,
        "write": 1069177.8461538462,
        "misc": 0.0
    },
    "demand_misses": {
        "total": 5821160.153846154,
        "instrn": 0.0,
        "data": 5821160.153846154,
        "read": 5492967.692307692,
        "write": 328192.46153846156,
        "misc": 0.0
    },
    "demand_miss_rate": {
        "total": 0.26428461538461545,
        "instrn": 0.0,
        "data": 0.26428461538461545,
        "read": 0.2622461538461538,
        "write": 0.2879307692307692,
        "misc": 0.0
    },
    "bytes_from_memory": 93138562.46153846,
    "bytes_to_memory": 5543864.615384615,
    "total_bytes_rw_mem": 98682427.07692307
}