{
    "demand_fetches": {
        "total": 5592432.076923077,
        "instrn": 0.0,
        "data": 5592432.076923077,
        "read": 4987094.692307692,
        "write": 605337.3846153846,
        "misc": 0.0
    },
    "demand_misses": {
        "total": 1288039.923076923,
        "instrn": 0.0,
        "data": 1288039.923076923,
        "read": 1174030.0,
        "write": 114009.92307692308,
        "misc": 0.0
    },
    "demand_miss_rate": {
        "total": 0.2049230769230769,
        "instrn": 0.0,
        "data": 0.2049230769230769,
        "read": 0.21014615384615384,
        "write": 0.17221538461538463,
        "misc": 0.0
    },
    "bytes_from_memory": 41217277.538461536,
    "bytes_to_memory": 3908078.769230769,
    "total_bytes_rw_mem": 45125356.307692304
}