{
    "demand_fetches": {
        "total": 101905.07142857143,
        "instrn": 0.0,
        "data": 101905.07142857143,
        "read": 56726.57142857143,
        "write": 45178.5,
        "misc": 0.0
    },
    "demand_misses": {
        "total": 44921.642857142855,
        "instrn": 0.0,
        "data": 44921.642857142855,
        "read": 10441.857142857143,
        "write": 34479.78571428572,
        "misc": 0.0
    },
    "demand_miss_rate": {
        "total": 0.2556857142857143,
        "instrn": 0.0,
        "data": 0.2556857142857143,
        "read": 0.13362857142857146,
        "write": 0.437,
        "misc": 0.0
    },
    "bytes_from_memory": 1437492.5714285714,
    "bytes_to_memory": 1118377.142857143,
    "total_bytes_rw_mem": 2555869.714285714
}