{
    "demand_fetches": {
        "total": 18610525.285714287,
        "instrn": 0.0,
        "data": 18610525.285714287,
        "read": 17654362.285714287,
        "write": 956163.0,
        "misc": 0.0
    },
    "demand_misses": {
        "total": 1767355.857142857,
        "instrn": 0.0,
        "data": 1767355.857142857,
        "read": 1664723.0714285714,
        "write": 102632.78571428571,
        "misc": 0.0
    },
    "demand_miss_rate": {
        "total": 0.07842142857142856,
        "instrn": 0.0,
        "data": 0.07842142857142856,
        "read": 0.07754285714285715,
        "write": 0.0898,
        "misc": 0.0
    },
    "bytes_from_memory": 113110774.85714285,
    "bytes_to_memory": 7545618.285714285,
    "total_bytes_rw_mem": 120656393.14285715
}