{
    "demand_fetches": {
        "total": 6953170.357142857,
        "instrn": 0.0,
        "data": 6953170.357142857,
        "read": 6063401.928571428,
        "write": 889768.4285714285,
        "misc": 0.0
    },
    "demand_misses": {
        "total": 2345793.214285714,
        "instrn": 0.0,
        "data": 2345793.214285714,
        "read": 2007664.142857143,
        "write": 338129.0714285714,
        "misc": 0.0
    },
    "demand_miss_rate": {
        "total": 0.3122285714285714,
        "instrn": 0.0,
        "data": 0.3122285714285714,
        "read": 0.3060785714285714,
        "write": 0.3478214285714286,
        "misc": 0.0
    },
    "bytes_from_memory": 37532691.428571425,
    "bytes_to_memory": 5679849.142857143,
    "total_bytes_rw_mem": 43212540.571428575
}