{
    "demand_fetches": {
        "total": 30488086.615384616,
        "instrn": 0.0,
        "data": 30488086.615384616,
        "read": 24886322.692307692,
        "write": 5601763.923076923,
        "misc": 0.0
    },
    "demand_misses": {
        "total": 6142994.153846154,
        "instrn": 0.0,
        "data": 6142994.153846154,
        "read": 4833525.769230769,
        "write": 1309468.3846153845,
        "misc": 0.0
    },
    "demand_miss_rate": {
        "total": 0.1814461538461538,
        "instrn": 0.0,
        "data": 0.1814461538461538,
        "read": 0.17304615384615385,
        "write": 0.21655384615384615,
        "misc": 0.0
    },
    "bytes_from_memory": 98287906.46153846,
    "bytes_to_memory": 21407080.615384616,
    "total_bytes_rw_mem": 119694987.07692307
}