{
    "demand_fetches": {
        "total": 5548853.153846154,
        "instrn": 0.0,
        "data": 5548853.153846154,
        "read": 4974626.0,
        "write": 574227.1538461539,
        "misc": 0.0
    },
    "demand_misses": {
        "total": 729902.4615384615,
        "instrn": 0.0,
        "data": 729902.4615384615,
        "read": 669479.6153846154,
        "write": 60422.846153846156,
        "misc": 0.0
    },
    "demand_miss_rate": {
        "total": 0.12383076923076922,
        "instrn": 0.0,
        "data": 0.12383076923076922,
        "read": 0.1287230769230769,
        "write": 0.09695384615384615,
        "misc": 0.0
    },
    "bytes_from_memory": 46713757.538461536,
    "bytes_to_memory": 4600408.615384615,
    "total_bytes_rw_mem": 51314166.15384615
}