{
    "demand_fetches": {
        "total": 9802103.142857144,
        "instrn": 0.0,
        "data": 9802103.142857144,
        "read": 8971251.642857144,
        "write": 830851.5,
        "misc": 0.0
    },
    "demand_misses": {
        "total": 4402378.142857143,
        "instrn": 0.0,
        "data": 4402378.142857143,
        "read": 4091747.1428571427,
        "write": 310631.0,
        "misc": 0.0
    },
    "demand_miss_rate": {
        "total": 0.3592928571428571,
        "instrn": 0.0,
        "data": 0.3592928571428571,
        "read": 0.3628,
        "write": 0.31844285714285714,
        "misc": 0.0
    },
    "bytes_from_memory": 70438050.28571428,
    "bytes_to_memory": 5260947.428571428,
    "total_bytes_rw_mem": 75698997.71428572
}