{
    "demand_fetches": {
        "total": 111298.57142857143,
        "instrn": 0.0,
        "data": 111298.57142857143,
        "read": 74882.0,
        "write": 36416.57142857143,
        "misc": 0.0
    },
    "demand_misses": {
        "total": 46487.07142857143,
        "instrn": 0.0,
        "data": 46487.07142857143,
        "read": 28372.214285714286,
        "write": 18114.85714285714,
        "misc": 0.0
    },
    "demand_miss_rate": {
        "total": 0.28364285714285714,
        "instrn": 0.0,
        "data": 0.28364285714285714,
        "read": 0.26305,
        "write": 0.3226428571428572,
        "misc": 0.0
    },
    "bytes_from_memory": 743793.1428571428,
    "bytes_to_memory": 307693.71428571426,
    "total_bytes_rw_mem": 1051486.857142857
}