{
    "demand_fetches": {
        "total": 6502652.307692308,
        "instrn": 0.0,
        "data": 6502652.307692308,
        "read": 5342057.923076923,
        "write": 1160594.3846153845,
        "misc": 0.0
    },
    "demand_misses": {
        "total": 2186578.4615384615,
        "instrn": 0.0,
        "data": 2186578.4615384615,
        "read": 1741786.923076923,
        "write": 444791.53846153844,
        "misc": 0.0
    },
    "demand_miss_rate": {
        "total": 0.3102230769230769,
        "instrn": 0.0,
        "data": 0.3102230769230769,
        "read": 0.3013846153846154,
        "write": 0.34750000000000003,
        "misc": 0.0
    },
    "bytes_from_memory": 34985255.384615384,
    "bytes_to_memory": 7549827.692307692,
    "total_bytes_rw_mem": 42535083.07692308
}