{
    "demand_fetches": {
        "total": 5147401.5,
        "instrn": 0.0,
        "data": 5147401.5,
        "read": 4618878.428571428,
        "write": 528523.0714285715,
        "misc": 0.0
    },
    "demand_misses": {
        "total": 1215910.5714285714,
        "instrn": 0.0,
        "data": 1215910.5714285714,
        "read": 1113014.7857142857,
        "write": 102895.78571428571,
        "misc": 0.0
    },
    "demand_miss_rate": {
        "total": 0.19762142857142856,
        "instrn": 0.0,
        "data": 0.19762142857142856,
        "read": 0.20267142857142859,
        "write": 0.16504285714285713,
        "misc": 0.0
    },
    "bytes_from_memory": 38909138.28571428,
    "bytes_to_memory": 3585542.8571428573,
    "total_bytes_rw_mem": 42494681.14285714
}