{
    "demand_fetches": {
        "total": 18610525.285714287,
        "instrn": 0.0,
        "data": 18610525.285714287,
        "read": 17654362.285714287,
        "write": 956163.0,
        "misc": 0.0
    },
    "demand_misses": {
        "total": 1769138.857142857,
        "instrn": 0.0,
        "data": 1769138.857142857,
        "read": 1667861.857142857,
        "write": 101277.0,
        "misc": 0.0
    },
    "demand_miss_rate": {
        "total": 0.07792142857142857,
        "instrn": 0.0,
        "data": 0.07792142857142857,
        "read": 0.07706428571428571,
        "write": 0.08863571428571429,
        "misc": 0.0
    },
    "bytes_from_memory": 113224886.85714285,
    "bytes_to_memory": 7383940.571428572,
    "total_bytes_rw_mem": 120608827.42857143
}