{
    "demand_fetches": {
        "total": 20428592.57142857,
        "instrn": 0.0,
        "data": 20428592.57142857,
        "read": 18731864.64285714,
        "write": 1696727.9285714286,
        "misc": 0.0
    },
    "demand_misses": {
        "total": 1544473.142857143,
        "instrn": 0.0,
        "data": 1544473.142857143,
        "read": 1351668.0,
        "write": 192805.14285714287,
        "misc": 0.0
    },
    "demand_miss_rate": {
        "total": 0.06523571428571427,
        "instrn": 0.0,
        "data": 0.06523571428571427,
        "read": 0.06222142857142856,
        "write": 0.09478571428571426,
        "misc": 0.0
    },
    "bytes_from_memory": 98846281.14285715,
    "bytes_to_memory": 13578203.42857143,
    "total_bytes_rw_mem": 112424484.57142857
}