{
    "demand_fetches": {
        "total": 5147746.0,
        "instrn": 0.0,
        "data": 5147746.0,
        "read": 4619092.142857143,
        "write": 528653.8571428572,
        "misc": 0.0
    },
    "demand_misses": {
        "total": 531021.1428571428,
        "instrn": 0.0,
        "data": 531021.1428571428,
        "read": 479746.5,
        "write": 51274.642857142855,
        "misc": 0.0
    },
    "demand_miss_rate": {
        "total": 0.08702857142857143,
        "instrn": 0.0,
        "data": 0.08702857142857143,
        "read": 0.08787142857142857,
        "write": 0.08195714285714287,
        "misc": 0.0
    },
    "bytes_from_memory": 33985353.14285714,
    "bytes_to_memory": 3614582.8571428573,
    "total_bytes_rw_mem": 37599936.0
}