{
    "demand_fetches": {
        "total": 19213499.92857143,
        "instrn": 0.0,
        "data": 19213499.92857143,
        "read": 18041327.5,
        "write": 1172172.4285714286,
        "misc": 0.0
    },
    "demand_misses": {
        "total": 1665469.7142857143,
        "instrn": 0.0,
        "data": 1665469.7142857143,
        "read": 1528363.0714285714,
        "write": 137106.64285714287,
        "misc": 0.0
    },
    "demand_miss_rate": {
        "total": 0.07463571428571428,
        "instrn": 0.0,
        "data": 0.07463571428571428,
        "read": 0.07287857142857142,
        "write": 0.09727857142857141,
        "misc": 0.0
    },
    "bytes_from_memory": 106590061.71428572,
    "bytes_to_memory": 10197869.714285715,
    "total_bytes_rw_mem": 116787931.42857143
}