{
    "demand_fetches": {
        "total": 20330162.076923076,
        "instrn": 0.0,
        "data": 20330162.076923076,
        "read": 19211134.46153846,
        "write": 1119027.6153846155,
        "misc": 0.0
    },
    "demand_misses": {
        "total": 1924989.7692307692,
        "instrn": 0.0,
        "data": 1924989.7692307692,
        "read": 1796723.3076923077,
        "write": 128266.46153846153,
        "misc": 0.0
    },
    "demand_miss_rate": {
        "total": 0.087,
        "instrn": 0.0,
        "data": 0.087,
        "read": 0.08588461538461536,
        "write": 0.10263076923076923,
        "misc": 0.0
    },
    "bytes_from_memory": 123199345.23076923,
    "bytes_to_memory": 9596854.153846154,
    "total_bytes_rw_mem": 132796199.38461539
}