{
    "demand_fetches": {
        "total": 18681704.285714287,
        "instrn": 0.0,
        "data": 18681704.285714287,
        "read": 17715672.214285713,
        "write": 966032.0714285715,
        "misc": 0.0
    },
    "demand_misses": {
        "total": 3139946.0714285714,
        "instrn": 0.0,
        "data": 3139946.0714285714,
        "read": 2977281.285714286,
        "write": 162664.7857142857,
        "misc": 0.0
    },
    "demand_miss_rate": {
        "total": 0.14179285714285714,
        "instrn": 0.0,
        "data": 0.14179285714285714,
        "read": 0.14142857142857143,
        "write": 0.1448785714285714,
        "misc": 0.0
    },
    "bytes_from_memory": 100478274.28571428,
    "bytes_to_memory": 5863766.857142857,
    "total_bytes_rw_mem": 106342041.14285715
}