{
    "demand_fetches": {
        "total": 30488086.615384616,
        "instrn": 0.0,
        "data": 30488086.615384616,
        "read": 24886322.692307692,
        "write": 5601763.923076923,
        "misc": 0.0
    },
    "demand_misses": {
        "total": 3094604.923076923,
        "instrn": 0.0,
        "data": 3094604.923076923,
        "read": 2435145.153846154,
        "write": 659459.7692307692,
        "misc": 0.0
    },
    "demand_miss_rate": {
        "total": 0.09156153846153846,
        "instrn": 0.0,
        "data": 0.09156153846153846,
        "read": 0.08736923076923078,
        "write": 0.10908461538461538,
        "misc": 0.0
    },
    "bytes_from_memory": 99027357.53846154,
    "bytes_to_memory": 21808019.692307692,
    "total_bytes_rw_mem": 120835377.23076923
}