{
    "demand_fetches": {
        "total": 20412821.46153846,
        "instrn": 0.0,
        "data": 20412821.46153846,
        "read": 19265828.692307692,
        "write": 1146992.7692307692,
        "misc": 0.0
    },
    "demand_misses": {
        "total": 2858755.153846154,
        "instrn": 0.0,
        "data": 2858755.153846154,
        "read": 2685304.3846153845,
        "write": 173450.76923076922,
        "misc": 0.0
    },
    "demand_miss_rate": {
        "total": 0.12926153846153846,
        "instrn": 0.0,
        "data": 0.12926153846153846,
        "read": 0.12814615384615385,
        "write": 0.14209999999999998,
        "misc": 0.0
    },
    "bytes_from_memory": 91480164.92307693,
    "bytes_to_memory": 5976772.923076923,
    "total_bytes_rw_mem": 97456937.84615384
}