{
    "demand_fetches": {
        "total": 20412821.46153846,
        "instrn": 0.0,
        "data": 20412821.46153846,
        "read": 19265828.692307692,
        "write": 1146992.7692307692,
        "misc": 0.0
    },
    "demand_misses": {
        "total": 5684191.384615385,
        "instrn": 0.0,
        "data": 5684191.384615385,
        "read": 5342632.769230769,
        "write": 341558.6153846154,
        "misc": 0.0
    },
    "demand_miss_rate": {
        "total": 0.2567384615384615,
        "instrn": 0.0,
        "data": 0.2567384615384615,
        "read": 0.2546230769230769,
        "write": 0.2804230769230769,
        "misc": 0.0
    },
    "bytes_from_memory": 90947062.15384616,
    "bytes_to_memory": 5782183.384615385,
    "total_bytes_rw_mem": 96729245.53846154
}