{
    "demand_fetches": {
        "total": 10616309.666666666,
        "instrn": 0.0,
        "data": 10616309.666666666,
        "read": 8906967.933333334,
        "write": 1709341.7333333334,
        "misc": 0.0
    },
    "demand_misses": {
        "total": 1499694.5333333334,
        "instrn": 0.0,
        "data": 1499694.5333333334,
        "read": 1176146.6,
        "write": 323547.93333333335,
        "misc": 0.0
    },
    "demand_miss_rate": {
        "total": 0.11340666666666666,
        "instrn": 0.0,
        "data": 0.11340666666666666,
        "read": 0.10593333333333335,
        "write": 0.14924,
        "misc": 0.0
    },
    "bytes_from_memory": 47990225.06666667,
    "bytes_to_memory": 10710515.2,
    "total_bytes_rw_mem": 58700740.266666666
}