{
    "demand_fetches": {
        "total": 19213499.92857143,
        "instrn": 0.0,
        "data": 19213499.92857143,
        "read": 18041327.5,
        "write": 1172172.4285714286,
        "misc": 0.0
    },
    "demand_misses": {
        "total": 1472365.357142857,
        "instrn": 0.0,
        "data": 1472365.357142857,
        "read": 1344836.357142857,
        "write": 127529.0,
        "misc": 0.0
    },
    "demand_miss_rate": {
        "total": 0.06593571428571429,
        "instrn": 0.0,
        "data": 0.06593571428571429,
        "read": 0.06399285714285716,
        "write": 0.09062857142857143,
        "misc": 0.0
    },
    "bytes_from_memory": 94231382.85714285,
    "bytes_to_memory": 8929659.42857143,
    "total_bytes_rw_mem": 103161042.28571428
}