{
    "demand_fetches": {
        "total": 5212973.285714285,
        "instrn": 0.0,
        "data": 5212973.285714285,
        "read": 4647427.142857143,
        "write": 565546.1428571428,
        "misc": 0.0
    },
    "demand_misses": {
        "total": 457594.14285714284,
        "instrn": 0.0,
        "data": 457594.14285714284,
        "read": 403270.5,
        "write": 54323.642857142855,
        "misc": 0.0
    },
    "demand_miss_rate": {
        "total": 0.07516428571428571,
        "instrn": 0.0,
        "data": 0.07516428571428571,
        "read": 0.07432857142857144,
        "write": 0.08107857142857143,
        "misc": 0.0
    },
    "bytes_from_memory": 29286025.14285714,
    "bytes_to_memory": 3779666.285714286,
    "total_bytes_rw_mem": 33065691.42857143
}