{
    "demand_fetches": {
        "total": 6502652.307692308,
        "instrn": 0.0,
        "data": 6502652.307692308,
        "read": 5342057.923076923,
        "write": 1160594.3846153845,
        "misc": 0.0
    },
    "demand_misses": {
        "total": 773905.2307692308,
        "instrn": 0.0,
        "data": 773905.2307692308,
        "read": 644997.0769230769,
        "write": 128908.15384615384,
        "misc": 0.0
    },
    "demand_miss_rate": {
        "total": 0.11217692307692309,
        "instrn": 0.0,
        "data": 0.11217692307692309,
        "read": 0.11536923076923077,
        "write": 0.10040769230769232,
        "misc": 0.0
    },
    "bytes_from_memory": 49529934.76923077,
    "bytes_to_memory": 9957051.076923076,
    "total_bytes_rw_mem": 59486985.84615385
}