{
    "demand_fetches": {
        "total": 19213305.85714286,
        "instrn": 0.0,
        "data": 19213305.85714286,
        "read": 18041208.5,
        "write": 1172097.357142857,
        "misc": 0.0
    },
    "demand_misses": {
        "total": 5593257.214285715,
        "instrn": 0.0,
        "data": 5593257.214285715,
        "read": 5247809.714285715,
        "write": 345447.5,
        "misc": 0.0
    },
    "demand_miss_rate": {
        "total": 0.24886428571428576,
        "instrn": 0.0,
        "data": 0.24886428571428576,
        "read": 0.24783571428571424,
        "write": 0.2583714285714286,
        "misc": 0.0
    },
    "bytes_from_memory": 89492115.42857143,
    "bytes_to_memory": 5951899.428571428,
    "total_bytes_rw_mem": 95444014.85714285
}