{
    "demand_fetches": {
        "total": 5548853.153846154,
        "instrn": 0.0,
        "data": 5548853.153846154,
        "read": 4974626.0,
        "write": 574227.1538461539,
        "misc": 0.0
    },
    "demand_misses": {
        "total": 2598468.769230769,
        "instrn": 0.0,
        "data": 2598468.769230769,
        "read": 2377960.6153846155,
        "write": 220508.15384615384,
        "misc": 0.0
    },
    "demand_miss_rate": {
        "total": 0.41947692307692297,
        "instrn": 0.0,
        "data": 0.41947692307692297,
        "read": 0.4301384615384615,
        "write": 0.35146923076923076,
        "misc": 0.0
    },
    "bytes_from_memory": 41575500.307692304,
    "bytes_to_memory": 3755085.5384615385,
    "total_bytes_rw_mem": 45330585.84615385
}