{
    "demand_fetches": {
        "total": 5213475.357142857,
        "instrn": 0.0,
        "data": 5213475.357142857,
        "read": 4637549.0,
        "write": 575926.3571428572,
        "misc": 0.0
    },
    "demand_misses": {
        "total": 1088374.857142857,
        "instrn": 0.0,
        "data": 1088374.857142857,
        "read": 982230.5714285715,
        "write": 106144.28571428571,
        "misc": 0.0
    },
    "demand_miss_rate": {
        "total": 0.17272142857142855,
        "instrn": 0.0,
        "data": 0.17272142857142855,
        "read": 0.17516428571428572,
        "write": 0.15627142857142856,
        "misc": 0.0
    },
    "bytes_from_memory": 34827995.428571425,
    "bytes_to_memory": 3594580.5714285714,
    "total_bytes_rw_mem": 38422576.0
}