{
    "demand_fetches": {
        "total": 18681482.285714287,
        "instrn": 0.0,
        "data": 18681482.285714287,
        "read": 17715536.92857143,
        "write": 965945.3571428572,
        "misc": 0.0
    },
    "demand_misses": {
        "total": 3683728.9285714286,
        "instrn": 0.0,
        "data": 3683728.9285714286,
        "read": 3508035.714285714,
        "write": 175693.2142857143,
        "misc": 0.0
    },
    "demand_miss_rate": {
        "total": 0.16462142857142856,
        "instrn": 0.0,
        "data": 0.16462142857142856,
        "read": 0.16518571428571427,
        "write": 0.15505714285714284,
        "misc": 0.0
    },
    "bytes_from_memory": 117879325.71428572,
    "bytes_to_memory": 6624470.857142857,
    "total_bytes_rw_mem": 124503796.57142857
}