{
    "demand_fetches": {
        "total": 5212973.285714285,
        "instrn": 0.0,
        "data": 5212973.285714285,
        "read": 4647427.142857143,
        "write": 565546.1428571428,
        "misc": 0.0
    },
    "demand_misses": {
        "total": 2470902.5714285714,
        "instrn": 0.0,
        "data": 2470902.5714285714,
        "read": 2247059.5714285714,
        "write": 223843.0,
        "misc": 0.0
    },
    "demand_miss_rate": {
        "total": 0.39890714285714285,
        "instrn": 0.0,
        "data": 0.39890714285714285,
        "read": 0.40897857142857147,
        "write": 0.33532857142857136,
        "misc": 0.0
    },
    "bytes_from_memory": 39534441.14285714,
    "bytes_to_memory": 3869875.4285714286,
    "total_bytes_rw_mem": 43404316.571428575
}