{
    "demand_fetches": {
        "total": 5458719.785714285,
        "instrn": 0.0,
        "data": 5458719.785714285,
        "read": 4741325.428571428,
        "write": 717394.3571428572,
        "misc": 0.0
    },
    "demand_misses": {
        "total": 721476.7142857143,
        "instrn": 0.0,
        "data": 721476.7142857143,
        "read": 642961.0,
        "write": 78515.71428571429,
        "misc": 0.0
    },
    "demand_miss_rate": {
        "total": 0.11542142857142856,
        "instrn": 0.0,
        "data": 0.11542142857142856,
        "read": 0.11995714285714285,
        "write": 0.09240000000000001,
        "misc": 0.0
    },
    "bytes_from_memory": 46174509.71428572,
    "bytes_to_memory": 6032361.142857143,
    "total_bytes_rw_mem": 52206870.85714286
}