{
    "demand_fetches": {
        "total": 30488086.615384616,
        "instrn": 0.0,
        "data": 30488086.615384616,
        "read": 24886322.692307692,
        "write": 5601763.923076923,
        "misc": 0.0
    },
    "demand_misses": {
        "total": 6389263.461538462,
        "instrn": 0.0,
        "data": 6389263.461538462,
        "read": 5055528.769230769,
        "write": 1333734.6923076923,
        "misc": 0.0
    },
    "demand_miss_rate": {
        "total": 0.19119999999999998,
        "instrn": 0.0,
        "data": 0.19119999999999998,
        "read": 0.1841230769230769,
        "write": 0.2208615384615385,
        "misc": 0.0
    },
    "bytes_from_memory": 102228215.38461539,
    "bytes_to_memory": 22199328.0,
    "total_bytes_rw_mem": 124427543.38461539
}