{
    "demand_fetches": {
        "total": 18681704.285714287,
        "instrn": 0.0,
        "data": 18681704.285714287,
        "read": 17715672.214285713,
        "write": 966032.0714285715,
        "misc": 0.0
    },
    "demand_misses": {
        "total": 4594470.214285715,
        "instrn": 0.0,
        "data": 4594470.214285715,
        "read": 4400144.642857143,
        "write": 194325.57142857142,
        "misc": 0.0
    },
    "demand_miss_rate": {
        "total": 0.20962142857142857,
        "instrn": 0.0,
        "data": 0.20962142857142857,
        "read": 0.21230714285714283,
        "write": 0.17315714285714284,
        "misc": 0.0
    },
    "bytes_from_memory": 147023046.85714287,
    "bytes_to_memory": 7762498.285714285,
    "total_bytes_rw_mem": 154785545.14285713
}