{
    "demand_fetches": {
        "total": 19066998.666666668,
        "instrn": 0.0,
        "data": 19066998.666666668,
        "read": 17483255.733333334,
        "write": 1583742.9333333333,
        "misc": 0.0
    },
    "demand_misses": {
        "total": 5247093.8,
        "instrn": 0.0,
        "data": 5247093.8,
        "read": 4811890.933333334,
        "write": 435202.86666666664,
        "misc": 0.0
    },
    "demand_miss_rate": {
        "total": 0.22034,
        "instrn": 0.0,
        "data": 0.22034,
        "read": 0.21968666666666667,
        "write": 0.22512000000000001,
        "misc": 0.0
    },
    "bytes_from_memory": 83953500.8,
    "bytes_to_memory": 7551260.8,
    "total_bytes_rw_mem": 91504761.6
}