{
    "demand_fetches": {
        "total": 5213328.142857143,
        "instrn": 0.0,
        "data": 5213328.142857143,
        "read": 4637458.142857143,
        "write": 575870.0,
        "misc": 0.0
    },
    "demand_misses": {
        "total": 2386171.5,
        "instrn": 0.0,
        "data": 2386171.5,
        "read": 2171744.0714285714,
        "write": 214427.42857142858,
        "misc": 0.0
    },
    "demand_miss_rate": {
        "total": 0.37768571428571424,
        "instrn": 0.0,
        "data": 0.37768571428571424,
        "read": 0.3874571428571429,
        "write": 0.31660714285714286,
        "misc": 0.0
    },
    "bytes_from_memory": 38178744.0,
    "bytes_to_memory": 3602353.1428571427,
    "total_bytes_rw_mem": 41781097.14285714
}