{
    "demand_fetches": {
        "total": 5548853.153846154,
        "instrn": 0.0,
        "data": 5548853.153846154,
        "read": 4974626.0,
        "write": 574227.1538461539,
        "misc": 0.0
    },
    "demand_misses": {
        "total": 1381144.076923077,
        "instrn": 0.0,
        "data": 1381144.076923077,
        "read": 1263804.0,
        "write": 117340.07692307692,
        "misc": 0.0
    },
    "demand_miss_rate": {
        "total": 0.2290307692307692,
        "instrn": 0.0,
        "data": 0.2290307692307692,
        "read": 0.23599999999999996,
        "write": 0.18815384615384617,
        "misc": 0.0
    },
    "bytes_from_memory": 44196610.461538464,
    "bytes_to_memory": 4191505.230769231,
    "total_bytes_rw_mem": 48388115.692307696
}