{
    "demand_fetches": {
        "total": 6953170.357142857,
        "instrn": 0.0,
        "data": 6953170.357142857,
        "read": 6063401.928571428,
        "write": 889768.4285714285,
        "misc": 0.0
    },
    "demand_misses": {
        "total": 622858.3571428572,
        "instrn": 0.0,
        "data": 622858.3571428572,
        "read": 535963.2857142857,
        "write": 86895.07142857143,
        "misc": 0.0
    },
    "demand_miss_rate": {
        "total": 0.08313571428571429,
        "instrn": 0.0,
        "data": 0.08313571428571429,
        "read": 0.08211428571428571,
        "write": 0.0893,
        "misc": 0.0
    },
    "bytes_from_memory": 39862934.85714286,
    "bytes_to_memory": 6117892.571428572,
    "total_bytes_rw_mem": 45980827.428571425
}