{
    "demand_fetches": {
        "total": 6502652.307692308,
        "instrn": 0.0,
        "data": 6502652.307692308,
        "read": 5342057.923076923,
        "write": 1160594.3846153845,
        "misc": 0.0
    },
    "demand_misses": {
        "total": 1461127.4615384615,
        "instrn": 0.0,
        "data": 1461127.4615384615,
        "read": 1214529.3076923077,
        "write": 246598.15384615384,
        "misc": 0.0
    },
    "demand_miss_rate": {
        "total": 0.2070769230769231,
        "instrn": 0.0,
        "data": 0.2070769230769231,
        "read": 0.2111,
        "write": 0.19186923076923076,
        "misc": 0.0
    },
    "bytes_from_memory": 46756078.76923077,
    "bytes_to_memory": 9026631.384615384,
    "total_bytes_rw_mem": 55782710.15384615
}