{
    "demand_fetches": {
        "total": 45098.357142857145,
        "instrn": 0.0,
        "data": 45098.357142857145,
        "read": 27033.5,
        "write": 18064.85714285714,
        "misc": 0.0
    },
    "demand_misses": {
        "total": 13485.714285714286,
        "instrn": 0.0,
        "data": 13485.714285714286,
        "read": 4661.642857142857,
        "write": 8824.07142857143,
        "misc": 0.0
    },
    "demand_miss_rate": {
        "total": 0.2019571428571429,
        "instrn": 0.0,
        "data": 0.2019571428571429,
        "read": 0.1394142857142857,
        "write": 0.29314999999999997,
        "misc": 0.0
    },
    "bytes_from_memory": 215771.42857142858,
    "bytes_to_memory": 148917.7142857143,
    "total_bytes_rw_mem": 364689.14285714284
}