{
    "demand_fetches": {
        "total": 5592432.076923077,
        "instrn": 0.0,
        "data": 5592432.076923077,
        "read": 4987094.692307692,
        "write": 605337.3846153846,
        "misc": 0.0
    },
    "demand_misses": {
        "total": 2250668.230769231,
        "instrn": 0.0,
        "data": 2250668.230769231,
        "read": 2028880.1538461538,
        "write": 221788.07692307694,
        "misc": 0.0
    },
    "demand_miss_rate": {
        "total": 0.35933846153846155,
        "instrn": 0.0,
        "data": 0.35933846153846155,
        "read": 0.3628461538461539,
        "write": 0.33471538461538464,
        "misc": 0.0
    },
    "bytes_from_memory": 36010691.692307696,
    "bytes_to_memory": 3690256.0,
    "total_bytes_rw_mem": 39700947.692307696
}