{
    "demand_fetches": {
        "total": 19213499.92857143,
        "instrn": 0.0,
        "data": 19213499.92857143,
        "read": 18041327.5,
        "write": 1172172.4285714286,
        "misc": 0.0
    },
    "demand_misses": {
        "total": 2459262.214285714,
        "instrn": 0.0,
        "data": 2459262.214285714,
        "read": 2296289.714285714,
        "write": 162972.5,
        "misc": 0.0
    },
    "demand_miss_rate": {
        "total": 0.10929999999999998,
        "instrn": 0.0,
        "data": 0.10929999999999998,
        "read": 0.10901428571428572,
        "write": 0.11480714285714284,
        "misc": 0.0
    },
    "bytes_from_memory": 157392781.7142857,
    "bytes_to_memory": 13468269.714285715,
    "total_bytes_rw_mem": 170861051.42857143
}