{
    "demand_fetches": {
        "total": 20428592.57142857,
        "instrn": 0.0,
        "data": 20428592.57142857,
        "read": 18731864.64285714,
        "write": 1696727.9285714286,
        "misc": 0.0
    },
    "demand_misses": {
        "total": 5690327.214285715,
        "instrn": 0.0,
        "data": 5690327.214285715,
        "read": 5219150.714285715,
        "write": 471176.5,
        "misc": 0.0
    },
    "demand_miss_rate": {
        "total": 0.23919285714285718,
        "instrn": 0.0,
        "data": 0.23919285714285718,
        "read": 0.23857857142857145,
        "write": 0.24354285714285712,
        "misc": 0.0
    },
    "bytes_from_memory": 91045235.42857143,
    "bytes_to_memory": 8270713.142857143,
    "total_bytes_rw_mem": 99315948.57142857
}