{
    "demand_fetches": {
        "total": 11374302.642857144,
        "instrn": 0.0,
        "data": 11374302.642857144,
        "read": 9542977.785714285,
        "write": 1831324.857142857,
        "misc": 0.0
    },
    "demand_misses": {
        "total": 3113245.4285714286,
        "instrn": 0.0,
        "data": 3113245.4285714286,
        "read": 2428755.3571428573,
        "write": 684490.0714285715,
        "misc": 0.0
    },
    "demand_miss_rate": {
        "total": 0.23591428571428572,
        "instrn": 0.0,
        "data": 0.23591428571428572,
        "read": 0.2191785714285715,
        "write": 0.31588571428571427,
        "misc": 0.0
    },
    "bytes_from_memory": 49811926.85714286,
    "bytes_to_memory": 11166318.857142856,
    "total_bytes_rw_mem": 60978245.71428572
}