{
    "demand_fetches": {
        "total": 19213305.85714286,
        "instrn": 0.0,
        "data": 19213305.85714286,
        "read": 18041208.5,
        "write": 1172097.357142857,
        "misc": 0.0
    },
    "demand_misses": {
        "total": 3094237.6428571427,
        "instrn": 0.0,
        "data": 3094237.6428571427,
        "read": 2907611.285714286,
        "write": 186626.35714285713,
        "misc": 0.0
    },
    "demand_miss_rate": {
        "total": 0.13772142857142855,
        "instrn": 0.0,
        "data": 0.13772142857142855,
        "read": 0.13756428571428572,
        "write": 0.13865714285714287,
        "misc": 0.0
    },
    "bytes_from_memory": 99015604.57142857,
    "bytes_to_memory": 6806980.571428572,
    "total_bytes_rw_mem": 105822585.14285715
}