{
    "demand_fetches": {
        "total": 9909112.285714285,
        "instrn": 0.0,
        "data": 9909112.285714285,
        "read": 9015925.285714285,
        "write": 893187.0,
        "misc": 0.0
    },
    "demand_misses": {
        "total": 3411028.4285714286,
        "instrn": 0.0,
        "data": 3411028.4285714286,
        "read": 3071710.285714286,
        "write": 339318.14285714284,
        "misc": 0.0
    },
    "demand_miss_rate": {
        "total": 0.2931714285714286,
        "instrn": 0.0,
        "data": 0.2931714285714286,
        "read": 0.2895142857142857,
        "write": 0.3220714285714285,
        "misc": 0.0
    },
    "bytes_from_memory": 54576454.85714286,
    "bytes_to_memory": 5720753.142857143,
    "total_bytes_rw_mem": 60297208.0
}