{
    "demand_fetches": {
        "total": 18681704.285714287,
        "instrn": 0.0,
        "data": 18681704.285714287,
        "read": 17715672.214285713,
        "write": 966032.0714285715,
        "misc": 0.0
    },
    "demand_misses": {
        "total": 1455475.142857143,
        "instrn": 0.0,
        "data": 1455475.142857143,
        "read": 1355909.2142857143,
        "write": 99565.92857142857,
        "misc": 0.0
    },
    "demand_miss_rate": {
        "total": 0.06644285714285715,
        "instrn": 0.0,
        "data": 0.06644285714285715,
        "read": 0.06502142857142858,
        "write": 0.08620000000000001,
        "misc": 0.0
    },
    "bytes_from_memory": 93150409.14285715,
    "bytes_to_memory": 6974962.285714285,
    "total_bytes_rw_mem": 100125371.42857143
}