{
    "demand_fetches": {
        "total": 9802103.142857144,
        "instrn": 0.0,
        "data": 9802103.142857144,
        "read": 8971251.642857144,
        "write": 830851.5,
        "misc": 0.0
    },
    "demand_misses": {
        "total": 4731694.285714285,
        "instrn": 0.0,
        "data": 4731694.285714285,
        "read": 4393100.357142857,
        "write": 338593.9285714286,
        "misc": 0.0
    },
    "demand_miss_rate": {
        "total": 0.4087,
        "instrn": 0.0,
        "data": 0.4087,
        "read": 0.4160214285714285,
        "write": 0.34849285714285705,
        "misc": 0.0
    },
    "bytes_from_memory": 75707108.57142857,
    "bytes_to_memory": 5939826.285714285,
    "total_bytes_rw_mem": 81646934.85714285
}