{
    "demand_fetches": {
        "total": 5212942.5,
        "instrn": 0.0,
        "data": 5212942.5,
        "read": 4647407.142857143,
        "write": 565535.3571428572,
        "misc": 0.0
    },
    "demand_misses": {
        "total": 1095156.2857142857,
        "instrn": 0.0,
        "data": 1095156.2857142857,
        "read": 982842.5714285715,
        "write": 112313.71428571429,
        "misc": 0.0
    },
    "demand_miss_rate": {
        "total": 0.17778571428571424,
        "instrn": 0.0,
        "data": 0.17778571428571424,
        "read": 0.1795071428571429,
        "write": 0.1673214285714286,
        "misc": 0.0
    },
    "bytes_from_memory": 35045001.14285714,
    "bytes_to_memory": 3936157.714285714,
    "total_bytes_rw_mem": 38981158.85714286
}