{
    "demand_fetches": {
        "total": 13228859.285714285,
        "instrn": 0.0,
        "data": 13228859.285714285,
        "read": 11759523.07142857,
        "write": 1469336.2142857143,
        "misc": 0.0
    },
    "demand_misses": {
        "total": 1042868.4285714285,
        "instrn": 0.0,
        "data": 1042868.4285714285,
        "read": 900199.0,
        "write": 142669.42857142858,
        "misc": 0.0
    },
    "demand_miss_rate": {
        "total": 0.07347142857142859,
        "instrn": 0.0,
        "data": 0.07347142857142859,
        "read": 0.07124285714285714,
        "write": 0.08888571428571428,
        "misc": 0.0
    },
    "bytes_from_memory": 66743579.428571425,
    "bytes_to_memory": 9815117.714285715,
    "total_bytes_rw_mem": 76558697.14285715
}