{
    "demand_fetches": {
        "total": 19213499.92857143,
        "instrn": 0.0,
        "data": 19213499.92857143,
        "read": 18041327.5,
        "write": 1172172.4285714286,
        "misc": 0.0
    },
    "demand_misses": {
        "total": 5189951.571428572,
        "instrn": 0.0,
        "data": 5189951.571428572,
        "read": 4852564.428571428,
        "write": 337387.14285714284,
        "misc": 0.0
    },
    "demand_miss_rate": {
        "total": 0.2319642857142857,
        "instrn": 0.0,
        "data": 0.2319642857142857,
        "read": 0.23005714285714282,
        "write": 0.25262142857142855,
        "misc": 0.0
    },
    "bytes_from_memory": 83039225.14285715,
    "bytes_to_memory": 5687278.857142857,
    "total_bytes_rw_mem": 88726504.0
}