{
    "demand_fetches": {
        "total": 18610525.285714287,
        "instrn": 0.0,
        "data": 18610525.285714287,
        "read": 17654362.285714287,
        "write": 956163.0,
        "misc": 0.0
    },
    "demand_misses": {
        "total": 2283723.1428571427,
        "instrn": 0.0,
        "data": 2283723.1428571427,
        "read": 2171148.6428571427,
        "write": 112574.5,
        "misc": 0.0
    },
    "demand_miss_rate": {
        "total": 0.10632142857142858,
        "instrn": 0.0,
        "data": 0.10632142857142858,
        "read": 0.10683571428571427,
        "write": 0.09970714285714287,
        "misc": 0.0
    },
    "bytes_from_memory": 146158281.14285713,
    "bytes_to_memory": 8847021.714285715,
    "total_bytes_rw_mem": 155005302.85714287
}