{
    "demand_fetches": {
        "total": 121393.5,
        "instrn": 0.0,
        "data": 121393.5,
        "read": 81639.64285714286,
        "write": 39753.857142857145,
        "misc": 0.0
    },
    "demand_misses": {
        "total": 73241.21428571429,
        "instrn": 0.0,
        "data": 73241.21428571429,
        "read": 46841.71428571428,
        "write": 26399.5,
        "misc": 0.0
    },
    "demand_miss_rate": {
        "total": 0.39907142857142863,
        "instrn": 0.0,
        "data": 0.39907142857142863,
        "read": 0.4004571428571429,
        "write": 0.37409285714285717,
        "misc": 0.0
    },
    "bytes_from_memory": 1171859.4285714286,
    "bytes_to_memory": 434264.0,
    "total_bytes_rw_mem": 1606123.4285714286
}