{
    "demand_fetches": {
        "total": 5550060.846153846,
        "instrn": 0.0,
        "data": 5550060.846153846,
        "read": 4978853.230769231,
        "write": 571207.6153846154,
        "misc": 0.0
    },
    "demand_misses": {
        "total": 1380192.6153846155,
        "instrn": 0.0,
        "data": 1380192.6153846155,
        "read": 1262826.2307692308,
        "write": 117366.38461538461,
        "misc": 0.0
    },
    "demand_miss_rate": {
        "total": 0.22905384615384616,
        "instrn": 0.0,
        "data": 0.22905384615384616,
        "read": 0.23569230769230773,
        "write": 0.18845384615384614,
        "misc": 0.0
    },
    "bytes_from_memory": 44166163.692307696,
    "bytes_to_memory": 4242628.923076923,
    "total_bytes_rw_mem": 48408792.615384616
}