{
    "demand_fetches": {
        "total": 30488086.615384616,
        "instrn": 0.0,
        "data": 30488086.615384616,
        "read": 24886322.692307692,
        "write": 5601763.923076923,
        "misc": 0.0
    },
    "demand_misses": {
        "total": 7477564.692307692,
        "instrn": 0.0,
        "data": 7477564.692307692,
        "read": 6041314.846153846,
        "write": 1436249.8461538462,
        "misc": 0.0
    },
    "demand_miss_rate": {
        "total": 0.22766153846153847,
        "instrn": 0.0,
        "data": 0.22766153846153847,
        "read": 0.2250076923076923,
        "write": 0.2388,
        "misc": 0.0
    },
    "bytes_from_memory": 119641035.07692307,
    "bytes_to_memory": 25594866.46153846,
    "total_bytes_rw_mem": 145235901.53846154
}