{
    "demand_fetches": {
        "total": 165444.42857142858,
        "instrn": 0.0,
        "data": 165444.42857142858,
        "read": 88587.14285714286,
        "write": 76857.28571428571,
        "misc": 0.0
    },
    "demand_misses": {
        "total": 116310.35714285714,
        "instrn": 0.0,
        "data": 116310.35714285714,
        "read": 53838.71428571428,
        "write": 62471.642857142855,
        "misc": 0.0
    },
    "demand_miss_rate": {
        "total": 0.46552142857142853,
        "instrn": 0.0,
        "data": 0.46552142857142853,
        "read": 0.4388785714285714,
        "write": 0.4760714285714286,
        "misc": 0.0
    },
    "bytes_from_memory": 3721931.4285714286,
    "bytes_to_memory": 2017904.0,
    "total_bytes_rw_mem": 5739835.428571428
}