{
    "demand_fetches": {
        "total": 10538876.538461538,
        "instrn": 0.0,
        "data": 10538876.538461538,
        "read": 9658823.923076924,
        "write": 880052.6153846154,
        "misc": 0.0
    },
    "demand_misses": {
        "total": 2024516.2307692308,
        "instrn": 0.0,
        "data": 2024516.2307692308,
        "read": 1855310.3076923077,
        "write": 169205.92307692306,
        "misc": 0.0
    },
    "demand_miss_rate": {
        "total": 0.17403846153846156,
        "instrn": 0.0,
        "data": 0.17403846153846156,
        "read": 0.1738153846153846,
        "write": 0.17532307692307691,
        "misc": 0.0
    },
    "bytes_from_memory": 64784519.384615384,
    "bytes_to_memory": 5868310.153846154,
    "total_bytes_rw_mem": 70652829.53846154
}