{
    "demand_fetches": {
        "total": 11374302.642857144,
        "instrn": 0.0,
        "data": 11374302.642857144,
        "read": 9542977.785714285,
        "write": 1831324.857142857,
        "misc": 0.0
    },
    "demand_misses": {
        "total": 1566286.857142857,
        "instrn": 0.0,
        "data": 1566286.857142857,
        "read": 1222377.9285714286,
        "write": 343908.9285714286,
        "misc": 0.0
    },
    "demand_miss_rate": {
        "total": 0.11885,
        "instrn": 0.0,
        "data": 0.11885,
        "read": 0.11052142857142858,
        "write": 0.15869999999999998,
        "misc": 0.0
    },
    "bytes_from_memory": 50121179.428571425,
    "bytes_to_memory": 11305563.42857143,
    "total_bytes_rw_mem": 61426742.85714286
}