{
    "demand_fetches": {
        "total": 18681704.285714287,
        "instrn": 0.0,
        "data": 18681704.285714287,
        "read": 17715672.214285713,
        "write": 966032.0714285715,
        "misc": 0.0
    },
    "demand_misses": {
        "total": 4595717.785714285,
        "instrn": 0.0,
        "data": 4595717.785714285,
        "read": 4402059.071428572,
        "write": 193658.7142857143,
        "misc": 0.0
    },
    "demand_miss_rate": {
        "total": 0.2093642857142857,
        "instrn": 0.0,
        "data": 0.2093642857142857,
        "read": 0.21208571428571427,
        "write": 0.17247857142857143,
        "misc": 0.0
    },
    "bytes_from_memory": 147062969.14285713,
    "bytes_to_memory": 7713165.714285715,
    "total_bytes_rw_mem": 154776134.85714287
}