{
    "demand_fetches": {
        "total": 10361724.57142857,
        "instrn": 0.0,
        "data": 10361724.57142857,
        "read": 9180187.714285715,
        "write": 1181536.857142857,
        "misc": 0.0
    },
    "demand_misses": {
        "total": 886729.7857142857,
        "instrn": 0.0,
        "data": 886729.7857142857,
        "read": 769482.2857142857,
        "write": 117247.5,
        "misc": 0.0
    },
    "demand_miss_rate": {
        "total": 0.07358571428571427,
        "instrn": 0.0,
        "data": 0.07358571428571427,
        "read": 0.07205714285714283,
        "write": 0.0839857142857143,
        "misc": 0.0
    },
    "bytes_from_memory": 56750706.28571428,
    "bytes_to_memory": 8243584.0,
    "total_bytes_rw_mem": 64994290.28571428
}