{
    "demand_fetches": {
        "total": 5147154.857142857,
        "instrn": 0.0,
        "data": 5147154.857142857,
        "read": 4618732.214285715,
        "write": 528422.6428571428,
        "misc": 0.0
    },
    "demand_misses": {
        "total": 2446391.5714285714,
        "instrn": 0.0,
        "data": 2446391.5714285714,
        "read": 2238313.4285714286,
        "write": 208078.14285714287,
        "misc": 0.0
    },
    "demand_miss_rate": {
        "total": 0.3987071428571428,
        "instrn": 0.0,
        "data": 0.3987071428571428,
        "read": 0.40854285714285715,
        "write": 0.33544285714285715,
        "misc": 0.0
    },
    "bytes_from_memory": 39142265.14285714,
    "bytes_to_memory": 3575787.4285714286,
    "total_bytes_rw_mem": 42718052.571428575
}