{
    "demand_fetches": {
        "total": 10616309.666666666,
        "instrn": 0.0,
        "data": 10616309.666666666,
        "read": 8906967.933333334,
        "write": 1709341.7333333334,
        "misc": 0.0
    },
    "demand_misses": {
        "total": 2996871.8,
        "instrn": 0.0,
        "data": 2996871.8,
        "read": 2353930.066666667,
        "write": 642941.7333333333,
        "misc": 0.0
    },
    "demand_miss_rate": {
        "total": 0.22625999999999996,
        "instrn": 0.0,
        "data": 0.22625999999999996,
        "read": 0.21150666666666665,
        "write": 0.29667333333333334,
        "misc": 0.0
    },
    "bytes_from_memory": 47949948.8,
    "bytes_to_memory": 10555175.466666667,
    "total_bytes_rw_mem": 58505124.266666666
}