{
    "demand_fetches": {
        "total": 10538876.538461538,
        "instrn": 0.0,
        "data": 10538876.538461538,
        "read": 9658823.923076924,
        "write": 880052.6153846154,
        "misc": 0.0
    },
    "demand_misses": {
        "total": 4114402.4615384615,
        "instrn": 0.0,
        "data": 4114402.4615384615,
        "read": 3783675.153846154,
        "write": 330727.3076923077,
        "misc": 0.0
    },
    "demand_miss_rate": {
        "total": 0.3513153846153846,
        "instrn": 0.0,
        "data": 0.3513153846153846,
        "read": 0.35186153846153856,
        "write": 0.34362307692307686,
        "misc": 0.0
    },
    "bytes_from_memory": 65830439.384615384,
    "bytes_to_memory": 5578738.461538462,
    "total_bytes_rw_mem": 71409177.84615384
}