{
    "demand_fetches": {
        "total": 56153.21428571428,
        "instrn": 0.0,
        "data": 56153.21428571428,
        "read": 39110.142857142855,
        "write": 17043.071428571428,
        "misc": 0.0
    },
    "demand_misses": {
        "total": 10508.785714285714,
        "instrn": 0.0,
        "data": 10508.785714285714,
        "read": 5591.285714285715,
        "write": 4917.5,
        "misc": 0.0
    },
    "demand_miss_rate": {
        "total": 0.1363,
        "instrn": 0.0,
        "data": 0.1363,
        "read": 0.10953571428571426,
        "write": 0.19835714285714287,
        "misc": 0.0
    },
    "bytes_from_memory": 336281.14285714284,
    "bytes_to_memory": 170875.42857142858,
    "total_bytes_rw_mem": 507156.5714285714
}