{
    "demand_fetches": {
        "total": 18610525.285714287,
        "instrn": 0.0,
        "data": 18610525.285714287,
        "read": 17654362.285714287,
        "write": 956163.0,
        "misc": 0.0
    },
    "demand_misses": {
        "total": 6645005.428571428,
        "instrn": 0.0,
        "data": 6645005.428571428,
        "read": 6322133.428571428,
        "write": 322872.0,
        "misc": 0.0
    },
    "demand_miss_rate": {
        "total": 0.2950785714285714,
        "instrn": 0.0,
        "data": 0.2950785714285714,
        "read": 0.2948857142857143,
        "write": 0.29137857142857143,
        "misc": 0.0
    },
    "bytes_from_memory": 106320086.85714285,
    "bytes_to_memory": 5671330.285714285,
    "total_bytes_rw_mem": 111991417.14285715
}