{
    "demand_fetches": {
        "total": 9774315.714285715,
        "instrn": 0.0,
        "data": 9774315.714285715,
        "read": 8964283.0,
        "write": 810032.7142857143,
        "misc": 0.0
    },
    "demand_misses": {
        "total": 3780597.1428571427,
        "instrn": 0.0,
        "data": 3780597.1428571427,
        "read": 3474726.3571428573,
        "write": 305870.78571428574,
        "misc": 0.0
    },
    "demand_miss_rate": {
        "total": 0.3238,
        "instrn": 0.0,
        "data": 0.3238,
        "read": 0.32389285714285715,
        "write": 0.3203285714285714,
        "misc": 0.0
    },
    "bytes_from_memory": 60489554.28571428,
    "bytes_to_memory": 5198053.714285715,
    "total_bytes_rw_mem": 65687608.0
}