{
    "demand_fetches": {
        "total": 18610525.285714287,
        "instrn": 0.0,
        "data": 18610525.285714287,
        "read": 17654362.285714287,
        "write": 956163.0,
        "misc": 0.0
    },
    "demand_misses": {
        "total": 2197836.5714285714,
        "instrn": 0.0,
        "data": 2197836.5714285714,
        "read": 2089975.2142857143,
        "write": 107861.35714285714,
        "misc": 0.0
    },
    "demand_miss_rate": {
        "total": 0.09572142857142855,
        "instrn": 0.0,
        "data": 0.09572142857142855,
        "read": 0.09562857142857144,
        "write": 0.09462142857142859,
        "misc": 0.0
    },
    "bytes_from_memory": 140661540.57142857,
    "bytes_to_memory": 8253188.571428572,
    "total_bytes_rw_mem": 148914729.14285713
}