{
    "demand_fetches": {
        "total": 10570637.615384616,
        "instrn": 0.0,
        "data": 10570637.615384616,
        "read": 9671347.153846154,
        "write": 899290.4615384615,
        "misc": 0.0
    },
    "demand_misses": {
        "total": 5031139.615384615,
        "instrn": 0.0,
        "data": 5031139.615384615,
        "read": 4673191.0,
        "write": 357948.6153846154,
        "misc": 0.0
    },
    "demand_miss_rate": {
        "total": 0.43225384615384616,
        "instrn": 0.0,
        "data": 0.43225384615384616,
        "read": 0.44056153846153856,
        "write": 0.3650846153846154,
        "misc": 0.0
    },
    "bytes_from_memory": 80498233.84615384,
    "bytes_to_memory": 6248456.615384615,
    "total_bytes_rw_mem": 86746690.46153846
}