{
    "demand_fetches": {
        "total": 5550060.846153846,
        "instrn": 0.0,
        "data": 5550060.846153846,
        "read": 4978853.230769231,
        "write": 571207.6153846154,
        "misc": 0.0
    },
    "demand_misses": {
        "total": 475928.3846153846,
        "instrn": 0.0,
        "data": 475928.3846153846,
        "read": 421921.23076923075,
        "write": 54007.153846153844,
        "misc": 0.0
    },
    "demand_miss_rate": {
        "total": 0.07917692307692309,
        "instrn": 0.0,
        "data": 0.07917692307692309,
        "read": 0.0781846153846154,
        "write": 0.0861076923076923,
        "misc": 0.0
    },
    "bytes_from_memory": 30459416.615384616,
    "bytes_to_memory": 3729368.6153846155,
    "total_bytes_rw_mem": 34188785.23076923
}