{
    "demand_fetches": {
        "total": 5592432.076923077,
        "instrn": 0.0,
        "data": 5592432.076923077,
        "read": 4987094.692307692,
        "write": 605337.3846153846,
        "misc": 0.0
    },
    "demand_misses": {
        "total": 1346020.6923076923,
        "instrn": 0.0,
        "data": 1346020.6923076923,
        "read": 1226045.6153846155,
        "write": 119975.07692307692,
        "misc": 0.0
    },
    "demand_miss_rate": {
        "total": 0.21986923076923082,
        "instrn": 0.0,
        "data": 0.21986923076923082,
        "read": 0.22656923076923075,
        "write": 0.18195384615384616,
        "misc": 0.0
    },
    "bytes_from_memory": 43072662.15384615,
    "bytes_to_memory": 4243458.461538462,
    "total_bytes_rw_mem": 47316120.615384616
}