{
    "demand_fetches": {
        "total": 19066998.666666668,
        "instrn": 0.0,
        "data": 19066998.666666668,
        "read": 17483255.733333334,
        "write": 1583742.9333333333,
        "misc": 0.0
    },
    "demand_misses": {
        "total": 1458708.0666666667,
        "instrn": 0.0,
        "data": 1458708.0666666667,
        "read": 1276810.9333333333,
        "write": 181897.13333333333,
        "misc": 0.0
    },
    "demand_miss_rate": {
        "total": 0.06168666666666666,
        "instrn": 0.0,
        "data": 0.06168666666666666,
        "read": 0.058853333333333334,
        "write": 0.08948666666666667,
        "misc": 0.0
    },
    "bytes_from_memory": 93357316.26666667,
    "bytes_to_memory": 12926860.8,
    "total_bytes_rw_mem": 106284177.06666666
}