{
    "demand_fetches": {
        "total": 5147746.0,
        "instrn": 0.0,
        "data": 5147746.0,
        "read": 4619092.142857143,
        "write": 528653.8571428572,
        "misc": 0.0
    },
    "demand_misses": {
        "total": 1043713.8571428572,
        "instrn": 0.0,
        "data": 1043713.8571428572,
        "read": 942618.5,
        "write": 101095.35714285714,
        "misc": 0.0
    },
    "demand_miss_rate": {
        "total": 0.17047857142857142,
        "instrn": 0.0,
        "data": 0.17047857142857142,
        "read": 0.17185714285714287,
        "write": 0.1617928571428571,
        "misc": 0.0
    },
    "bytes_from_memory": 33398843.42857143,
    "bytes_to_memory": 3465773.714285714,
    "total_bytes_rw_mem": 36864617.14285714
}