{
    "demand_fetches": {
        "total": 20428592.57142857,
        "instrn": 0.0,
        "data": 20428592.57142857,
        "read": 18731864.64285714,
        "write": 1696727.9285714286,
        "misc": 0.0
    },
    "demand_misses": {
        "total": 2846530.0,
        "instrn": 0.0,
        "data": 2846530.0,
        "read": 2606303.4285714286,
        "write": 240226.57142857142,
        "misc": 0.0
    },
    "demand_miss_rate": {
        "total": 0.11970714285714286,
        "instrn": 0.0,
        "data": 0.11970714285714286,
        "read": 0.11918571428571427,
        "write": 0.12389285714285714,
        "misc": 0.0
    },
    "bytes_from_memory": 91088960.0,
    "bytes_to_memory": 8506043.42857143,
    "total_bytes_rw_mem": 99595003.42857143
}