{
    "demand_fetches": {
        "total": 20412821.46153846,
        "instrn": 0.0,
        "data": 20412821.46153846,
        "read": 19265828.692307692,
        "write": 1146992.7692307692,
        "misc": 0.0
    },
    "demand_misses": {
        "total": 1486651.5384615385,
        "instrn": 0.0,
        "data": 1486651.5384615385,
        "read": 1366173.7692307692,
        "write": 120477.76923076923,
        "misc": 0.0
    },
    "demand_miss_rate": {
        "total": 0.06756923076923077,
        "instrn": 0.0,
        "data": 0.06756923076923077,
        "read": 0.06554615384615384,
        "write": 0.09447692307692307,
        "misc": 0.0
    },
    "bytes_from_memory": 95145698.46153846,
    "bytes_to_memory": 8320393.846153846,
    "total_bytes_rw_mem": 103466092.3076923
}