{
    "demand_fetches": {
        "total": 13819035.384615384,
        "instrn": 0.0,
        "data": 13819035.384615384,
        "read": 12510103.538461538,
        "write": 1308931.8461538462,
        "misc": 0.0
    },
    "demand_misses": {
        "total": 1318808.923076923,
        "instrn": 0.0,
        "data": 1318808.923076923,
        "read": 1186789.923076923,
        "write": 132019.0,
        "misc": 0.0
    },
    "demand_miss_rate": {
        "total": 0.09496153846153846,
        "instrn": 0.0,
        "data": 0.09496153846153846,
        "read": 0.09441538461538462,
        "write": 0.09944615384615384,
        "misc": 0.0
    },
    "bytes_from_memory": 84403771.07692307,
    "bytes_to_memory": 9410028.307692308,
    "total_bytes_rw_mem": 93813799.38461539
}