{
    "demand_fetches": {
        "total": 14605860.461538462,
        "instrn": 0.0,
        "data": 14605860.461538462,
        "read": 11120620.153846154,
        "write": 3485240.3076923075,
        "misc": 0.0
    },
    "demand_misses": {
        "total": 3900239.3076923075,
        "instrn": 0.0,
        "data": 3900239.3076923075,
        "read": 2593714.4615384615,
        "write": 1306524.8461538462,
        "misc": 0.0
    },
    "demand_miss_rate": {
        "total": 0.24120000000000003,
        "instrn": 0.0,
        "data": 0.24120000000000003,
        "read": 0.2082153846153846,
        "write": 0.34083076923076927,
        "misc": 0.0
    },
    "bytes_from_memory": 62403828.92307692,
    "bytes_to_memory": 21259863.384615384,
    "total_bytes_rw_mem": 83663692.3076923
}