{
    "demand_fetches": {
        "total": 19213305.85714286,
        "instrn": 0.0,
        "data": 19213305.85714286,
        "read": 18041208.5,
        "write": 1172097.357142857,
        "misc": 0.0
    },
    "demand_misses": {
        "total": 3134658.0,
        "instrn": 0.0,
        "data": 3134658.0,
        "read": 2943861.6428571427,
        "write": 190796.35714285713,
        "misc": 0.0
    },
    "demand_miss_rate": {
        "total": 0.13959285714285716,
        "instrn": 0.0,
        "data": 0.13959285714285716,
        "read": 0.1393642857142857,
        "write": 0.1415857142857143,
        "misc": 0.0
    },
    "bytes_from_memory": 100309056.0,
    "bytes_to_memory": 7107554.285714285,
    "total_bytes_rw_mem": 107416610.28571428
}