{
    "demand_fetches": {
        "total": 9774305.57142857,
        "instrn": 0.0,
        "data": 9774305.57142857,
        "read": 8964274.857142856,
        "write": 810030.7142857143,
        "misc": 0.0
    },
    "demand_misses": {
        "total": 968775.4285714285,
        "instrn": 0.0,
        "data": 968775.4285714285,
        "read": 889736.0,
        "write": 79039.42857142857,
        "misc": 0.0
    },
    "demand_miss_rate": {
        "total": 0.08330714285714287,
        "instrn": 0.0,
        "data": 0.08330714285714287,
        "read": 0.08336428571428571,
        "write": 0.08252142857142857,
        "misc": 0.0
    },
    "bytes_from_memory": 62001627.428571425,
    "bytes_to_memory": 5653993.142857143,
    "total_bytes_rw_mem": 67655620.57142857
}