{
    "demand_fetches": {
        "total": 60908.07142857143,
        "instrn": 0.0,
        "data": 60908.07142857143,
        "read": 42158.857142857145,
        "write": 18749.214285714286,
        "misc": 0.0
    },
    "demand_misses": {
        "total": 10142.07142857143,
        "instrn": 0.0,
        "data": 10142.07142857143,
        "read": 5781.857142857143,
        "write": 4360.214285714285,
        "misc": 0.0
    },
    "demand_miss_rate": {
        "total": 0.12450714285714286,
        "instrn": 0.0,
        "data": 0.12450714285714286,
        "read": 0.10575000000000001,
        "write": 0.16702857142857147,
        "misc": 0.0
    },
    "bytes_from_memory": 324546.28571428574,
    "bytes_to_memory": 153460.57142857142,
    "total_bytes_rw_mem": 478006.85714285716
}