{
    "demand_fetches": {
        "total": 9802103.142857144,
        "instrn": 0.0,
        "data": 9802103.142857144,
        "read": 8971251.642857144,
        "write": 830851.5,
        "misc": 0.0
    },
    "demand_misses": {
        "total": 4666761.785714285,
        "instrn": 0.0,
        "data": 4666761.785714285,
        "read": 4338763.071428572,
        "write": 327998.71428571426,
        "misc": 0.0
    },
    "demand_miss_rate": {
        "total": 0.4031928571428571,
        "instrn": 0.0,
        "data": 0.4031928571428571,
        "read": 0.41126428571428575,
        "write": 0.3371071428571429,
        "misc": 0.0
    },
    "bytes_from_memory": 74668188.57142857,
    "bytes_to_memory": 5681472.0,
    "total_bytes_rw_mem": 80349660.57142857
}