{
    "demand_fetches": {
        "total": 20330162.076923076,
        "instrn": 0.0,
        "data": 20330162.076923076,
        "read": 19211134.46153846,
        "write": 1119027.6153846155,
        "misc": 0.0
    },
    "demand_misses": {
        "total": 4967343.538461538,
        "instrn": 0.0,
        "data": 4967343.538461538,
        "read": 4744780.384615385,
        "write": 222563.15384615384,
        "misc": 0.0
    },
    "demand_miss_rate": {
        "total": 0.2242076923076923,
        "instrn": 0.0,
        "data": 0.2242076923076923,
        "read": 0.22723846153846153,
        "write": 0.18453846153846154,
        "misc": 0.0
    },
    "bytes_from_memory": 158954993.23076922,
    "bytes_to_memory": 8987970.461538462,
    "total_bytes_rw_mem": 167942963.69230768
}