{
    "demand_fetches": {
        "total": 74984.71428571429,
        "instrn": 0.0,
        "data": 74984.71428571429,
        "read": 47629.07142857143,
        "write": 27355.64285714286,
        "misc": 0.0
    },
    "demand_misses": {
        "total": 26131.785714285714,
        "instrn": 0.0,
        "data": 26131.785714285714,
        "read": 11949.214285714286,
        "write": 14182.57142857143,
        "misc": 0.0
    },
    "demand_miss_rate": {
        "total": 0.20947142857142856,
        "instrn": 0.0,
        "data": 0.20947142857142856,
        "read": 0.1583285714285714,
        "write": 0.29831428571428564,
        "misc": 0.0
    },
    "bytes_from_memory": 1672434.2857142857,
    "bytes_to_memory": 932288.0,
    "total_bytes_rw_mem": 2604722.285714286
}