{
    "demand_fetches": {
        "total": 9774315.714285715,
        "instrn": 0.0,
        "data": 9774315.714285715,
        "read": 8964283.0,
        "write": 810032.7142857143,
        "misc": 0.0
    },
    "demand_misses": {
        "total": 3335066.6428571427,
        "instrn": 0.0,
        "data": 3335066.6428571427,
        "read": 3038134.4285714286,
        "write": 296932.21428571426,
        "misc": 0.0
    },
    "demand_miss_rate": {
        "total": 0.28790000000000004,
        "instrn": 0.0,
        "data": 0.28790000000000004,
        "read": 0.2848,
        "write": 0.3111642857142857,
        "misc": 0.0
    },
    "bytes_from_memory": 53361066.28571428,
    "bytes_to_memory": 4943265.142857143,
    "total_bytes_rw_mem": 58304331.428571425
}