{
    "demand_fetches": {
        "total": 20428592.57142857,
        "instrn": 0.0,
        "data": 20428592.57142857,
        "read": 18731864.64285714,
        "write": 1696727.9285714286,
        "misc": 0.0
    },
    "demand_misses": {
        "total": 5076317.0,
        "instrn": 0.0,
        "data": 5076317.0,
        "read": 4631469.0,
        "write": 444848.0,
        "misc": 0.0
    },
    "demand_miss_rate": {
        "total": 0.21396428571428575,
        "instrn": 0.0,
        "data": 0.21396428571428575,
        "read": 0.21216428571428572,
        "write": 0.23012142857142862,
        "misc": 0.0
    },
    "bytes_from_memory": 81221072.0,
    "bytes_to_memory": 7386601.142857143,
    "total_bytes_rw_mem": 88607673.14285715
}