{
    "demand_fetches": {
        "total": 18610525.285714287,
        "instrn": 0.0,
        "data": 18610525.285714287,
        "read": 17654362.285714287,
        "write": 956163.0,
        "misc": 0.0
    },
    "demand_misses": {
        "total": 5823721.642857143,
        "instrn": 0.0,
        "data": 5823721.642857143,
        "read": 5516524.428571428,
        "write": 307197.21428571426,
        "misc": 0.0
    },
    "demand_miss_rate": {
        "total": 0.2603071428571428,
        "instrn": 0.0,
        "data": 0.2603071428571428,
        "read": 0.25870714285714286,
        "write": 0.2777428571428571,
        "misc": 0.0
    },
    "bytes_from_memory": 93179546.28571428,
    "bytes_to_memory": 5208038.857142857,
    "total_bytes_rw_mem": 98387585.14285715
}