{
    "demand_fetches": {
        "total": 5147746.0,
        "instrn": 0.0,
        "data": 5147746.0,
        "read": 4619092.142857143,
        "write": 528653.8571428572,
        "misc": 0.0
    },
    "demand_misses": {
        "total": 1215941.357142857,
        "instrn": 0.0,
        "data": 1215941.357142857,
        "read": 1113006.357142857,
        "write": 102935.0,
        "misc": 0.0
    },
    "demand_miss_rate": {
        "total": 0.19761428571428571,
        "instrn": 0.0,
        "data": 0.19761428571428571,
        "read": 0.2026785714285714,
        "write": 0.16504285714285713,
        "misc": 0.0
    },
    "bytes_from_memory": 38910123.428571425,
    "bytes_to_memory": 3585684.5714285714,
    "total_bytes_rw_mem": 42495808.0
}