{
    "demand_fetches": {
        "total": 5147154.857142857,
        "instrn": 0.0,
        "data": 5147154.857142857,
        "read": 4618732.214285715,
        "write": 528422.6428571428,
        "misc": 0.0
    },
    "demand_misses": {
        "total": 2481174.1428571427,
        "instrn": 0.0,
        "data": 2481174.1428571427,
        "read": 2269101.214285714,
        "write": 212072.92857142858,
        "misc": 0.0
    },
    "demand_miss_rate": {
        "total": 0.4067571428571428,
        "instrn": 0.0,
        "data": 0.4067571428571428,
        "read": 0.4167571428571429,
        "write": 0.3430642857142857,
        "misc": 0.0
    },
    "bytes_from_memory": 39698786.28571428,
    "bytes_to_memory": 3670531.4285714286,
    "total_bytes_rw_mem": 43369317.71428572
}