{
    "demand_fetches": {
        "total": 10361724.57142857,
        "instrn": 0.0,
        "data": 10361724.57142857,
        "read": 9180187.714285715,
        "write": 1181536.857142857,
        "misc": 0.0
    },
    "demand_misses": {
        "total": 3191170.1428571427,
        "instrn": 0.0,
        "data": 3191170.1428571427,
        "read": 2743825.3571428573,
        "write": 447344.78571428574,
        "misc": 0.0
    },
    "demand_miss_rate": {
        "total": 0.26410714285714293,
        "instrn": 0.0,
        "data": 0.26410714285714293,
        "read": 0.25565,
        "write": 0.3205,
        "misc": 0.0
    },
    "bytes_from_memory": 51058722.28571428,
    "bytes_to_memory": 7442694.857142857,
    "total_bytes_rw_mem": 58501417.14285714
}