{
    "demand_fetches": {
        "total": 5574400.076923077,
        "instrn": 0.0,
        "data": 5574400.076923077,
        "read": 4982210.769230769,
        "write": 592189.3076923077,
        "misc": 0.0
    },
    "demand_misses": {
        "total": 1346394.6153846155,
        "instrn": 0.0,
        "data": 1346394.6153846155,
        "read": 1228345.1538461538,
        "write": 118049.46153846153,
        "misc": 0.0
    },
    "demand_miss_rate": {
        "total": 0.22066923076923073,
        "instrn": 0.0,
        "data": 0.22066923076923073,
        "read": 0.2272,
        "write": 0.18290769230769233,
        "misc": 0.0
    },
    "bytes_from_memory": 43084627.692307696,
    "bytes_to_memory": 4195825.230769231,
    "total_bytes_rw_mem": 47280452.92307692
}