{
    "demand_fetches": {
        "total": 20428592.57142857,
        "instrn": 0.0,
        "data": 20428592.57142857,
        "read": 18731864.64285714,
        "write": 1696727.9285714286,
        "misc": 0.0
    },
    "demand_misses": {
        "total": 8912093.857142856,
        "instrn": 0.0,
        "data": 8912093.857142856,
        "read": 8320314.357142857,
        "write": 591779.5,
        "misc": 0.0
    },
    "demand_miss_rate": {
        "total": 0.3703142857142857,
        "instrn": 0.0,
        "data": 0.3703142857142857,
        "read": 0.3772642857142858,
        "write": 0.30201428571428574,
        "misc": 0.0
    },
    "bytes_from_memory": 142593501.7142857,
    "bytes_to_memory": 12336403.42857143,
    "total_bytes_rw_mem": 154929905.14285713
}