{
    "demand_fetches": {
        "total": 261857.0,
        "instrn": 0.0,
        "data": 261857.0,
        "read": 57447.357142857145,
        "write": 204409.64285714287,
        "misc": 0.0
    },
    "demand_misses": {
        "total": 215665.07142857142,
        "instrn": 0.0,
        "data": 215665.07142857142,
        "read": 24765.571428571428,
        "write": 190899.5,
        "misc": 0.0
    },
    "demand_miss_rate": {
        "total": 0.4970214285714286,
        "instrn": 0.0,
        "data": 0.4970214285714286,
        "read": 0.32012857142857143,
        "write": 0.5957142857142859,
        "misc": 0.0
    },
    "bytes_from_memory": 6901282.285714285,
    "bytes_to_memory": 6127714.285714285,
    "total_bytes_rw_mem": 13028996.57142857
}