{
    "demand_fetches": {
        "total": 9774305.57142857,
        "instrn": 0.0,
        "data": 9774305.57142857,
        "read": 8964274.857142856,
        "write": 810030.7142857143,
        "misc": 0.0
    },
    "demand_misses": {
        "total": 2313413.8571428573,
        "instrn": 0.0,
        "data": 2313413.8571428573,
        "read": 2154759.785714286,
        "write": 158654.07142857142,
        "misc": 0.0
    },
    "demand_miss_rate": {
        "total": 0.1978142857142857,
        "instrn": 0.0,
        "data": 0.1978142857142857,
        "read": 0.20154999999999998,
        "write": 0.1663285714285714,
        "misc": 0.0
    },
    "bytes_from_memory": 74029243.42857143,
    "bytes_to_memory": 5597069.714285715,
    "total_bytes_rw_mem": 79626313.14285715
}