{
    "demand_fetches": {
        "total": 9774315.714285715,
        "instrn": 0.0,
        "data": 9774315.714285715,
        "read": 8964283.0,
        "write": 810032.7142857143,
        "misc": 0.0
    },
    "demand_misses": {
        "total": 844030.5714285715,
        "instrn": 0.0,
        "data": 844030.5714285715,
        "read": 768508.5714285715,
        "write": 75522.0,
        "misc": 0.0
    },
    "demand_miss_rate": {
        "total": 0.07312857142857142,
        "instrn": 0.0,
        "data": 0.07312857142857142,
        "read": 0.07235714285714286,
        "write": 0.07904285714285716,
        "misc": 0.0
    },
    "bytes_from_memory": 54017956.571428575,
    "bytes_to_memory": 5206304.0,
    "total_bytes_rw_mem": 59224260.571428575
}