{
    "demand_fetches": {
        "total": 56153.21428571428,
        "instrn": 0.0,
        "data": 56153.21428571428,
        "read": 39110.142857142855,
        "write": 17043.071428571428,
        "misc": 0.0
    },
    "demand_misses": {
        "total": 10269.214285714286,
        "instrn": 0.0,
        "data": 10269.214285714286,
        "read": 5393.785714285715,
        "write": 4875.428571428572,
        "misc": 0.0
    },
    "demand_miss_rate": {
        "total": 0.13296428571428573,
        "instrn": 0.0,
        "data": 0.13296428571428573,
        "read": 0.1056,
        "write": 0.1961928571428571,
        "misc": 0.0
    },
    "bytes_from_memory": 328614.85714285716,
    "bytes_to_memory": 168973.7142857143,
    "total_bytes_rw_mem": 497588.5714285714
}