{
    "demand_fetches": {
        "total": 5291166.928571428,
        "instrn": 0.0,
        "data": 5291166.928571428,
        "read": 4662116.428571428,
        "write": 629050.5,
        "misc": 0.0
    },
    "demand_misses": {
        "total": 2536292.4285714286,
        "instrn": 0.0,
        "data": 2536292.4285714286,
        "read": 2280492.285714286,
        "write": 255800.14285714287,
        "misc": 0.0
    },
    "demand_miss_rate": {
        "total": 0.40491428571428567,
        "instrn": 0.0,
        "data": 0.40491428571428567,
        "read": 0.41527142857142857,
        "write": 0.34721428571428575,
        "misc": 0.0
    },
    "bytes_from_memory": 40580678.85714286,
    "bytes_to_memory": 4422901.714285715,
    "total_bytes_rw_mem": 45003580.571428575
}