{
    "demand_fetches": {
        "total": 9909068.142857144,
        "instrn": 0.0,
        "data": 9909068.142857144,
        "read": 9015900.142857144,
        "write": 893168.0,
        "misc": 0.0
    },
    "demand_misses": {
        "total": 2435603.4285714286,
        "instrn": 0.0,
        "data": 2435603.4285714286,
        "read": 2246878.8571428573,
        "write": 188724.57142857142,
        "misc": 0.0
    },
    "demand_miss_rate": {
        "total": 0.20977857142857145,
        "instrn": 0.0,
        "data": 0.20977857142857145,
        "read": 0.21377857142857143,
        "write": 0.17980000000000002,
        "misc": 0.0
    },
    "bytes_from_memory": 77939309.71428572,
    "bytes_to_memory": 6941890.285714285,
    "total_bytes_rw_mem": 84881200.0
}