{
    "demand_fetches": {
        "total": 45098.357142857145,
        "instrn": 0.0,
        "data": 45098.357142857145,
        "read": 27033.5,
        "write": 18064.85714285714,
        "misc": 0.0
    },
    "demand_misses": {
        "total": 12954.642857142857,
        "instrn": 0.0,
        "data": 12954.642857142857,
        "read": 4411.857142857143,
        "write": 8542.785714285714,
        "misc": 0.0
    },
    "demand_miss_rate": {
        "total": 0.19255714285714287,
        "instrn": 0.0,
        "data": 0.19255714285714287,
        "read": 0.1333142857142857,
        "write": 0.2784714285714286,
        "misc": 0.0
    },
    "bytes_from_memory": 829097.1428571428,
    "bytes_to_memory": 568694.8571428572,
    "total_bytes_rw_mem": 1397792.0
}