{
    "l1-I/Dcaches": {
        "demand_fetches": {
            "total": 26421100.076923076,
            "instrn": 0.0,
            "data": 26421100.076923076,
            "read": 24904720.53846154,
            "write": 1516379.5384615385,
            "misc": 0.0
        },
        "demand_misses": {
            "total": 7680861.692307692,
            "instrn": 0.0,
            "data": 7680861.692307692,
            "read": 7241718.307692308,
            "write": 439143.3846153846,
            "misc": 0.0
        },
        "demand_miss_rate": {
            "total": 0.28784615384615386,
            "instrn": 0.0,
            "data": 0.28784615384615386,
            "read": 0.2868538461538462,
            "write": 0.29631538461538465,
            "misc": 0.0
        },
        "bytes_from_memory": 122893787.07692307,
        "bytes_to_memory": 7666491.076923077,
        "total_bytes_rw_mem": 130560278.15384616
    },
    "l2-ucache": {
        "demand_fetches": {
            "total": 8160017.384615385,
            "instrn": 0.0,
            "data": 8160017.384615385,
            "read": 7680861.692307692,
            "write": 479155.6923076923,
            "misc": 0.0
        },
        "demand_misses": {
            "total": 1884487.0,
            "instrn": 0.0,
            "data": 1884487.0,
            "read": 1884009.3846153845,
            "write": 477.61538461538464,
            "misc": 0.0
        },
        "demand_miss_rate": {
            "total": 0.22835384615384619,
            "instrn": 0.0,
            "data": 0.22835384615384619,
            "read": 0.24670769230769235,
            "write": 0.0012538461538461538,
            "misc": 0.0
        },
        "bytes_from_memory": 120607168.0,
        "bytes_to_memory": 10995835.076923076,
        "total_bytes_rw_mem": 131603003.07692307
    }
}