{
    "demand_fetches": {
        "total": 13819035.384615384,
        "instrn": 0.0,
        "data": 13819035.384615384,
        "read": 12510103.538461538,
        "write": 1308931.8461538462,
        "misc": 0.0
    },
    "demand_misses": {
        "total": 1643928.7692307692,
        "instrn": 0.0,
        "data": 1643928.7692307692,
        "read": 1501942.6153846155,
        "write": 141986.15384615384,
        "misc": 0.0
    },
    "demand_miss_rate": {
        "total": 0.1173923076923077,
        "instrn": 0.0,
        "data": 0.1173923076923077,
        "read": 0.11882307692307692,
        "write": 0.1068076923076923,
        "misc": 0.0
    },
    "bytes_from_memory": 105211441.23076923,
    "bytes_to_memory": 10771879.384615384,
    "total_bytes_rw_mem": 115983320.61538461
}