{
    "demand_fetches": {
        "total": 13819035.384615384,
        "instrn": 0.0,
        "data": 13819035.384615384,
        "read": 12510103.538461538,
        "write": 1308931.8461538462,
        "misc": 0.0
    },
    "demand_misses": {
        "total": 1733232.2307692308,
        "instrn": 0.0,
        "data": 1733232.2307692308,
        "read": 1588834.2307692308,
        "write": 144398.0,
        "misc": 0.0
    },
    "demand_miss_rate": {
        "total": 0.12504615384615383,
        "instrn": 0.0,
        "data": 0.12504615384615383,
        "read": 0.12724615384615384,
        "write": 0.1090923076923077,
        "misc": 0.0
    },
    "bytes_from_memory": 110926862.76923077,
    "bytes_to_memory": 11088955.076923076,
    "total_bytes_rw_mem": 122015817.84615384
}