{
    "demand_fetches": {
        "total": 261857.0,
        "instrn": 0.0,
        "data": 261857.0,
        "read": 57447.357142857145,
        "write": 204409.64285714287,
        "misc": 0.0
    },
    "demand_misses": {
        "total": 212388.64285714287,
        "instrn": 0.0,
        "data": 212388.64285714287,
        "read": 24553.785714285714,
        "write": 187834.85714285713,
        "misc": 0.0
    },
    "demand_miss_rate": {
        "total": 0.46062857142857144,
        "instrn": 0.0,
        "data": 0.46062857142857144,
        "read": 0.31100714285714287,
        "write": 0.5249857142857143,
        "misc": 0.0
    },
    "bytes_from_memory": 13592873.142857144,
    "bytes_to_memory": 12058797.714285715,
    "total_bytes_rw_mem": 25651670.85714286
}