{
    "demand_fetches": {
        "total": 20412821.46153846,
        "instrn": 0.0,
        "data": 20412821.46153846,
        "read": 19265828.692307692,
        "write": 1146992.7692307692,
        "misc": 0.0
    },
    "demand_misses": {
        "total": 1639224.7692307692,
        "instrn": 0.0,
        "data": 1639224.7692307692,
        "read": 1513451.4615384615,
        "write": 125773.30769230769,
        "misc": 0.0
    },
    "demand_miss_rate": {
        "total": 0.0742153846153846,
        "instrn": 0.0,
        "data": 0.0742153846153846,
        "read": 0.07243076923076922,
        "write": 0.09839999999999999,
        "misc": 0.0
    },
    "bytes_from_memory": 104910385.23076923,
    "bytes_to_memory": 8990173.538461538,
    "total_bytes_rw_mem": 113900558.76923077
}