{
    "demand_fetches": {
        "total": 9802103.142857144,
        "instrn": 0.0,
        "data": 9802103.142857144,
        "read": 8971251.642857144,
        "write": 830851.5,
        "misc": 0.0
    },
    "demand_misses": {
        "total": 931753.2857142857,
        "instrn": 0.0,
        "data": 931753.2857142857,
        "read": 854691.8571428572,
        "write": 77061.42857142857,
        "misc": 0.0
    },
    "demand_miss_rate": {
        "total": 0.07793571428571426,
        "instrn": 0.0,
        "data": 0.07793571428571426,
        "read": 0.0776357142857143,
        "write": 0.07877142857142856,
        "misc": 0.0
    },
    "bytes_from_memory": 59632210.28571428,
    "bytes_to_memory": 5339465.142857143,
    "total_bytes_rw_mem": 64971675.428571425
}