{
    "demand_fetches": {
        "total": 9671492.866666667,
        "instrn": 0.0,
        "data": 9671492.866666667,
        "read": 8568500.333333334,
        "write": 1102992.5333333334,
        "misc": 0.0
    },
    "demand_misses": {
        "total": 3215129.6,
        "instrn": 0.0,
        "data": 3215129.6,
        "read": 2791244.8,
        "write": 423884.8,
        "misc": 0.0
    },
    "demand_miss_rate": {
        "total": 0.2653933333333333,
        "instrn": 0.0,
        "data": 0.2653933333333333,
        "read": 0.2595866666666667,
        "write": 0.3040333333333333,
        "misc": 0.0
    },
    "bytes_from_memory": 51442073.6,
    "bytes_to_memory": 7148117.333333333,
    "total_bytes_rw_mem": 58590190.93333333
}