{
    "demand_fetches": {
        "total": 22952060.35714286,
        "instrn": 0.0,
        "data": 22952060.35714286,
        "read": 20137478.0,
        "write": 2814582.3571428573,
        "misc": 0.0
    },
    "demand_misses": {
        "total": 5497376.571428572,
        "instrn": 0.0,
        "data": 5497376.571428572,
        "read": 4788370.642857143,
        "write": 709005.9285714285,
        "misc": 0.0
    },
    "demand_miss_rate": {
        "total": 0.20635714285714285,
        "instrn": 0.0,
        "data": 0.20635714285714285,
        "read": 0.20430714285714285,
        "write": 0.21945714285714285,
        "misc": 0.0
    },
    "bytes_from_memory": 87958025.14285715,
    "bytes_to_memory": 11995769.142857144,
    "total_bytes_rw_mem": 99953794.28571428
}