{
    "demand_fetches": {
        "total": 5574400.076923077,
        "instrn": 0.0,
        "data": 5574400.076923077,
        "read": 4982210.769230769,
        "write": 592189.3076923077,
        "misc": 0.0
    },
    "demand_misses": {
        "total": 547646.3846153846,
        "instrn": 0.0,
        "data": 547646.3846153846,
        "read": 491918.6923076923,
        "write": 55727.692307692305,
        "misc": 0.0
    },
    "demand_miss_rate": {
        "total": 0.0894,
        "instrn": 0.0,
        "data": 0.0894,
        "read": 0.09000000000000001,
        "write": 0.08586153846153845,
        "misc": 0.0
    },
    "bytes_from_memory": 35049368.615384616,
    "bytes_to_memory": 3883785.846153846,
    "total_bytes_rw_mem": 38933154.461538464
}