{
    "demand_fetches": {
        "total": 129662.53846153847,
        "instrn": 0.0,
        "data": 129662.53846153847,
        "read": 46295.307692307695,
        "write": 83367.23076923077,
        "misc": 0.0
    },
    "demand_misses": {
        "total": 91755.30769230769,
        "instrn": 0.0,
        "data": 91755.30769230769,
        "read": 20474.846153846152,
        "write": 71280.46153846153,
        "misc": 0.0
    },
    "demand_miss_rate": {
        "total": 0.4465076923076924,
        "instrn": 0.0,
        "data": 0.4465076923076924,
        "read": 0.3229076923076923,
        "write": 0.5434846153846153,
        "misc": 0.0
    },
    "bytes_from_memory": 1468084.923076923,
    "bytes_to_memory": 1151161.8461538462,
    "total_bytes_rw_mem": 2619246.769230769
}