{
    "demand_fetches": {
        "total": 10616309.666666666,
        "instrn": 0.0,
        "data": 10616309.666666666,
        "read": 8906967.933333334,
        "write": 1709341.7333333334,
        "misc": 0.0
    },
    "demand_misses": {
        "total": 3128228.4,
        "instrn": 0.0,
        "data": 3128228.4,
        "read": 2477467.7333333334,
        "write": 650760.6666666666,
        "misc": 0.0
    },
    "demand_miss_rate": {
        "total": 0.2365733333333333,
        "instrn": 0.0,
        "data": 0.2365733333333333,
        "read": 0.22316666666666668,
        "write": 0.3006399999999999,
        "misc": 0.0
    },
    "bytes_from_memory": 50051654.4,
    "bytes_to_memory": 10798236.8,
    "total_bytes_rw_mem": 60849891.2
}