{
    "demand_fetches": {
        "total": 18610525.285714287,
        "instrn": 0.0,
        "data": 18610525.285714287,
        "read": 17654362.285714287,
        "write": 956163.0,
        "misc": 0.0
    },
    "demand_misses": {
        "total": 8782351.714285715,
        "instrn": 0.0,
        "data": 8782351.714285715,
        "read": 8432331.714285715,
        "write": 350020.0,
        "misc": 0.0
    },
    "demand_miss_rate": {
        "total": 0.4031928571428572,
        "instrn": 0.0,
        "data": 0.4031928571428572,
        "read": 0.40890714285714297,
        "write": 0.31911428571428574,
        "misc": 0.0
    },
    "bytes_from_memory": 140517627.42857143,
    "bytes_to_memory": 6409275.428571428,
    "total_bytes_rw_mem": 146926902.85714287
}