{
    "demand_fetches": {
        "total": 19213499.92857143,
        "instrn": 0.0,
        "data": 19213499.92857143,
        "read": 18041327.5,
        "write": 1172172.4285714286,
        "misc": 0.0
    },
    "demand_misses": {
        "total": 2227648.0,
        "instrn": 0.0,
        "data": 2227648.0,
        "read": 2071156.4285714286,
        "write": 156491.57142857142,
        "misc": 0.0
    },
    "demand_miss_rate": {
        "total": 0.09859285714285715,
        "instrn": 0.0,
        "data": 0.09859285714285715,
        "read": 0.09782857142857145,
        "write": 0.10972857142857144,
        "misc": 0.0
    },
    "bytes_from_memory": 142569472.0,
    "bytes_to_memory": 12607254.857142856,
    "total_bytes_rw_mem": 155176726.85714287
}