{
    "demand_fetches": {
        "total": 14605860.461538462,
        "instrn": 0.0,
        "data": 14605860.461538462,
        "read": 11120620.153846154,
        "write": 3485240.3076923075,
        "misc": 0.0
    },
    "demand_misses": {
        "total": 1983912.7692307692,
        "instrn": 0.0,
        "data": 1983912.7692307692,
        "read": 1326210.076923077,
        "write": 657702.6923076923,
        "misc": 0.0
    },
    "demand_miss_rate": {
        "total": 0.12281538461538465,
        "instrn": 0.0,
        "data": 0.12281538461538465,
        "read": 0.1067,
        "write": 0.1715076923076923,
        "misc": 0.0
    },
    "bytes_from_memory": 63485208.615384616,
    "bytes_to_memory": 21587367.384615384,
    "total_bytes_rw_mem": 85072576.0
}