{
    "demand_fetches": {
        "total": 10581582.846153846,
        "instrn": 0.0,
        "data": 10581582.846153846,
        "read": 9676558.384615384,
        "write": 905024.4615384615,
        "misc": 0.0
    },
    "demand_misses": {
        "total": 1303200.1538461538,
        "instrn": 0.0,
        "data": 1303200.1538461538,
        "read": 1207062.6153846155,
        "write": 96137.53846153847,
        "misc": 0.0
    },
    "demand_miss_rate": {
        "total": 0.1128076923076923,
        "instrn": 0.0,
        "data": 0.1128076923076923,
        "read": 0.11487692307692304,
        "write": 0.0970076923076923,
        "misc": 0.0
    },
    "bytes_from_memory": 83404809.84615384,
    "bytes_to_memory": 7305949.538461538,
    "total_bytes_rw_mem": 90710759.38461539
}