{
    "demand_fetches": {
        "total": 19066998.666666668,
        "instrn": 0.0,
        "data": 19066998.666666668,
        "read": 17483255.733333334,
        "write": 1583742.9333333333,
        "misc": 0.0
    },
    "demand_misses": {
        "total": 1336355.0666666667,
        "instrn": 0.0,
        "data": 1336355.0666666667,
        "read": 1162290.1333333333,
        "write": 174064.93333333332,
        "misc": 0.0
    },
    "demand_miss_rate": {
        "total": 0.05638666666666667,
        "instrn": 0.0,
        "data": 0.05638666666666667,
        "read": 0.053413333333333333,
        "write": 0.08556666666666667,
        "misc": 0.0
    },
    "bytes_from_memory": 85526724.26666667,
    "bytes_to_memory": 11886621.866666667,
    "total_bytes_rw_mem": 97413346.13333334
}