{
    "demand_fetches": {
        "total": 10581582.846153846,
        "instrn": 0.0,
        "data": 10581582.846153846,
        "read": 9676558.384615384,
        "write": 905024.4615384615,
        "misc": 0.0
    },
    "demand_misses": {
        "total": 968777.9230769231,
        "instrn": 0.0,
        "data": 968777.9230769231,
        "read": 881153.6923076923,
        "write": 87624.23076923077,
        "misc": 0.0
    },
    "demand_miss_rate": {
        "total": 0.08372307692307691,
        "instrn": 0.0,
        "data": 0.08372307692307691,
        "read": 0.08317692307692309,
        "write": 0.08823846153846154,
        "misc": 0.0
    },
    "bytes_from_memory": 62001787.07692308,
    "bytes_to_memory": 6151571.692307692,
    "total_bytes_rw_mem": 68153358.76923077
}