{
    "demand_fetches": {
        "total": 121393.5,
        "instrn": 0.0,
        "data": 121393.5,
        "read": 81639.64285714286,
        "write": 39753.857142857145,
        "misc": 0.0
    },
    "demand_misses": {
        "total": 73447.21428571429,
        "instrn": 0.0,
        "data": 73447.21428571429,
        "read": 47035.71428571428,
        "write": 26411.5,
        "misc": 0.0
    },
    "demand_miss_rate": {
        "total": 0.40199999999999997,
        "instrn": 0.0,
        "data": 0.40199999999999997,
        "read": 0.40445000000000003,
        "write": 0.3745000000000001,
        "misc": 0.0
    },
    "bytes_from_memory": 1175155.4285714286,
    "bytes_to_memory": 434821.71428571426,
    "total_bytes_rw_mem": 1609977.142857143
}