{
    "demand_fetches": {
        "total": 9802105.857142856,
        "instrn": 0.0,
        "data": 9802105.857142856,
        "read": 8971251.07142857,
        "write": 830854.7857142857,
        "misc": 0.0
    },
    "demand_misses": {
        "total": 2159490.3571428573,
        "instrn": 0.0,
        "data": 2159490.3571428573,
        "read": 2001789.2857142857,
        "write": 157701.07142857142,
        "misc": 0.0
    },
    "demand_miss_rate": {
        "total": 0.17772142857142856,
        "instrn": 0.0,
        "data": 0.17772142857142856,
        "read": 0.1790857142857143,
        "write": 0.1616928571428571,
        "misc": 0.0
    },
    "bytes_from_memory": 69103691.42857143,
    "bytes_to_memory": 5472987.428571428,
    "total_bytes_rw_mem": 74576678.85714285
}