{
    "demand_fetches": {
        "total": 20330162.076923076,
        "instrn": 0.0,
        "data": 20330162.076923076,
        "read": 19211134.46153846,
        "write": 1119027.6153846155,
        "misc": 0.0
    },
    "demand_misses": {
        "total": 2491133.5384615385,
        "instrn": 0.0,
        "data": 2491133.5384615385,
        "read": 2347517.3076923075,
        "write": 143616.23076923078,
        "misc": 0.0
    },
    "demand_miss_rate": {
        "total": 0.11239230769230768,
        "instrn": 0.0,
        "data": 0.11239230769230768,
        "read": 0.11237692307692308,
        "write": 0.11432307692307692,
        "misc": 0.0
    },
    "bytes_from_memory": 159432546.46153846,
    "bytes_to_memory": 11452647.384615384,
    "total_bytes_rw_mem": 170885193.84615386
}