{
    "demand_fetches": {
        "total": 85755.07142857143,
        "instrn": 0.0,
        "data": 85755.07142857143,
        "read": 51953.0,
        "write": 33802.07142857143,
        "misc": 0.0
    },
    "demand_misses": {
        "total": 37007.42857142857,
        "instrn": 0.0,
        "data": 37007.42857142857,
        "read": 14801.785714285714,
        "write": 22205.64285714286,
        "misc": 0.0
    },
    "demand_miss_rate": {
        "total": 0.2438357142857143,
        "instrn": 0.0,
        "data": 0.2438357142857143,
        "read": 0.17200000000000001,
        "write": 0.3617857142857144,
        "misc": 0.0
    },
    "bytes_from_memory": 2368475.4285714286,
    "bytes_to_memory": 1446080.0,
    "total_bytes_rw_mem": 3814555.4285714286
}