{
    "demand_fetches": {
        "total": 9802103.142857144,
        "instrn": 0.0,
        "data": 9802103.142857144,
        "read": 8971251.642857144,
        "write": 830851.5,
        "misc": 0.0
    },
    "demand_misses": {
        "total": 1856599.142857143,
        "instrn": 0.0,
        "data": 1856599.142857143,
        "read": 1703619.2857142857,
        "write": 152979.85714285713,
        "misc": 0.0
    },
    "demand_miss_rate": {
        "total": 0.15482142857142858,
        "instrn": 0.0,
        "data": 0.15482142857142858,
        "read": 0.1542142857142857,
        "write": 0.15640714285714283,
        "misc": 0.0
    },
    "bytes_from_memory": 59411172.571428575,
    "bytes_to_memory": 5197163.428571428,
    "total_bytes_rw_mem": 64608336.0
}