{
    "demand_fetches": {
        "total": 10581582.846153846,
        "instrn": 0.0,
        "data": 10581582.846153846,
        "read": 9676558.384615384,
        "write": 905024.4615384615,
        "misc": 0.0
    },
    "demand_misses": {
        "total": 1677623.3076923077,
        "instrn": 0.0,
        "data": 1677623.3076923077,
        "read": 1509345.1538461538,
        "write": 168278.15384615384,
        "misc": 0.0
    },
    "demand_miss_rate": {
        "total": 0.14602307692307692,
        "instrn": 0.0,
        "data": 0.14602307692307692,
        "read": 0.14311538461538462,
        "write": 0.1695846153846154,
        "misc": 0.0
    },
    "bytes_from_memory": 53683945.84615385,
    "bytes_to_memory": 5643670.153846154,
    "total_bytes_rw_mem": 59327616.0
}