{
    "demand_fetches": {
        "total": 10581582.846153846,
        "instrn": 0.0,
        "data": 10581582.846153846,
        "read": 9676558.384615384,
        "write": 905024.4615384615,
        "misc": 0.0
    },
    "demand_misses": {
        "total": 5118313.923076923,
        "instrn": 0.0,
        "data": 5118313.923076923,
        "read": 4748410.615384615,
        "write": 369903.3076923077,
        "misc": 0.0
    },
    "demand_miss_rate": {
        "total": 0.44086153846153847,
        "instrn": 0.0,
        "data": 0.44086153846153847,
        "read": 0.4489230769230769,
        "write": 0.37626153846153837,
        "misc": 0.0
    },
    "bytes_from_memory": 81893022.76923077,
    "bytes_to_memory": 6561392.0,
    "total_bytes_rw_mem": 88454414.76923077
}