{
    "demand_fetches": {
        "total": 13819035.384615384,
        "instrn": 0.0,
        "data": 13819035.384615384,
        "read": 12510103.538461538,
        "write": 1308931.8461538462,
        "misc": 0.0
    },
    "demand_misses": {
        "total": 2246721.3076923075,
        "instrn": 0.0,
        "data": 2246721.3076923075,
        "read": 1996231.076923077,
        "write": 250490.23076923078,
        "misc": 0.0
    },
    "demand_miss_rate": {
        "total": 0.1619923076923077,
        "instrn": 0.0,
        "data": 0.1619923076923077,
        "read": 0.15847692307692307,
        "write": 0.1888769230769231,
        "misc": 0.0
    },
    "bytes_from_memory": 71895081.84615384,
    "bytes_to_memory": 8483812.923076924,
    "total_bytes_rw_mem": 80378894.76923077
}