{
    "demand_fetches": {
        "total": 6953170.357142857,
        "instrn": 0.0,
        "data": 6953170.357142857,
        "read": 6063401.928571428,
        "write": 889768.4285714285,
        "misc": 0.0
    },
    "demand_misses": {
        "total": 1112336.9285714286,
        "instrn": 0.0,
        "data": 1112336.9285714286,
        "read": 944140.7142857143,
        "write": 168196.2142857143,
        "misc": 0.0
    },
    "demand_miss_rate": {
        "total": 0.14762142857142857,
        "instrn": 0.0,
        "data": 0.14762142857142857,
        "read": 0.14329285714285717,
        "write": 0.17260714285714282,
        "misc": 0.0
    },
    "bytes_from_memory": 35594781.71428572,
    "bytes_to_memory": 5675328.0,
    "total_bytes_rw_mem": 41270109.71428572
}