{
    "demand_fetches": {
        "total": 24717886.384615384,
        "instrn": 0.0,
        "data": 24717886.384615384,
        "read": 21686687.46153846,
        "write": 3031198.923076923,
        "misc": 0.0
    },
    "demand_misses": {
        "total": 1632815.5384615385,
        "instrn": 0.0,
        "data": 1632815.5384615385,
        "read": 1297672.2307692308,
        "write": 335143.3076923077,
        "misc": 0.0
    },
    "demand_miss_rate": {
        "total": 0.06127692307692308,
        "instrn": 0.0,
        "data": 0.06127692307692308,
        "read": 0.05554615384615384,
        "write": 0.09969230769230768,
        "misc": 0.0
    },
    "bytes_from_memory": 104500194.46153846,
    "bytes_to_memory": 22497457.230769232,
    "total_bytes_rw_mem": 126997651.6923077
}