{
    "demand_fetches": {
        "total": 6502652.307692308,
        "instrn": 0.0,
        "data": 6502652.307692308,
        "read": 5342057.923076923,
        "write": 1160594.3846153845,
        "misc": 0.0
    },
    "demand_misses": {
        "total": 1136648.3076923077,
        "instrn": 0.0,
        "data": 1136648.3076923077,
        "read": 908388.8461538461,
        "write": 228259.46153846153,
        "misc": 0.0
    },
    "demand_miss_rate": {
        "total": 0.1632384615384615,
        "instrn": 0.0,
        "data": 0.1632384615384615,
        "read": 0.15997692307692307,
        "write": 0.1778846153846154,
        "misc": 0.0
    },
    "bytes_from_memory": 36372745.84615385,
    "bytes_to_memory": 7952236.307692308,
    "total_bytes_rw_mem": 44324982.15384615
}