{
    "demand_fetches": {
        "total": 20199630.46153846,
        "instrn": 0.0,
        "data": 20199630.46153846,
        "read": 19130452.615384616,
        "write": 1069177.8461538462,
        "misc": 0.0
    },
    "demand_misses": {
        "total": 5814076.692307692,
        "instrn": 0.0,
        "data": 5814076.692307692,
        "read": 5486550.923076923,
        "write": 327525.76923076925,
        "misc": 0.0
    },
    "demand_miss_rate": {
        "total": 0.26397692307692305,
        "instrn": 0.0,
        "data": 0.26397692307692305,
        "read": 0.26196153846153847,
        "write": 0.28739230769230767,
        "misc": 0.0
    },
    "bytes_from_memory": 93025227.07692307,
    "bytes_to_memory": 5523212.307692308,
    "total_bytes_rw_mem": 98548439.38461539
}