{
    "demand_fetches": {
        "total": 10616309.666666666,
        "instrn": 0.0,
        "data": 10616309.666666666,
        "read": 8906967.933333334,
        "write": 1709341.7333333334,
        "misc": 0.0
    },
    "demand_misses": {
        "total": 1627173.6,
        "instrn": 0.0,
        "data": 1627173.6,
        "read": 1296508.3333333333,
        "write": 330665.26666666666,
        "misc": 0.0
    },
    "demand_miss_rate": {
        "total": 0.12303333333333334,
        "instrn": 0.0,
        "data": 0.12303333333333334,
        "read": 0.11684666666666668,
        "write": 0.15267333333333333,
        "misc": 0.0
    },
    "bytes_from_memory": 52069555.2,
    "bytes_to_memory": 11158694.4,
    "total_bytes_rw_mem": 63228249.6
}