{
    "demand_fetches": {
        "total": 18681704.285714287,
        "instrn": 0.0,
        "data": 18681704.285714287,
        "read": 17715672.214285713,
        "write": 966032.0714285715,
        "misc": 0.0
    },
    "demand_misses": {
        "total": 4598284.142857143,
        "instrn": 0.0,
        "data": 4598284.142857143,
        "read": 4404783.428571428,
        "write": 193500.7142857143,
        "misc": 0.0
    },
    "demand_miss_rate": {
        "total": 0.2094714285714286,
        "instrn": 0.0,
        "data": 0.2094714285714286,
        "read": 0.21222142857142856,
        "write": 0.17225714285714286,
        "misc": 0.0
    },
    "bytes_from_memory": 147145092.57142857,
    "bytes_to_memory": 7697981.714285715,
    "total_bytes_rw_mem": 154843074.2857143
}