{
    "demand_fetches": {
        "total": 129662.53846153847,
        "instrn": 0.0,
        "data": 129662.53846153847,
        "read": 46295.307692307695,
        "write": 83367.23076923077,
        "misc": 0.0
    },
    "demand_misses": {
        "total": 88508.84615384616,
        "instrn": 0.0,
        "data": 88508.84615384616,
        "read": 19852.0,
        "write": 68656.84615384616,
        "misc": 0.0
    },
    "demand_miss_rate": {
        "total": 0.40737692307692314,
        "instrn": 0.0,
        "data": 0.40737692307692314,
        "read": 0.30779230769230775,
        "write": 0.4714,
        "misc": 0.0
    },
    "bytes_from_memory": 5664566.153846154,
    "bytes_to_memory": 4422941.538461538,
    "total_bytes_rw_mem": 10087507.692307692
}