{
    "demand_fetches": {
        "total": 9909068.142857144,
        "instrn": 0.0,
        "data": 9909068.142857144,
        "read": 9015900.142857144,
        "write": 893168.0,
        "misc": 0.0
    },
    "demand_misses": {
        "total": 1962526.7857142857,
        "instrn": 0.0,
        "data": 1962526.7857142857,
        "read": 1782011.4285714286,
        "write": 180515.35714285713,
        "misc": 0.0
    },
    "demand_miss_rate": {
        "total": 0.1683142857142857,
        "instrn": 0.0,
        "data": 0.1683142857142857,
        "read": 0.16808571428571425,
        "write": 0.17067857142857146,
        "misc": 0.0
    },
    "bytes_from_memory": 62800857.14285714,
    "bytes_to_memory": 6431120.0,
    "total_bytes_rw_mem": 69231977.14285715
}