{
    "demand_fetches": {
        "total": 9802103.142857144,
        "instrn": 0.0,
        "data": 9802103.142857144,
        "read": 8971251.642857144,
        "write": 830851.5,
        "misc": 0.0
    },
    "demand_misses": {
        "total": 1236614.5714285714,
        "instrn": 0.0,
        "data": 1236614.5714285714,
        "read": 1147453.7857142857,
        "write": 89160.78571428571,
        "misc": 0.0
    },
    "demand_miss_rate": {
        "total": 0.10935714285714285,
        "instrn": 0.0,
        "data": 0.10935714285714285,
        "read": 0.11171428571428572,
        "write": 0.0917,
        "misc": 0.0
    },
    "bytes_from_memory": 79143332.57142857,
    "bytes_to_memory": 6902843.428571428,
    "total_bytes_rw_mem": 86046176.0
}