{
    "demand_fetches": {
        "total": 5574400.076923077,
        "instrn": 0.0,
        "data": 5574400.076923077,
        "read": 4982210.769230769,
        "write": 592189.3076923077,
        "misc": 0.0
    },
    "demand_misses": {
        "total": 2143851.6153846155,
        "instrn": 0.0,
        "data": 2143851.6153846155,
        "read": 1926176.7692307692,
        "write": 217674.84615384616,
        "misc": 0.0
    },
    "demand_miss_rate": {
        "total": 0.3477230769230769,
        "instrn": 0.0,
        "data": 0.3477230769230769,
        "read": 0.34943846153846153,
        "write": 0.33576153846153844,
        "misc": 0.0
    },
    "bytes_from_memory": 34301625.84615385,
    "bytes_to_memory": 3623230.769230769,
    "total_bytes_rw_mem": 37924856.615384616
}