{
    "demand_fetches": {
        "total": 9774315.714285715,
        "instrn": 0.0,
        "data": 9774315.714285715,
        "read": 8964283.0,
        "write": 810032.7142857143,
        "misc": 0.0
    },
    "demand_misses": {
        "total": 2313438.0,
        "instrn": 0.0,
        "data": 2313438.0,
        "read": 2154773.6428571427,
        "write": 158664.35714285713,
        "misc": 0.0
    },
    "demand_miss_rate": {
        "total": 0.19780714285714285,
        "instrn": 0.0,
        "data": 0.19780714285714285,
        "read": 0.2015428571428571,
        "write": 0.1663285714285714,
        "misc": 0.0
    },
    "bytes_from_memory": 74030016.0,
    "bytes_to_memory": 5597458.285714285,
    "total_bytes_rw_mem": 79627474.28571428
}