{
    "demand_fetches": {
        "total": 9909068.142857144,
        "instrn": 0.0,
        "data": 9909068.142857144,
        "read": 9015900.142857144,
        "write": 893168.0,
        "misc": 0.0
    },
    "demand_misses": {
        "total": 1252486.857142857,
        "instrn": 0.0,
        "data": 1252486.857142857,
        "read": 1154912.9285714286,
        "write": 97573.92857142857,
        "misc": 0.0
    },
    "demand_miss_rate": {
        "total": 0.10937142857142858,
        "instrn": 0.0,
        "data": 0.10937142857142858,
        "read": 0.1117,
        "write": 0.09287857142857144,
        "misc": 0.0
    },
    "bytes_from_memory": 80159158.85714285,
    "bytes_to_memory": 7525654.857142857,
    "total_bytes_rw_mem": 87684813.71428572
}