{
    "demand_fetches": {
        "total": 18610560.285714287,
        "instrn": 0.0,
        "data": 18610560.285714287,
        "read": 17654384.07142857,
        "write": 956176.2142857143,
        "misc": 0.0
    },
    "demand_misses": {
        "total": 3474414.8571428573,
        "instrn": 0.0,
        "data": 3474414.8571428573,
        "read": 3310828.6428571427,
        "write": 163586.2142857143,
        "misc": 0.0
    },
    "demand_miss_rate": {
        "total": 0.15119285714285713,
        "instrn": 0.0,
        "data": 0.15119285714285713,
        "read": 0.15119285714285713,
        "write": 0.14702142857142858,
        "misc": 0.0
    },
    "bytes_from_memory": 111181275.42857143,
    "bytes_to_memory": 5845632.0,
    "total_bytes_rw_mem": 117026907.42857143
}