{
    "demand_fetches": {
        "total": 5212973.285714285,
        "instrn": 0.0,
        "data": 5212973.285714285,
        "read": 4647427.142857143,
        "write": 565546.1428571428,
        "misc": 0.0
    },
    "demand_misses": {
        "total": 1645291.0,
        "instrn": 0.0,
        "data": 1645291.0,
        "read": 1435485.2142857143,
        "write": 209805.7857142857,
        "misc": 0.0
    },
    "demand_miss_rate": {
        "total": 0.2715,
        "instrn": 0.0,
        "data": 0.2715,
        "read": 0.26509285714285713,
        "write": 0.31384999999999996,
        "misc": 0.0
    },
    "bytes_from_memory": 26324656.0,
    "bytes_to_memory": 3474026.285714286,
    "total_bytes_rw_mem": 29798682.285714287
}