{
    "demand_fetches": {
        "total": 11374302.642857144,
        "instrn": 0.0,
        "data": 11374302.642857144,
        "read": 9542977.785714285,
        "write": 1831324.857142857,
        "misc": 0.0
    },
    "demand_misses": {
        "total": 3434177.214285714,
        "instrn": 0.0,
        "data": 3434177.214285714,
        "read": 2734424.5,
        "write": 699752.7142857143,
        "misc": 0.0
    },
    "demand_miss_rate": {
        "total": 0.25925714285714285,
        "instrn": 0.0,
        "data": 0.25925714285714285,
        "read": 0.24586428571428567,
        "write": 0.32332857142857147,
        "misc": 0.0
    },
    "bytes_from_memory": 54946835.428571425,
    "bytes_to_memory": 11658113.142857144,
    "total_bytes_rw_mem": 66604948.571428575
}