{
    "demand_fetches": {
        "total": 10581934.538461538,
        "instrn": 0.0,
        "data": 10581934.538461538,
        "read": 9676779.0,
        "write": 905155.5384615385,
        "misc": 0.0
    },
    "demand_misses": {
        "total": 3802470.6153846155,
        "instrn": 0.0,
        "data": 3802470.6153846155,
        "read": 3461460.5384615385,
        "write": 341010.07692307694,
        "misc": 0.0
    },
    "demand_miss_rate": {
        "total": 0.3269769230769231,
        "instrn": 0.0,
        "data": 0.3269769230769231,
        "read": 0.32471538461538463,
        "write": 0.34420000000000006,
        "misc": 0.0
    },
    "bytes_from_memory": 60839529.84615385,
    "bytes_to_memory": 5739724.307692308,
    "total_bytes_rw_mem": 66579254.15384615
}