{
    "demand_fetches": {
        "total": 21086884.307692308,
        "instrn": 0.0,
        "data": 21086884.307692308,
        "read": 19657634.615384616,
        "write": 1429249.6923076923,
        "misc": 0.0
    },
    "demand_misses": {
        "total": 6306271.461538462,
        "instrn": 0.0,
        "data": 6306271.461538462,
        "read": 5887413.0,
        "write": 418858.46153846156,
        "misc": 0.0
    },
    "demand_miss_rate": {
        "total": 0.2745769230769231,
        "instrn": 0.0,
        "data": 0.2745769230769231,
        "read": 0.27419999999999994,
        "write": 0.2761076923076923,
        "misc": 0.0
    },
    "bytes_from_memory": 100900343.38461539,
    "bytes_to_memory": 7392888.615384615,
    "total_bytes_rw_mem": 108293232.0
}