{
    "demand_fetches": {
        "total": 6489888.133333334,
        "instrn": 0.0,
        "data": 6489888.133333334,
        "read": 5659406.0,
        "write": 830482.1333333333,
        "misc": 0.0
    },
    "demand_misses": {
        "total": 1027414.2666666667,
        "instrn": 0.0,
        "data": 1027414.2666666667,
        "read": 870974.8,
        "write": 156439.46666666667,
        "misc": 0.0
    },
    "demand_miss_rate": {
        "total": 0.13607333333333332,
        "instrn": 0.0,
        "data": 0.13607333333333332,
        "read": 0.13179333333333332,
        "write": 0.16053999999999996,
        "misc": 0.0
    },
    "bytes_from_memory": 32877256.533333335,
    "bytes_to_memory": 5262402.133333334,
    "total_bytes_rw_mem": 38139658.666666664
}