{
    "demand_fetches": {
        "total": 85755.07142857143,
        "instrn": 0.0,
        "data": 85755.07142857143,
        "read": 51953.0,
        "write": 33802.07142857143,
        "misc": 0.0
    },
    "demand_misses": {
        "total": 37338.57142857143,
        "instrn": 0.0,
        "data": 37338.57142857143,
        "read": 15109.5,
        "write": 22229.071428571428,
        "misc": 0.0
    },
    "demand_miss_rate": {
        "total": 0.24722857142857138,
        "instrn": 0.0,
        "data": 0.24722857142857138,
        "read": 0.17709285714285716,
        "write": 0.3620571428571429,
        "misc": 0.0
    },
    "bytes_from_memory": 2389668.5714285714,
    "bytes_to_memory": 1448301.7142857143,
    "total_bytes_rw_mem": 3837970.285714286
}