{
    "demand_fetches": {
        "total": 9909112.285714285,
        "instrn": 0.0,
        "data": 9909112.285714285,
        "read": 9015925.285714285,
        "write": 893187.0,
        "misc": 0.0
    },
    "demand_misses": {
        "total": 856685.5,
        "instrn": 0.0,
        "data": 856685.5,
        "read": 770162.8571428572,
        "write": 86522.64285714286,
        "misc": 0.0
    },
    "demand_miss_rate": {
        "total": 0.07391428571428571,
        "instrn": 0.0,
        "data": 0.07391428571428571,
        "read": 0.07289999999999999,
        "write": 0.08193571428571429,
        "misc": 0.0
    },
    "bytes_from_memory": 54827872.0,
    "bytes_to_memory": 6039172.571428572,
    "total_bytes_rw_mem": 60867044.571428575
}