{
    "demand_fetches": {
        "total": 5213328.142857143,
        "instrn": 0.0,
        "data": 5213328.142857143,
        "read": 4637458.142857143,
        "write": 575870.0,
        "misc": 0.0
    },
    "demand_misses": {
        "total": 2437601.8571428573,
        "instrn": 0.0,
        "data": 2437601.8571428573,
        "read": 2219308.0,
        "write": 218293.85714285713,
        "misc": 0.0
    },
    "demand_miss_rate": {
        "total": 0.38949285714285714,
        "instrn": 0.0,
        "data": 0.38949285714285714,
        "read": 0.4007214285714285,
        "write": 0.32261428571428574,
        "misc": 0.0
    },
    "bytes_from_memory": 39001629.71428572,
    "bytes_to_memory": 3699507.4285714286,
    "total_bytes_rw_mem": 42701137.14285714
}