{
    "demand_fetches": {
        "total": 10538876.538461538,
        "instrn": 0.0,
        "data": 10538876.538461538,
        "read": 9658823.923076924,
        "write": 880052.6153846154,
        "misc": 0.0
    },
    "demand_misses": {
        "total": 1040811.1538461539,
        "instrn": 0.0,
        "data": 1040811.1538461539,
        "read": 955366.7692307692,
        "write": 85444.38461538461,
        "misc": 0.0
    },
    "demand_miss_rate": {
        "total": 0.08926153846153845,
        "instrn": 0.0,
        "data": 0.08926153846153845,
        "read": 0.0893076923076923,
        "write": 0.08853846153846154,
        "misc": 0.0
    },
    "bytes_from_memory": 66611913.84615385,
    "bytes_to_memory": 6066510.769230769,
    "total_bytes_rw_mem": 72678424.61538461
}