{
    "demand_fetches": {
        "total": 9802103.142857144,
        "instrn": 0.0,
        "data": 9802103.142857144,
        "read": 8971251.642857144,
        "write": 830851.5,
        "misc": 0.0
    },
    "demand_misses": {
        "total": 2215825.785714286,
        "instrn": 0.0,
        "data": 2215825.785714286,
        "read": 2058552.0,
        "write": 157273.7857142857,
        "misc": 0.0
    },
    "demand_miss_rate": {
        "total": 0.18130000000000002,
        "instrn": 0.0,
        "data": 0.18130000000000002,
        "read": 0.1830785714285714,
        "write": 0.16110714285714287,
        "misc": 0.0
    },
    "bytes_from_memory": 70906425.14285715,
    "bytes_to_memory": 5441821.714285715,
    "total_bytes_rw_mem": 76348246.85714285
}