{
    "l1-I/Dcaches": {
        "demand_fetches": {
            "total": 11157742.615384616,
            "instrn": 0.0,
            "data": 11157742.615384616,
            "read": 9888555.76923077,
            "write": 1269186.8461538462,
            "misc": 0.0
        },
        "demand_misses": {
            "total": 3394248.153846154,
            "instrn": 0.0,
            "data": 3394248.153846154,
            "read": 2916358.6153846155,
            "write": 477889.53846153844,
            "misc": 0.0
        },
        "demand_miss_rate": {
            "total": 0.27996923076923075,
            "instrn": 0.0,
            "data": 0.27996923076923075,
            "read": 0.2704461538461539,
            "write": 0.34328461538461547,
            "misc": 0.0
        },
        "bytes_from_memory": 54307970.461538464,
        "bytes_to_memory": 7940672.0,
        "total_bytes_rw_mem": 62248642.461538464
    },
    "l2-ucache": {
        "demand_fetches": {
            "total": 3890540.153846154,
            "instrn": 0.0,
            "data": 3890540.153846154,
            "read": 3394248.153846154,
            "write": 496292.0,
            "misc": 0.0
        },
        "demand_misses": {
            "total": 805952.3846153846,
            "instrn": 0.0,
            "data": 805952.3846153846,
            "read": 805947.0,
            "write": 5.384615384615385,
            "misc": 0.0
        },
        "demand_miss_rate": {
            "total": 0.18882307692307693,
            "instrn": 0.0,
            "data": 0.18882307692307693,
            "read": 0.22050769230769235,
            "write": 1.5384615384615384e-05,
            "misc": 0.0
        },
        "bytes_from_memory": 51580952.615384616,
        "bytes_to_memory": 7998567.384615385,
        "total_bytes_rw_mem": 59579520.0
    }
}