{
    "demand_fetches": {
        "total": 11374302.642857144,
        "instrn": 0.0,
        "data": 11374302.642857144,
        "read": 9542977.785714285,
        "write": 1831324.857142857,
        "misc": 0.0
    },
    "demand_misses": {
        "total": 786599.6428571428,
        "instrn": 0.0,
        "data": 786599.6428571428,
        "read": 614265.8571428572,
        "write": 172333.7857142857,
        "misc": 0.0
    },
    "demand_miss_rate": {
        "total": 0.05977857142857144,
        "instrn": 0.0,
        "data": 0.05977857142857144,
        "read": 0.05563571428571428,
        "write": 0.07951428571428572,
        "misc": 0.0
    },
    "bytes_from_memory": 50342377.14285714,
    "bytes_to_memory": 11430217.142857144,
    "total_bytes_rw_mem": 61772594.28571428
}