{
    "demand_fetches": {
        "total": 6502652.307692308,
        "instrn": 0.0,
        "data": 6502652.307692308,
        "read": 5342057.923076923,
        "write": 1160594.3846153845,
        "misc": 0.0
    },
    "demand_misses": {
        "total": 924473.2307692308,
        "instrn": 0.0,
        "data": 924473.2307692308,
        "read": 709694.0,
        "write": 214779.23076923078,
        "misc": 0.0
    },
    "demand_miss_rate": {
        "total": 0.1272923076923077,
        "instrn": 0.0,
        "data": 0.1272923076923077,
        "read": 0.11733076923076922,
        "write": 0.16723846153846156,
        "misc": 0.0
    },
    "bytes_from_memory": 29583143.384615384,
    "bytes_to_memory": 7155763.692307692,
    "total_bytes_rw_mem": 36738907.07692308
}