{
    "demand_fetches": {
        "total": 5147154.857142857,
        "instrn": 0.0,
        "data": 5147154.857142857,
        "read": 4618732.214285715,
        "write": 528422.6428571428,
        "misc": 0.0
    },
    "demand_misses": {
        "total": 458080.78571428574,
        "instrn": 0.0,
        "data": 458080.78571428574,
        "read": 408553.85714285716,
        "write": 49526.92857142857,
        "misc": 0.0
    },
    "demand_miss_rate": {
        "total": 0.07608571428571428,
        "instrn": 0.0,
        "data": 0.07608571428571428,
        "read": 0.07562857142857142,
        "write": 0.07939285714285715,
        "misc": 0.0
    },
    "bytes_from_memory": 29317170.285714287,
    "bytes_to_memory": 3405179.4285714286,
    "total_bytes_rw_mem": 32722349.714285713
}