{
    "demand_fetches": {
        "total": 5147401.5,
        "instrn": 0.0,
        "data": 5147401.5,
        "read": 4618878.428571428,
        "write": 528523.0714285715,
        "misc": 0.0
    },
    "demand_misses": {
        "total": 2016800.0714285714,
        "instrn": 0.0,
        "data": 2016800.0714285714,
        "read": 1816994.642857143,
        "write": 199805.42857142858,
        "misc": 0.0
    },
    "demand_miss_rate": {
        "total": 0.3301357142857143,
        "instrn": 0.0,
        "data": 0.3301357142857143,
        "read": 0.3316285714285714,
        "write": 0.32037142857142864,
        "misc": 0.0
    },
    "bytes_from_memory": 32268801.14285714,
    "bytes_to_memory": 3368106.285714286,
    "total_bytes_rw_mem": 35636907.428571425
}