{
    "demand_fetches": {
        "total": 5592432.076923077,
        "instrn": 0.0,
        "data": 5592432.076923077,
        "read": 4987094.692307692,
        "write": 605337.3846153846,
        "misc": 0.0
    },
    "demand_misses": {
        "total": 2610890.846153846,
        "instrn": 0.0,
        "data": 2610890.846153846,
        "read": 2379764.769230769,
        "write": 231126.07692307694,
        "misc": 0.0
    },
    "demand_miss_rate": {
        "total": 0.41966153846153836,
        "instrn": 0.0,
        "data": 0.41966153846153836,
        "read": 0.43116923076923086,
        "write": 0.3500307692307692,
        "misc": 0.0
    },
    "bytes_from_memory": 41774253.538461536,
    "bytes_to_memory": 3926804.923076923,
    "total_bytes_rw_mem": 45701058.461538464
}