{
    "demand_fetches": {
        "total": 5548853.153846154,
        "instrn": 0.0,
        "data": 5548853.153846154,
        "read": 4974626.0,
        "write": 574227.1538461539,
        "misc": 0.0
    },
    "demand_misses": {
        "total": 691956.9230769231,
        "instrn": 0.0,
        "data": 691956.9230769231,
        "read": 633683.8461538461,
        "write": 58273.07692307692,
        "misc": 0.0
    },
    "demand_miss_rate": {
        "total": 0.11602307692307692,
        "instrn": 0.0,
        "data": 0.11602307692307692,
        "read": 0.12020769230769231,
        "write": 0.09307692307692307,
        "misc": 0.0
    },
    "bytes_from_memory": 44285243.07692308,
    "bytes_to_memory": 4315121.230769231,
    "total_bytes_rw_mem": 48600364.307692304
}