{
    "demand_fetches": {
        "total": 21086884.307692308,
        "instrn": 0.0,
        "data": 21086884.307692308,
        "read": 19657634.615384616,
        "write": 1429249.6923076923,
        "misc": 0.0
    },
    "demand_misses": {
        "total": 5481118.153846154,
        "instrn": 0.0,
        "data": 5481118.153846154,
        "read": 5087278.0,
        "write": 393840.1538461539,
        "misc": 0.0
    },
    "demand_miss_rate": {
        "total": 0.2400846153846154,
        "instrn": 0.0,
        "data": 0.2400846153846154,
        "read": 0.23809230769230771,
        "write": 0.26005384615384614,
        "misc": 0.0
    },
    "bytes_from_memory": 87697890.46153846,
    "bytes_to_memory": 6575037.538461538,
    "total_bytes_rw_mem": 94272928.0
}