{
    "demand_fetches": {
        "total": 21086884.307692308,
        "instrn": 0.0,
        "data": 21086884.307692308,
        "read": 19657634.615384616,
        "write": 1429249.6923076923,
        "misc": 0.0
    },
    "demand_misses": {
        "total": 1566047.8461538462,
        "instrn": 0.0,
        "data": 1566047.8461538462,
        "read": 1408564.923076923,
        "write": 157482.92307692306,
        "misc": 0.0
    },
    "demand_miss_rate": {
        "total": 0.0688,
        "instrn": 0.0,
        "data": 0.0688,
        "read": 0.06617692307692308,
        "write": 0.09896923076923077,
        "misc": 0.0
    },
    "bytes_from_memory": 100227062.15384616,
    "bytes_to_memory": 10991296.0,
    "total_bytes_rw_mem": 111218358.15384616
}