{
    "demand_fetches": {
        "total": 13228859.285714285,
        "instrn": 0.0,
        "data": 13228859.285714285,
        "read": 11759523.07142857,
        "write": 1469336.2142857143,
        "misc": 0.0
    },
    "demand_misses": {
        "total": 4048999.714285714,
        "instrn": 0.0,
        "data": 4048999.714285714,
        "read": 3493110.9285714286,
        "write": 555888.7857142857,
        "misc": 0.0
    },
    "demand_miss_rate": {
        "total": 0.2837714285714286,
        "instrn": 0.0,
        "data": 0.2837714285714286,
        "read": 0.27449285714285715,
        "write": 0.34675000000000006,
        "misc": 0.0
    },
    "bytes_from_memory": 64783995.428571425,
    "bytes_to_memory": 9229829.714285715,
    "total_bytes_rw_mem": 74013825.14285715
}