{
    "demand_fetches": {
        "total": 21086884.307692308,
        "instrn": 0.0,
        "data": 21086884.307692308,
        "read": 19657634.615384616,
        "write": 1429249.6923076923,
        "misc": 0.0
    },
    "demand_misses": {
        "total": 9469985.846153846,
        "instrn": 0.0,
        "data": 9469985.846153846,
        "read": 8959795.76923077,
        "write": 510190.07692307694,
        "misc": 0.0
    },
    "demand_miss_rate": {
        "total": 0.40804615384615384,
        "instrn": 0.0,
        "data": 0.40804615384615384,
        "read": 0.41446923076923076,
        "write": 0.3328692307692308,
        "misc": 0.0
    },
    "bytes_from_memory": 151519773.53846154,
    "bytes_to_memory": 10418467.692307692,
    "total_bytes_rw_mem": 161938241.23076922
}