{
    "demand_fetches": {
        "total": 13819035.384615384,
        "instrn": 0.0,
        "data": 13819035.384615384,
        "read": 12510103.538461538,
        "write": 1308931.8461538462,
        "misc": 0.0
    },
    "demand_misses": {
        "total": 1713669.7692307692,
        "instrn": 0.0,
        "data": 1713669.7692307692,
        "read": 1572166.7692307692,
        "write": 141503.0,
        "misc": 0.0
    },
    "demand_miss_rate": {
        "total": 0.12196153846153847,
        "instrn": 0.0,
        "data": 0.12196153846153847,
        "read": 0.12402307692307692,
        "write": 0.10637692307692308,
        "misc": 0.0
    },
    "bytes_from_memory": 109674865.23076923,
    "bytes_to_memory": 10704502.153846154,
    "total_bytes_rw_mem": 120379367.38461539
}