{
    "demand_fetches": {
        "total": 18610560.285714287,
        "instrn": 0.0,
        "data": 18610560.285714287,
        "read": 17654384.07142857,
        "write": 956176.2142857143,
        "misc": 0.0
    },
    "demand_misses": {
        "total": 2197829.785714286,
        "instrn": 0.0,
        "data": 2197829.785714286,
        "read": 2089964.7142857143,
        "write": 107865.07142857143,
        "misc": 0.0
    },
    "demand_miss_rate": {
        "total": 0.09572142857142855,
        "instrn": 0.0,
        "data": 0.09572142857142855,
        "read": 0.09562857142857144,
        "write": 0.09462857142857142,
        "misc": 0.0
    },
    "bytes_from_memory": 140661106.2857143,
    "bytes_to_memory": 8253147.428571428,
    "total_bytes_rw_mem": 148914253.7142857
}