{
    "demand_fetches": {
        "total": 9802103.142857144,
        "instrn": 0.0,
        "data": 9802103.142857144,
        "read": 8971251.642857144,
        "write": 830851.5,
        "misc": 0.0
    },
    "demand_misses": {
        "total": 1162544.7857142857,
        "instrn": 0.0,
        "data": 1162544.7857142857,
        "read": 1080568.7142857143,
        "write": 81976.07142857143,
        "misc": 0.0
    },
    "demand_miss_rate": {
        "total": 0.10077857142857143,
        "instrn": 0.0,
        "data": 0.10077857142857143,
        "read": 0.10271428571428573,
        "write": 0.08427142857142857,
        "misc": 0.0
    },
    "bytes_from_memory": 74402866.28571428,
    "bytes_to_memory": 6027867.428571428,
    "total_bytes_rw_mem": 80430733.71428572
}