{
    "demand_fetches": {
        "total": 121393.5,
        "instrn": 0.0,
        "data": 121393.5,
        "read": 81639.64285714286,
        "write": 39753.857142857145,
        "misc": 0.0
    },
    "demand_misses": {
        "total": 72580.14285714286,
        "instrn": 0.0,
        "data": 72580.14285714286,
        "read": 46410.92857142857,
        "write": 26169.214285714286,
        "misc": 0.0
    },
    "demand_miss_rate": {
        "total": 0.39325,
        "instrn": 0.0,
        "data": 0.39325,
        "read": 0.3952714285714286,
        "write": 0.36651428571428574,
        "misc": 0.0
    },
    "bytes_from_memory": 2322564.5714285714,
    "bytes_to_memory": 854781.7142857143,
    "total_bytes_rw_mem": 3177346.285714286
}