{
    "demand_fetches": {
        "total": 5212973.285714285,
        "instrn": 0.0,
        "data": 5212973.285714285,
        "read": 4647427.142857143,
        "write": 565546.1428571428,
        "misc": 0.0
    },
    "demand_misses": {
        "total": 1298757.5714285714,
        "instrn": 0.0,
        "data": 1298757.5714285714,
        "read": 1182119.642857143,
        "write": 116637.92857142857,
        "misc": 0.0
    },
    "demand_miss_rate": {
        "total": 0.21312857142857147,
        "instrn": 0.0,
        "data": 0.21312857142857147,
        "read": 0.2194642857142857,
        "write": 0.17489285714285716,
        "misc": 0.0
    },
    "bytes_from_memory": 41560242.28571428,
    "bytes_to_memory": 4187789.714285714,
    "total_bytes_rw_mem": 45748032.0
}