{
    "l1-I/Dcaches": {
        "demand_fetches": {
            "total": 20678607.230769232,
            "instrn": 0.0,
            "data": 20678607.230769232,
            "read": 19427261.076923076,
            "write": 1251346.1538461538,
            "misc": 0.0
        },
        "demand_misses": {
            "total": 6014332.0,
            "instrn": 0.0,
            "data": 6014332.0,
            "read": 5647264.769230769,
            "write": 367067.23076923075,
            "misc": 0.0
        },
        "demand_miss_rate": {
            "total": 0.2674923076923077,
            "instrn": 0.0,
            "data": 0.2674923076923077,
            "read": 0.26640769230769235,
            "write": 0.2773230769230769,
            "misc": 0.0
        },
        "bytes_from_memory": 96229312.0,
        "bytes_to_memory": 6334355.692307692,
        "total_bytes_rw_mem": 102563667.6923077
    },
    "l2-ucache": {
        "demand_fetches": {
            "total": 6410229.230769231,
            "instrn": 0.0,
            "data": 6410229.230769231,
            "read": 6014332.0,
            "write": 395897.23076923075,
            "misc": 0.0
        },
        "demand_misses": {
            "total": 1450651.3846153845,
            "instrn": 0.0,
            "data": 1450651.3846153845,
            "read": 1450362.3076923077,
            "write": 289.0769230769231,
            "misc": 0.0
        },
        "demand_miss_rate": {
            "total": 0.2067076923076923,
            "instrn": 0.0,
            "data": 0.2067076923076923,
            "read": 0.22418461538461537,
            "write": 0.0010461538461538462,
            "misc": 0.0
        },
        "bytes_from_memory": 92841688.61538461,
        "bytes_to_memory": 8942813.538461538,
        "total_bytes_rw_mem": 101784502.15384616
    }
}