{
    "demand_fetches": {
        "total": 5147154.857142857,
        "instrn": 0.0,
        "data": 5147154.857142857,
        "read": 4618732.214285715,
        "write": 528422.6428571428,
        "misc": 0.0
    },
    "demand_misses": {
        "total": 1043800.2857142857,
        "instrn": 0.0,
        "data": 1043800.2857142857,
        "read": 942730.2142857143,
        "write": 101070.07142857143,
        "misc": 0.0
    },
    "demand_miss_rate": {
        "total": 0.17052857142857142,
        "instrn": 0.0,
        "data": 0.17052857142857142,
        "read": 0.17190714285714284,
        "write": 0.16184285714285712,
        "misc": 0.0
    },
    "bytes_from_memory": 33401609.14285714,
    "bytes_to_memory": 3466390.8571428573,
    "total_bytes_rw_mem": 36868000.0
}