{
    "demand_fetches": {
        "total": 5574400.076923077,
        "instrn": 0.0,
        "data": 5574400.076923077,
        "read": 4982210.769230769,
        "write": 592189.3076923077,
        "misc": 0.0
    },
    "demand_misses": {
        "total": 2601068.076923077,
        "instrn": 0.0,
        "data": 2601068.076923077,
        "read": 2375679.0,
        "write": 225389.07692307694,
        "misc": 0.0
    },
    "demand_miss_rate": {
        "total": 0.4190307692307693,
        "instrn": 0.0,
        "data": 0.4190307692307693,
        "read": 0.4304769230769231,
        "write": 0.34835384615384624,
        "misc": 0.0
    },
    "bytes_from_memory": 41617089.23076923,
    "bytes_to_memory": 3822654.769230769,
    "total_bytes_rw_mem": 45439744.0
}