{
    "demand_fetches": {
        "total": 20412821.46153846,
        "instrn": 0.0,
        "data": 20412821.46153846,
        "read": 19265828.692307692,
        "write": 1146992.7692307692,
        "misc": 0.0
    },
    "demand_misses": {
        "total": 5635089.461538462,
        "instrn": 0.0,
        "data": 5635089.461538462,
        "read": 5295985.0,
        "write": 339104.46153846156,
        "misc": 0.0
    },
    "demand_miss_rate": {
        "total": 0.2545153846153846,
        "instrn": 0.0,
        "data": 0.2545153846153846,
        "read": 0.2524461538461538,
        "write": 0.2781769230769231,
        "misc": 0.0
    },
    "bytes_from_memory": 90161431.38461539,
    "bytes_to_memory": 5708705.230769231,
    "total_bytes_rw_mem": 95870136.61538461
}