{
    "l1-I/Dcaches": {
        "demand_fetches": {
            "total": 14245760.23076923,
            "instrn": 0.0,
            "data": 14245760.23076923,
            "read": 12666380.461538462,
            "write": 1579379.7692307692,
            "misc": 0.0
        },
        "demand_misses": {
            "total": 4338444.0,
            "instrn": 0.0,
            "data": 4338444.0,
            "read": 3742361.6923076925,
            "write": 596082.3076923077,
            "misc": 0.0
        },
        "demand_miss_rate": {
            "total": 0.30354615384615385,
            "instrn": 0.0,
            "data": 0.30354615384615385,
            "read": 0.29336153846153845,
            "write": 0.372623076923077,
            "misc": 0.0
        },
        "bytes_from_memory": 69415104.0,
        "bytes_to_memory": 9905534.76923077,
        "total_bytes_rw_mem": 79320638.76923077
    },
    "l2-ucache": {
        "demand_fetches": {
            "total": 4957539.923076923,
            "instrn": 0.0,
            "data": 4957539.923076923,
            "read": 4338444.0,
            "write": 619095.9230769231,
            "misc": 0.0
        },
        "demand_misses": {
            "total": 1027914.1538461539,
            "instrn": 0.0,
            "data": 1027914.1538461539,
            "read": 1027884.6923076923,
            "write": 29.46153846153846,
            "misc": 0.0
        },
        "demand_miss_rate": {
            "total": 0.2047,
            "instrn": 0.0,
            "data": 0.2047,
            "read": 0.23845384615384618,
            "write": 3.076923076923077e-05,
            "misc": 0.0
        },
        "bytes_from_memory": 65786505.84615385,
        "bytes_to_memory": 9973011.692307692,
        "total_bytes_rw_mem": 75759517.53846154
    }
}