{
    "demand_fetches": {
        "total": 30488086.615384616,
        "instrn": 0.0,
        "data": 30488086.615384616,
        "read": 24886322.692307692,
        "write": 5601763.923076923,
        "misc": 0.0
    },
    "demand_misses": {
        "total": 6763542.153846154,
        "instrn": 0.0,
        "data": 6763542.153846154,
        "read": 5395225.461538462,
        "write": 1368316.6923076923,
        "misc": 0.0
    },
    "demand_miss_rate": {
        "total": 0.2054923076923077,
        "instrn": 0.0,
        "data": 0.2054923076923077,
        "read": 0.2005,
        "write": 0.22669230769230767,
        "misc": 0.0
    },
    "bytes_from_memory": 108216674.46153846,
    "bytes_to_memory": 23345745.230769232,
    "total_bytes_rw_mem": 131562419.6923077
}