{
    "demand_fetches": {
        "total": 9774305.57142857,
        "instrn": 0.0,
        "data": 9774305.57142857,
        "read": 8964274.857142856,
        "write": 810030.7142857143,
        "misc": 0.0
    },
    "demand_misses": {
        "total": 1167538.2142857143,
        "instrn": 0.0,
        "data": 1167538.2142857143,
        "read": 1086145.2142857143,
        "write": 81393.0,
        "misc": 0.0
    },
    "demand_miss_rate": {
        "total": 0.10004285714285714,
        "instrn": 0.0,
        "data": 0.10004285714285714,
        "read": 0.10180714285714286,
        "write": 0.08523571428571428,
        "misc": 0.0
    },
    "bytes_from_memory": 74722445.71428572,
    "bytes_to_memory": 6002601.142857143,
    "total_bytes_rw_mem": 80725046.85714285
}