{
    "demand_fetches": {
        "total": 10538876.538461538,
        "instrn": 0.0,
        "data": 10538876.538461538,
        "read": 9658823.923076924,
        "write": 880052.6153846154,
        "misc": 0.0
    },
    "demand_misses": {
        "total": 4937841.692307692,
        "instrn": 0.0,
        "data": 4937841.692307692,
        "read": 4598463.230769231,
        "write": 339378.46153846156,
        "misc": 0.0
    },
    "demand_miss_rate": {
        "total": 0.4202153846153846,
        "instrn": 0.0,
        "data": 0.4202153846153846,
        "read": 0.428076923076923,
        "write": 0.3530538461538462,
        "misc": 0.0
    },
    "bytes_from_memory": 79005467.07692307,
    "bytes_to_memory": 5839974.153846154,
    "total_bytes_rw_mem": 84845441.23076923
}