{
    "demand_fetches": {
        "total": 5147154.857142857,
        "instrn": 0.0,
        "data": 5147154.857142857,
        "read": 4618732.214285715,
        "write": 528422.6428571428,
        "misc": 0.0
    },
    "demand_misses": {
        "total": 2446091.785714286,
        "instrn": 0.0,
        "data": 2446091.785714286,
        "read": 2238605.9285714286,
        "write": 207485.85714285713,
        "misc": 0.0
    },
    "demand_miss_rate": {
        "total": 0.3986214285714285,
        "instrn": 0.0,
        "data": 0.3986214285714285,
        "read": 0.4085857142857144,
        "write": 0.33460714285714277,
        "misc": 0.0
    },
    "bytes_from_memory": 39137468.571428575,
    "bytes_to_memory": 3547838.8571428573,
    "total_bytes_rw_mem": 42685307.428571425
}