{
    "demand_fetches": {
        "total": 19213305.85714286,
        "instrn": 0.0,
        "data": 19213305.85714286,
        "read": 18041208.5,
        "write": 1172097.357142857,
        "misc": 0.0
    },
    "demand_misses": {
        "total": 2838845.785714286,
        "instrn": 0.0,
        "data": 2838845.785714286,
        "read": 2660368.5,
        "write": 178477.2857142857,
        "misc": 0.0
    },
    "demand_miss_rate": {
        "total": 0.12660714285714283,
        "instrn": 0.0,
        "data": 0.12660714285714283,
        "read": 0.12598571428571428,
        "write": 0.13297142857142857,
        "misc": 0.0
    },
    "bytes_from_memory": 90843065.14285715,
    "bytes_to_memory": 6322306.285714285,
    "total_bytes_rw_mem": 97165371.42857143
}