{
    "power": {
        "0x40": 823.2383830926133,
        "0x41": 5.0697328636846235,
        "0x44": 1707.1804814723744,
        "0x45": 859.682681888647,
        "0x48": 1011.3363516913255,
        "0x4c": 612.6825013384928
    },
    "current": {
        "0x40": 164.62707030644978,
        "0x41": -0.4762350123282829,
        "0x44": 514.7913265938874,
        "0x45": 852.3974007399503,
        "0x48": 564.098267441831,
        "0x4c": 409.93220457906983
    },
    "energy": {
        "0x40": 32828.13105849996,
        "0x41": 202.2416296000023,
        "0x44": 68077.00723400025,
        "0x45": 34268.46822360007,
        "0x48": 40313.83243560057,
        "0x4c": 24431.511133699976
    }
}