{
    "demand_fetches": {
        "total": 18681704.285714287,
        "instrn": 0.0,
        "data": 18681704.285714287,
        "read": 17715672.214285713,
        "write": 966032.0714285715,
        "misc": 0.0
    },
    "demand_misses": {
        "total": 8737381.285714285,
        "instrn": 0.0,
        "data": 8737381.285714285,
        "read": 8383736.071428572,
        "write": 353645.21428571426,
        "misc": 0.0
    },
    "demand_miss_rate": {
        "total": 0.3899642857142857,
        "instrn": 0.0,
        "data": 0.3899642857142857,
        "read": 0.3948357142857143,
        "write": 0.31652857142857144,
        "misc": 0.0
    },
    "bytes_from_memory": 139798100.57142857,
    "bytes_to_memory": 6709629.714285715,
    "total_bytes_rw_mem": 146507730.2857143
}