{
    "demand_fetches": {
        "total": 13819035.384615384,
        "instrn": 0.0,
        "data": 13819035.384615384,
        "read": 12510103.538461538,
        "write": 1308931.8461538462,
        "misc": 0.0
    },
    "demand_misses": {
        "total": 2257928.5384615385,
        "instrn": 0.0,
        "data": 2257928.5384615385,
        "read": 2007574.3846153845,
        "write": 250354.15384615384,
        "misc": 0.0
    },
    "demand_miss_rate": {
        "total": 0.1625923076923077,
        "instrn": 0.0,
        "data": 0.1625923076923077,
        "read": 0.1591923076923077,
        "write": 0.18870000000000003,
        "misc": 0.0
    },
    "bytes_from_memory": 72253713.23076923,
    "bytes_to_memory": 8473179.076923076,
    "total_bytes_rw_mem": 80726892.3076923
}