{
    "demand_fetches": {
        "total": 10581582.846153846,
        "instrn": 0.0,
        "data": 10581582.846153846,
        "read": 9676558.384615384,
        "write": 905024.4615384615,
        "misc": 0.0
    },
    "demand_misses": {
        "total": 2360093.4615384615,
        "instrn": 0.0,
        "data": 2360093.4615384615,
        "read": 2179325.0,
        "write": 180768.46153846153,
        "misc": 0.0
    },
    "demand_miss_rate": {
        "total": 0.2006153846153846,
        "instrn": 0.0,
        "data": 0.2006153846153846,
        "read": 0.20289230769230768,
        "write": 0.18189230769230771,
        "misc": 0.0
    },
    "bytes_from_memory": 75522990.76923077,
    "bytes_to_memory": 6405351.384615385,
    "total_bytes_rw_mem": 81928342.15384616
}