{
    "demand_fetches": {
        "total": 46138.28571428572,
        "instrn": 0.0,
        "data": 46138.28571428572,
        "read": 29109.428571428572,
        "write": 17028.85714285714,
        "misc": 0.0
    },
    "demand_misses": {
        "total": 10951.42857142857,
        "instrn": 0.0,
        "data": 10951.42857142857,
        "read": 4816.5,
        "write": 6134.928571428572,
        "misc": 0.0
    },
    "demand_miss_rate": {
        "total": 0.16065,
        "instrn": 0.0,
        "data": 0.16065,
        "read": 0.12019999999999997,
        "write": 0.23205000000000006,
        "misc": 0.0
    },
    "bytes_from_memory": 700891.4285714285,
    "bytes_to_memory": 414171.4285714286,
    "total_bytes_rw_mem": 1115062.857142857
}