{
    "demand_fetches": {
        "total": 9802103.142857144,
        "instrn": 0.0,
        "data": 9802103.142857144,
        "read": 8971251.642857144,
        "write": 830851.5,
        "misc": 0.0
    },
    "demand_misses": {
        "total": 2407507.4285714286,
        "instrn": 0.0,
        "data": 2407507.4285714286,
        "read": 2234250.1428571427,
        "write": 173257.2857142857,
        "misc": 0.0
    },
    "demand_miss_rate": {
        "total": 0.2101,
        "instrn": 0.0,
        "data": 0.2101,
        "read": 0.21417142857142854,
        "write": 0.1781857142857143,
        "misc": 0.0
    },
    "bytes_from_memory": 77040237.71428572,
    "bytes_to_memory": 6357824.0,
    "total_bytes_rw_mem": 83398061.71428572
}