{
    "demand_fetches": {
        "total": 10570637.615384616,
        "instrn": 0.0,
        "data": 10570637.615384616,
        "read": 9671347.153846154,
        "write": 899290.4615384615,
        "misc": 0.0
    },
    "demand_misses": {
        "total": 1243336.7692307692,
        "instrn": 0.0,
        "data": 1243336.7692307692,
        "read": 1152224.0,
        "write": 91112.76923076923,
        "misc": 0.0
    },
    "demand_miss_rate": {
        "total": 0.10638461538461537,
        "instrn": 0.0,
        "data": 0.10638461538461537,
        "read": 0.10806923076923078,
        "write": 0.09239999999999998,
        "misc": 0.0
    },
    "bytes_from_memory": 79573553.23076923,
    "bytes_to_memory": 6695842.461538462,
    "total_bytes_rw_mem": 86269395.6923077
}