{
    "demand_fetches": {
        "total": 14605860.461538462,
        "instrn": 0.0,
        "data": 14605860.461538462,
        "read": 11120620.153846154,
        "write": 3485240.3076923075,
        "misc": 0.0
    },
    "demand_misses": {
        "total": 2068266.1538461538,
        "instrn": 0.0,
        "data": 2068266.1538461538,
        "read": 1403188.076923077,
        "write": 665078.0769230769,
        "misc": 0.0
    },
    "demand_miss_rate": {
        "total": 0.12976923076923075,
        "instrn": 0.0,
        "data": 0.12976923076923075,
        "read": 0.11533076923076922,
        "write": 0.17363846153846157,
        "misc": 0.0
    },
    "bytes_from_memory": 66184516.92307692,
    "bytes_to_memory": 22025939.692307692,
    "total_bytes_rw_mem": 88210456.61538461
}