{
    "demand_fetches": {
        "total": 5574400.076923077,
        "instrn": 0.0,
        "data": 5574400.076923077,
        "read": 4982210.769230769,
        "write": 592189.3076923077,
        "misc": 0.0
    },
    "demand_misses": {
        "total": 2601294.230769231,
        "instrn": 0.0,
        "data": 2601294.230769231,
        "read": 2375565.0,
        "write": 225729.23076923078,
        "misc": 0.0
    },
    "demand_miss_rate": {
        "total": 0.4192076923076924,
        "instrn": 0.0,
        "data": 0.4192076923076924,
        "read": 0.4305692307692308,
        "write": 0.3489846153846154,
        "misc": 0.0
    },
    "bytes_from_memory": 41620707.692307696,
    "bytes_to_memory": 3835453.5384615385,
    "total_bytes_rw_mem": 45456161.23076923
}