{
    "demand_fetches": {
        "total": 14605860.461538462,
        "instrn": 0.0,
        "data": 14605860.461538462,
        "read": 11120620.153846154,
        "write": 3485240.3076923075,
        "misc": 0.0
    },
    "demand_misses": {
        "total": 2250157.0,
        "instrn": 0.0,
        "data": 2250157.0,
        "read": 1568902.923076923,
        "write": 681254.0769230769,
        "misc": 0.0
    },
    "demand_miss_rate": {
        "total": 0.14272307692307692,
        "instrn": 0.0,
        "data": 0.14272307692307692,
        "read": 0.1311769230769231,
        "write": 0.17796153846153845,
        "misc": 0.0
    },
    "bytes_from_memory": 72005024.0,
    "bytes_to_memory": 22976546.46153846,
    "total_bytes_rw_mem": 94981570.46153846
}