{
    "demand_fetches": {
        "total": 14605860.461538462,
        "instrn": 0.0,
        "data": 14605860.461538462,
        "read": 11120620.153846154,
        "write": 3485240.3076923075,
        "misc": 0.0
    },
    "demand_misses": {
        "total": 2647215.846153846,
        "instrn": 0.0,
        "data": 2647215.846153846,
        "read": 1930572.6923076923,
        "write": 716643.1538461539,
        "misc": 0.0
    },
    "demand_miss_rate": {
        "total": 0.16676923076923075,
        "instrn": 0.0,
        "data": 0.16676923076923075,
        "read": 0.1600692307692308,
        "write": 0.18730769230769234,
        "misc": 0.0
    },
    "bytes_from_memory": 84710907.07692307,
    "bytes_to_memory": 24923874.46153846,
    "total_bytes_rw_mem": 109634781.53846154
}