{
    "demand_fetches": {
        "total": 19213499.92857143,
        "instrn": 0.0,
        "data": 19213499.92857143,
        "read": 18041327.5,
        "write": 1172172.4285714286,
        "misc": 0.0
    },
    "demand_misses": {
        "total": 9162044.857142856,
        "instrn": 0.0,
        "data": 9162044.857142856,
        "read": 8738292.357142856,
        "write": 423752.5,
        "misc": 0.0
    },
    "demand_miss_rate": {
        "total": 0.4031071428571429,
        "instrn": 0.0,
        "data": 0.4031071428571429,
        "read": 0.41025,
        "write": 0.31357857142857143,
        "misc": 0.0
    },
    "bytes_from_memory": 146592717.7142857,
    "bytes_to_memory": 8500050.285714285,
    "total_bytes_rw_mem": 155092768.0
}