{
    "demand_fetches": {
        "total": 20428592.57142857,
        "instrn": 0.0,
        "data": 20428592.57142857,
        "read": 18731864.64285714,
        "write": 1696727.9285714286,
        "misc": 0.0
    },
    "demand_misses": {
        "total": 2550601.0714285714,
        "instrn": 0.0,
        "data": 2550601.0714285714,
        "read": 2325866.9285714286,
        "write": 224734.14285714287,
        "misc": 0.0
    },
    "demand_miss_rate": {
        "total": 0.10758571428571428,
        "instrn": 0.0,
        "data": 0.10758571428571428,
        "read": 0.10664285714285714,
        "write": 0.1161357142857143,
        "misc": 0.0
    },
    "bytes_from_memory": 81619234.28571428,
    "bytes_to_memory": 7561273.142857143,
    "total_bytes_rw_mem": 89180507.42857143
}