{
    "demand_fetches": {
        "total": 18610525.285714287,
        "instrn": 0.0,
        "data": 18610525.285714287,
        "read": 17654362.285714287,
        "write": 956163.0,
        "misc": 0.0
    },
    "demand_misses": {
        "total": 2959529.4285714286,
        "instrn": 0.0,
        "data": 2959529.4285714286,
        "read": 2801443.6428571427,
        "write": 158085.7857142857,
        "misc": 0.0
    },
    "demand_miss_rate": {
        "total": 0.13234285714285715,
        "instrn": 0.0,
        "data": 0.13234285714285715,
        "read": 0.13146428571428573,
        "write": 0.14252857142857142,
        "misc": 0.0
    },
    "bytes_from_memory": 94704941.71428572,
    "bytes_to_memory": 5515268.571428572,
    "total_bytes_rw_mem": 100220210.28571428
}