{
    "demand_fetches": {
        "total": 11374004.785714285,
        "instrn": 0.0,
        "data": 11374004.785714285,
        "read": 9542798.0,
        "write": 1831206.7857142857,
        "misc": 0.0
    },
    "demand_misses": {
        "total": 3240775.5714285714,
        "instrn": 0.0,
        "data": 3240775.5714285714,
        "read": 2550782.3571428573,
        "write": 689993.2142857143,
        "misc": 0.0
    },
    "demand_miss_rate": {
        "total": 0.2448357142857143,
        "instrn": 0.0,
        "data": 0.2448357142857143,
        "read": 0.2294,
        "write": 0.3185714285714286,
        "misc": 0.0
    },
    "bytes_from_memory": 51852409.14285714,
    "bytes_to_memory": 11342595.42857143,
    "total_bytes_rw_mem": 63195004.571428575
}