{
    "demand_fetches": {
        "total": 5592432.076923077,
        "instrn": 0.0,
        "data": 5592432.076923077,
        "read": 4987094.692307692,
        "write": 605337.3846153846,
        "misc": 0.0
    },
    "demand_misses": {
        "total": 735850.6923076923,
        "instrn": 0.0,
        "data": 735850.6923076923,
        "read": 671245.2307692308,
        "write": 64605.46153846154,
        "misc": 0.0
    },
    "demand_miss_rate": {
        "total": 0.12405384615384614,
        "instrn": 0.0,
        "data": 0.12405384615384614,
        "read": 0.1289,
        "write": 0.09853076923076924,
        "misc": 0.0
    },
    "bytes_from_memory": 47094444.307692304,
    "bytes_to_memory": 4942020.923076923,
    "total_bytes_rw_mem": 52036465.23076923
}