{
    "demand_fetches": {
        "total": 165444.42857142858,
        "instrn": 0.0,
        "data": 165444.42857142858,
        "read": 88587.14285714286,
        "write": 76857.28571428571,
        "misc": 0.0
    },
    "demand_misses": {
        "total": 99941.57142857143,
        "instrn": 0.0,
        "data": 99941.57142857143,
        "read": 37998.92857142857,
        "write": 61942.642857142855,
        "misc": 0.0
    },
    "demand_miss_rate": {
        "total": 0.37675714285714285,
        "instrn": 0.0,
        "data": 0.37675714285714285,
        "read": 0.30337857142857144,
        "write": 0.45885,
        "misc": 0.0
    },
    "bytes_from_memory": 6396260.571428572,
    "bytes_to_memory": 3999140.5714285714,
    "total_bytes_rw_mem": 10395401.142857144
}