{
    "demand_fetches": {
        "total": 9123650.733333332,
        "instrn": 0.0,
        "data": 9123650.733333332,
        "read": 8367132.133333334,
        "write": 756518.6,
        "misc": 0.0
    },
    "demand_misses": {
        "total": 1083133.6,
        "instrn": 0.0,
        "data": 1083133.6,
        "read": 1006440.6,
        "write": 76693.0,
        "misc": 0.0
    },
    "demand_miss_rate": {
        "total": 0.09268000000000001,
        "instrn": 0.0,
        "data": 0.09268000000000001,
        "read": 0.09412666666666668,
        "write": 0.08032,
        "misc": 0.0
    },
    "bytes_from_memory": 69320550.4,
    "bytes_to_memory": 5686856.533333333,
    "total_bytes_rw_mem": 75007406.93333334
}