{
    "demand_fetches": {
        "total": 13228859.285714285,
        "instrn": 0.0,
        "data": 13228859.285714285,
        "read": 11759523.07142857,
        "write": 1469336.2142857143,
        "misc": 0.0
    },
    "demand_misses": {
        "total": 1146254.5,
        "instrn": 0.0,
        "data": 1146254.5,
        "read": 1000126.2857142857,
        "write": 146128.2142857143,
        "misc": 0.0
    },
    "demand_miss_rate": {
        "total": 0.08004285714285715,
        "instrn": 0.0,
        "data": 0.08004285714285715,
        "read": 0.07842142857142856,
        "write": 0.09120714285714285,
        "misc": 0.0
    },
    "bytes_from_memory": 73360288.0,
    "bytes_to_memory": 10285526.857142856,
    "total_bytes_rw_mem": 83645814.85714285
}