{
    "demand_fetches": {
        "total": 5213475.357142857,
        "instrn": 0.0,
        "data": 5213475.357142857,
        "read": 4637549.0,
        "write": 575926.3571428572,
        "misc": 0.0
    },
    "demand_misses": {
        "total": 1258081.642857143,
        "instrn": 0.0,
        "data": 1258081.642857143,
        "read": 1143391.7857142857,
        "write": 114689.85714285714,
        "misc": 0.0
    },
    "demand_miss_rate": {
        "total": 0.2046857142857143,
        "instrn": 0.0,
        "data": 0.2046857142857143,
        "read": 0.21091428571428567,
        "write": 0.16982142857142857,
        "misc": 0.0
    },
    "bytes_from_memory": 40258612.571428575,
    "bytes_to_memory": 4084333.714285714,
    "total_bytes_rw_mem": 44342946.28571428
}