{
    "demand_fetches": {
        "total": 21086884.307692308,
        "instrn": 0.0,
        "data": 21086884.307692308,
        "read": 19657634.615384616,
        "write": 1429249.6923076923,
        "misc": 0.0
    },
    "demand_misses": {
        "total": 7405515.692307692,
        "instrn": 0.0,
        "data": 7405515.692307692,
        "read": 6954588.0,
        "write": 450927.6923076923,
        "misc": 0.0
    },
    "demand_miss_rate": {
        "total": 0.3213307692307692,
        "instrn": 0.0,
        "data": 0.3213307692307692,
        "read": 0.32327692307692313,
        "write": 0.2964769230769231,
        "misc": 0.0
    },
    "bytes_from_memory": 118488251.07692307,
    "bytes_to_memory": 8452958.76923077,
    "total_bytes_rw_mem": 126941209.84615384
}