{
    "demand_fetches": {
        "total": 5291211.071428572,
        "instrn": 0.0,
        "data": 5291211.071428572,
        "read": 4662140.214285715,
        "write": 629070.8571428572,
        "misc": 0.0
    },
    "demand_misses": {
        "total": 1208844.7142857143,
        "instrn": 0.0,
        "data": 1208844.7142857143,
        "read": 1091484.2857142857,
        "write": 117360.42857142857,
        "misc": 0.0
    },
    "demand_miss_rate": {
        "total": 0.19074999999999998,
        "instrn": 0.0,
        "data": 0.19074999999999998,
        "read": 0.1960571428571429,
        "write": 0.15900714285714287,
        "misc": 0.0
    },
    "bytes_from_memory": 38683030.85714286,
    "bytes_to_memory": 4040987.4285714286,
    "total_bytes_rw_mem": 42724018.28571428
}