{
    "demand_fetches": {
        "total": 20330162.076923076,
        "instrn": 0.0,
        "data": 20330162.076923076,
        "read": 19211134.46153846,
        "write": 1119027.6153846155,
        "misc": 0.0
    },
    "demand_misses": {
        "total": 5714304.538461538,
        "instrn": 0.0,
        "data": 5714304.538461538,
        "read": 5378721.538461538,
        "write": 335583.0,
        "misc": 0.0
    },
    "demand_miss_rate": {
        "total": 0.25913846153846154,
        "instrn": 0.0,
        "data": 0.25913846153846154,
        "read": 0.25710769230769226,
        "write": 0.2825076923076923,
        "misc": 0.0
    },
    "bytes_from_memory": 91428872.61538461,
    "bytes_to_memory": 5647438.769230769,
    "total_bytes_rw_mem": 97076311.38461539
}