{
    "demand_fetches": {
        "total": 20428592.57142857,
        "instrn": 0.0,
        "data": 20428592.57142857,
        "read": 18731864.64285714,
        "write": 1696727.9285714286,
        "misc": 0.0
    },
    "demand_misses": {
        "total": 3269876.6428571427,
        "instrn": 0.0,
        "data": 3269876.6428571427,
        "read": 2997652.285714286,
        "write": 272224.35714285716,
        "misc": 0.0
    },
    "demand_miss_rate": {
        "total": 0.13738571428571428,
        "instrn": 0.0,
        "data": 0.13738571428571428,
        "read": 0.13715714285714284,
        "write": 0.13913571428571428,
        "misc": 0.0
    },
    "bytes_from_memory": 104636052.57142857,
    "bytes_to_memory": 10220107.42857143,
    "total_bytes_rw_mem": 114856160.0
}