{
    "demand_fetches": {
        "total": 11374302.642857144,
        "instrn": 0.0,
        "data": 11374302.642857144,
        "read": 9542977.785714285,
        "write": 1831324.857142857,
        "misc": 0.0
    },
    "demand_misses": {
        "total": 3764789.3571428573,
        "instrn": 0.0,
        "data": 3764789.3571428573,
        "read": 3048162.0714285714,
        "write": 716627.2857142857,
        "misc": 0.0
    },
    "demand_miss_rate": {
        "total": 0.2840142857142857,
        "instrn": 0.0,
        "data": 0.2840142857142857,
        "read": 0.27409285714285714,
        "write": 0.3316571428571429,
        "misc": 0.0
    },
    "bytes_from_memory": 60236629.71428572,
    "bytes_to_memory": 12215603.42857143,
    "total_bytes_rw_mem": 72452233.14285715
}