{
    "demand_fetches": {
        "total": 5458719.785714285,
        "instrn": 0.0,
        "data": 5458719.785714285,
        "read": 4741325.428571428,
        "write": 717394.3571428572,
        "misc": 0.0
    },
    "demand_misses": {
        "total": 1168939.0,
        "instrn": 0.0,
        "data": 1168939.0,
        "read": 1020981.1428571428,
        "write": 147957.85714285713,
        "misc": 0.0
    },
    "demand_miss_rate": {
        "total": 0.1831642857142857,
        "instrn": 0.0,
        "data": 0.1831642857142857,
        "read": 0.18525,
        "write": 0.1732642857142857,
        "misc": 0.0
    },
    "bytes_from_memory": 37406048.0,
    "bytes_to_memory": 5325949.714285715,
    "total_bytes_rw_mem": 42731997.71428572
}