{
    "demand_fetches": {
        "total": 20330162.076923076,
        "instrn": 0.0,
        "data": 20330162.076923076,
        "read": 19211134.46153846,
        "write": 1119027.6153846155,
        "misc": 0.0
    },
    "demand_misses": {
        "total": 4792638.461538462,
        "instrn": 0.0,
        "data": 4792638.461538462,
        "read": 4580929.769230769,
        "write": 211708.6923076923,
        "misc": 0.0
    },
    "demand_miss_rate": {
        "total": 0.21504615384615383,
        "instrn": 0.0,
        "data": 0.21504615384615383,
        "read": 0.21792307692307686,
        "write": 0.17585384615384614,
        "misc": 0.0
    },
    "bytes_from_memory": 153364430.76923078,
    "bytes_to_memory": 8354089.846153846,
    "total_bytes_rw_mem": 161718520.6153846
}