{
    "demand_fetches": {
        "total": 10361724.57142857,
        "instrn": 0.0,
        "data": 10361724.57142857,
        "read": 9180187.714285715,
        "write": 1181536.857142857,
        "misc": 0.0
    },
    "demand_misses": {
        "total": 803737.7142857143,
        "instrn": 0.0,
        "data": 803737.7142857143,
        "read": 690117.1428571428,
        "write": 113620.57142857143,
        "misc": 0.0
    },
    "demand_miss_rate": {
        "total": 0.06664285714285714,
        "instrn": 0.0,
        "data": 0.06664285714285714,
        "read": 0.06446428571428571,
        "write": 0.08130714285714284,
        "misc": 0.0
    },
    "bytes_from_memory": 51439213.71428572,
    "bytes_to_memory": 7767661.714285715,
    "total_bytes_rw_mem": 59206875.428571425
}