{
    "demand_fetches": {
        "total": 6489888.133333334,
        "instrn": 0.0,
        "data": 6489888.133333334,
        "read": 5659406.0,
        "write": 830482.1333333333,
        "misc": 0.0
    },
    "demand_misses": {
        "total": 2009667.0,
        "instrn": 0.0,
        "data": 2009667.0,
        "read": 1699592.8666666667,
        "write": 310074.13333333336,
        "misc": 0.0
    },
    "demand_miss_rate": {
        "total": 0.2672133333333333,
        "instrn": 0.0,
        "data": 0.2672133333333333,
        "read": 0.25826,
        "write": 0.31838666666666665,
        "misc": 0.0
    },
    "bytes_from_memory": 32154672.0,
    "bytes_to_memory": 5144059.733333333,
    "total_bytes_rw_mem": 37298731.733333334
}