{
    "demand_fetches": {
        "total": 22952060.35714286,
        "instrn": 0.0,
        "data": 22952060.35714286,
        "read": 20137478.0,
        "write": 2814582.3571428573,
        "misc": 0.0
    },
    "demand_misses": {
        "total": 2677312.8571428573,
        "instrn": 0.0,
        "data": 2677312.8571428573,
        "read": 2325280.285714286,
        "write": 352032.5714285714,
        "misc": 0.0
    },
    "demand_miss_rate": {
        "total": 0.10046428571428571,
        "instrn": 0.0,
        "data": 0.10046428571428571,
        "read": 0.09917857142857144,
        "write": 0.10879285714285715,
        "misc": 0.0
    },
    "bytes_from_memory": 85674011.42857143,
    "bytes_to_memory": 11859184.0,
    "total_bytes_rw_mem": 97533195.42857143
}