{
    "demand_fetches": {
        "total": 5592432.076923077,
        "instrn": 0.0,
        "data": 5592432.076923077,
        "read": 4987094.692307692,
        "write": 605337.3846153846,
        "misc": 0.0
    },
    "demand_misses": {
        "total": 670738.0,
        "instrn": 0.0,
        "data": 670738.0,
        "read": 611832.0,
        "write": 58906.0,
        "misc": 0.0
    },
    "demand_miss_rate": {
        "total": 0.10948461538461539,
        "instrn": 0.0,
        "data": 0.10948461538461539,
        "read": 0.11300769230769231,
        "write": 0.0891076923076923,
        "misc": 0.0
    },
    "bytes_from_memory": 42927232.0,
    "bytes_to_memory": 4244745.846153846,
    "total_bytes_rw_mem": 47171977.84615385
}