{
    "demand_fetches": {
        "total": 10538876.538461538,
        "instrn": 0.0,
        "data": 10538876.538461538,
        "read": 9658823.923076924,
        "write": 880052.6153846154,
        "misc": 0.0
    },
    "demand_misses": {
        "total": 1329445.4615384615,
        "instrn": 0.0,
        "data": 1329445.4615384615,
        "read": 1234430.8461538462,
        "write": 95014.61538461539,
        "misc": 0.0
    },
    "demand_miss_rate": {
        "total": 0.11773846153846156,
        "instrn": 0.0,
        "data": 0.11773846153846156,
        "read": 0.12025384615384617,
        "write": 0.09921538461538462,
        "misc": 0.0
    },
    "bytes_from_memory": 85084509.53846154,
    "bytes_to_memory": 7343074.461538462,
    "total_bytes_rw_mem": 92427584.0
}