{
    "demand_fetches": {
        "total": 5213475.357142857,
        "instrn": 0.0,
        "data": 5213475.357142857,
        "read": 4637549.0,
        "write": 575926.3571428572,
        "misc": 0.0
    },
    "demand_misses": {
        "total": 607080.9285714285,
        "instrn": 0.0,
        "data": 607080.9285714285,
        "read": 552267.2857142857,
        "write": 54813.642857142855,
        "misc": 0.0
    },
    "demand_miss_rate": {
        "total": 0.09674999999999997,
        "instrn": 0.0,
        "data": 0.09674999999999997,
        "read": 0.09939285714285714,
        "write": 0.08082857142857144,
        "misc": 0.0
    },
    "bytes_from_memory": 38853179.428571425,
    "bytes_to_memory": 3874784.0,
    "total_bytes_rw_mem": 42727963.428571425
}