{
    "demand_fetches": {
        "total": 5147401.5,
        "instrn": 0.0,
        "data": 5147401.5,
        "read": 4618878.428571428,
        "write": 528523.0714285715,
        "misc": 0.0
    },
    "demand_misses": {
        "total": 2397476.0,
        "instrn": 0.0,
        "data": 2397476.0,
        "read": 2193816.285714286,
        "write": 203659.7142857143,
        "misc": 0.0
    },
    "demand_miss_rate": {
        "total": 0.3880571428571428,
        "instrn": 0.0,
        "data": 0.3880571428571428,
        "read": 0.3973357142857143,
        "write": 0.32717857142857143,
        "misc": 0.0
    },
    "bytes_from_memory": 38359616.0,
    "bytes_to_memory": 3471894.8571428573,
    "total_bytes_rw_mem": 41831510.85714286
}