{
    "demand_fetches": {
        "total": 10538876.538461538,
        "instrn": 0.0,
        "data": 10538876.538461538,
        "read": 9658823.923076924,
        "write": 880052.6153846154,
        "misc": 0.0
    },
    "demand_misses": {
        "total": 3558804.3076923075,
        "instrn": 0.0,
        "data": 3558804.3076923075,
        "read": 3232671.3076923075,
        "write": 326133.0,
        "misc": 0.0
    },
    "demand_miss_rate": {
        "total": 0.3076538461538461,
        "instrn": 0.0,
        "data": 0.3076538461538461,
        "read": 0.3037230769230769,
        "write": 0.33846923076923086,
        "misc": 0.0
    },
    "bytes_from_memory": 56940868.92307692,
    "bytes_to_memory": 5452608.0,
    "total_bytes_rw_mem": 62393476.92307692
}