{
    "demand_fetches": {
        "total": 21086884.307692308,
        "instrn": 0.0,
        "data": 21086884.307692308,
        "read": 19657634.615384616,
        "write": 1429249.6923076923,
        "misc": 0.0
    },
    "demand_misses": {
        "total": 5851272.153846154,
        "instrn": 0.0,
        "data": 5851272.153846154,
        "read": 5447007.384615385,
        "write": 404264.76923076925,
        "misc": 0.0
    },
    "demand_miss_rate": {
        "total": 0.2550307692307693,
        "instrn": 0.0,
        "data": 0.2550307692307693,
        "read": 0.25376923076923075,
        "write": 0.2666769230769231,
        "misc": 0.0
    },
    "bytes_from_memory": 93620354.46153846,
    "bytes_to_memory": 6917543.384615385,
    "total_bytes_rw_mem": 100537897.84615384
}