{
    "demand_fetches": {
        "total": 5592432.076923077,
        "instrn": 0.0,
        "data": 5592432.076923077,
        "read": 4987094.692307692,
        "write": 605337.3846153846,
        "misc": 0.0
    },
    "demand_misses": {
        "total": 2609965.846153846,
        "instrn": 0.0,
        "data": 2609965.846153846,
        "read": 2380270.153846154,
        "write": 229695.6923076923,
        "misc": 0.0
    },
    "demand_miss_rate": {
        "total": 0.41938461538461547,
        "instrn": 0.0,
        "data": 0.41938461538461547,
        "read": 0.4312307692307693,
        "write": 0.34766923076923073,
        "misc": 0.0
    },
    "bytes_from_memory": 41759453.538461536,
    "bytes_to_memory": 3891569.230769231,
    "total_bytes_rw_mem": 45651022.76923077
}