{
    "demand_fetches": {
        "total": 5212973.285714285,
        "instrn": 0.0,
        "data": 5212973.285714285,
        "read": 4647427.142857143,
        "write": 565546.1428571428,
        "misc": 0.0
    },
    "demand_misses": {
        "total": 651276.2857142857,
        "instrn": 0.0,
        "data": 651276.2857142857,
        "read": 592514.5714285715,
        "write": 58761.71428571428,
        "misc": 0.0
    },
    "demand_miss_rate": {
        "total": 0.1081142857142857,
        "instrn": 0.0,
        "data": 0.1081142857142857,
        "read": 0.1117,
        "write": 0.0877,
        "misc": 0.0
    },
    "bytes_from_memory": 41681682.28571428,
    "bytes_to_memory": 4362678.857142857,
    "total_bytes_rw_mem": 46044361.14285714
}