{
    "demand_fetches": {
        "total": 10361724.57142857,
        "instrn": 0.0,
        "data": 10361724.57142857,
        "read": 9180187.714285715,
        "write": 1181536.857142857,
        "misc": 0.0
    },
    "demand_misses": {
        "total": 747138.8571428572,
        "instrn": 0.0,
        "data": 747138.8571428572,
        "read": 635783.6428571428,
        "write": 111355.21428571429,
        "misc": 0.0
    },
    "demand_miss_rate": {
        "total": 0.062328571428571435,
        "instrn": 0.0,
        "data": 0.062328571428571435,
        "read": 0.05972857142857142,
        "write": 0.07969285714285713,
        "misc": 0.0
    },
    "bytes_from_memory": 47816886.85714286,
    "bytes_to_memory": 7468096.0,
    "total_bytes_rw_mem": 55284982.85714286
}