{
    "demand_fetches": {
        "total": 5458719.785714285,
        "instrn": 0.0,
        "data": 5458719.785714285,
        "read": 4741325.428571428,
        "write": 717394.3571428572,
        "misc": 0.0
    },
    "demand_misses": {
        "total": 2201773.1428571427,
        "instrn": 0.0,
        "data": 2201773.1428571427,
        "read": 1914416.357142857,
        "write": 287356.78571428574,
        "misc": 0.0
    },
    "demand_miss_rate": {
        "total": 0.3426785714285714,
        "instrn": 0.0,
        "data": 0.3426785714285714,
        "read": 0.3438428571428571,
        "write": 0.33768571428571426,
        "misc": 0.0
    },
    "bytes_from_memory": 35228370.28571428,
    "bytes_to_memory": 5056896.0,
    "total_bytes_rw_mem": 40285266.28571428
}