{
    "demand_fetches": {
        "total": 56153.21428571428,
        "instrn": 0.0,
        "data": 56153.21428571428,
        "read": 39110.142857142855,
        "write": 17043.071428571428,
        "misc": 0.0
    },
    "demand_misses": {
        "total": 10251.57142857143,
        "instrn": 0.0,
        "data": 10251.57142857143,
        "read": 5379.571428571428,
        "write": 4872.0,
        "misc": 0.0
    },
    "demand_miss_rate": {
        "total": 0.13265714285714286,
        "instrn": 0.0,
        "data": 0.13265714285714286,
        "read": 0.10521428571428572,
        "write": 0.19605,
        "misc": 0.0
    },
    "bytes_from_memory": 328050.28571428574,
    "bytes_to_memory": 168736.0,
    "total_bytes_rw_mem": 496786.28571428574
}