{
    "demand_fetches": {
        "total": 9774315.714285715,
        "instrn": 0.0,
        "data": 9774315.714285715,
        "read": 8964283.0,
        "write": 810032.7142857143,
        "misc": 0.0
    },
    "demand_misses": {
        "total": 1234217.7142857143,
        "instrn": 0.0,
        "data": 1234217.7142857143,
        "read": 1147044.9285714286,
        "write": 87172.78571428571,
        "misc": 0.0
    },
    "demand_miss_rate": {
        "total": 0.10937857142857142,
        "instrn": 0.0,
        "data": 0.10937857142857142,
        "read": 0.11172142857142855,
        "write": 0.09197142857142858,
        "misc": 0.0
    },
    "bytes_from_memory": 78989933.71428572,
    "bytes_to_memory": 6741526.857142857,
    "total_bytes_rw_mem": 85731460.57142857
}