{
    "demand_fetches": {
        "total": 20199630.46153846,
        "instrn": 0.0,
        "data": 20199630.46153846,
        "read": 19130452.615384616,
        "write": 1069177.8461538462,
        "misc": 0.0
    },
    "demand_misses": {
        "total": 2474251.6153846155,
        "instrn": 0.0,
        "data": 2474251.6153846155,
        "read": 2339548.5384615385,
        "write": 134703.07692307694,
        "misc": 0.0
    },
    "demand_miss_rate": {
        "total": 0.1115,
        "instrn": 0.0,
        "data": 0.1115,
        "read": 0.11146153846153845,
        "write": 0.11302307692307692,
        "misc": 0.0
    },
    "bytes_from_memory": 158352103.3846154,
    "bytes_to_memory": 10792088.615384616,
    "total_bytes_rw_mem": 169144192.0
}