{
    "demand_fetches": {
        "total": 30488086.615384616,
        "instrn": 0.0,
        "data": 30488086.615384616,
        "read": 24886322.692307692,
        "write": 5601763.923076923,
        "misc": 0.0
    },
    "demand_misses": {
        "total": 2464379.6153846155,
        "instrn": 0.0,
        "data": 2464379.6153846155,
        "read": 1768160.5384615385,
        "write": 696219.0769230769,
        "misc": 0.0
    },
    "demand_miss_rate": {
        "total": 0.07496923076923077,
        "instrn": 0.0,
        "data": 0.07496923076923077,
        "read": 0.06620000000000001,
        "write": 0.11244615384615386,
        "misc": 0.0
    },
    "bytes_from_memory": 157720295.3846154,
    "bytes_to_memory": 49597198.76923077,
    "total_bytes_rw_mem": 207317494.15384614
}