{
    "demand_fetches": {
        "total": 5212973.285714285,
        "instrn": 0.0,
        "data": 5212973.285714285,
        "read": 4647427.142857143,
        "write": 565546.1428571428,
        "misc": 0.0
    },
    "demand_misses": {
        "total": 538298.6428571428,
        "instrn": 0.0,
        "data": 538298.6428571428,
        "read": 480554.35714285716,
        "write": 57744.28571428572,
        "misc": 0.0
    },
    "demand_miss_rate": {
        "total": 0.08884285714285714,
        "instrn": 0.0,
        "data": 0.08884285714285714,
        "read": 0.08942857142857144,
        "write": 0.08590714285714286,
        "misc": 0.0
    },
    "bytes_from_memory": 34451113.14285714,
    "bytes_to_memory": 4231126.857142857,
    "total_bytes_rw_mem": 38682240.0
}