{
    "demand_fetches": {
        "total": 11374302.642857144,
        "instrn": 0.0,
        "data": 11374302.642857144,
        "read": 9542977.785714285,
        "write": 1831324.857142857,
        "misc": 0.0
    },
    "demand_misses": {
        "total": 4697836.285714285,
        "instrn": 0.0,
        "data": 4697836.285714285,
        "read": 3932252.9285714286,
        "write": 765583.3571428572,
        "misc": 0.0
    },
    "demand_miss_rate": {
        "total": 0.3519214285714286,
        "instrn": 0.0,
        "data": 0.3519214285714286,
        "read": 0.3515357142857143,
        "write": 0.3542,
        "misc": 0.0
    },
    "bytes_from_memory": 75165380.57142857,
    "bytes_to_memory": 13828388.57142857,
    "total_bytes_rw_mem": 88993769.14285715
}