{
    "demand_fetches": {
        "total": 21086884.307692308,
        "instrn": 0.0,
        "data": 21086884.307692308,
        "read": 19657634.615384616,
        "write": 1429249.6923076923,
        "misc": 0.0
    },
    "demand_misses": {
        "total": 3235100.6153846155,
        "instrn": 0.0,
        "data": 3235100.6153846155,
        "read": 3014793.230769231,
        "write": 220307.38461538462,
        "misc": 0.0
    },
    "demand_miss_rate": {
        "total": 0.1411230769230769,
        "instrn": 0.0,
        "data": 0.1411230769230769,
        "read": 0.14074615384615385,
        "write": 0.14433846153846155,
        "misc": 0.0
    },
    "bytes_from_memory": 103523219.6923077,
    "bytes_to_memory": 8086407.384615385,
    "total_bytes_rw_mem": 111609627.07692307
}