{
    "demand_fetches": {
        "total": 5458719.785714285,
        "instrn": 0.0,
        "data": 5458719.785714285,
        "read": 4741325.428571428,
        "write": 717394.3571428572,
        "misc": 0.0
    },
    "demand_misses": {
        "total": 1594956.5,
        "instrn": 0.0,
        "data": 1594956.5,
        "read": 1330914.357142857,
        "write": 264042.14285714284,
        "misc": 0.0
    },
    "demand_miss_rate": {
        "total": 0.2516785714285715,
        "instrn": 0.0,
        "data": 0.2516785714285715,
        "read": 0.24120000000000003,
        "write": 0.3104928571428571,
        "misc": 0.0
    },
    "bytes_from_memory": 25519304.0,
    "bytes_to_memory": 4340357.714285715,
    "total_bytes_rw_mem": 29859661.714285713
}