{
    "demand_fetches": {
        "total": 13228859.285714285,
        "instrn": 0.0,
        "data": 13228859.285714285,
        "read": 11759523.07142857,
        "write": 1469336.2142857143,
        "misc": 0.0
    },
    "demand_misses": {
        "total": 4400358.071428572,
        "instrn": 0.0,
        "data": 4400358.071428572,
        "read": 3834553.5714285714,
        "write": 565804.5,
        "misc": 0.0
    },
    "demand_miss_rate": {
        "total": 0.3078785714285714,
        "instrn": 0.0,
        "data": 0.3078785714285714,
        "read": 0.3011285714285714,
        "write": 0.3536642857142857,
        "misc": 0.0
    },
    "bytes_from_memory": 70405729.14285715,
    "bytes_to_memory": 9545456.0,
    "total_bytes_rw_mem": 79951185.14285715
}