{
    "demand_fetches": {
        "total": 10581582.846153846,
        "instrn": 0.0,
        "data": 10581582.846153846,
        "read": 9676558.384615384,
        "write": 905024.4615384615,
        "misc": 0.0
    },
    "demand_misses": {
        "total": 3765567.846153846,
        "instrn": 0.0,
        "data": 3765567.846153846,
        "read": 3423899.3846153845,
        "write": 341668.46153846156,
        "misc": 0.0
    },
    "demand_miss_rate": {
        "total": 0.32423846153846153,
        "instrn": 0.0,
        "data": 0.32423846153846153,
        "read": 0.3215846153846154,
        "write": 0.3448538461538462,
        "misc": 0.0
    },
    "bytes_from_memory": 60249085.538461536,
    "bytes_to_memory": 5755378.461538462,
    "total_bytes_rw_mem": 66004464.0
}