{
    "demand_fetches": {
        "total": 10570637.615384616,
        "instrn": 0.0,
        "data": 10570637.615384616,
        "read": 9671347.153846154,
        "write": 899290.4615384615,
        "misc": 0.0
    },
    "demand_misses": {
        "total": 1199935.6153846155,
        "instrn": 0.0,
        "data": 1199935.6153846155,
        "read": 1108086.0,
        "write": 91849.61538461539,
        "misc": 0.0
    },
    "demand_miss_rate": {
        "total": 0.10307692307692308,
        "instrn": 0.0,
        "data": 0.10307692307692308,
        "read": 0.10429230769230771,
        "write": 0.0932,
        "misc": 0.0
    },
    "bytes_from_memory": 76795879.38461539,
    "bytes_to_memory": 6790734.769230769,
    "total_bytes_rw_mem": 83586614.15384616
}