{
    "demand_fetches": {
        "total": 26140940.35714286,
        "instrn": 0.0,
        "data": 26140940.35714286,
        "read": 24017767.14285714,
        "write": 2123173.214285714,
        "misc": 0.0
    },
    "demand_misses": {
        "total": 6852163.642857143,
        "instrn": 0.0,
        "data": 6852163.642857143,
        "read": 6283627.785714285,
        "write": 568535.8571428572,
        "misc": 0.0
    },
    "demand_miss_rate": {
        "total": 0.24382857142857142,
        "instrn": 0.0,
        "data": 0.24382857142857142,
        "read": 0.24256428571428576,
        "write": 0.2546357142857143,
        "misc": 0.0
    },
    "bytes_from_memory": 109634618.28571428,
    "bytes_to_memory": 9677750.857142856,
    "total_bytes_rw_mem": 119312369.14285715
}