{
    "demand_fetches": {
        "total": 5147154.857142857,
        "instrn": 0.0,
        "data": 5147154.857142857,
        "read": 4618732.214285715,
        "write": 528422.6428571428,
        "misc": 0.0
    },
    "demand_misses": {
        "total": 2445616.4285714286,
        "instrn": 0.0,
        "data": 2445616.4285714286,
        "read": 2238044.214285714,
        "write": 207572.2142857143,
        "misc": 0.0
    },
    "demand_miss_rate": {
        "total": 0.3985357142857143,
        "instrn": 0.0,
        "data": 0.3985357142857143,
        "read": 0.4084785714285714,
        "write": 0.3346642857142857,
        "misc": 0.0
    },
    "bytes_from_memory": 39129862.85714286,
    "bytes_to_memory": 3555394.285714286,
    "total_bytes_rw_mem": 42685257.14285714
}