{
    "demand_fetches": {
        "total": 18681704.285714287,
        "instrn": 0.0,
        "data": 18681704.285714287,
        "read": 17715672.214285713,
        "write": 966032.0714285715,
        "misc": 0.0
    },
    "demand_misses": {
        "total": 8829664.5,
        "instrn": 0.0,
        "data": 8829664.5,
        "read": 8476873.357142856,
        "write": 352791.14285714284,
        "misc": 0.0
    },
    "demand_miss_rate": {
        "total": 0.39532857142857136,
        "instrn": 0.0,
        "data": 0.39532857142857136,
        "read": 0.40072857142857143,
        "write": 0.3156142857142857,
        "misc": 0.0
    },
    "bytes_from_memory": 141274632.0,
    "bytes_to_memory": 6658227.428571428,
    "total_bytes_rw_mem": 147932859.42857143
}