{
    "demand_fetches": {
        "total": 6489888.133333334,
        "instrn": 0.0,
        "data": 6489888.133333334,
        "read": 5659406.0,
        "write": 830482.1333333333,
        "misc": 0.0
    },
    "demand_misses": {
        "total": 593910.4,
        "instrn": 0.0,
        "data": 593910.4,
        "read": 511666.06666666665,
        "write": 82244.33333333333,
        "misc": 0.0
    },
    "demand_miss_rate": {
        "total": 0.07922666666666668,
        "instrn": 0.0,
        "data": 0.07922666666666668,
        "read": 0.07839333333333333,
        "write": 0.08435333333333332,
        "misc": 0.0
    },
    "bytes_from_memory": 38010265.6,
    "bytes_to_memory": 5861994.666666667,
    "total_bytes_rw_mem": 43872260.266666666
}