{
    "demand_fetches": {
        "total": 26140940.35714286,
        "instrn": 0.0,
        "data": 26140940.35714286,
        "read": 24017767.14285714,
        "write": 2123173.214285714,
        "misc": 0.0
    },
    "demand_misses": {
        "total": 7226988.857142857,
        "instrn": 0.0,
        "data": 7226988.857142857,
        "read": 6644899.857142857,
        "write": 582089.0,
        "misc": 0.0
    },
    "demand_miss_rate": {
        "total": 0.2567642857142857,
        "instrn": 0.0,
        "data": 0.2567642857142857,
        "read": 0.25619285714285717,
        "write": 0.26067857142857137,
        "misc": 0.0
    },
    "bytes_from_memory": 115631821.71428572,
    "bytes_to_memory": 10135115.42857143,
    "total_bytes_rw_mem": 125766937.14285715
}