{
    "demand_fetches": {
        "total": 14605860.461538462,
        "instrn": 0.0,
        "data": 14605860.461538462,
        "read": 11120620.153846154,
        "write": 3485240.3076923075,
        "misc": 0.0
    },
    "demand_misses": {
        "total": 4051725.230769231,
        "instrn": 0.0,
        "data": 4051725.230769231,
        "read": 2734938.6923076925,
        "write": 1316786.5384615385,
        "misc": 0.0
    },
    "demand_miss_rate": {
        "total": 0.2543846153846154,
        "instrn": 0.0,
        "data": 0.2543846153846154,
        "read": 0.22496153846153846,
        "write": 0.3438,
        "misc": 0.0
    },
    "bytes_from_memory": 64827603.692307696,
    "bytes_to_memory": 21577890.46153846,
    "total_bytes_rw_mem": 86405494.15384616
}