{
    "demand_fetches": {
        "total": 5574058.538461538,
        "instrn": 0.0,
        "data": 5574058.538461538,
        "read": 4982318.0,
        "write": 591740.5384615385,
        "misc": 0.0
    },
    "demand_misses": {
        "total": 2534680.846153846,
        "instrn": 0.0,
        "data": 2534680.846153846,
        "read": 2313333.230769231,
        "write": 221347.61538461538,
        "misc": 0.0
    },
    "demand_miss_rate": {
        "total": 0.40552307692307693,
        "instrn": 0.0,
        "data": 0.40552307692307693,
        "read": 0.41537692307692314,
        "write": 0.3420538461538462,
        "misc": 0.0
    },
    "bytes_from_memory": 40554893.538461536,
    "bytes_to_memory": 3714859.076923077,
    "total_bytes_rw_mem": 44269752.615384616
}