{
    "demand_fetches": {
        "total": 5147154.857142857,
        "instrn": 0.0,
        "data": 5147154.857142857,
        "read": 4618732.214285715,
        "write": 528422.6428571428,
        "misc": 0.0
    },
    "demand_misses": {
        "total": 462966.28571428574,
        "instrn": 0.0,
        "data": 462966.28571428574,
        "read": 412987.0,
        "write": 49979.28571428572,
        "misc": 0.0
    },
    "demand_miss_rate": {
        "total": 0.07690714285714284,
        "instrn": 0.0,
        "data": 0.07690714285714284,
        "read": 0.07647142857142857,
        "write": 0.08008571428571429,
        "misc": 0.0
    },
    "bytes_from_memory": 29629842.285714287,
    "bytes_to_memory": 3464022.8571428573,
    "total_bytes_rw_mem": 33093865.14285714
}