{
    "demand_fetches": {
        "total": 6502652.307692308,
        "instrn": 0.0,
        "data": 6502652.307692308,
        "read": 5342057.923076923,
        "write": 1160594.3846153845,
        "misc": 0.0
    },
    "demand_misses": {
        "total": 1421245.6923076923,
        "instrn": 0.0,
        "data": 1421245.6923076923,
        "read": 1174205.3076923077,
        "write": 247040.38461538462,
        "misc": 0.0
    },
    "demand_miss_rate": {
        "total": 0.20185384615384613,
        "instrn": 0.0,
        "data": 0.20185384615384613,
        "read": 0.20449230769230772,
        "write": 0.19227692307692307,
        "misc": 0.0
    },
    "bytes_from_memory": 45479862.15384615,
    "bytes_to_memory": 9079456.0,
    "total_bytes_rw_mem": 54559318.15384615
}