{
    "demand_fetches": {
        "total": 6489888.133333334,
        "instrn": 0.0,
        "data": 6489888.133333334,
        "read": 5659406.0,
        "write": 830482.1333333333,
        "misc": 0.0
    },
    "demand_misses": {
        "total": 2189435.1333333333,
        "instrn": 0.0,
        "data": 2189435.1333333333,
        "read": 1873773.0666666667,
        "write": 315662.06666666665,
        "misc": 0.0
    },
    "demand_miss_rate": {
        "total": 0.2913733333333333,
        "instrn": 0.0,
        "data": 0.2913733333333333,
        "read": 0.28562666666666664,
        "write": 0.32466666666666666,
        "misc": 0.0
    },
    "bytes_from_memory": 35030962.13333333,
    "bytes_to_memory": 5301518.933333334,
    "total_bytes_rw_mem": 40332481.06666667
}