{
    "demand_fetches": {
        "total": 9802103.142857144,
        "instrn": 0.0,
        "data": 9802103.142857144,
        "read": 8971251.642857144,
        "write": 830851.5,
        "misc": 0.0
    },
    "demand_misses": {
        "total": 2357422.5,
        "instrn": 0.0,
        "data": 2357422.5,
        "read": 2190736.9285714286,
        "write": 166685.57142857142,
        "misc": 0.0
    },
    "demand_miss_rate": {
        "total": 0.20429285714285714,
        "instrn": 0.0,
        "data": 0.20429285714285714,
        "read": 0.2084,
        "write": 0.17107142857142857,
        "misc": 0.0
    },
    "bytes_from_memory": 75437520.0,
    "bytes_to_memory": 5987385.142857143,
    "total_bytes_rw_mem": 81424905.14285715
}