{
    "demand_fetches": {
        "total": 10361724.57142857,
        "instrn": 0.0,
        "data": 10361724.57142857,
        "read": 9180187.714285715,
        "write": 1181536.857142857,
        "misc": 0.0
    },
    "demand_misses": {
        "total": 1589318.9285714286,
        "instrn": 0.0,
        "data": 1589318.9285714286,
        "read": 1364277.142857143,
        "write": 225041.7857142857,
        "misc": 0.0
    },
    "demand_miss_rate": {
        "total": 0.13147857142857144,
        "instrn": 0.0,
        "data": 0.13147857142857144,
        "read": 0.12702857142857144,
        "write": 0.16104285714285713,
        "misc": 0.0
    },
    "bytes_from_memory": 50858205.71428572,
    "bytes_to_memory": 7553012.571428572,
    "total_bytes_rw_mem": 58411218.28571428
}