{
    "demand_fetches": {
        "total": 20412821.46153846,
        "instrn": 0.0,
        "data": 20412821.46153846,
        "read": 19265828.692307692,
        "write": 1146992.7692307692,
        "misc": 0.0
    },
    "demand_misses": {
        "total": 9503473.076923076,
        "instrn": 0.0,
        "data": 9503473.076923076,
        "read": 9096147.384615384,
        "write": 407325.6923076923,
        "misc": 0.0
    },
    "demand_miss_rate": {
        "total": 0.41834615384615387,
        "instrn": 0.0,
        "data": 0.41834615384615387,
        "read": 0.4247615384615385,
        "write": 0.3306615384615385,
        "misc": 0.0
    },
    "bytes_from_memory": 152055569.23076922,
    "bytes_to_memory": 7889857.230769231,
    "total_bytes_rw_mem": 159945426.46153846
}