{
    "demand_fetches": {
        "total": 18610525.285714287,
        "instrn": 0.0,
        "data": 18610525.285714287,
        "read": 17654362.285714287,
        "write": 956163.0,
        "misc": 0.0
    },
    "demand_misses": {
        "total": 2209623.3571428573,
        "instrn": 0.0,
        "data": 2209623.3571428573,
        "read": 2101864.0714285714,
        "write": 107759.28571428571,
        "misc": 0.0
    },
    "demand_miss_rate": {
        "total": 0.09654999999999998,
        "instrn": 0.0,
        "data": 0.09654999999999998,
        "read": 0.0965,
        "write": 0.09465714285714287,
        "misc": 0.0
    },
    "bytes_from_memory": 141415894.85714287,
    "bytes_to_memory": 8207579.428571428,
    "total_bytes_rw_mem": 149623474.2857143
}