{
    "demand_fetches": {
        "total": 9774305.57142857,
        "instrn": 0.0,
        "data": 9774305.57142857,
        "read": 8964274.857142856,
        "write": 810030.7142857143,
        "misc": 0.0
    },
    "demand_misses": {
        "total": 4533924.285714285,
        "instrn": 0.0,
        "data": 4533924.285714285,
        "read": 4220270.928571428,
        "write": 313653.35714285716,
        "misc": 0.0
    },
    "demand_miss_rate": {
        "total": 0.38495,
        "instrn": 0.0,
        "data": 0.38495,
        "read": 0.3911928571428572,
        "write": 0.32945714285714284,
        "misc": 0.0
    },
    "bytes_from_memory": 72542788.57142857,
    "bytes_to_memory": 5419596.571428572,
    "total_bytes_rw_mem": 77962385.14285715
}