{
    "demand_fetches": {
        "total": 10570637.615384616,
        "instrn": 0.0,
        "data": 10570637.615384616,
        "read": 9671347.153846154,
        "write": 899290.4615384615,
        "misc": 0.0
    },
    "demand_misses": {
        "total": 2453480.3846153845,
        "instrn": 0.0,
        "data": 2453480.3846153845,
        "read": 2275572.230769231,
        "write": 177908.15384615384,
        "misc": 0.0
    },
    "demand_miss_rate": {
        "total": 0.20894615384615386,
        "instrn": 0.0,
        "data": 0.20894615384615386,
        "read": 0.21233076923076927,
        "write": 0.18060000000000004,
        "misc": 0.0
    },
    "bytes_from_memory": 78511372.3076923,
    "bytes_to_memory": 6286793.846153846,
    "total_bytes_rw_mem": 84798166.15384616
}