{
    "demand_fetches": {
        "total": 22952323.07142857,
        "instrn": 0.0,
        "data": 22952323.07142857,
        "read": 20137638.35714286,
        "write": 2814684.714285714,
        "misc": 0.0
    },
    "demand_misses": {
        "total": 6031659.785714285,
        "instrn": 0.0,
        "data": 6031659.785714285,
        "read": 5288838.285714285,
        "write": 742821.5,
        "misc": 0.0
    },
    "demand_miss_rate": {
        "total": 0.22619285714285717,
        "instrn": 0.0,
        "data": 0.22619285714285717,
        "read": 0.22558571428571425,
        "write": 0.22985000000000003,
        "misc": 0.0
    },
    "bytes_from_memory": 96506556.57142857,
    "bytes_to_memory": 13137153.142857144,
    "total_bytes_rw_mem": 109643709.71428572
}