{
    "demand_fetches": {
        "total": 5574400.076923077,
        "instrn": 0.0,
        "data": 5574400.076923077,
        "read": 4982210.769230769,
        "write": 592189.3076923077,
        "misc": 0.0
    },
    "demand_misses": {
        "total": 2684424.5384615385,
        "instrn": 0.0,
        "data": 2684424.5384615385,
        "read": 2445551.923076923,
        "write": 238872.61538461538,
        "misc": 0.0
    },
    "demand_miss_rate": {
        "total": 0.4374846153846154,
        "instrn": 0.0,
        "data": 0.4374846153846154,
        "read": 0.44832307692307694,
        "write": 0.37166153846153843,
        "misc": 0.0
    },
    "bytes_from_memory": 42950792.615384616,
    "bytes_to_memory": 4138349.5384615385,
    "total_bytes_rw_mem": 47089142.15384615
}