{
    "demand_fetches": {
        "total": 5212973.285714285,
        "instrn": 0.0,
        "data": 5212973.285714285,
        "read": 4647427.142857143,
        "write": 565546.1428571428,
        "misc": 0.0
    },
    "demand_misses": {
        "total": 2508775.0,
        "instrn": 0.0,
        "data": 2508775.0,
        "read": 2281241.285714286,
        "write": 227533.7142857143,
        "misc": 0.0
    },
    "demand_miss_rate": {
        "total": 0.40679285714285707,
        "instrn": 0.0,
        "data": 0.40679285714285707,
        "read": 0.4170857142857142,
        "write": 0.34195714285714285,
        "misc": 0.0
    },
    "bytes_from_memory": 40140400.0,
    "bytes_to_memory": 3974044.5714285714,
    "total_bytes_rw_mem": 44114444.571428575
}