{
    "demand_fetches": {
        "total": 74984.71428571429,
        "instrn": 0.0,
        "data": 74984.71428571429,
        "read": 47629.07142857143,
        "write": 27355.64285714286,
        "misc": 0.0
    },
    "demand_misses": {
        "total": 26623.35714285714,
        "instrn": 0.0,
        "data": 26623.35714285714,
        "read": 12383.285714285714,
        "write": 14240.07142857143,
        "misc": 0.0
    },
    "demand_miss_rate": {
        "total": 0.21562857142857142,
        "instrn": 0.0,
        "data": 0.21562857142857142,
        "read": 0.16669285714285714,
        "write": 0.30021428571428566,
        "misc": 0.0
    },
    "bytes_from_memory": 1703894.857142857,
    "bytes_to_memory": 940265.1428571428,
    "total_bytes_rw_mem": 2644160.0
}