{
    "demand_fetches": {
        "total": 22952060.35714286,
        "instrn": 0.0,
        "data": 22952060.35714286,
        "read": 20137478.0,
        "write": 2814582.3571428573,
        "misc": 0.0
    },
    "demand_misses": {
        "total": 2800099.1428571427,
        "instrn": 0.0,
        "data": 2800099.1428571427,
        "read": 2438685.3571428573,
        "write": 361413.78571428574,
        "misc": 0.0
    },
    "demand_miss_rate": {
        "total": 0.10514285714285714,
        "instrn": 0.0,
        "data": 0.10514285714285714,
        "read": 0.1041,
        "write": 0.11172142857142857,
        "misc": 0.0
    },
    "bytes_from_memory": 89603172.57142857,
    "bytes_to_memory": 12446429.714285715,
    "total_bytes_rw_mem": 102049602.28571428
}