{
    "demand_fetches": {
        "total": 10570637.615384616,
        "instrn": 0.0,
        "data": 10570637.615384616,
        "read": 9671347.153846154,
        "write": 899290.4615384615,
        "misc": 0.0
    },
    "demand_misses": {
        "total": 867022.2307692308,
        "instrn": 0.0,
        "data": 867022.2307692308,
        "read": 782838.1538461539,
        "write": 84184.07692307692,
        "misc": 0.0
    },
    "demand_miss_rate": {
        "total": 0.07553846153846154,
        "instrn": 0.0,
        "data": 0.07553846153846154,
        "read": 0.07435384615384616,
        "write": 0.08537692307692307,
        "misc": 0.0
    },
    "bytes_from_memory": 55489422.76923077,
    "bytes_to_memory": 5766818.461538462,
    "total_bytes_rw_mem": 61256241.23076923
}