{
    "demand_fetches": {
        "total": 11374004.785714285,
        "instrn": 0.0,
        "data": 11374004.785714285,
        "read": 9542798.0,
        "write": 1831206.7857142857,
        "misc": 0.0
    },
    "demand_misses": {
        "total": 1715822.142857143,
        "instrn": 0.0,
        "data": 1715822.142857143,
        "read": 1363242.7142857143,
        "write": 352579.4285714286,
        "misc": 0.0
    },
    "demand_miss_rate": {
        "total": 0.1297714285714286,
        "instrn": 0.0,
        "data": 0.1297714285714286,
        "read": 0.12286428571428573,
        "write": 0.16282142857142853,
        "misc": 0.0
    },
    "bytes_from_memory": 54906308.571428575,
    "bytes_to_memory": 11838036.57142857,
    "total_bytes_rw_mem": 66744345.14285714
}