{
    "demand_fetches": {
        "total": 18610525.285714287,
        "instrn": 0.0,
        "data": 18610525.285714287,
        "read": 17654362.285714287,
        "write": 956163.0,
        "misc": 0.0
    },
    "demand_misses": {
        "total": 4556949.857142857,
        "instrn": 0.0,
        "data": 4556949.857142857,
        "read": 4364538.357142857,
        "write": 192411.5,
        "misc": 0.0
    },
    "demand_miss_rate": {
        "total": 0.20971428571428574,
        "instrn": 0.0,
        "data": 0.20971428571428574,
        "read": 0.21232142857142855,
        "write": 0.17352142857142858,
        "misc": 0.0
    },
    "bytes_from_memory": 145822395.42857143,
    "bytes_to_memory": 7510564.571428572,
    "total_bytes_rw_mem": 153332960.0
}