{
    "demand_fetches": {
        "total": 10570637.615384616,
        "instrn": 0.0,
        "data": 10570637.615384616,
        "read": 9671347.153846154,
        "write": 899290.4615384615,
        "misc": 0.0
    },
    "demand_misses": {
        "total": 990457.5384615385,
        "instrn": 0.0,
        "data": 990457.5384615385,
        "read": 902339.3846153846,
        "write": 88118.15384615384,
        "misc": 0.0
    },
    "demand_miss_rate": {
        "total": 0.08595384615384614,
        "instrn": 0.0,
        "data": 0.08595384615384614,
        "read": 0.08554615384615386,
        "write": 0.08936153846153846,
        "misc": 0.0
    },
    "bytes_from_memory": 63389282.461538464,
    "bytes_to_memory": 6273880.615384615,
    "total_bytes_rw_mem": 69663163.07692307
}