{
    "demand_fetches": {
        "total": 22952060.35714286,
        "instrn": 0.0,
        "data": 22952060.35714286,
        "read": 20137478.0,
        "write": 2814582.3571428573,
        "misc": 0.0
    },
    "demand_misses": {
        "total": 1597551.2142857143,
        "instrn": 0.0,
        "data": 1597551.2142857143,
        "read": 1279426.857142857,
        "write": 318124.35714285716,
        "misc": 0.0
    },
    "demand_miss_rate": {
        "total": 0.06008571428571429,
        "instrn": 0.0,
        "data": 0.06008571428571429,
        "read": 0.05492142857142857,
        "write": 0.09469285714285715,
        "misc": 0.0
    },
    "bytes_from_memory": 102243277.71428572,
    "bytes_to_memory": 21815657.14285714,
    "total_bytes_rw_mem": 124058934.85714285
}