{
    "demand_fetches": {
        "total": 4865898.266666667,
        "instrn": 0.0,
        "data": 4865898.266666667,
        "read": 4337913.4,
        "write": 527984.8666666667,
        "misc": 0.0
    },
    "demand_misses": {
        "total": 1956721.9333333333,
        "instrn": 0.0,
        "data": 1956721.9333333333,
        "read": 1751259.0666666667,
        "write": 205462.86666666667,
        "misc": 0.0
    },
    "demand_miss_rate": {
        "total": 0.31710666666666665,
        "instrn": 0.0,
        "data": 0.31710666666666665,
        "read": 0.31878,
        "write": 0.3067866666666666,
        "misc": 0.0
    },
    "bytes_from_memory": 31307550.933333334,
    "bytes_to_memory": 3529383.466666667,
    "total_bytes_rw_mem": 34836934.4
}