{
    "demand_fetches": {
        "total": 19213305.85714286,
        "instrn": 0.0,
        "data": 19213305.85714286,
        "read": 18041208.5,
        "write": 1172097.357142857,
        "misc": 0.0
    },
    "demand_misses": {
        "total": 6111707.428571428,
        "instrn": 0.0,
        "data": 6111707.428571428,
        "read": 5752353.714285715,
        "write": 359353.71428571426,
        "misc": 0.0
    },
    "demand_miss_rate": {
        "total": 0.27154285714285714,
        "instrn": 0.0,
        "data": 0.27154285714285714,
        "read": 0.2715714285714286,
        "write": 0.26830714285714286,
        "misc": 0.0
    },
    "bytes_from_memory": 97787318.85714285,
    "bytes_to_memory": 6390184.0,
    "total_bytes_rw_mem": 104177502.85714285
}