{
    "demand_fetches": {
        "total": 13819035.384615384,
        "instrn": 0.0,
        "data": 13819035.384615384,
        "read": 12510103.538461538,
        "write": 1308931.8461538462,
        "misc": 0.0
    },
    "demand_misses": {
        "total": 3386085.6923076925,
        "instrn": 0.0,
        "data": 3386085.6923076925,
        "read": 3106966.0,
        "write": 279119.6923076923,
        "misc": 0.0
    },
    "demand_miss_rate": {
        "total": 0.24272307692307687,
        "instrn": 0.0,
        "data": 0.24272307692307687,
        "read": 0.2469692307692308,
        "write": 0.21110769230769225,
        "misc": 0.0
    },
    "bytes_from_memory": 108354742.15384616,
    "bytes_to_memory": 10221555.692307692,
    "total_bytes_rw_mem": 118576297.84615384
}