{
    "demand_fetches": {
        "total": 18681704.285714287,
        "instrn": 0.0,
        "data": 18681704.285714287,
        "read": 17715672.214285713,
        "write": 966032.0714285715,
        "misc": 0.0
    },
    "demand_misses": {
        "total": 6122678.928571428,
        "instrn": 0.0,
        "data": 6122678.928571428,
        "read": 5809766.714285715,
        "write": 312912.21428571426,
        "misc": 0.0
    },
    "demand_miss_rate": {
        "total": 0.2762928571428571,
        "instrn": 0.0,
        "data": 0.2762928571428571,
        "read": 0.27572142857142856,
        "write": 0.28000714285714284,
        "misc": 0.0
    },
    "bytes_from_memory": 97962862.85714285,
    "bytes_to_memory": 5450395.428571428,
    "total_bytes_rw_mem": 103413258.28571428
}