{
    "demand_fetches": {
        "total": 5574400.076923077,
        "instrn": 0.0,
        "data": 5574400.076923077,
        "read": 4982210.769230769,
        "write": 592189.3076923077,
        "misc": 0.0
    },
    "demand_misses": {
        "total": 2596180.076923077,
        "instrn": 0.0,
        "data": 2596180.076923077,
        "read": 2369416.5384615385,
        "write": 226763.53846153847,
        "misc": 0.0
    },
    "demand_miss_rate": {
        "total": 0.4191153846153846,
        "instrn": 0.0,
        "data": 0.4191153846153846,
        "read": 0.4302615384615385,
        "write": 0.35056923076923086,
        "misc": 0.0
    },
    "bytes_from_memory": 41538881.23076923,
    "bytes_to_memory": 3859655.3846153845,
    "total_bytes_rw_mem": 45398536.615384616
}