{
    "demand_fetches": {
        "total": 5592432.076923077,
        "instrn": 0.0,
        "data": 5592432.076923077,
        "read": 4987094.692307692,
        "write": 605337.3846153846,
        "misc": 0.0
    },
    "demand_misses": {
        "total": 646516.2307692308,
        "instrn": 0.0,
        "data": 646516.2307692308,
        "read": 588597.2307692308,
        "write": 57919.0,
        "misc": 0.0
    },
    "demand_miss_rate": {
        "total": 0.10316153846153844,
        "instrn": 0.0,
        "data": 0.10316153846153844,
        "read": 0.1056923076923077,
        "write": 0.08743846153846155,
        "misc": 0.0
    },
    "bytes_from_memory": 41377038.76923077,
    "bytes_to_memory": 4099278.769230769,
    "total_bytes_rw_mem": 45476317.538461536
}