{
    "demand_fetches": {
        "total": 5212973.285714285,
        "instrn": 0.0,
        "data": 5212973.285714285,
        "read": 4647427.142857143,
        "write": 565546.1428571428,
        "misc": 0.0
    },
    "demand_misses": {
        "total": 1071025.7142857143,
        "instrn": 0.0,
        "data": 1071025.7142857143,
        "read": 958636.2857142857,
        "write": 112389.42857142857,
        "misc": 0.0
    },
    "demand_miss_rate": {
        "total": 0.17436428571428572,
        "instrn": 0.0,
        "data": 0.17436428571428572,
        "read": 0.17552857142857142,
        "write": 0.16747857142857142,
        "misc": 0.0
    },
    "bytes_from_memory": 34272822.85714286,
    "bytes_to_memory": 3945234.285714286,
    "total_bytes_rw_mem": 38218057.14285714
}