{
    "demand_fetches": {
        "total": 5574400.076923077,
        "instrn": 0.0,
        "data": 5574400.076923077,
        "read": 4982210.769230769,
        "write": 592189.3076923077,
        "misc": 0.0
    },
    "demand_misses": {
        "total": 2642259.846153846,
        "instrn": 0.0,
        "data": 2642259.846153846,
        "read": 2410018.923076923,
        "write": 232240.92307692306,
        "misc": 0.0
    },
    "demand_miss_rate": {
        "total": 0.42806923076923076,
        "instrn": 0.0,
        "data": 0.42806923076923076,
        "read": 0.4391153846153847,
        "write": 0.36033076923076923,
        "misc": 0.0
    },
    "bytes_from_memory": 42276157.538461536,
    "bytes_to_memory": 3963368.6153846155,
    "total_bytes_rw_mem": 46239526.15384615
}