{
    "demand_fetches": {
        "total": 9909992.214285715,
        "instrn": 0.0,
        "data": 9909992.214285715,
        "read": 9016409.357142856,
        "write": 893582.8571428572,
        "misc": 0.0
    },
    "demand_misses": {
        "total": 1722230.2857142857,
        "instrn": 0.0,
        "data": 1722230.2857142857,
        "read": 1550114.0,
        "write": 172116.2857142857,
        "misc": 0.0
    },
    "demand_miss_rate": {
        "total": 0.1483071428571428,
        "instrn": 0.0,
        "data": 0.1483071428571428,
        "read": 0.14645714285714284,
        "write": 0.16304285714285713,
        "misc": 0.0
    },
    "bytes_from_memory": 55111369.14285714,
    "bytes_to_memory": 5905394.285714285,
    "total_bytes_rw_mem": 61016763.428571425
}