{
    "demand_fetches": {
        "total": 5291166.928571428,
        "instrn": 0.0,
        "data": 5291166.928571428,
        "read": 4662116.428571428,
        "write": 629050.5,
        "misc": 0.0
    },
    "demand_misses": {
        "total": 1208833.4285714286,
        "instrn": 0.0,
        "data": 1208833.4285714286,
        "read": 1091794.642857143,
        "write": 117038.78571428571,
        "misc": 0.0
    },
    "demand_miss_rate": {
        "total": 0.19142142857142858,
        "instrn": 0.0,
        "data": 0.19142142857142858,
        "read": 0.1970214285714286,
        "write": 0.1585642857142857,
        "misc": 0.0
    },
    "bytes_from_memory": 38682669.71428572,
    "bytes_to_memory": 4016052.5714285714,
    "total_bytes_rw_mem": 42698722.28571428
}