{
    "demand_fetches": {
        "total": 5550060.846153846,
        "instrn": 0.0,
        "data": 5550060.846153846,
        "read": 4978853.230769231,
        "write": 571207.6153846154,
        "misc": 0.0
    },
    "demand_misses": {
        "total": 530261.8461538461,
        "instrn": 0.0,
        "data": 530261.8461538461,
        "read": 474744.6923076923,
        "write": 55517.153846153844,
        "misc": 0.0
    },
    "demand_miss_rate": {
        "total": 0.08754615384615384,
        "instrn": 0.0,
        "data": 0.08754615384615384,
        "read": 0.08746923076923077,
        "write": 0.08843076923076923,
        "misc": 0.0
    },
    "bytes_from_memory": 33936758.15384615,
    "bytes_to_memory": 3922038.153846154,
    "total_bytes_rw_mem": 37858796.307692304
}