{
    "demand_fetches": {
        "total": 159946.76923076922,
        "instrn": 0.0,
        "data": 159946.76923076922,
        "read": 85015.84615384616,
        "write": 74930.92307692308,
        "misc": 0.0
    },
    "demand_misses": {
        "total": 76275.76923076923,
        "instrn": 0.0,
        "data": 76275.76923076923,
        "read": 11758.923076923076,
        "write": 64516.846153846156,
        "misc": 0.0
    },
    "demand_miss_rate": {
        "total": 0.2730923076923077,
        "instrn": 0.0,
        "data": 0.2730923076923077,
        "read": 0.11243846153846156,
        "write": 0.5231153846153848,
        "misc": 0.0
    },
    "bytes_from_memory": 1220412.3076923077,
    "bytes_to_memory": 1042349.5384615385,
    "total_bytes_rw_mem": 2262761.846153846
}