{
    "demand_fetches": {
        "total": 10616309.666666666,
        "instrn": 0.0,
        "data": 10616309.666666666,
        "read": 8906967.933333334,
        "write": 1709341.7333333334,
        "misc": 0.0
    },
    "demand_misses": {
        "total": 830140.3333333334,
        "instrn": 0.0,
        "data": 830140.3333333334,
        "read": 662798.9333333333,
        "write": 167341.4,
        "misc": 0.0
    },
    "demand_miss_rate": {
        "total": 0.063,
        "instrn": 0.0,
        "data": 0.063,
        "read": 0.06001333333333333,
        "write": 0.07732666666666668,
        "misc": 0.0
    },
    "bytes_from_memory": 53128981.333333336,
    "bytes_to_memory": 11547046.4,
    "total_bytes_rw_mem": 64676027.733333334
}