{
    "demand_fetches": {
        "total": 5458719.785714285,
        "instrn": 0.0,
        "data": 5458719.785714285,
        "read": 4741325.428571428,
        "write": 717394.3571428572,
        "misc": 0.0
    },
    "demand_misses": {
        "total": 2322674.0714285714,
        "instrn": 0.0,
        "data": 2322674.0714285714,
        "read": 2035966.5,
        "write": 286707.5714285714,
        "misc": 0.0
    },
    "demand_miss_rate": {
        "total": 0.35992857142857143,
        "instrn": 0.0,
        "data": 0.35992857142857143,
        "read": 0.3643214285714285,
        "write": 0.3368642857142858,
        "misc": 0.0
    },
    "bytes_from_memory": 37162785.14285714,
    "bytes_to_memory": 5032572.571428572,
    "total_bytes_rw_mem": 42195357.71428572
}