{
    "demand_fetches": {
        "total": 5550060.846153846,
        "instrn": 0.0,
        "data": 5550060.846153846,
        "read": 4978853.230769231,
        "write": 571207.6153846154,
        "misc": 0.0
    },
    "demand_misses": {
        "total": 1310705.5384615385,
        "instrn": 0.0,
        "data": 1310705.5384615385,
        "read": 1198812.923076923,
        "write": 111892.61538461539,
        "misc": 0.0
    },
    "demand_miss_rate": {
        "total": 0.21230769230769234,
        "instrn": 0.0,
        "data": 0.21230769230769234,
        "read": 0.21743846153846152,
        "write": 0.1783230769230769,
        "misc": 0.0
    },
    "bytes_from_memory": 41942577.23076923,
    "bytes_to_memory": 3900044.3076923075,
    "total_bytes_rw_mem": 45842621.538461536
}