{
    "power": {
        "0x40": 803.6675024552128,
        "0x41": 4.79279535501007,
        "0x44": 1694.9024161911075,
        "0x45": 871.0634147976108,
        "0x48": 1010.6363392169774,
        "0x4c": 596.6257236894533
    },
    "current": {
        "0x40": 160.81711254147265,
        "0x41": -0.4605275381552744,
        "0x44": 511.32151108162134,
        "0x45": 863.2446600530855,
        "0x48": 563.7531149303231,
        "0x4c": 398.2536881884515
    },
    "energy": {
        "0x40": 17114.57930829989,
        "0x41": 102.01842599999904,
        "0x44": 36094.538915000056,
        "0x45": 18550.58620200012,
        "0x48": 21522.57909080016,
        "0x4c": 12705.248111399924
    }
}