{
    "demand_fetches": {
        "total": 19214001.5,
        "instrn": 0.0,
        "data": 19214001.5,
        "read": 18041581.714285713,
        "write": 1172419.7857142857,
        "misc": 0.0
    },
    "demand_misses": {
        "total": 3090222.0,
        "instrn": 0.0,
        "data": 3090222.0,
        "read": 2903426.8571428573,
        "write": 186795.14285714287,
        "misc": 0.0
    },
    "demand_miss_rate": {
        "total": 0.1375714285714286,
        "instrn": 0.0,
        "data": 0.1375714285714286,
        "read": 0.13737857142857143,
        "write": 0.1389,
        "misc": 0.0
    },
    "bytes_from_memory": 98887104.0,
    "bytes_to_memory": 6833341.714285715,
    "total_bytes_rw_mem": 105720445.71428572
}