{
    "l1-I/Dcaches": {
        "demand_fetches": {
            "total": 14283108.307692308,
            "instrn": 0.0,
            "data": 14283108.307692308,
            "read": 12697043.0,
            "write": 1586065.3076923077,
            "misc": 0.0
        },
        "demand_misses": {
            "total": 4299894.384615385,
            "instrn": 0.0,
            "data": 4299894.384615385,
            "read": 3708010.3846153845,
            "write": 591884.0,
            "misc": 0.0
        },
        "demand_miss_rate": {
            "total": 0.2978923076923077,
            "instrn": 0.0,
            "data": 0.2978923076923077,
            "read": 0.2874769230769231,
            "write": 0.3683846153846154,
            "misc": 0.0
        },
        "bytes_from_memory": 68798310.15384616,
        "bytes_to_memory": 9935991.384615384,
        "total_bytes_rw_mem": 78734301.53846154
    },
    "l2-ucache": {
        "demand_fetches": {
            "total": 4920893.846153846,
            "instrn": 0.0,
            "data": 4920893.846153846,
            "read": 4299894.384615385,
            "write": 620999.4615384615,
            "misc": 0.0
        },
        "demand_misses": {
            "total": 1001517.9230769231,
            "instrn": 0.0,
            "data": 1001517.9230769231,
            "read": 1001488.2307692308,
            "write": 29.692307692307693,
            "misc": 0.0
        },
        "demand_miss_rate": {
            "total": 0.2011230769230769,
            "instrn": 0.0,
            "data": 0.2011230769230769,
            "read": 0.2347153846153846,
            "write": 2.307692307692308e-05,
            "misc": 0.0
        },
        "bytes_from_memory": 64097147.07692308,
        "bytes_to_memory": 10141671.384615384,
        "total_bytes_rw_mem": 74238818.46153846
    }
}