{
    "demand_fetches": {
        "total": 117406.64285714286,
        "instrn": 0.0,
        "data": 117406.64285714286,
        "read": 73725.42857142857,
        "write": 43681.21428571428,
        "misc": 0.0
    },
    "demand_misses": {
        "total": 53313.28571428572,
        "instrn": 0.0,
        "data": 53313.28571428572,
        "read": 29432.071428571428,
        "write": 23881.214285714286,
        "misc": 0.0
    },
    "demand_miss_rate": {
        "total": 0.29592857142857143,
        "instrn": 0.0,
        "data": 0.29592857142857143,
        "read": 0.2752,
        "write": 0.32202142857142857,
        "misc": 0.0
    },
    "bytes_from_memory": 1706025.142857143,
    "bytes_to_memory": 782633.1428571428,
    "total_bytes_rw_mem": 2488658.285714286
}