{
    "demand_fetches": {
        "total": 12249087.538461538,
        "instrn": 0.0,
        "data": 12249087.538461538,
        "read": 10277012.076923076,
        "write": 1972075.4615384615,
        "misc": 0.0
    },
    "demand_misses": {
        "total": 3429576.076923077,
        "instrn": 0.0,
        "data": 3429576.076923077,
        "read": 2688242.846153846,
        "write": 741333.2307692308,
        "misc": 0.0
    },
    "demand_miss_rate": {
        "total": 0.2590307692307692,
        "instrn": 0.0,
        "data": 0.2590307692307692,
        "read": 0.2416230769230769,
        "write": 0.3421538461538462,
        "misc": 0.0
    },
    "bytes_from_memory": 54873217.23076923,
    "bytes_to_memory": 12164572.307692308,
    "total_bytes_rw_mem": 67037789.538461536
}