{
    "demand_fetches": {
        "total": 11374302.642857144,
        "instrn": 0.0,
        "data": 11374302.642857144,
        "read": 9542977.785714285,
        "write": 1831324.857142857,
        "misc": 0.0
    },
    "demand_misses": {
        "total": 1560651.642857143,
        "instrn": 0.0,
        "data": 1560651.642857143,
        "read": 1217357.0714285714,
        "write": 343294.5714285714,
        "misc": 0.0
    },
    "demand_miss_rate": {
        "total": 0.11833571428571428,
        "instrn": 0.0,
        "data": 0.11833571428571428,
        "read": 0.10996428571428571,
        "write": 0.15837142857142858,
        "misc": 0.0
    },
    "bytes_from_memory": 49940852.571428575,
    "bytes_to_memory": 11268507.42857143,
    "total_bytes_rw_mem": 61209360.0
}