{
    "demand_fetches": {
        "total": 11374302.642857144,
        "instrn": 0.0,
        "data": 11374302.642857144,
        "read": 9542977.785714285,
        "write": 1831324.857142857,
        "misc": 0.0
    },
    "demand_misses": {
        "total": 3837346.1428571427,
        "instrn": 0.0,
        "data": 3837346.1428571427,
        "read": 3117216.5714285714,
        "write": 720129.5714285715,
        "misc": 0.0
    },
    "demand_miss_rate": {
        "total": 0.2890428571428571,
        "instrn": 0.0,
        "data": 0.2890428571428571,
        "read": 0.27990000000000004,
        "write": 0.3329714285714286,
        "misc": 0.0
    },
    "bytes_from_memory": 61397538.28571428,
    "bytes_to_memory": 12336012.57142857,
    "total_bytes_rw_mem": 73733550.85714285
}