{
    "demand_fetches": {
        "total": 6502652.307692308,
        "instrn": 0.0,
        "data": 6502652.307692308,
        "read": 5342057.923076923,
        "write": 1160594.3846153845,
        "misc": 0.0
    },
    "demand_misses": {
        "total": 1974219.5384615385,
        "instrn": 0.0,
        "data": 1974219.5384615385,
        "read": 1540019.3846153845,
        "write": 434200.1538461539,
        "misc": 0.0
    },
    "demand_miss_rate": {
        "total": 0.2780384615384615,
        "instrn": 0.0,
        "data": 0.2780384615384615,
        "read": 0.2631230769230769,
        "write": 0.338823076923077,
        "misc": 0.0
    },
    "bytes_from_memory": 31587512.615384616,
    "bytes_to_memory": 7237472.0,
    "total_bytes_rw_mem": 38824984.615384616
}