{
    "demand_fetches": {
        "total": 9671492.866666667,
        "instrn": 0.0,
        "data": 9671492.866666667,
        "read": 8568500.333333334,
        "write": 1102992.5333333334,
        "misc": 0.0
    },
    "demand_misses": {
        "total": 754137.0666666667,
        "instrn": 0.0,
        "data": 754137.0666666667,
        "read": 647856.6666666666,
        "write": 106280.4,
        "misc": 0.0
    },
    "demand_miss_rate": {
        "total": 0.06261333333333334,
        "instrn": 0.0,
        "data": 0.06261333333333334,
        "read": 0.06059333333333334,
        "write": 0.07606666666666666,
        "misc": 0.0
    },
    "bytes_from_memory": 48264772.266666666,
    "bytes_to_memory": 7278869.333333333,
    "total_bytes_rw_mem": 55543641.6
}