{
    "demand_fetches": {
        "total": 60908.07142857143,
        "instrn": 0.0,
        "data": 60908.07142857143,
        "read": 42158.857142857145,
        "write": 18749.214285714286,
        "misc": 0.0
    },
    "demand_misses": {
        "total": 10984.0,
        "instrn": 0.0,
        "data": 10984.0,
        "read": 6387.642857142857,
        "write": 4596.357142857143,
        "misc": 0.0
    },
    "demand_miss_rate": {
        "total": 0.13645714285714286,
        "instrn": 0.0,
        "data": 0.13645714285714286,
        "read": 0.11790714285714285,
        "write": 0.1785142857142857,
        "misc": 0.0
    },
    "bytes_from_memory": 175744.0,
    "bytes_to_memory": 83948.57142857143,
    "total_bytes_rw_mem": 259692.57142857142
}