{
    "demand_fetches": {
        "total": 11374302.642857144,
        "instrn": 0.0,
        "data": 11374302.642857144,
        "read": 9542977.785714285,
        "write": 1831324.857142857,
        "misc": 0.0
    },
    "demand_misses": {
        "total": 1700837.857142857,
        "instrn": 0.0,
        "data": 1700837.857142857,
        "read": 1347532.357142857,
        "write": 353305.5,
        "misc": 0.0
    },
    "demand_miss_rate": {
        "total": 0.12879285714285713,
        "instrn": 0.0,
        "data": 0.12879285714285713,
        "read": 0.1216142857142857,
        "write": 0.1631357142857143,
        "misc": 0.0
    },
    "bytes_from_memory": 54426811.428571425,
    "bytes_to_memory": 11854816.0,
    "total_bytes_rw_mem": 66281627.428571425
}