{
    "demand_fetches": {
        "total": 20412821.46153846,
        "instrn": 0.0,
        "data": 20412821.46153846,
        "read": 19265828.692307692,
        "write": 1146992.7692307692,
        "misc": 0.0
    },
    "demand_misses": {
        "total": 6825933.384615385,
        "instrn": 0.0,
        "data": 6825933.384615385,
        "read": 6459351.461538462,
        "write": 366581.92307692306,
        "misc": 0.0
    },
    "demand_miss_rate": {
        "total": 0.3060307692307692,
        "instrn": 0.0,
        "data": 0.3060307692307692,
        "read": 0.30621538461538467,
        "write": 0.29992307692307685,
        "misc": 0.0
    },
    "bytes_from_memory": 109214934.15384616,
    "bytes_to_memory": 6578989.538461538,
    "total_bytes_rw_mem": 115793923.6923077
}