{
    "demand_fetches": {
        "total": 20330162.076923076,
        "instrn": 0.0,
        "data": 20330162.076923076,
        "read": 19211134.46153846,
        "write": 1119027.6153846155,
        "misc": 0.0
    },
    "demand_misses": {
        "total": 6326388.769230769,
        "instrn": 0.0,
        "data": 6326388.769230769,
        "read": 5979219.923076923,
        "write": 347168.8461538461,
        "misc": 0.0
    },
    "demand_miss_rate": {
        "total": 0.2851615384615384,
        "instrn": 0.0,
        "data": 0.2851615384615384,
        "read": 0.2843384615384616,
        "write": 0.2920692307692308,
        "misc": 0.0
    },
    "bytes_from_memory": 101222220.3076923,
    "bytes_to_memory": 6011830.153846154,
    "total_bytes_rw_mem": 107234050.46153846
}