{
    "demand_fetches": {
        "total": 5147746.0,
        "instrn": 0.0,
        "data": 5147746.0,
        "read": 4619092.142857143,
        "write": 528653.8571428572,
        "misc": 0.0
    },
    "demand_misses": {
        "total": 617690.6428571428,
        "instrn": 0.0,
        "data": 617690.6428571428,
        "read": 564871.3571428572,
        "write": 52819.28571428572,
        "misc": 0.0
    },
    "demand_miss_rate": {
        "total": 0.10155714285714287,
        "instrn": 0.0,
        "data": 0.10155714285714287,
        "read": 0.10424285714285712,
        "write": 0.08468571428571428,
        "misc": 0.0
    },
    "bytes_from_memory": 39532201.14285714,
    "bytes_to_memory": 3838784.0,
    "total_bytes_rw_mem": 43370985.14285714
}