{
    "demand_fetches": {
        "total": 5291166.928571428,
        "instrn": 0.0,
        "data": 5291166.928571428,
        "read": 4662116.428571428,
        "write": 629050.5,
        "misc": 0.0
    },
    "demand_misses": {
        "total": 1209671.357142857,
        "instrn": 0.0,
        "data": 1209671.357142857,
        "read": 1092893.5714285714,
        "write": 116777.78571428571,
        "misc": 0.0
    },
    "demand_miss_rate": {
        "total": 0.19185714285714286,
        "instrn": 0.0,
        "data": 0.19185714285714286,
        "read": 0.19765714285714284,
        "write": 0.15822142857142854,
        "misc": 0.0
    },
    "bytes_from_memory": 38709483.428571425,
    "bytes_to_memory": 3993570.285714286,
    "total_bytes_rw_mem": 42703053.71428572
}