{
    "demand_fetches": {
        "total": 5458719.785714285,
        "instrn": 0.0,
        "data": 5458719.785714285,
        "read": 4741325.428571428,
        "write": 717394.3571428572,
        "misc": 0.0
    },
    "demand_misses": {
        "total": 806165.5714285715,
        "instrn": 0.0,
        "data": 806165.5714285715,
        "read": 673054.5714285715,
        "write": 133111.0,
        "misc": 0.0
    },
    "demand_miss_rate": {
        "total": 0.12755714285714287,
        "instrn": 0.0,
        "data": 0.12755714285714287,
        "read": 0.12242857142857144,
        "write": 0.1564785714285714,
        "misc": 0.0
    },
    "bytes_from_memory": 25797298.285714287,
    "bytes_to_memory": 4440324.571428572,
    "total_bytes_rw_mem": 30237622.85714286
}