{
    "demand_fetches": {
        "total": 5213328.142857143,
        "instrn": 0.0,
        "data": 5213328.142857143,
        "read": 4637458.142857143,
        "write": 575870.0,
        "misc": 0.0
    },
    "demand_misses": {
        "total": 2393704.5714285714,
        "instrn": 0.0,
        "data": 2393704.5714285714,
        "read": 2179569.285714286,
        "write": 214135.2857142857,
        "misc": 0.0
    },
    "demand_miss_rate": {
        "total": 0.37932142857142864,
        "instrn": 0.0,
        "data": 0.37932142857142864,
        "read": 0.38952857142857145,
        "write": 0.31620714285714285,
        "misc": 0.0
    },
    "bytes_from_memory": 38299273.14285714,
    "bytes_to_memory": 3590736.0,
    "total_bytes_rw_mem": 41890009.14285714
}