{
    "demand_fetches": {
        "total": 24717886.384615384,
        "instrn": 0.0,
        "data": 24717886.384615384,
        "read": 21686687.46153846,
        "write": 3031198.923076923,
        "misc": 0.0
    },
    "demand_misses": {
        "total": 3977842.230769231,
        "instrn": 0.0,
        "data": 3977842.230769231,
        "read": 3493377.769230769,
        "write": 484464.46153846156,
        "misc": 0.0
    },
    "demand_miss_rate": {
        "total": 0.14886923076923078,
        "instrn": 0.0,
        "data": 0.14886923076923078,
        "read": 0.1489076923076923,
        "write": 0.14844615384615384,
        "misc": 0.0
    },
    "bytes_from_memory": 127290951.38461539,
    "bytes_to_memory": 18563652.923076924,
    "total_bytes_rw_mem": 145854604.30769232
}