{
    "l1-I/Dcaches": {
        "demand_fetches": {
            "total": 11162002.846153846,
            "instrn": 0.0,
            "data": 11162002.846153846,
            "read": 9889424.0,
            "write": 1272578.8461538462,
            "misc": 0.0
        },
        "demand_misses": {
            "total": 3388820.6153846155,
            "instrn": 0.0,
            "data": 3388820.6153846155,
            "read": 2909428.0,
            "write": 479392.6153846154,
            "misc": 0.0
        },
        "demand_miss_rate": {
            "total": 0.2799846153846154,
            "instrn": 0.0,
            "data": 0.2799846153846154,
            "read": 0.2704384615384615,
            "write": 0.3435,
            "misc": 0.0
        },
        "bytes_from_memory": 54221129.84615385,
        "bytes_to_memory": 7963635.692307692,
        "total_bytes_rw_mem": 62184765.538461536
    },
    "l2-ucache": {
        "demand_fetches": {
            "total": 3886547.846153846,
            "instrn": 0.0,
            "data": 3886547.846153846,
            "read": 3388820.6153846155,
            "write": 497727.23076923075,
            "misc": 0.0
        },
        "demand_misses": {
            "total": 801844.5384615385,
            "instrn": 0.0,
            "data": 801844.5384615385,
            "read": 801839.3076923077,
            "write": 5.230769230769231,
            "misc": 0.0
        },
        "demand_miss_rate": {
            "total": 0.18827692307692306,
            "instrn": 0.0,
            "data": 0.18827692307692306,
            "read": 0.2199153846153846,
            "write": 7.692307692307692e-06,
            "misc": 0.0
        },
        "bytes_from_memory": 51318050.461538464,
        "bytes_to_memory": 8013661.538461538,
        "total_bytes_rw_mem": 59331712.0
    }
}