{
    "demand_fetches": {
        "total": 159946.76923076922,
        "instrn": 0.0,
        "data": 159946.76923076922,
        "read": 85015.84615384616,
        "write": 74930.92307692308,
        "misc": 0.0
    },
    "demand_misses": {
        "total": 75470.30769230769,
        "instrn": 0.0,
        "data": 75470.30769230769,
        "read": 11443.615384615385,
        "write": 64026.692307692305,
        "misc": 0.0
    },
    "demand_miss_rate": {
        "total": 0.26319230769230767,
        "instrn": 0.0,
        "data": 0.26319230769230767,
        "read": 0.10504615384615387,
        "write": 0.5071692307692307,
        "misc": 0.0
    },
    "bytes_from_memory": 4830099.692307692,
    "bytes_to_memory": 4123948.3076923075,
    "total_bytes_rw_mem": 8954048.0
}