{
    "demand_fetches": {
        "total": 20330162.076923076,
        "instrn": 0.0,
        "data": 20330162.076923076,
        "read": 19211134.46153846,
        "write": 1119027.6153846155,
        "misc": 0.0
    },
    "demand_misses": {
        "total": 3625971.076923077,
        "instrn": 0.0,
        "data": 3625971.076923077,
        "read": 3436914.0,
        "write": 189057.07692307694,
        "misc": 0.0
    },
    "demand_miss_rate": {
        "total": 0.16305384615384616,
        "instrn": 0.0,
        "data": 0.16305384615384616,
        "read": 0.16330769230769232,
        "write": 0.15796153846153846,
        "misc": 0.0
    },
    "bytes_from_memory": 116031074.46153846,
    "bytes_to_memory": 6995222.153846154,
    "total_bytes_rw_mem": 123026296.61538461
}