{
    "demand_fetches": {
        "total": 5548853.153846154,
        "instrn": 0.0,
        "data": 5548853.153846154,
        "read": 4974626.0,
        "write": 574227.1538461539,
        "misc": 0.0
    },
    "demand_misses": {
        "total": 2059780.8461538462,
        "instrn": 0.0,
        "data": 2059780.8461538462,
        "read": 1846935.8461538462,
        "write": 212845.0,
        "misc": 0.0
    },
    "demand_miss_rate": {
        "total": 0.3373076923076923,
        "instrn": 0.0,
        "data": 0.3373076923076923,
        "read": 0.33707692307692305,
        "write": 0.33843076923076926,
        "misc": 0.0
    },
    "bytes_from_memory": 32956493.53846154,
    "bytes_to_memory": 3552057.846153846,
    "total_bytes_rw_mem": 36508551.384615384
}