{
    "demand_fetches": {
        "total": 4865898.266666667,
        "instrn": 0.0,
        "data": 4865898.266666667,
        "read": 4337913.4,
        "write": 527984.8666666667,
        "misc": 0.0
    },
    "demand_misses": {
        "total": 2005664.7333333334,
        "instrn": 0.0,
        "data": 2005664.7333333334,
        "read": 1800317.9333333333,
        "write": 205346.8,
        "misc": 0.0
    },
    "demand_miss_rate": {
        "total": 0.32395999999999997,
        "instrn": 0.0,
        "data": 0.32395999999999997,
        "read": 0.3266933333333333,
        "write": 0.30658666666666673,
        "misc": 0.0
    },
    "bytes_from_memory": 32090635.733333334,
    "bytes_to_memory": 3524176.0,
    "total_bytes_rw_mem": 35614811.733333334
}