{
    "demand_fetches": {
        "total": 5458719.785714285,
        "instrn": 0.0,
        "data": 5458719.785714285,
        "read": 4741325.428571428,
        "write": 717394.3571428572,
        "misc": 0.0
    },
    "demand_misses": {
        "total": 724575.0714285715,
        "instrn": 0.0,
        "data": 724575.0714285715,
        "read": 646914.3571428572,
        "write": 77660.71428571429,
        "misc": 0.0
    },
    "demand_miss_rate": {
        "total": 0.11589285714285714,
        "instrn": 0.0,
        "data": 0.11589285714285714,
        "read": 0.12072142857142858,
        "write": 0.0912142857142857,
        "misc": 0.0
    },
    "bytes_from_memory": 46372804.571428575,
    "bytes_to_memory": 5914619.428571428,
    "total_bytes_rw_mem": 52287424.0
}