{
    "demand_fetches": {
        "total": 20330162.076923076,
        "instrn": 0.0,
        "data": 20330162.076923076,
        "read": 19211134.46153846,
        "write": 1119027.6153846155,
        "misc": 0.0
    },
    "demand_misses": {
        "total": 1481392.8461538462,
        "instrn": 0.0,
        "data": 1481392.8461538462,
        "read": 1365904.076923077,
        "write": 115488.76923076923,
        "misc": 0.0
    },
    "demand_miss_rate": {
        "total": 0.06753846153846153,
        "instrn": 0.0,
        "data": 0.06753846153846153,
        "read": 0.0657076923076923,
        "write": 0.09270769230769231,
        "misc": 0.0
    },
    "bytes_from_memory": 94809142.15384616,
    "bytes_to_memory": 7915652.923076923,
    "total_bytes_rw_mem": 102724795.07692307
}