{
    "demand_fetches": {
        "total": 10538876.538461538,
        "instrn": 0.0,
        "data": 10538876.538461538,
        "read": 9658823.923076924,
        "write": 880052.6153846154,
        "misc": 0.0
    },
    "demand_misses": {
        "total": 2543136.5384615385,
        "instrn": 0.0,
        "data": 2543136.5384615385,
        "read": 2364935.230769231,
        "write": 178201.3076923077,
        "misc": 0.0
    },
    "demand_miss_rate": {
        "total": 0.2203230769230769,
        "instrn": 0.0,
        "data": 0.2203230769230769,
        "read": 0.22466153846153844,
        "write": 0.1856307692307692,
        "misc": 0.0
    },
    "bytes_from_memory": 81380369.23076923,
    "bytes_to_memory": 6407158.153846154,
    "total_bytes_rw_mem": 87787527.38461539
}