{
    "demand_fetches": {
        "total": 11374302.642857144,
        "instrn": 0.0,
        "data": 11374302.642857144,
        "read": 9542977.785714285,
        "write": 1831324.857142857,
        "misc": 0.0
    },
    "demand_misses": {
        "total": 1715846.4285714286,
        "instrn": 0.0,
        "data": 1715846.4285714286,
        "read": 1363261.857142857,
        "write": 352584.5714285714,
        "misc": 0.0
    },
    "demand_miss_rate": {
        "total": 0.1297714285714286,
        "instrn": 0.0,
        "data": 0.1297714285714286,
        "read": 0.12287142857142859,
        "write": 0.16282142857142853,
        "misc": 0.0
    },
    "bytes_from_memory": 54907085.71428572,
    "bytes_to_memory": 11838283.42857143,
    "total_bytes_rw_mem": 66745369.14285714
}