{
    "demand_fetches": {
        "total": 5291166.928571428,
        "instrn": 0.0,
        "data": 5291166.928571428,
        "read": 4662116.428571428,
        "write": 629050.5,
        "misc": 0.0
    },
    "demand_misses": {
        "total": 2492794.8571428573,
        "instrn": 0.0,
        "data": 2492794.8571428573,
        "read": 2244876.0714285714,
        "write": 247918.7857142857,
        "misc": 0.0
    },
    "demand_miss_rate": {
        "total": 0.3965142857142857,
        "instrn": 0.0,
        "data": 0.3965142857142857,
        "read": 0.40730714285714287,
        "write": 0.33590000000000003,
        "misc": 0.0
    },
    "bytes_from_memory": 39884717.71428572,
    "bytes_to_memory": 4256166.857142857,
    "total_bytes_rw_mem": 44140884.571428575
}