{
    "demand_fetches": {
        "total": 10361724.57142857,
        "instrn": 0.0,
        "data": 10361724.57142857,
        "read": 9180187.714285715,
        "write": 1181536.857142857,
        "misc": 0.0
    },
    "demand_misses": {
        "total": 4388160.285714285,
        "instrn": 0.0,
        "data": 4388160.285714285,
        "read": 3907375.9285714286,
        "write": 480784.35714285716,
        "misc": 0.0
    },
    "demand_miss_rate": {
        "total": 0.3579642857142857,
        "instrn": 0.0,
        "data": 0.3579642857142857,
        "read": 0.36000714285714286,
        "write": 0.34450000000000003,
        "misc": 0.0
    },
    "bytes_from_memory": 70210564.57142857,
    "bytes_to_memory": 8518240.0,
    "total_bytes_rw_mem": 78728804.57142857
}