{
    "demand_fetches": {
        "total": 18681482.285714287,
        "instrn": 0.0,
        "data": 18681482.285714287,
        "read": 17715536.92857143,
        "write": 965945.3571428572,
        "misc": 0.0
    },
    "demand_misses": {
        "total": 2021374.9285714286,
        "instrn": 0.0,
        "data": 2021374.9285714286,
        "read": 1907938.9285714286,
        "write": 113436.0,
        "misc": 0.0
    },
    "demand_miss_rate": {
        "total": 0.08999285714285714,
        "instrn": 0.0,
        "data": 0.08999285714285714,
        "read": 0.08947142857142856,
        "write": 0.09711428571428571,
        "misc": 0.0
    },
    "bytes_from_memory": 129367995.42857143,
    "bytes_to_memory": 8684658.285714285,
    "total_bytes_rw_mem": 138052653.7142857
}