{
    "demand_fetches": {
        "total": 20330162.076923076,
        "instrn": 0.0,
        "data": 20330162.076923076,
        "read": 19211134.46153846,
        "write": 1119027.6153846155,
        "misc": 0.0
    },
    "demand_misses": {
        "total": 1486030.5384615385,
        "instrn": 0.0,
        "data": 1486030.5384615385,
        "read": 1370216.4615384615,
        "write": 115814.07692307692,
        "misc": 0.0
    },
    "demand_miss_rate": {
        "total": 0.06775384615384615,
        "instrn": 0.0,
        "data": 0.06775384615384615,
        "read": 0.06591538461538461,
        "write": 0.09297692307692308,
        "misc": 0.0
    },
    "bytes_from_memory": 95105954.46153846,
    "bytes_to_memory": 7959616.0,
    "total_bytes_rw_mem": 103065570.46153846
}