{
    "demand_fetches": {
        "total": 20412821.46153846,
        "instrn": 0.0,
        "data": 20412821.46153846,
        "read": 19265828.692307692,
        "write": 1146992.7692307692,
        "misc": 0.0
    },
    "demand_misses": {
        "total": 4395103.384615385,
        "instrn": 0.0,
        "data": 4395103.384615385,
        "read": 4175026.3846153845,
        "write": 220077.0,
        "misc": 0.0
    },
    "demand_miss_rate": {
        "total": 0.19564615384615383,
        "instrn": 0.0,
        "data": 0.19564615384615383,
        "read": 0.19704615384615384,
        "write": 0.17678461538461535,
        "misc": 0.0
    },
    "bytes_from_memory": 140643308.30769232,
    "bytes_to_memory": 8875468.307692308,
    "total_bytes_rw_mem": 149518776.6153846
}