{
    "demand_fetches": {
        "total": 5550060.846153846,
        "instrn": 0.0,
        "data": 5550060.846153846,
        "read": 4978853.230769231,
        "write": 571207.6153846154,
        "misc": 0.0
    },
    "demand_misses": {
        "total": 733675.6153846154,
        "instrn": 0.0,
        "data": 733675.6153846154,
        "read": 673662.2307692308,
        "write": 60013.38461538462,
        "misc": 0.0
    },
    "demand_miss_rate": {
        "total": 0.12445384615384615,
        "instrn": 0.0,
        "data": 0.12445384615384615,
        "read": 0.1293,
        "write": 0.0963923076923077,
        "misc": 0.0
    },
    "bytes_from_memory": 46955239.384615384,
    "bytes_to_memory": 4520093.538461538,
    "total_bytes_rw_mem": 51475332.92307692
}