{
    "demand_fetches": {
        "total": 17437226.466666665,
        "instrn": 0.0,
        "data": 17437226.466666665,
        "read": 16535103.133333333,
        "write": 902123.3333333334,
        "misc": 0.0
    },
    "demand_misses": {
        "total": 1886742.2666666666,
        "instrn": 0.0,
        "data": 1886742.2666666666,
        "read": 1780837.2,
        "write": 105905.06666666667,
        "misc": 0.0
    },
    "demand_miss_rate": {
        "total": 0.084,
        "instrn": 0.0,
        "data": 0.084,
        "read": 0.08351333333333333,
        "write": 0.09064666666666668,
        "misc": 0.0
    },
    "bytes_from_memory": 120751505.06666666,
    "bytes_to_memory": 8110412.8,
    "total_bytes_rw_mem": 128861917.86666666
}