{
    "demand_fetches": {
        "total": 21086884.307692308,
        "instrn": 0.0,
        "data": 21086884.307692308,
        "read": 19657634.615384616,
        "write": 1429249.6923076923,
        "misc": 0.0
    },
    "demand_misses": {
        "total": 2753237.076923077,
        "instrn": 0.0,
        "data": 2753237.076923077,
        "read": 2554042.076923077,
        "write": 199195.0,
        "misc": 0.0
    },
    "demand_miss_rate": {
        "total": 0.12069230769230768,
        "instrn": 0.0,
        "data": 0.12069230769230768,
        "read": 0.11964615384615386,
        "write": 0.13134615384615383,
        "misc": 0.0
    },
    "bytes_from_memory": 88103586.46153846,
    "bytes_to_memory": 6744745.846153846,
    "total_bytes_rw_mem": 94848332.3076923
}