{
    "demand_fetches": {
        "total": 129662.53846153847,
        "instrn": 0.0,
        "data": 129662.53846153847,
        "read": 46295.307692307695,
        "write": 83367.23076923077,
        "misc": 0.0
    },
    "demand_misses": {
        "total": 90947.61538461539,
        "instrn": 0.0,
        "data": 90947.61538461539,
        "read": 19896.923076923078,
        "write": 71050.69230769231,
        "misc": 0.0
    },
    "demand_miss_rate": {
        "total": 0.43563846153846153,
        "instrn": 0.0,
        "data": 0.43563846153846153,
        "read": 0.3084230769230769,
        "write": 0.5364461538461538,
        "misc": 0.0
    },
    "bytes_from_memory": 2910323.6923076925,
    "bytes_to_memory": 2289240.6153846155,
    "total_bytes_rw_mem": 5199564.307692308
}