{
    "power": {
        "0x40": 819.9931269580824,
        "0x41": 5.123117759563035,
        "0x44": 1704.208423907125,
        "0x45": 862.0094569216716,
        "0x48": 1010.74121839707,
        "0x4c": 610.5115871129248
    },
    "current": {
        "0x40": 163.9603686703124,
        "0x41": -0.4162202641165744,
        "0x44": 514.0175026411731,
        "0x45": 854.7300922131116,
        "0x48": 563.7858866120081,
        "0x4c": 407.979670081959
    },
    "energy": {
        "0x40": 25818.402250799965,
        "0x41": 161.3652549999989,
        "0x44": 53658.51736820044,
        "0x45": 27139.89322160003,
        "0x48": 31823.71838160005,
        "0x4c": 19222.879578799864
    }
}