{
    "demand_fetches": {
        "total": 10581582.846153846,
        "instrn": 0.0,
        "data": 10581582.846153846,
        "read": 9676558.384615384,
        "write": 905024.4615384615,
        "misc": 0.0
    },
    "demand_misses": {
        "total": 5111757.461538462,
        "instrn": 0.0,
        "data": 5111757.461538462,
        "read": 4742245.692307692,
        "write": 369511.76923076925,
        "misc": 0.0
    },
    "demand_miss_rate": {
        "total": 0.4397384615384615,
        "instrn": 0.0,
        "data": 0.4397384615384615,
        "read": 0.44766923076923076,
        "write": 0.37585384615384615,
        "misc": 0.0
    },
    "bytes_from_memory": 81788119.38461539,
    "bytes_to_memory": 6537590.153846154,
    "total_bytes_rw_mem": 88325709.53846154
}