{
    "demand_fetches": {
        "total": 10570637.615384616,
        "instrn": 0.0,
        "data": 10570637.615384616,
        "read": 9671347.153846154,
        "write": 899290.4615384615,
        "misc": 0.0
    },
    "demand_misses": {
        "total": 1030510.3846153846,
        "instrn": 0.0,
        "data": 1030510.3846153846,
        "read": 943350.2307692308,
        "write": 87160.15384615384,
        "misc": 0.0
    },
    "demand_miss_rate": {
        "total": 0.08853846153846152,
        "instrn": 0.0,
        "data": 0.08853846153846152,
        "read": 0.08852307692307691,
        "write": 0.08836153846153846,
        "misc": 0.0
    },
    "bytes_from_memory": 65952664.615384616,
    "bytes_to_memory": 6143748.923076923,
    "total_bytes_rw_mem": 72096413.53846154
}