{
    "demand_fetches": {
        "total": 30488086.615384616,
        "instrn": 0.0,
        "data": 30488086.615384616,
        "read": 24886322.692307692,
        "write": 5601763.923076923,
        "misc": 0.0
    },
    "demand_misses": {
        "total": 2117626.0,
        "instrn": 0.0,
        "data": 2117626.0,
        "read": 1471652.3076923077,
        "write": 645973.6923076923,
        "misc": 0.0
    },
    "demand_miss_rate": {
        "total": 0.06445384615384617,
        "instrn": 0.0,
        "data": 0.06445384615384617,
        "read": 0.05513846153846154,
        "write": 0.10433076923076925,
        "misc": 0.0
    },
    "bytes_from_memory": 135528064.0,
    "bytes_to_memory": 44327960.615384616,
    "total_bytes_rw_mem": 179856024.6153846
}