{
    "demand_fetches": {
        "total": 9909068.142857144,
        "instrn": 0.0,
        "data": 9909068.142857144,
        "read": 9015900.142857144,
        "write": 893168.0,
        "misc": 0.0
    },
    "demand_misses": {
        "total": 1217939.4285714286,
        "instrn": 0.0,
        "data": 1217939.4285714286,
        "read": 1122720.9285714286,
        "write": 95218.5,
        "misc": 0.0
    },
    "demand_miss_rate": {
        "total": 0.10453571428571427,
        "instrn": 0.0,
        "data": 0.10453571428571427,
        "read": 0.10644285714285714,
        "write": 0.0901,
        "misc": 0.0
    },
    "bytes_from_memory": 77948123.42857143,
    "bytes_to_memory": 7193728.0,
    "total_bytes_rw_mem": 85141851.42857143
}