{
    "demand_fetches": {
        "total": 20428592.57142857,
        "instrn": 0.0,
        "data": 20428592.57142857,
        "read": 18731864.64285714,
        "write": 1696727.9285714286,
        "misc": 0.0
    },
    "demand_misses": {
        "total": 5641744.857142857,
        "instrn": 0.0,
        "data": 5641744.857142857,
        "read": 5174776.857142857,
        "write": 466968.0,
        "misc": 0.0
    },
    "demand_miss_rate": {
        "total": 0.23694285714285715,
        "instrn": 0.0,
        "data": 0.23694285714285715,
        "read": 0.23632857142857142,
        "write": 0.24139285714285713,
        "misc": 0.0
    },
    "bytes_from_memory": 90267917.71428572,
    "bytes_to_memory": 8125098.285714285,
    "total_bytes_rw_mem": 98393016.0
}