{
    "demand_fetches": {
        "total": 5147746.0,
        "instrn": 0.0,
        "data": 5147746.0,
        "read": 4619092.142857143,
        "write": 528653.8571428572,
        "misc": 0.0
    },
    "demand_misses": {
        "total": 2016839.0714285714,
        "instrn": 0.0,
        "data": 2016839.0714285714,
        "read": 1816989.0714285714,
        "write": 199850.0,
        "misc": 0.0
    },
    "demand_miss_rate": {
        "total": 0.3301357142857143,
        "instrn": 0.0,
        "data": 0.3301357142857143,
        "read": 0.3316214285714286,
        "write": 0.32034285714285715,
        "misc": 0.0
    },
    "bytes_from_memory": 32269425.14285714,
    "bytes_to_memory": 3367714.285714286,
    "total_bytes_rw_mem": 35637139.428571425
}