{
    "demand_fetches": {
        "total": 18681704.285714287,
        "instrn": 0.0,
        "data": 18681704.285714287,
        "read": 17715672.214285713,
        "write": 966032.0714285715,
        "misc": 0.0
    },
    "demand_misses": {
        "total": 2375545.0,
        "instrn": 0.0,
        "data": 2375545.0,
        "read": 2251740.5714285714,
        "write": 123804.42857142857,
        "misc": 0.0
    },
    "demand_miss_rate": {
        "total": 0.10901428571428573,
        "instrn": 0.0,
        "data": 0.10901428571428573,
        "read": 0.10929285714285715,
        "write": 0.10715714285714284,
        "misc": 0.0
    },
    "bytes_from_memory": 152034880.0,
    "bytes_to_memory": 10061270.857142856,
    "total_bytes_rw_mem": 162096150.85714287
}