{
    "demand_fetches": {
        "total": 24717886.384615384,
        "instrn": 0.0,
        "data": 24717886.384615384,
        "read": 21686687.46153846,
        "write": 3031198.923076923,
        "misc": 0.0
    },
    "demand_misses": {
        "total": 2493408.923076923,
        "instrn": 0.0,
        "data": 2493408.923076923,
        "read": 2049828.5384615385,
        "write": 443580.3846153846,
        "misc": 0.0
    },
    "demand_miss_rate": {
        "total": 0.09364615384615385,
        "instrn": 0.0,
        "data": 0.09364615384615385,
        "read": 0.08806923076923077,
        "write": 0.13120769230769233,
        "misc": 0.0
    },
    "bytes_from_memory": 159578171.07692307,
    "bytes_to_memory": 33382454.153846152,
    "total_bytes_rw_mem": 192960625.23076922
}