{
    "l1-I/Dcaches": {
        "demand_fetches": {
            "total": 11158907.692307692,
            "instrn": 0.0,
            "data": 11158907.692307692,
            "read": 9886210.615384616,
            "write": 1272697.076923077,
            "misc": 0.0
        },
        "demand_misses": {
            "total": 3394823.769230769,
            "instrn": 0.0,
            "data": 3394823.769230769,
            "read": 2914819.0,
            "write": 480004.76923076925,
            "misc": 0.0
        },
        "demand_miss_rate": {
            "total": 0.28045384615384616,
            "instrn": 0.0,
            "data": 0.28045384615384616,
            "read": 0.27094615384615384,
            "write": 0.34366923076923084,
            "misc": 0.0
        },
        "bytes_from_memory": 54317180.307692304,
        "bytes_to_memory": 7964188.307692308,
        "total_bytes_rw_mem": 62281368.615384616
    },
    "l2-ucache": {
        "demand_fetches": {
            "total": 3892585.5384615385,
            "instrn": 0.0,
            "data": 3892585.5384615385,
            "read": 3394823.769230769,
            "write": 497761.76923076925,
            "misc": 0.0
        },
        "demand_misses": {
            "total": 799878.4615384615,
            "instrn": 0.0,
            "data": 799878.4615384615,
            "read": 799872.6923076923,
            "write": 5.769230769230769,
            "misc": 0.0
        },
        "demand_miss_rate": {
            "total": 0.18796923076923078,
            "instrn": 0.0,
            "data": 0.18796923076923078,
            "read": 0.21952307692307696,
            "write": 1.5384615384615384e-05,
            "misc": 0.0
        },
        "bytes_from_memory": 51192221.538461536,
        "bytes_to_memory": 7997041.230769231,
        "total_bytes_rw_mem": 59189262.76923077
    }
}