{
    "demand_fetches": {
        "total": 5147154.857142857,
        "instrn": 0.0,
        "data": 5147154.857142857,
        "read": 4618732.214285715,
        "write": 528422.6428571428,
        "misc": 0.0
    },
    "demand_misses": {
        "total": 513842.0714285714,
        "instrn": 0.0,
        "data": 513842.0714285714,
        "read": 462298.4285714286,
        "write": 51543.642857142855,
        "misc": 0.0
    },
    "demand_miss_rate": {
        "total": 0.08476428571428571,
        "instrn": 0.0,
        "data": 0.08476428571428571,
        "read": 0.08520714285714286,
        "write": 0.08248571428571429,
        "misc": 0.0
    },
    "bytes_from_memory": 32885892.57142857,
    "bytes_to_memory": 3660269.714285714,
    "total_bytes_rw_mem": 36546162.28571428
}