{
    "demand_fetches": {
        "total": 20428592.57142857,
        "instrn": 0.0,
        "data": 20428592.57142857,
        "read": 18731864.64285714,
        "write": 1696727.9285714286,
        "misc": 0.0
    },
    "demand_misses": {
        "total": 6355013.785714285,
        "instrn": 0.0,
        "data": 6355013.785714285,
        "read": 5857380.642857143,
        "write": 497633.14285714284,
        "misc": 0.0
    },
    "demand_miss_rate": {
        "total": 0.2666142857142857,
        "instrn": 0.0,
        "data": 0.2666142857142857,
        "read": 0.26744285714285715,
        "write": 0.25708571428571425,
        "misc": 0.0
    },
    "bytes_from_memory": 101680220.57142857,
    "bytes_to_memory": 9137830.857142856,
    "total_bytes_rw_mem": 110818051.42857143
}