{
    "demand_fetches": {
        "total": 5147401.5,
        "instrn": 0.0,
        "data": 5147401.5,
        "read": 4618878.428571428,
        "write": 528523.0714285715,
        "misc": 0.0
    },
    "demand_misses": {
        "total": 2405132.714285714,
        "instrn": 0.0,
        "data": 2405132.714285714,
        "read": 2202214.8571428573,
        "write": 202917.85714285713,
        "misc": 0.0
    },
    "demand_miss_rate": {
        "total": 0.3888928571428572,
        "instrn": 0.0,
        "data": 0.3888928571428572,
        "read": 0.39844285714285715,
        "write": 0.32595,
        "misc": 0.0
    },
    "bytes_from_memory": 38482123.428571425,
    "bytes_to_memory": 3452531.4285714286,
    "total_bytes_rw_mem": 41934654.85714286
}