{
    "demand_fetches": {
        "total": 5458719.785714285,
        "instrn": 0.0,
        "data": 5458719.785714285,
        "read": 4741325.428571428,
        "write": 717394.3571428572,
        "misc": 0.0
    },
    "demand_misses": {
        "total": 1354645.0714285714,
        "instrn": 0.0,
        "data": 1354645.0714285714,
        "read": 1203736.642857143,
        "write": 150908.42857142858,
        "misc": 0.0
    },
    "demand_miss_rate": {
        "total": 0.21224999999999997,
        "instrn": 0.0,
        "data": 0.21224999999999997,
        "read": 0.21892857142857142,
        "write": 0.17737142857142854,
        "misc": 0.0
    },
    "bytes_from_memory": 43348642.28571428,
    "bytes_to_memory": 5507778.285714285,
    "total_bytes_rw_mem": 48856420.571428575
}