{
    "demand_fetches": {
        "total": 18610525.285714287,
        "instrn": 0.0,
        "data": 18610525.285714287,
        "read": 17654362.285714287,
        "write": 956163.0,
        "misc": 0.0
    },
    "demand_misses": {
        "total": 2351975.9285714286,
        "instrn": 0.0,
        "data": 2351975.9285714286,
        "read": 2233682.714285714,
        "write": 118293.21428571429,
        "misc": 0.0
    },
    "demand_miss_rate": {
        "total": 0.1087857142857143,
        "instrn": 0.0,
        "data": 0.1087857142857143,
        "read": 0.10920714285714285,
        "write": 0.10409285714285714,
        "misc": 0.0
    },
    "bytes_from_memory": 150526459.42857143,
    "bytes_to_memory": 9512265.142857144,
    "total_bytes_rw_mem": 160038724.57142857
}