{
    "demand_fetches": {
        "total": 9123650.733333332,
        "instrn": 0.0,
        "data": 9123650.733333332,
        "read": 8367132.133333334,
        "write": 756518.6,
        "misc": 0.0
    },
    "demand_misses": {
        "total": 1770406.8,
        "instrn": 0.0,
        "data": 1770406.8,
        "read": 1624856.6666666667,
        "write": 145550.13333333333,
        "misc": 0.0
    },
    "demand_miss_rate": {
        "total": 0.15233333333333335,
        "instrn": 0.0,
        "data": 0.15233333333333335,
        "read": 0.15225333333333332,
        "write": 0.15211999999999998,
        "misc": 0.0
    },
    "bytes_from_memory": 56653017.6,
    "bytes_to_memory": 5064614.4,
    "total_bytes_rw_mem": 61717632.0
}