{
    "demand_fetches": {
        "total": 5212973.285714285,
        "instrn": 0.0,
        "data": 5212973.285714285,
        "read": 4647427.142857143,
        "write": 565546.1428571428,
        "misc": 0.0
    },
    "demand_misses": {
        "total": 2468785.6428571427,
        "instrn": 0.0,
        "data": 2468785.6428571427,
        "read": 2244811.5,
        "write": 223974.14285714287,
        "misc": 0.0
    },
    "demand_miss_rate": {
        "total": 0.3985357142857143,
        "instrn": 0.0,
        "data": 0.3985357142857143,
        "read": 0.4085285714285715,
        "write": 0.3355071428571429,
        "misc": 0.0
    },
    "bytes_from_memory": 39500570.28571428,
    "bytes_to_memory": 3877506.285714286,
    "total_bytes_rw_mem": 43378076.571428575
}