{
    "demand_fetches": {
        "total": 5550060.846153846,
        "instrn": 0.0,
        "data": 5550060.846153846,
        "read": 4978853.230769231,
        "write": 571207.6153846154,
        "misc": 0.0
    },
    "demand_misses": {
        "total": 667346.6923076923,
        "instrn": 0.0,
        "data": 667346.6923076923,
        "read": 610328.0769230769,
        "write": 57018.61538461538,
        "misc": 0.0
    },
    "demand_miss_rate": {
        "total": 0.10913846153846156,
        "instrn": 0.0,
        "data": 0.10913846153846156,
        "read": 0.11198461538461538,
        "write": 0.09076923076923077,
        "misc": 0.0
    },
    "bytes_from_memory": 42710188.307692304,
    "bytes_to_memory": 4114476.3076923075,
    "total_bytes_rw_mem": 46824664.615384616
}