{
    "demand_fetches": {
        "total": 9802105.857142856,
        "instrn": 0.0,
        "data": 9802105.857142856,
        "read": 8971251.07142857,
        "write": 830854.7857142857,
        "misc": 0.0
    },
    "demand_misses": {
        "total": 2297739.785714286,
        "instrn": 0.0,
        "data": 2297739.785714286,
        "read": 2137519.5,
        "write": 160220.2857142857,
        "misc": 0.0
    },
    "demand_miss_rate": {
        "total": 0.19894285714285714,
        "instrn": 0.0,
        "data": 0.19894285714285714,
        "read": 0.2029928571428571,
        "write": 0.1646357142857143,
        "misc": 0.0
    },
    "bytes_from_memory": 73527673.14285715,
    "bytes_to_memory": 5628189.714285715,
    "total_bytes_rw_mem": 79155862.85714285
}