{
    "demand_fetches": {
        "total": 10538876.538461538,
        "instrn": 0.0,
        "data": 10538876.538461538,
        "read": 9658823.923076924,
        "write": 880052.6153846154,
        "misc": 0.0
    },
    "demand_misses": {
        "total": 2578050.076923077,
        "instrn": 0.0,
        "data": 2578050.076923077,
        "read": 2394373.6153846155,
        "write": 183676.46153846153,
        "misc": 0.0
    },
    "demand_miss_rate": {
        "total": 0.22381538461538464,
        "instrn": 0.0,
        "data": 0.22381538461538464,
        "read": 0.22782307692307688,
        "write": 0.19189999999999996,
        "misc": 0.0
    },
    "bytes_from_memory": 82497602.46153846,
    "bytes_to_memory": 6702744.615384615,
    "total_bytes_rw_mem": 89200347.07692307
}