{
    "demand_fetches": {
        "total": 5458719.785714285,
        "instrn": 0.0,
        "data": 5458719.785714285,
        "read": 4741325.428571428,
        "write": 717394.3571428572,
        "misc": 0.0
    },
    "demand_misses": {
        "total": 489140.0,
        "instrn": 0.0,
        "data": 489140.0,
        "read": 418292.71428571426,
        "write": 70847.28571428571,
        "misc": 0.0
    },
    "demand_miss_rate": {
        "total": 0.07785,
        "instrn": 0.0,
        "data": 0.07785,
        "read": 0.07699285714285713,
        "write": 0.08319999999999998,
        "misc": 0.0
    },
    "bytes_from_memory": 31304960.0,
    "bytes_to_memory": 5058523.428571428,
    "total_bytes_rw_mem": 36363483.428571425
}