{
    "power": {
        "0x40": 803.4081780664658,
        "0x41": 5.3143724471300695,
        "0x44": 1695.263213655597,
        "0x45": 869.7093239879118,
        "0x48": 1009.7377517220455,
        "0x4c": 595.6194027190379
    },
    "current": {
        "0x40": 160.83632326283953,
        "0x41": -0.5317369184290004,
        "0x44": 511.3533766767415,
        "0x45": 862.0915677341374,
        "0x48": 563.7211413293039,
        "0x4c": 398.8012909969766
    },
    "energy": {
        "0x40": 19432.94242199989,
        "0x41": 128.6491873999986,
        "0x44": 41002.92626030018,
        "0x45": 21036.52205950006,
        "0x48": 24422.73254120008,
        "0x4c": 14405.987555999953
    }
}