{
    "demand_fetches": {
        "total": 18681704.285714287,
        "instrn": 0.0,
        "data": 18681704.285714287,
        "read": 17715672.214285713,
        "write": 966032.0714285715,
        "misc": 0.0
    },
    "demand_misses": {
        "total": 3098434.0714285714,
        "instrn": 0.0,
        "data": 3098434.0714285714,
        "read": 2938366.0714285714,
        "write": 160068.0,
        "misc": 0.0
    },
    "demand_miss_rate": {
        "total": 0.13985,
        "instrn": 0.0,
        "data": 0.13985,
        "read": 0.13949999999999999,
        "write": 0.14280714285714285,
        "misc": 0.0
    },
    "bytes_from_memory": 99149890.28571428,
    "bytes_to_memory": 5701190.857142857,
    "total_bytes_rw_mem": 104851081.14285715
}