{
    "demand_fetches": {
        "total": 21086884.307692308,
        "instrn": 0.0,
        "data": 21086884.307692308,
        "read": 19657634.615384616,
        "write": 1429249.6923076923,
        "misc": 0.0
    },
    "demand_misses": {
        "total": 2056744.1538461538,
        "instrn": 0.0,
        "data": 2056744.1538461538,
        "read": 1871880.7692307692,
        "write": 184863.38461538462,
        "misc": 0.0
    },
    "demand_miss_rate": {
        "total": 0.08991538461538462,
        "instrn": 0.0,
        "data": 0.08991538461538462,
        "read": 0.08776923076923077,
        "write": 0.11509230769230769,
        "misc": 0.0
    },
    "bytes_from_memory": 131631625.84615384,
    "bytes_to_memory": 14567719.384615384,
    "total_bytes_rw_mem": 146199345.23076922
}