{
    "demand_fetches": {
        "total": 5550060.846153846,
        "instrn": 0.0,
        "data": 5550060.846153846,
        "read": 4978853.230769231,
        "write": 571207.6153846154,
        "misc": 0.0
    },
    "demand_misses": {
        "total": 1382907.5384615385,
        "instrn": 0.0,
        "data": 1382907.5384615385,
        "read": 1265884.7692307692,
        "write": 117022.76923076923,
        "misc": 0.0
    },
    "demand_miss_rate": {
        "total": 0.2293923076923077,
        "instrn": 0.0,
        "data": 0.2293923076923077,
        "read": 0.2362153846153846,
        "write": 0.18786923076923073,
        "misc": 0.0
    },
    "bytes_from_memory": 44253041.23076923,
    "bytes_to_memory": 4186651.076923077,
    "total_bytes_rw_mem": 48439692.307692304
}