{
    "demand_fetches": {
        "total": 22952060.35714286,
        "instrn": 0.0,
        "data": 22952060.35714286,
        "read": 20137478.0,
        "write": 2814582.3571428573,
        "misc": 0.0
    },
    "demand_misses": {
        "total": 2696662.3571428573,
        "instrn": 0.0,
        "data": 2696662.3571428573,
        "read": 2343500.9285714286,
        "write": 353161.4285714286,
        "misc": 0.0
    },
    "demand_miss_rate": {
        "total": 0.10114285714285713,
        "instrn": 0.0,
        "data": 0.10114285714285713,
        "read": 0.09990714285714287,
        "write": 0.10914285714285717,
        "misc": 0.0
    },
    "bytes_from_memory": 86293195.42857143,
    "bytes_to_memory": 11934800.0,
    "total_bytes_rw_mem": 98227995.42857143
}