{
    "demand_fetches": {
        "total": 121393.5,
        "instrn": 0.0,
        "data": 121393.5,
        "read": 81639.64285714286,
        "write": 39753.857142857145,
        "misc": 0.0
    },
    "demand_misses": {
        "total": 58557.57142857143,
        "instrn": 0.0,
        "data": 58557.57142857143,
        "read": 32595.428571428572,
        "write": 25962.14285714286,
        "misc": 0.0
    },
    "demand_miss_rate": {
        "total": 0.30433571428571426,
        "instrn": 0.0,
        "data": 0.30433571428571426,
        "read": 0.27285714285714285,
        "write": 0.3597357142857143,
        "misc": 0.0
    },
    "bytes_from_memory": 3747684.5714285714,
    "bytes_to_memory": 1704137.142857143,
    "total_bytes_rw_mem": 5451821.714285715
}