{
    "demand_fetches": {
        "total": 74984.71428571429,
        "instrn": 0.0,
        "data": 74984.71428571429,
        "read": 47629.07142857143,
        "write": 27355.64285714286,
        "misc": 0.0
    },
    "demand_misses": {
        "total": 26853.35714285714,
        "instrn": 0.0,
        "data": 26853.35714285714,
        "read": 12290.42857142857,
        "write": 14562.92857142857,
        "misc": 0.0
    },
    "demand_miss_rate": {
        "total": 0.22066428571428573,
        "instrn": 0.0,
        "data": 0.22066428571428573,
        "read": 0.16674285714285714,
        "write": 0.31510000000000005,
        "misc": 0.0
    },
    "bytes_from_memory": 429653.71428571426,
    "bytes_to_memory": 243474.2857142857,
    "total_bytes_rw_mem": 673128.0
}