{
    "demand_fetches": {
        "total": 20428592.57142857,
        "instrn": 0.0,
        "data": 20428592.57142857,
        "read": 18731864.64285714,
        "write": 1696727.9285714286,
        "misc": 0.0
    },
    "demand_misses": {
        "total": 6399585.285714285,
        "instrn": 0.0,
        "data": 6399585.285714285,
        "read": 5894605.571428572,
        "write": 504979.71428571426,
        "misc": 0.0
    },
    "demand_miss_rate": {
        "total": 0.2685214285714285,
        "instrn": 0.0,
        "data": 0.2685214285714285,
        "read": 0.2692714285714286,
        "write": 0.2600642857142857,
        "misc": 0.0
    },
    "bytes_from_memory": 102393364.57142857,
    "bytes_to_memory": 9417777.142857144,
    "total_bytes_rw_mem": 111811141.71428572
}