{
    "demand_fetches": {
        "total": 9671492.866666667,
        "instrn": 0.0,
        "data": 9671492.866666667,
        "read": 8568500.333333334,
        "write": 1102992.5333333334,
        "misc": 0.0
    },
    "demand_misses": {
        "total": 3263901.8,
        "instrn": 0.0,
        "data": 3263901.8,
        "read": 2836416.8,
        "write": 427485.0,
        "misc": 0.0
    },
    "demand_miss_rate": {
        "total": 0.26942000000000005,
        "instrn": 0.0,
        "data": 0.26942000000000005,
        "read": 0.26387333333333335,
        "write": 0.30641999999999997,
        "misc": 0.0
    },
    "bytes_from_memory": 52222428.8,
    "bytes_to_memory": 7269416.533333333,
    "total_bytes_rw_mem": 59491845.333333336
}