{
    "demand_fetches": {
        "total": 22952060.35714286,
        "instrn": 0.0,
        "data": 22952060.35714286,
        "read": 20137478.0,
        "write": 2814582.3571428573,
        "misc": 0.0
    },
    "demand_misses": {
        "total": 1516194.642857143,
        "instrn": 0.0,
        "data": 1516194.642857143,
        "read": 1205001.2857142857,
        "write": 311193.35714285716,
        "misc": 0.0
    },
    "demand_miss_rate": {
        "total": 0.056900000000000006,
        "instrn": 0.0,
        "data": 0.056900000000000006,
        "read": 0.05158571428571428,
        "write": 0.09257142857142855,
        "misc": 0.0
    },
    "bytes_from_memory": 97036457.14285715,
    "bytes_to_memory": 20888841.14285714,
    "total_bytes_rw_mem": 117925298.28571428
}