{
    "demand_fetches": {
        "total": 5147154.857142857,
        "instrn": 0.0,
        "data": 5147154.857142857,
        "read": 4618732.214285715,
        "write": 528422.6428571428,
        "misc": 0.0
    },
    "demand_misses": {
        "total": 643129.7142857143,
        "instrn": 0.0,
        "data": 643129.7142857143,
        "read": 589344.0714285715,
        "write": 53785.642857142855,
        "misc": 0.0
    },
    "demand_miss_rate": {
        "total": 0.10794999999999999,
        "instrn": 0.0,
        "data": 0.10794999999999999,
        "read": 0.11176428571428575,
        "write": 0.08647857142857142,
        "misc": 0.0
    },
    "bytes_from_memory": 41160301.71428572,
    "bytes_to_memory": 3969513.1428571427,
    "total_bytes_rw_mem": 45129814.85714286
}