{
    "demand_fetches": {
        "total": 85755.07142857143,
        "instrn": 0.0,
        "data": 85755.07142857143,
        "read": 51953.0,
        "write": 33802.07142857143,
        "misc": 0.0
    },
    "demand_misses": {
        "total": 36901.92857142857,
        "instrn": 0.0,
        "data": 36901.92857142857,
        "read": 14710.0,
        "write": 22191.928571428572,
        "misc": 0.0
    },
    "demand_miss_rate": {
        "total": 0.2422857142857143,
        "instrn": 0.0,
        "data": 0.2422857142857143,
        "read": 0.17014285714285718,
        "write": 0.3608071428571429,
        "misc": 0.0
    },
    "bytes_from_memory": 2361723.4285714286,
    "bytes_to_memory": 1444036.5714285714,
    "total_bytes_rw_mem": 3805760.0
}