{
    "demand_fetches": {
        "total": 5213475.357142857,
        "instrn": 0.0,
        "data": 5213475.357142857,
        "read": 4637549.0,
        "write": 575926.3571428572,
        "misc": 0.0
    },
    "demand_misses": {
        "total": 1293024.0,
        "instrn": 0.0,
        "data": 1293024.0,
        "read": 1174574.5714285714,
        "write": 118449.42857142857,
        "misc": 0.0
    },
    "demand_miss_rate": {
        "total": 0.21203571428571427,
        "instrn": 0.0,
        "data": 0.21203571428571427,
        "read": 0.21857857142857146,
        "write": 0.17590714285714287,
        "misc": 0.0
    },
    "bytes_from_memory": 41376768.0,
    "bytes_to_memory": 4275755.428571428,
    "total_bytes_rw_mem": 45652523.428571425
}