{
    "demand_fetches": {
        "total": 5548853.153846154,
        "instrn": 0.0,
        "data": 5548853.153846154,
        "read": 4974626.0,
        "write": 574227.1538461539,
        "misc": 0.0
    },
    "demand_misses": {
        "total": 1378507.076923077,
        "instrn": 0.0,
        "data": 1378507.076923077,
        "read": 1260771.923076923,
        "write": 117735.15384615384,
        "misc": 0.0
    },
    "demand_miss_rate": {
        "total": 0.2287615384615385,
        "instrn": 0.0,
        "data": 0.2287615384615385,
        "read": 0.23559999999999998,
        "write": 0.18882307692307693,
        "misc": 0.0
    },
    "bytes_from_memory": 44112226.461538464,
    "bytes_to_memory": 4246638.769230769,
    "total_bytes_rw_mem": 48358865.23076923
}