{
    "demand_fetches": {
        "total": 13819035.384615384,
        "instrn": 0.0,
        "data": 13819035.384615384,
        "read": 12510103.538461538,
        "write": 1308931.8461538462,
        "misc": 0.0
    },
    "demand_misses": {
        "total": 1310535.8461538462,
        "instrn": 0.0,
        "data": 1310535.8461538462,
        "read": 1178944.2307692308,
        "write": 131591.61538461538,
        "misc": 0.0
    },
    "demand_miss_rate": {
        "total": 0.09381538461538462,
        "instrn": 0.0,
        "data": 0.09381538461538462,
        "read": 0.09314615384615386,
        "write": 0.09917692307692305,
        "misc": 0.0
    },
    "bytes_from_memory": 83874294.15384616,
    "bytes_to_memory": 9431734.153846154,
    "total_bytes_rw_mem": 93306028.3076923
}