{
    "demand_fetches": {
        "total": 111298.57142857143,
        "instrn": 0.0,
        "data": 111298.57142857143,
        "read": 74882.0,
        "write": 36416.57142857143,
        "misc": 0.0
    },
    "demand_misses": {
        "total": 45528.5,
        "instrn": 0.0,
        "data": 45528.5,
        "read": 27839.85714285714,
        "write": 17688.64285714286,
        "misc": 0.0
    },
    "demand_miss_rate": {
        "total": 0.2720357142857143,
        "instrn": 0.0,
        "data": 0.2720357142857143,
        "read": 0.2532285714285714,
        "write": 0.3070857142857143,
        "misc": 0.0
    },
    "bytes_from_memory": 2913824.0,
    "bytes_to_memory": 1171474.2857142857,
    "total_bytes_rw_mem": 4085298.285714286
}