{
    "demand_fetches": {
        "total": 18681704.285714287,
        "instrn": 0.0,
        "data": 18681704.285714287,
        "read": 17715672.214285713,
        "write": 966032.0714285715,
        "misc": 0.0
    },
    "demand_misses": {
        "total": 2323400.5714285714,
        "instrn": 0.0,
        "data": 2323400.5714285714,
        "read": 2203043.6428571427,
        "write": 120356.92857142857,
        "misc": 0.0
    },
    "demand_miss_rate": {
        "total": 0.1056,
        "instrn": 0.0,
        "data": 0.1056,
        "read": 0.10581428571428572,
        "write": 0.1036857142857143,
        "misc": 0.0
    },
    "bytes_from_memory": 148697636.57142857,
    "bytes_to_memory": 9621993.142857144,
    "total_bytes_rw_mem": 158319629.7142857
}