{
    "demand_fetches": {
        "total": 74984.71428571429,
        "instrn": 0.0,
        "data": 74984.71428571429,
        "read": 47629.07142857143,
        "write": 27355.64285714286,
        "misc": 0.0
    },
    "demand_misses": {
        "total": 26665.5,
        "instrn": 0.0,
        "data": 26665.5,
        "read": 12290.92857142857,
        "write": 14374.57142857143,
        "misc": 0.0
    },
    "demand_miss_rate": {
        "total": 0.21732857142857145,
        "instrn": 0.0,
        "data": 0.21732857142857145,
        "read": 0.16590714285714286,
        "write": 0.30685714285714283,
        "misc": 0.0
    },
    "bytes_from_memory": 853296.0,
    "bytes_to_memory": 474893.71428571426,
    "total_bytes_rw_mem": 1328189.7142857143
}