{
    "demand_fetches": {
        "total": 5592432.076923077,
        "instrn": 0.0,
        "data": 5592432.076923077,
        "read": 4987094.692307692,
        "write": 605337.3846153846,
        "misc": 0.0
    },
    "demand_misses": {
        "total": 2646356.3076923075,
        "instrn": 0.0,
        "data": 2646356.3076923075,
        "read": 2408388.076923077,
        "write": 237968.23076923078,
        "misc": 0.0
    },
    "demand_miss_rate": {
        "total": 0.427976923076923,
        "instrn": 0.0,
        "data": 0.427976923076923,
        "read": 0.43916153846153844,
        "write": 0.36121538461538455,
        "misc": 0.0
    },
    "bytes_from_memory": 42341700.92307692,
    "bytes_to_memory": 4081081.846153846,
    "total_bytes_rw_mem": 46422782.76923077
}