{
    "l1-I/Dcaches": {
        "demand_fetches": {
            "total": 11161408.846153846,
            "instrn": 0.0,
            "data": 11161408.846153846,
            "read": 9888270.076923076,
            "write": 1273138.7692307692,
            "misc": 0.0
        },
        "demand_misses": {
            "total": 3380306.769230769,
            "instrn": 0.0,
            "data": 3380306.769230769,
            "read": 2900375.6923076925,
            "write": 479931.07692307694,
            "misc": 0.0
        },
        "demand_miss_rate": {
            "total": 0.28000769230769235,
            "instrn": 0.0,
            "data": 0.28000769230769235,
            "read": 0.27045384615384616,
            "write": 0.3436230769230769,
            "misc": 0.0
        },
        "bytes_from_memory": 54084908.307692304,
        "bytes_to_memory": 7962564.923076923,
        "total_bytes_rw_mem": 62047473.23076923
    },
    "l2-ucache": {
        "demand_fetches": {
            "total": 3877967.076923077,
            "instrn": 0.0,
            "data": 3877967.076923077,
            "read": 3380306.769230769,
            "write": 497660.3076923077,
            "misc": 0.0
        },
        "demand_misses": {
            "total": 796973.0769230769,
            "instrn": 0.0,
            "data": 796973.0769230769,
            "read": 796966.3076923077,
            "write": 6.769230769230769,
            "misc": 0.0
        },
        "demand_miss_rate": {
            "total": 0.1879923076923077,
            "instrn": 0.0,
            "data": 0.1879923076923077,
            "read": 0.2196,
            "write": 1.5384615384615384e-05,
            "misc": 0.0
        },
        "bytes_from_memory": 51006276.92307692,
        "bytes_to_memory": 7999990.153846154,
        "total_bytes_rw_mem": 59006267.07692308
    }
}