{
    "demand_fetches": {
        "total": 117406.64285714286,
        "instrn": 0.0,
        "data": 117406.64285714286,
        "read": 73725.42857142857,
        "write": 43681.21428571428,
        "misc": 0.0
    },
    "demand_misses": {
        "total": 52939.71428571428,
        "instrn": 0.0,
        "data": 52939.71428571428,
        "read": 29096.071428571428,
        "write": 23843.64285714286,
        "misc": 0.0
    },
    "demand_miss_rate": {
        "total": 0.29104285714285716,
        "instrn": 0.0,
        "data": 0.29104285714285716,
        "read": 0.26862857142857144,
        "write": 0.32093571428571427,
        "misc": 0.0
    },
    "bytes_from_memory": 1694070.857142857,
    "bytes_to_memory": 780857.1428571428,
    "total_bytes_rw_mem": 2474928.0
}