{
    "demand_fetches": {
        "total": 24717886.384615384,
        "instrn": 0.0,
        "data": 24717886.384615384,
        "read": 21686687.46153846,
        "write": 3031198.923076923,
        "misc": 0.0
    },
    "demand_misses": {
        "total": 5956157.461538462,
        "instrn": 0.0,
        "data": 5956157.461538462,
        "read": 5192008.461538462,
        "write": 764149.0,
        "misc": 0.0
    },
    "demand_miss_rate": {
        "total": 0.22338461538461538,
        "instrn": 0.0,
        "data": 0.22338461538461538,
        "read": 0.22135384615384612,
        "write": 0.23646923076923076,
        "misc": 0.0
    },
    "bytes_from_memory": 95298519.38461539,
    "bytes_to_memory": 12940592.0,
    "total_bytes_rw_mem": 108239111.38461539
}