{
    "demand_fetches": {
        "total": 5291166.928571428,
        "instrn": 0.0,
        "data": 5291166.928571428,
        "read": 4662116.428571428,
        "write": 629050.5,
        "misc": 0.0
    },
    "demand_misses": {
        "total": 2450106.8571428573,
        "instrn": 0.0,
        "data": 2450106.8571428573,
        "read": 2212719.3571428573,
        "write": 237387.5,
        "misc": 0.0
    },
    "demand_miss_rate": {
        "total": 0.38849285714285714,
        "instrn": 0.0,
        "data": 0.38849285714285714,
        "read": 0.4002928571428571,
        "write": 0.3214714285714286,
        "misc": 0.0
    },
    "bytes_from_memory": 39201709.71428572,
    "bytes_to_memory": 4027230.8571428573,
    "total_bytes_rw_mem": 43228940.571428575
}