{
    "demand_fetches": {
        "total": 21086884.307692308,
        "instrn": 0.0,
        "data": 21086884.307692308,
        "read": 19657634.615384616,
        "write": 1429249.6923076923,
        "misc": 0.0
    },
    "demand_misses": {
        "total": 1441149.7692307692,
        "instrn": 0.0,
        "data": 1441149.7692307692,
        "read": 1289635.0,
        "write": 151514.76923076922,
        "misc": 0.0
    },
    "demand_miss_rate": {
        "total": 0.06341538461538462,
        "instrn": 0.0,
        "data": 0.06341538461538462,
        "read": 0.06064615384615386,
        "write": 0.0953076923076923,
        "misc": 0.0
    },
    "bytes_from_memory": 92233585.23076923,
    "bytes_to_memory": 10216438.153846154,
    "total_bytes_rw_mem": 102450023.38461539
}