{
    "demand_fetches": {
        "total": 30488086.615384616,
        "instrn": 0.0,
        "data": 30488086.615384616,
        "read": 24886322.692307692,
        "write": 5601763.923076923,
        "misc": 0.0
    },
    "demand_misses": {
        "total": 3464983.5384615385,
        "instrn": 0.0,
        "data": 3464983.5384615385,
        "read": 2764302.846153846,
        "write": 700680.6923076923,
        "misc": 0.0
    },
    "demand_miss_rate": {
        "total": 0.10542307692307691,
        "instrn": 0.0,
        "data": 0.10542307692307691,
        "read": 0.10295384615384616,
        "write": 0.11600769230769231,
        "misc": 0.0
    },
    "bytes_from_memory": 110879473.23076923,
    "bytes_to_memory": 24329467.076923076,
    "total_bytes_rw_mem": 135208940.30769232
}