{
    "demand_fetches": {
        "total": 5550060.846153846,
        "instrn": 0.0,
        "data": 5550060.846153846,
        "read": 4978853.230769231,
        "write": 571207.6153846154,
        "misc": 0.0
    },
    "demand_misses": {
        "total": 693531.3076923077,
        "instrn": 0.0,
        "data": 693531.3076923077,
        "read": 634504.0,
        "write": 59027.307692307695,
        "misc": 0.0
    },
    "demand_miss_rate": {
        "total": 0.11621538461538464,
        "instrn": 0.0,
        "data": 0.11621538461538464,
        "read": 0.12002307692307693,
        "write": 0.09439230769230769,
        "misc": 0.0
    },
    "bytes_from_memory": 44386003.692307696,
    "bytes_to_memory": 4387682.461538462,
    "total_bytes_rw_mem": 48773686.15384615
}