{
    "demand_fetches": {
        "total": 19214001.5,
        "instrn": 0.0,
        "data": 19214001.5,
        "read": 18041581.714285713,
        "write": 1172419.7857142857,
        "misc": 0.0
    },
    "demand_misses": {
        "total": 5585015.571428572,
        "instrn": 0.0,
        "data": 5585015.571428572,
        "read": 5239998.928571428,
        "write": 345016.64285714284,
        "misc": 0.0
    },
    "demand_miss_rate": {
        "total": 0.24837857142857142,
        "instrn": 0.0,
        "data": 0.24837857142857142,
        "read": 0.24733571428571427,
        "write": 0.25794285714285714,
        "misc": 0.0
    },
    "bytes_from_memory": 89360249.14285715,
    "bytes_to_memory": 5935763.428571428,
    "total_bytes_rw_mem": 95296012.57142857
}