{
    "demand_fetches": {
        "total": 10361724.57142857,
        "instrn": 0.0,
        "data": 10361724.57142857,
        "read": 9180187.714285715,
        "write": 1181536.857142857,
        "misc": 0.0
    },
    "demand_misses": {
        "total": 886156.9285714285,
        "instrn": 0.0,
        "data": 886156.9285714285,
        "read": 768808.7857142857,
        "write": 117348.14285714286,
        "misc": 0.0
    },
    "demand_miss_rate": {
        "total": 0.07356428571428571,
        "instrn": 0.0,
        "data": 0.07356428571428571,
        "read": 0.0720142857142857,
        "write": 0.08405714285714286,
        "misc": 0.0
    },
    "bytes_from_memory": 56714043.428571425,
    "bytes_to_memory": 8272201.142857143,
    "total_bytes_rw_mem": 64986244.571428575
}