{
    "demand_fetches": {
        "total": 9909068.142857144,
        "instrn": 0.0,
        "data": 9909068.142857144,
        "read": 9015900.142857144,
        "write": 893168.0,
        "misc": 0.0
    },
    "demand_misses": {
        "total": 1239414.5714285714,
        "instrn": 0.0,
        "data": 1239414.5714285714,
        "read": 1142186.2857142857,
        "write": 97228.28571428571,
        "misc": 0.0
    },
    "demand_miss_rate": {
        "total": 0.10699285714285714,
        "instrn": 0.0,
        "data": 0.10699285714285714,
        "read": 0.10892857142857144,
        "write": 0.09254285714285714,
        "misc": 0.0
    },
    "bytes_from_memory": 79322532.57142857,
    "bytes_to_memory": 7469874.285714285,
    "total_bytes_rw_mem": 86792406.85714285
}