{
    "demand_fetches": {
        "total": 159946.76923076922,
        "instrn": 0.0,
        "data": 159946.76923076922,
        "read": 85015.84615384616,
        "write": 74930.92307692308,
        "misc": 0.0
    },
    "demand_misses": {
        "total": 76287.0,
        "instrn": 0.0,
        "data": 76287.0,
        "read": 11769.76923076923,
        "write": 64517.230769230766,
        "misc": 0.0
    },
    "demand_miss_rate": {
        "total": 0.27307692307692305,
        "instrn": 0.0,
        "data": 0.27307692307692305,
        "read": 0.11250769230769234,
        "write": 0.5228230769230768,
        "misc": 0.0
    },
    "bytes_from_memory": 1220592.0,
    "bytes_to_memory": 1042386.4615384615,
    "total_bytes_rw_mem": 2262978.4615384615
}