{
    "demand_fetches": {
        "total": 55505.57142857143,
        "instrn": 0.0,
        "data": 55505.57142857143,
        "read": 32970.71428571428,
        "write": 22534.85714285714,
        "misc": 0.0
    },
    "demand_misses": {
        "total": 17817.071428571428,
        "instrn": 0.0,
        "data": 17817.071428571428,
        "read": 4673.0,
        "write": 13144.07142857143,
        "misc": 0.0
    },
    "demand_miss_rate": {
        "total": 0.22228571428571434,
        "instrn": 0.0,
        "data": 0.22228571428571434,
        "read": 0.14334285714285713,
        "write": 0.3266857142857142,
        "misc": 0.0
    },
    "bytes_from_memory": 570146.2857142857,
    "bytes_to_memory": 432779.4285714286,
    "total_bytes_rw_mem": 1002925.7142857143
}