{
    "demand_fetches": {
        "total": 19213305.85714286,
        "instrn": 0.0,
        "data": 19213305.85714286,
        "read": 18041208.5,
        "write": 1172097.357142857,
        "misc": 0.0
    },
    "demand_misses": {
        "total": 2813808.4285714286,
        "instrn": 0.0,
        "data": 2813808.4285714286,
        "read": 2637395.4285714286,
        "write": 176413.0,
        "misc": 0.0
    },
    "demand_miss_rate": {
        "total": 0.12527857142857143,
        "instrn": 0.0,
        "data": 0.12527857142857143,
        "read": 0.12465714285714284,
        "write": 0.13150714285714285,
        "misc": 0.0
    },
    "bytes_from_memory": 90041869.71428572,
    "bytes_to_memory": 6191076.571428572,
    "total_bytes_rw_mem": 96232946.28571428
}