{
    "demand_fetches": {
        "total": 5147401.5,
        "instrn": 0.0,
        "data": 5147401.5,
        "read": 4618878.428571428,
        "write": 528523.0714285715,
        "misc": 0.0
    },
    "demand_misses": {
        "total": 1215958.5714285714,
        "instrn": 0.0,
        "data": 1215958.5714285714,
        "read": 1113193.0714285714,
        "write": 102765.5,
        "misc": 0.0
    },
    "demand_miss_rate": {
        "total": 0.19761428571428571,
        "instrn": 0.0,
        "data": 0.19761428571428571,
        "read": 0.20270000000000002,
        "write": 0.16478571428571429,
        "misc": 0.0
    },
    "bytes_from_memory": 38910674.28571428,
    "bytes_to_memory": 3571814.8571428573,
    "total_bytes_rw_mem": 42482489.14285714
}