{
    "demand_fetches": {
        "total": 24717886.384615384,
        "instrn": 0.0,
        "data": 24717886.384615384,
        "read": 21686687.46153846,
        "write": 3031198.923076923,
        "misc": 0.0
    },
    "demand_misses": {
        "total": 5920249.384615385,
        "instrn": 0.0,
        "data": 5920249.384615385,
        "read": 5156677.230769231,
        "write": 763572.1538461539,
        "misc": 0.0
    },
    "demand_miss_rate": {
        "total": 0.2222307692307692,
        "instrn": 0.0,
        "data": 0.2222307692307692,
        "read": 0.22002307692307693,
        "write": 0.23633846153846158,
        "misc": 0.0
    },
    "bytes_from_memory": 94723990.15384616,
    "bytes_to_memory": 12919282.461538462,
    "total_bytes_rw_mem": 107643272.61538461
}