{
    "demand_fetches": {
        "total": 10570637.615384616,
        "instrn": 0.0,
        "data": 10570637.615384616,
        "read": 9671347.153846154,
        "write": 899290.4615384615,
        "misc": 0.0
    },
    "demand_misses": {
        "total": 2362915.0,
        "instrn": 0.0,
        "data": 2362915.0,
        "read": 2184008.923076923,
        "write": 178906.07692307694,
        "misc": 0.0
    },
    "demand_miss_rate": {
        "total": 0.2020307692307692,
        "instrn": 0.0,
        "data": 0.2020307692307692,
        "read": 0.2044461538461539,
        "write": 0.18165384615384614,
        "misc": 0.0
    },
    "bytes_from_memory": 75613280.0,
    "bytes_to_memory": 6354377.846153846,
    "total_bytes_rw_mem": 81967657.84615384
}