{
    "demand_fetches": {
        "total": 6502652.307692308,
        "instrn": 0.0,
        "data": 6502652.307692308,
        "read": 5342057.923076923,
        "write": 1160594.3846153845,
        "misc": 0.0
    },
    "demand_misses": {
        "total": 1537251.923076923,
        "instrn": 0.0,
        "data": 1537251.923076923,
        "read": 1290717.3846153845,
        "write": 246534.53846153847,
        "misc": 0.0
    },
    "demand_miss_rate": {
        "total": 0.21739999999999998,
        "instrn": 0.0,
        "data": 0.21739999999999998,
        "read": 0.22394615384615385,
        "write": 0.19184615384615386,
        "misc": 0.0
    },
    "bytes_from_memory": 49192061.538461536,
    "bytes_to_memory": 9013858.461538462,
    "total_bytes_rw_mem": 58205920.0
}