{
    "demand_fetches": {
        "total": 9123650.733333332,
        "instrn": 0.0,
        "data": 9123650.733333332,
        "read": 8367132.133333334,
        "write": 756518.6,
        "misc": 0.0
    },
    "demand_misses": {
        "total": 904307.1333333333,
        "instrn": 0.0,
        "data": 904307.1333333333,
        "read": 830491.1333333333,
        "write": 73816.0,
        "misc": 0.0
    },
    "demand_miss_rate": {
        "total": 0.07774666666666666,
        "instrn": 0.0,
        "data": 0.07774666666666666,
        "read": 0.07779333333333334,
        "write": 0.07699333333333333,
        "misc": 0.0
    },
    "bytes_from_memory": 57875656.53333333,
    "bytes_to_memory": 5277704.533333333,
    "total_bytes_rw_mem": 63153361.06666667
}