{
    "demand_fetches": {
        "total": 10570637.615384616,
        "instrn": 0.0,
        "data": 10570637.615384616,
        "read": 9671347.153846154,
        "write": 899290.4615384615,
        "misc": 0.0
    },
    "demand_misses": {
        "total": 1746411.2307692308,
        "instrn": 0.0,
        "data": 1746411.2307692308,
        "read": 1577937.1538461538,
        "write": 168474.07692307694,
        "misc": 0.0
    },
    "demand_miss_rate": {
        "total": 0.15174615384615384,
        "instrn": 0.0,
        "data": 0.15174615384615384,
        "read": 0.1493846153846154,
        "write": 0.17098461538461537,
        "misc": 0.0
    },
    "bytes_from_memory": 55885159.384615384,
    "bytes_to_memory": 5704450.461538462,
    "total_bytes_rw_mem": 61589609.84615385
}