{
    "demand_fetches": {
        "total": 26140940.35714286,
        "instrn": 0.0,
        "data": 26140940.35714286,
        "read": 24017767.14285714,
        "write": 2123173.214285714,
        "misc": 0.0
    },
    "demand_misses": {
        "total": 3698386.0,
        "instrn": 0.0,
        "data": 3698386.0,
        "read": 3395017.285714286,
        "write": 303368.71428571426,
        "misc": 0.0
    },
    "demand_miss_rate": {
        "total": 0.13169285714285714,
        "instrn": 0.0,
        "data": 0.13169285714285714,
        "read": 0.13125,
        "write": 0.13537857142857143,
        "misc": 0.0
    },
    "bytes_from_memory": 118348352.0,
    "bytes_to_memory": 10901933.714285715,
    "total_bytes_rw_mem": 129250285.71428572
}