{
    "demand_fetches": {
        "total": 9802103.142857144,
        "instrn": 0.0,
        "data": 9802103.142857144,
        "read": 8971251.642857144,
        "write": 830851.5,
        "misc": 0.0
    },
    "demand_misses": {
        "total": 2297770.9285714286,
        "instrn": 0.0,
        "data": 2297770.9285714286,
        "read": 2137534.9285714286,
        "write": 160236.0,
        "misc": 0.0
    },
    "demand_miss_rate": {
        "total": 0.19894285714285714,
        "instrn": 0.0,
        "data": 0.19894285714285714,
        "read": 0.20300714285714286,
        "write": 0.1646642857142857,
        "misc": 0.0
    },
    "bytes_from_memory": 73528669.71428572,
    "bytes_to_memory": 5628928.0,
    "total_bytes_rw_mem": 79157597.71428572
}