{
    "demand_fetches": {
        "total": 5574400.076923077,
        "instrn": 0.0,
        "data": 5574400.076923077,
        "read": 4982210.769230769,
        "write": 592189.3076923077,
        "misc": 0.0
    },
    "demand_misses": {
        "total": 2682175.5384615385,
        "instrn": 0.0,
        "data": 2682175.5384615385,
        "read": 2443668.0,
        "write": 238507.53846153847,
        "misc": 0.0
    },
    "demand_miss_rate": {
        "total": 0.4369923076923076,
        "instrn": 0.0,
        "data": 0.4369923076923076,
        "read": 0.4478384615384616,
        "write": 0.37101538461538464,
        "misc": 0.0
    },
    "bytes_from_memory": 42914808.615384616,
    "bytes_to_memory": 4117356.3076923075,
    "total_bytes_rw_mem": 47032164.92307692
}