{
    "demand_fetches": {
        "total": 56153.21428571428,
        "instrn": 0.0,
        "data": 56153.21428571428,
        "read": 39110.142857142855,
        "write": 17043.071428571428,
        "misc": 0.0
    },
    "demand_misses": {
        "total": 11029.714285714286,
        "instrn": 0.0,
        "data": 11029.714285714286,
        "read": 5885.285714285715,
        "write": 5144.428571428572,
        "misc": 0.0
    },
    "demand_miss_rate": {
        "total": 0.14551428571428568,
        "instrn": 0.0,
        "data": 0.14551428571428568,
        "read": 0.11730714285714286,
        "write": 0.21000714285714286,
        "misc": 0.0
    },
    "bytes_from_memory": 176475.42857142858,
    "bytes_to_memory": 91667.42857142857,
    "total_bytes_rw_mem": 268142.85714285716
}