{
    "demand_fetches": {
        "total": 9774315.714285715,
        "instrn": 0.0,
        "data": 9774315.714285715,
        "read": 8964283.0,
        "write": 810032.7142857143,
        "misc": 0.0
    },
    "demand_misses": {
        "total": 1677200.2142857143,
        "instrn": 0.0,
        "data": 1677200.2142857143,
        "read": 1527300.142857143,
        "write": 149900.07142857142,
        "misc": 0.0
    },
    "demand_miss_rate": {
        "total": 0.14502142857142858,
        "instrn": 0.0,
        "data": 0.14502142857142858,
        "read": 0.14347142857142856,
        "write": 0.15697142857142854,
        "misc": 0.0
    },
    "bytes_from_memory": 53670406.85714286,
    "bytes_to_memory": 5069949.714285715,
    "total_bytes_rw_mem": 58740356.571428575
}