{
    "demand_fetches": {
        "total": 60908.07142857143,
        "instrn": 0.0,
        "data": 60908.07142857143,
        "read": 42158.857142857145,
        "write": 18749.214285714286,
        "misc": 0.0
    },
    "demand_misses": {
        "total": 10032.642857142857,
        "instrn": 0.0,
        "data": 10032.642857142857,
        "read": 5827.928571428572,
        "write": 4204.714285714285,
        "misc": 0.0
    },
    "demand_miss_rate": {
        "total": 0.1219857142857143,
        "instrn": 0.0,
        "data": 0.1219857142857143,
        "read": 0.10590714285714284,
        "write": 0.15888571428571427,
        "misc": 0.0
    },
    "bytes_from_memory": 642089.1428571428,
    "bytes_to_memory": 294326.85714285716,
    "total_bytes_rw_mem": 936416.0
}