{
    "demand_fetches": {
        "total": 117406.64285714286,
        "instrn": 0.0,
        "data": 117406.64285714286,
        "read": 73725.42857142857,
        "write": 43681.21428571428,
        "misc": 0.0
    },
    "demand_misses": {
        "total": 47030.92857142857,
        "instrn": 0.0,
        "data": 47030.92857142857,
        "read": 23326.714285714286,
        "write": 23704.214285714286,
        "misc": 0.0
    },
    "demand_miss_rate": {
        "total": 0.25044285714285713,
        "instrn": 0.0,
        "data": 0.25044285714285713,
        "read": 0.2121714285714286,
        "write": 0.31539285714285714,
        "misc": 0.0
    },
    "bytes_from_memory": 3009979.4285714286,
    "bytes_to_memory": 1548530.2857142857,
    "total_bytes_rw_mem": 4558509.714285715
}