{
    "demand_fetches": {
        "total": 5147154.857142857,
        "instrn": 0.0,
        "data": 5147154.857142857,
        "read": 4618732.214285715,
        "write": 528422.6428571428,
        "misc": 0.0
    },
    "demand_misses": {
        "total": 1804775.2857142857,
        "instrn": 0.0,
        "data": 1804775.2857142857,
        "read": 1609702.5714285714,
        "write": 195072.7142857143,
        "misc": 0.0
    },
    "demand_miss_rate": {
        "total": 0.2981285714285714,
        "instrn": 0.0,
        "data": 0.2981285714285714,
        "read": 0.2958285714285714,
        "write": 0.31293571428571426,
        "misc": 0.0
    },
    "bytes_from_memory": 28876404.57142857,
    "bytes_to_memory": 3236578.285714286,
    "total_bytes_rw_mem": 32112982.85714286
}