{
    "demand_fetches": {
        "total": 10581582.846153846,
        "instrn": 0.0,
        "data": 10581582.846153846,
        "read": 9676558.384615384,
        "write": 905024.4615384615,
        "misc": 0.0
    },
    "demand_misses": {
        "total": 2601176.923076923,
        "instrn": 0.0,
        "data": 2601176.923076923,
        "read": 2411379.6153846155,
        "write": 189797.3076923077,
        "misc": 0.0
    },
    "demand_miss_rate": {
        "total": 0.2258230769230769,
        "instrn": 0.0,
        "data": 0.2258230769230769,
        "read": 0.23012307692307696,
        "write": 0.1926230769230769,
        "misc": 0.0
    },
    "bytes_from_memory": 83237661.53846154,
    "bytes_to_memory": 6937595.076923077,
    "total_bytes_rw_mem": 90175256.61538461
}