{
    "demand_fetches": {
        "total": 10570637.615384616,
        "instrn": 0.0,
        "data": 10570637.615384616,
        "read": 9671347.153846154,
        "write": 899290.4615384615,
        "misc": 0.0
    },
    "demand_misses": {
        "total": 3425725.846153846,
        "instrn": 0.0,
        "data": 3425725.846153846,
        "read": 3094449.4615384615,
        "write": 331276.3846153846,
        "misc": 0.0
    },
    "demand_miss_rate": {
        "total": 0.2973846153846154,
        "instrn": 0.0,
        "data": 0.2973846153846154,
        "read": 0.29252307692307694,
        "write": 0.3363461538461539,
        "misc": 0.0
    },
    "bytes_from_memory": 54811613.538461536,
    "bytes_to_memory": 5497337.846153846,
    "total_bytes_rw_mem": 60308951.384615384
}