{
    "demand_fetches": {
        "total": 13819035.384615384,
        "instrn": 0.0,
        "data": 13819035.384615384,
        "read": 12510103.538461538,
        "write": 1308931.8461538462,
        "misc": 0.0
    },
    "demand_misses": {
        "total": 5123489.769230769,
        "instrn": 0.0,
        "data": 5123489.769230769,
        "read": 4617499.230769231,
        "write": 505990.53846153844,
        "misc": 0.0
    },
    "demand_miss_rate": {
        "total": 0.3669307692307692,
        "instrn": 0.0,
        "data": 0.3669307692307692,
        "read": 0.3648230769230769,
        "write": 0.38253846153846144,
        "misc": 0.0
    },
    "bytes_from_memory": 81975836.3076923,
    "bytes_to_memory": 8602500.923076924,
    "total_bytes_rw_mem": 90578337.23076923
}