{
    "demand_fetches": {
        "total": 20412821.46153846,
        "instrn": 0.0,
        "data": 20412821.46153846,
        "read": 19265828.692307692,
        "write": 1146992.7692307692,
        "misc": 0.0
    },
    "demand_misses": {
        "total": 4992697.076923077,
        "instrn": 0.0,
        "data": 4992697.076923077,
        "read": 4763923.692307692,
        "write": 228773.38461538462,
        "misc": 0.0
    },
    "demand_miss_rate": {
        "total": 0.2236230769230769,
        "instrn": 0.0,
        "data": 0.2236230769230769,
        "read": 0.22664615384615383,
        "write": 0.1846384615384615,
        "misc": 0.0
    },
    "bytes_from_memory": 159766306.46153846,
    "bytes_to_memory": 9362429.538461538,
    "total_bytes_rw_mem": 169128736.0
}