{
    "demand_fetches": {
        "total": 5548853.153846154,
        "instrn": 0.0,
        "data": 5548853.153846154,
        "read": 4974626.0,
        "write": 574227.1538461539,
        "misc": 0.0
    },
    "demand_misses": {
        "total": 2637615.6153846155,
        "instrn": 0.0,
        "data": 2637615.6153846155,
        "read": 2411774.3846153845,
        "write": 225841.23076923078,
        "misc": 0.0
    },
    "demand_miss_rate": {
        "total": 0.42918461538461544,
        "instrn": 0.0,
        "data": 0.42918461538461544,
        "read": 0.4400615384615385,
        "write": 0.36112307692307694,
        "misc": 0.0
    },
    "bytes_from_memory": 42201849.84615385,
    "bytes_to_memory": 3876109.5384615385,
    "total_bytes_rw_mem": 46077959.384615384
}