{
    "demand_fetches": {
        "total": 5213475.357142857,
        "instrn": 0.0,
        "data": 5213475.357142857,
        "read": 4637549.0,
        "write": 575926.3571428572,
        "misc": 0.0
    },
    "demand_misses": {
        "total": 549424.6428571428,
        "instrn": 0.0,
        "data": 549424.6428571428,
        "read": 495839.5714285714,
        "write": 53585.07142857143,
        "misc": 0.0
    },
    "demand_miss_rate": {
        "total": 0.08743571428571428,
        "instrn": 0.0,
        "data": 0.08743571428571428,
        "read": 0.08874285714285714,
        "write": 0.0788642857142857,
        "misc": 0.0
    },
    "bytes_from_memory": 35163177.14285714,
    "bytes_to_memory": 3711588.5714285714,
    "total_bytes_rw_mem": 38874765.71428572
}