{
    "demand_fetches": {
        "total": 159946.76923076922,
        "instrn": 0.0,
        "data": 159946.76923076922,
        "read": 85015.84615384616,
        "write": 74930.92307692308,
        "misc": 0.0
    },
    "demand_misses": {
        "total": 76299.07692307692,
        "instrn": 0.0,
        "data": 76299.07692307692,
        "read": 12003.461538461539,
        "write": 64295.61538461538,
        "misc": 0.0
    },
    "demand_miss_rate": {
        "total": 0.2722230769230769,
        "instrn": 0.0,
        "data": 0.2722230769230769,
        "read": 0.1141923076923077,
        "write": 0.516576923076923,
        "misc": 0.0
    },
    "bytes_from_memory": 2441570.4615384615,
    "bytes_to_memory": 2073885.5384615385,
    "total_bytes_rw_mem": 4515456.0
}