{
    "demand_fetches": {
        "total": 5147154.857142857,
        "instrn": 0.0,
        "data": 5147154.857142857,
        "read": 4618732.214285715,
        "write": 528422.6428571428,
        "misc": 0.0
    },
    "demand_misses": {
        "total": 1803259.857142857,
        "instrn": 0.0,
        "data": 1803259.857142857,
        "read": 1608491.142857143,
        "write": 194768.7142857143,
        "misc": 0.0
    },
    "demand_miss_rate": {
        "total": 0.2978071428571428,
        "instrn": 0.0,
        "data": 0.2978071428571428,
        "read": 0.29555000000000003,
        "write": 0.3124285714285714,
        "misc": 0.0
    },
    "bytes_from_memory": 28852157.714285713,
    "bytes_to_memory": 3229748.5714285714,
    "total_bytes_rw_mem": 32081906.285714287
}