{
    "demand_fetches": {
        "total": 14605860.461538462,
        "instrn": 0.0,
        "data": 14605860.461538462,
        "read": 11120620.153846154,
        "write": 3485240.3076923075,
        "misc": 0.0
    },
    "demand_misses": {
        "total": 994386.9230769231,
        "instrn": 0.0,
        "data": 994386.9230769231,
        "read": 665028.9230769231,
        "write": 329358.0,
        "misc": 0.0
    },
    "demand_miss_rate": {
        "total": 0.061769230769230764,
        "instrn": 0.0,
        "data": 0.061769230769230764,
        "read": 0.05377692307692308,
        "write": 0.08592307692307692,
        "misc": 0.0
    },
    "bytes_from_memory": 63640763.07692308,
    "bytes_to_memory": 21798907.076923076,
    "total_bytes_rw_mem": 85439670.15384616
}