{
    "demand_fetches": {
        "total": 10538876.538461538,
        "instrn": 0.0,
        "data": 10538876.538461538,
        "read": 9658823.923076924,
        "write": 880052.6153846154,
        "misc": 0.0
    },
    "demand_misses": {
        "total": 2543499.4615384615,
        "instrn": 0.0,
        "data": 2543499.4615384615,
        "read": 2364807.5384615385,
        "write": 178691.92307692306,
        "misc": 0.0
    },
    "demand_miss_rate": {
        "total": 0.22034615384615386,
        "instrn": 0.0,
        "data": 0.22034615384615386,
        "read": 0.22461538461538463,
        "write": 0.18626153846153842,
        "misc": 0.0
    },
    "bytes_from_memory": 81391982.76923077,
    "bytes_to_memory": 6468708.923076923,
    "total_bytes_rw_mem": 87860691.6923077
}