{
    "demand_fetches": {
        "total": 74984.71428571429,
        "instrn": 0.0,
        "data": 74984.71428571429,
        "read": 47629.07142857143,
        "write": 27355.64285714286,
        "misc": 0.0
    },
    "demand_misses": {
        "total": 27095.428571428572,
        "instrn": 0.0,
        "data": 27095.428571428572,
        "read": 12517.714285714286,
        "write": 14577.714285714286,
        "misc": 0.0
    },
    "demand_miss_rate": {
        "total": 0.22372142857142854,
        "instrn": 0.0,
        "data": 0.22372142857142854,
        "read": 0.17122857142857142,
        "write": 0.31547142857142857,
        "misc": 0.0
    },
    "bytes_from_memory": 433526.85714285716,
    "bytes_to_memory": 243877.7142857143,
    "total_bytes_rw_mem": 677404.5714285715
}