{
    "demand_fetches": {
        "total": 5574400.076923077,
        "instrn": 0.0,
        "data": 5574400.076923077,
        "read": 4982210.769230769,
        "write": 592189.3076923077,
        "misc": 0.0
    },
    "demand_misses": {
        "total": 1083542.5384615385,
        "instrn": 0.0,
        "data": 1083542.5384615385,
        "read": 973234.8461538461,
        "write": 110307.69230769231,
        "misc": 0.0
    },
    "demand_miss_rate": {
        "total": 0.17623846153846154,
        "instrn": 0.0,
        "data": 0.17623846153846154,
        "read": 0.1772153846153846,
        "write": 0.17000769230769233,
        "misc": 0.0
    },
    "bytes_from_memory": 34673361.23076923,
    "bytes_to_memory": 3748718.769230769,
    "total_bytes_rw_mem": 38422080.0
}