{
    "demand_fetches": {
        "total": 5291166.928571428,
        "instrn": 0.0,
        "data": 5291166.928571428,
        "read": 4662116.428571428,
        "write": 629050.5,
        "misc": 0.0
    },
    "demand_misses": {
        "total": 2353819.8571428573,
        "instrn": 0.0,
        "data": 2353819.8571428573,
        "read": 2125791.3571428573,
        "write": 228028.5,
        "misc": 0.0
    },
    "demand_miss_rate": {
        "total": 0.3619214285714286,
        "instrn": 0.0,
        "data": 0.3619214285714286,
        "read": 0.3698214285714286,
        "write": 0.30855,
        "misc": 0.0
    },
    "bytes_from_memory": 37661117.71428572,
    "bytes_to_memory": 3795284.5714285714,
    "total_bytes_rw_mem": 41456402.28571428
}