{
    "demand_fetches": {
        "total": 5147154.857142857,
        "instrn": 0.0,
        "data": 5147154.857142857,
        "read": 4618732.214285715,
        "write": 528422.6428571428,
        "misc": 0.0
    },
    "demand_misses": {
        "total": 618724.5714285715,
        "instrn": 0.0,
        "data": 618724.5714285715,
        "read": 566328.0,
        "write": 52396.57142857143,
        "misc": 0.0
    },
    "demand_miss_rate": {
        "total": 0.10155,
        "instrn": 0.0,
        "data": 0.10155,
        "read": 0.10434285714285715,
        "write": 0.08401428571428571,
        "misc": 0.0
    },
    "bytes_from_memory": 39598372.571428575,
    "bytes_to_memory": 3785846.8571428573,
    "total_bytes_rw_mem": 43384219.428571425
}