{
    "power": {
        "0x40": 815.522059510435,
        "0x41": 5.269167159612627,
        "0x44": 1701.06796940338,
        "0x45": 861.1583554308964,
        "0x48": 1010.2398973482746,
        "0x4c": 605.9797485976543
    },
    "current": {
        "0x40": 163.09420545640154,
        "0x41": -0.50383651198368,
        "0x44": 513.0773593064803,
        "0x45": 853.2295058643505,
        "0x48": 563.6051767975468,
        "0x4c": 405.47591596123965
    },
    "energy": {
        "0x40": 23422.55912369979,
        "0x41": 151.1874275999994,
        "0x44": 48856.048287200225,
        "0x45": 24733.94730669989,
        "0x48": 29015.46770300007,
        "0x4c": 17404.496467499826
    }
}