{
    "demand_fetches": {
        "total": 24717886.384615384,
        "instrn": 0.0,
        "data": 24717886.384615384,
        "read": 21686687.46153846,
        "write": 3031198.923076923,
        "misc": 0.0
    },
    "demand_misses": {
        "total": 1572748.5384615385,
        "instrn": 0.0,
        "data": 1572748.5384615385,
        "read": 1242683.076923077,
        "write": 330065.46153846156,
        "misc": 0.0
    },
    "demand_miss_rate": {
        "total": 0.05901538461538461,
        "instrn": 0.0,
        "data": 0.05901538461538461,
        "read": 0.053169230769230774,
        "write": 0.0981076923076923,
        "misc": 0.0
    },
    "bytes_from_memory": 100655906.46153846,
    "bytes_to_memory": 21828002.46153846,
    "total_bytes_rw_mem": 122483908.92307693
}