{
    "demand_fetches": {
        "total": 6502652.307692308,
        "instrn": 0.0,
        "data": 6502652.307692308,
        "read": 5342057.923076923,
        "write": 1160594.3846153845,
        "misc": 0.0
    },
    "demand_misses": {
        "total": 472350.3076923077,
        "instrn": 0.0,
        "data": 472350.3076923077,
        "read": 364207.53846153844,
        "write": 108142.76923076923,
        "misc": 0.0
    },
    "demand_miss_rate": {
        "total": 0.0653,
        "instrn": 0.0,
        "data": 0.0653,
        "read": 0.0606076923076923,
        "write": 0.08425384615384615,
        "misc": 0.0
    },
    "bytes_from_memory": 30230419.692307692,
    "bytes_to_memory": 7337319.384615385,
    "total_bytes_rw_mem": 37567739.07692308
}