{
    "demand_fetches": {
        "total": 5291166.928571428,
        "instrn": 0.0,
        "data": 5291166.928571428,
        "read": 4662116.428571428,
        "write": 629050.5,
        "misc": 0.0
    },
    "demand_misses": {
        "total": 2400346.0,
        "instrn": 0.0,
        "data": 2400346.0,
        "read": 2167253.4285714286,
        "write": 233092.57142857142,
        "misc": 0.0
    },
    "demand_miss_rate": {
        "total": 0.3778357142857143,
        "instrn": 0.0,
        "data": 0.3778357142857143,
        "read": 0.3880357142857143,
        "write": 0.31585,
        "misc": 0.0
    },
    "bytes_from_memory": 38405536.0,
    "bytes_to_memory": 3918450.285714286,
    "total_bytes_rw_mem": 42323986.28571428
}