{
    "demand_fetches": {
        "total": 6502652.307692308,
        "instrn": 0.0,
        "data": 6502652.307692308,
        "read": 5342057.923076923,
        "write": 1160594.3846153845,
        "misc": 0.0
    },
    "demand_misses": {
        "total": 2749141.6153846155,
        "instrn": 0.0,
        "data": 2749141.6153846155,
        "read": 2276231.769230769,
        "write": 472909.8461538461,
        "misc": 0.0
    },
    "demand_miss_rate": {
        "total": 0.3854923076923077,
        "instrn": 0.0,
        "data": 0.3854923076923077,
        "read": 0.38971538461538463,
        "write": 0.36902307692307684,
        "misc": 0.0
    },
    "bytes_from_memory": 43986265.84615385,
    "bytes_to_memory": 8458928.0,
    "total_bytes_rw_mem": 52445193.84615385
}