{
    "demand_fetches": {
        "total": 4866617.6,
        "instrn": 0.0,
        "data": 4866617.6,
        "read": 4328744.666666667,
        "write": 537872.9333333333,
        "misc": 0.0
    },
    "demand_misses": {
        "total": 585045.6,
        "instrn": 0.0,
        "data": 585045.6,
        "read": 532786.9333333333,
        "write": 52258.666666666664,
        "misc": 0.0
    },
    "demand_miss_rate": {
        "total": 0.0949466666666667,
        "instrn": 0.0,
        "data": 0.0949466666666667,
        "read": 0.09804666666666667,
        "write": 0.07715999999999999,
        "misc": 0.0
    },
    "bytes_from_memory": 37442918.4,
    "bytes_to_memory": 3776755.2,
    "total_bytes_rw_mem": 41219673.6
}