{
    "demand_fetches": {
        "total": 5291211.071428572,
        "instrn": 0.0,
        "data": 5291211.071428572,
        "read": 4662140.214285715,
        "write": 629070.8571428572,
        "misc": 0.0
    },
    "demand_misses": {
        "total": 631132.6428571428,
        "instrn": 0.0,
        "data": 631132.6428571428,
        "read": 570372.5,
        "write": 60760.142857142855,
        "misc": 0.0
    },
    "demand_miss_rate": {
        "total": 0.1015357142857143,
        "instrn": 0.0,
        "data": 0.1015357142857143,
        "read": 0.10502857142857144,
        "write": 0.08227857142857142,
        "misc": 0.0
    },
    "bytes_from_memory": 40392489.14285714,
    "bytes_to_memory": 4407588.571428572,
    "total_bytes_rw_mem": 44800077.71428572
}