{
    "demand_fetches": {
        "total": 5147154.857142857,
        "instrn": 0.0,
        "data": 5147154.857142857,
        "read": 4618732.214285715,
        "write": 528422.6428571428,
        "misc": 0.0
    },
    "demand_misses": {
        "total": 2059455.5,
        "instrn": 0.0,
        "data": 2059455.5,
        "read": 1859825.0,
        "write": 199630.5,
        "misc": 0.0
    },
    "demand_miss_rate": {
        "total": 0.33590000000000003,
        "instrn": 0.0,
        "data": 0.33590000000000003,
        "read": 0.33824999999999994,
        "write": 0.3201785714285714,
        "misc": 0.0
    },
    "bytes_from_memory": 32951288.0,
    "bytes_to_memory": 3361450.285714286,
    "total_bytes_rw_mem": 36312738.28571428
}