{
    "demand_fetches": {
        "total": 5291211.071428572,
        "instrn": 0.0,
        "data": 5291211.071428572,
        "read": 4662140.214285715,
        "write": 629070.8571428572,
        "misc": 0.0
    },
    "demand_misses": {
        "total": 1209613.142857143,
        "instrn": 0.0,
        "data": 1209613.142857143,
        "read": 1092837.4285714286,
        "write": 116775.71428571429,
        "misc": 0.0
    },
    "demand_miss_rate": {
        "total": 0.19185714285714286,
        "instrn": 0.0,
        "data": 0.19185714285714286,
        "read": 0.1976357142857143,
        "write": 0.15823571428571426,
        "misc": 0.0
    },
    "bytes_from_memory": 38707620.571428575,
    "bytes_to_memory": 3993517.714285714,
    "total_bytes_rw_mem": 42701138.28571428
}