{
    "demand_fetches": {
        "total": 19214001.5,
        "instrn": 0.0,
        "data": 19214001.5,
        "read": 18041581.714285713,
        "write": 1172419.7857142857,
        "misc": 0.0
    },
    "demand_misses": {
        "total": 1488901.142857143,
        "instrn": 0.0,
        "data": 1488901.142857143,
        "read": 1359805.7142857143,
        "write": 129095.42857142857,
        "misc": 0.0
    },
    "demand_miss_rate": {
        "total": 0.06677142857142856,
        "instrn": 0.0,
        "data": 0.06677142857142856,
        "read": 0.06480714285714285,
        "write": 0.09177142857142859,
        "misc": 0.0
    },
    "bytes_from_memory": 95289673.14285715,
    "bytes_to_memory": 9123030.857142856,
    "total_bytes_rw_mem": 104412704.0
}