{
    "demand_fetches": {
        "total": 6953170.357142857,
        "instrn": 0.0,
        "data": 6953170.357142857,
        "read": 6063401.928571428,
        "write": 889768.4285714285,
        "misc": 0.0
    },
    "demand_misses": {
        "total": 2345241.9285714286,
        "instrn": 0.0,
        "data": 2345241.9285714286,
        "read": 2007232.642857143,
        "write": 338009.28571428574,
        "misc": 0.0
    },
    "demand_miss_rate": {
        "total": 0.31227857142857146,
        "instrn": 0.0,
        "data": 0.31227857142857146,
        "read": 0.3061142857142856,
        "write": 0.34784999999999994,
        "misc": 0.0
    },
    "bytes_from_memory": 37523870.85714286,
    "bytes_to_memory": 5682940.571428572,
    "total_bytes_rw_mem": 43206811.428571425
}