{
    "demand_fetches": {
        "total": 5548853.153846154,
        "instrn": 0.0,
        "data": 5548853.153846154,
        "read": 4974626.0,
        "write": 574227.1538461539,
        "misc": 0.0
    },
    "demand_misses": {
        "total": 2672221.076923077,
        "instrn": 0.0,
        "data": 2672221.076923077,
        "read": 2441444.5384615385,
        "write": 230776.53846153847,
        "misc": 0.0
    },
    "demand_miss_rate": {
        "total": 0.4373846153846154,
        "instrn": 0.0,
        "data": 0.4373846153846154,
        "read": 0.44812307692307696,
        "write": 0.37026153846153853,
        "misc": 0.0
    },
    "bytes_from_memory": 42755537.23076923,
    "bytes_to_memory": 3985665.230769231,
    "total_bytes_rw_mem": 46741202.461538464
}