{
    "demand_fetches": {
        "total": 18681482.285714287,
        "instrn": 0.0,
        "data": 18681482.285714287,
        "read": 17715536.92857143,
        "write": 965945.3571428572,
        "misc": 0.0
    },
    "demand_misses": {
        "total": 1912613.142857143,
        "instrn": 0.0,
        "data": 1912613.142857143,
        "read": 1797806.2142857143,
        "write": 114806.92857142857,
        "misc": 0.0
    },
    "demand_miss_rate": {
        "total": 0.08619285714285714,
        "instrn": 0.0,
        "data": 0.08619285714285714,
        "read": 0.08537142857142857,
        "write": 0.09824999999999999,
        "misc": 0.0
    },
    "bytes_from_memory": 122407241.14285715,
    "bytes_to_memory": 8936251.42857143,
    "total_bytes_rw_mem": 131343492.57142857
}