{
    "demand_fetches": {
        "total": 101905.07142857143,
        "instrn": 0.0,
        "data": 101905.07142857143,
        "read": 56726.57142857143,
        "write": 45178.5,
        "misc": 0.0
    },
    "demand_misses": {
        "total": 45037.21428571428,
        "instrn": 0.0,
        "data": 45037.21428571428,
        "read": 10688.285714285714,
        "write": 34348.92857142857,
        "misc": 0.0
    },
    "demand_miss_rate": {
        "total": 0.25643571428571427,
        "instrn": 0.0,
        "data": 0.25643571428571427,
        "read": 0.13727142857142854,
        "write": 0.43212857142857153,
        "misc": 0.0
    },
    "bytes_from_memory": 2882381.714285714,
    "bytes_to_memory": 2228251.4285714286,
    "total_bytes_rw_mem": 5110633.142857143
}