{
    "demand_fetches": {
        "total": 10361724.57142857,
        "instrn": 0.0,
        "data": 10361724.57142857,
        "read": 9180187.714285715,
        "write": 1181536.857142857,
        "misc": 0.0
    },
    "demand_misses": {
        "total": 1741901.0714285714,
        "instrn": 0.0,
        "data": 1741901.0714285714,
        "read": 1511035.857142857,
        "write": 230865.2142857143,
        "misc": 0.0
    },
    "demand_miss_rate": {
        "total": 0.14407142857142857,
        "instrn": 0.0,
        "data": 0.14407142857142857,
        "read": 0.1408714285714286,
        "write": 0.16544285714285714,
        "misc": 0.0
    },
    "bytes_from_memory": 55740834.28571428,
    "bytes_to_memory": 7919456.0,
    "total_bytes_rw_mem": 63660290.28571428
}