{
    "demand_fetches": {
        "total": 10570637.615384616,
        "instrn": 0.0,
        "data": 10570637.615384616,
        "read": 9671347.153846154,
        "write": 899290.4615384615,
        "misc": 0.0
    },
    "demand_misses": {
        "total": 2461723.769230769,
        "instrn": 0.0,
        "data": 2461723.769230769,
        "read": 2284033.769230769,
        "write": 177690.0,
        "misc": 0.0
    },
    "demand_miss_rate": {
        "total": 0.21041538461538462,
        "instrn": 0.0,
        "data": 0.21041538461538462,
        "read": 0.21404615384615383,
        "write": 0.18033076923076927,
        "misc": 0.0
    },
    "bytes_from_memory": 78775160.61538461,
    "bytes_to_memory": 6262436.923076923,
    "total_bytes_rw_mem": 85037597.53846154
}