{
    "demand_fetches": {
        "total": 9802103.142857144,
        "instrn": 0.0,
        "data": 9802103.142857144,
        "read": 8971251.642857144,
        "write": 830851.5,
        "misc": 0.0
    },
    "demand_misses": {
        "total": 2299221.9285714286,
        "instrn": 0.0,
        "data": 2299221.9285714286,
        "read": 2137451.3571428573,
        "write": 161770.57142857142,
        "misc": 0.0
    },
    "demand_miss_rate": {
        "total": 0.19719285714285717,
        "instrn": 0.0,
        "data": 0.19719285714285717,
        "read": 0.20067857142857146,
        "write": 0.16620714285714283,
        "misc": 0.0
    },
    "bytes_from_memory": 73575101.71428572,
    "bytes_to_memory": 5736342.857142857,
    "total_bytes_rw_mem": 79311444.57142857
}