{
    "demand_fetches": {
        "total": 20412821.46153846,
        "instrn": 0.0,
        "data": 20412821.46153846,
        "read": 19265828.692307692,
        "write": 1146992.7692307692,
        "misc": 0.0
    },
    "demand_misses": {
        "total": 1619009.7692307692,
        "instrn": 0.0,
        "data": 1619009.7692307692,
        "read": 1494967.3076923077,
        "write": 124042.46153846153,
        "misc": 0.0
    },
    "demand_miss_rate": {
        "total": 0.07325384615384614,
        "instrn": 0.0,
        "data": 0.07325384615384614,
        "read": 0.07145384615384615,
        "write": 0.09709999999999999,
        "misc": 0.0
    },
    "bytes_from_memory": 103616625.23076923,
    "bytes_to_memory": 8774951.384615384,
    "total_bytes_rw_mem": 112391576.61538461
}