{
    "demand_fetches": {
        "total": 18681704.285714287,
        "instrn": 0.0,
        "data": 18681704.285714287,
        "read": 17715672.214285713,
        "write": 966032.0714285715,
        "misc": 0.0
    },
    "demand_misses": {
        "total": 2007995.4285714286,
        "instrn": 0.0,
        "data": 2007995.4285714286,
        "read": 1894765.7142857143,
        "write": 113229.71428571429,
        "misc": 0.0
    },
    "demand_miss_rate": {
        "total": 0.08950714285714285,
        "instrn": 0.0,
        "data": 0.08950714285714285,
        "read": 0.08897857142857143,
        "write": 0.09690714285714287,
        "misc": 0.0
    },
    "bytes_from_memory": 128511707.42857143,
    "bytes_to_memory": 8726020.57142857,
    "total_bytes_rw_mem": 137237728.0
}