{
    "demand_fetches": {
        "total": 10570637.615384616,
        "instrn": 0.0,
        "data": 10570637.615384616,
        "read": 9671347.153846154,
        "write": 899290.4615384615,
        "misc": 0.0
    },
    "demand_misses": {
        "total": 2545901.846153846,
        "instrn": 0.0,
        "data": 2545901.846153846,
        "read": 2362699.769230769,
        "write": 183202.07692307694,
        "misc": 0.0
    },
    "demand_miss_rate": {
        "total": 0.21923846153846152,
        "instrn": 0.0,
        "data": 0.21923846153846152,
        "read": 0.2233923076923077,
        "write": 0.18635384615384615,
        "misc": 0.0
    },
    "bytes_from_memory": 81468859.07692307,
    "bytes_to_memory": 6585080.615384615,
    "total_bytes_rw_mem": 88053939.6923077
}