{
    "demand_fetches": {
        "total": 5147401.5,
        "instrn": 0.0,
        "data": 5147401.5,
        "read": 4618878.428571428,
        "write": 528523.0714285715,
        "misc": 0.0
    },
    "demand_misses": {
        "total": 618712.2857142857,
        "instrn": 0.0,
        "data": 618712.2857142857,
        "read": 566310.2142857143,
        "write": 52402.07142857143,
        "misc": 0.0
    },
    "demand_miss_rate": {
        "total": 0.10155,
        "instrn": 0.0,
        "data": 0.10155,
        "read": 0.10434285714285715,
        "write": 0.08400714285714285,
        "misc": 0.0
    },
    "bytes_from_memory": 39597586.28571428,
    "bytes_to_memory": 3785997.714285714,
    "total_bytes_rw_mem": 43383584.0
}