{
    "demand_fetches": {
        "total": 10361724.57142857,
        "instrn": 0.0,
        "data": 10361724.57142857,
        "read": 9180187.714285715,
        "write": 1181536.857142857,
        "misc": 0.0
    },
    "demand_misses": {
        "total": 1610948.642857143,
        "instrn": 0.0,
        "data": 1610948.642857143,
        "read": 1384725.4285714286,
        "write": 226223.2142857143,
        "misc": 0.0
    },
    "demand_miss_rate": {
        "total": 0.1335214285714286,
        "instrn": 0.0,
        "data": 0.1335214285714286,
        "read": 0.12927142857142856,
        "write": 0.16195714285714288,
        "misc": 0.0
    },
    "bytes_from_memory": 51550356.571428575,
    "bytes_to_memory": 7621547.428571428,
    "total_bytes_rw_mem": 59171904.0
}