{
    "l1-i_dcaches": {
        "demand_fetches": {
            "total": 21076716.5,
            "instrn": 0.0,
            "data": 21076716.5,
            "read": 19175216.5,
            "write": 1901500.0,
            "misc": 0.0
        },
        "demand_misses": {
            "total": 8151473.0,
            "instrn": 0.0,
            "data": 8151473.0,
            "read": 7431051.0,
            "write": 720422.0,
            "misc": 0.0
        },
        "demand_miss_rate": {
            "total": 0.1934,
            "instrn": 0.0,
            "data": 0.1934,
            "read": 0.19375,
            "write": 0.18945,
            "misc": 0.0
        },
        "bytes_from_memory": 130423568.0,
        "bytes_to_memory": 11940104.0,
        "total_bytes_rw_mem": 142363672.0
    },
    "l2-ucache": {
        "demand_fetches": {
            "total": 8897729.5,
            "instrn": 0.0,
            "data": 8897729.5,
            "read": 8151473.0,
            "write": 746256.5,
            "misc": 0.0
        },
        "demand_misses": {
            "total": 1969173.5,
            "instrn": 0.0,
            "data": 1969173.5,
            "read": 1966663.5,
            "write": 2510.0,
            "misc": 0.0
        },
        "demand_miss_rate": {
            "total": 0.11065,
            "instrn": 0.0,
            "data": 0.11065,
            "read": 0.12065,
            "write": 0.0017,
            "misc": 0.0
        },
        "bytes_from_memory": 126027104.0,
        "bytes_to_memory": 19587360.0,
        "total_bytes_rw_mem": 145614464.0
    }
}