{
    "demand_fetches": {
        "total": 21086884.307692308,
        "instrn": 0.0,
        "data": 21086884.307692308,
        "read": 19657634.615384616,
        "write": 1429249.6923076923,
        "misc": 0.0
    },
    "demand_misses": {
        "total": 2756551.3846153845,
        "instrn": 0.0,
        "data": 2756551.3846153845,
        "read": 2557005.230769231,
        "write": 199546.15384615384,
        "misc": 0.0
    },
    "demand_miss_rate": {
        "total": 0.12084615384615385,
        "instrn": 0.0,
        "data": 0.12084615384615385,
        "read": 0.11979230769230768,
        "write": 0.13156923076923074,
        "misc": 0.0
    },
    "bytes_from_memory": 88209644.3076923,
    "bytes_to_memory": 6765006.769230769,
    "total_bytes_rw_mem": 94974651.07692307
}