{
    "demand_fetches": {
        "total": 20330162.076923076,
        "instrn": 0.0,
        "data": 20330162.076923076,
        "read": 19211134.46153846,
        "write": 1119027.6153846155,
        "misc": 0.0
    },
    "demand_misses": {
        "total": 1508381.3076923077,
        "instrn": 0.0,
        "data": 1508381.3076923077,
        "read": 1391453.7692307692,
        "write": 116927.53846153847,
        "misc": 0.0
    },
    "demand_miss_rate": {
        "total": 0.0687923076923077,
        "instrn": 0.0,
        "data": 0.0687923076923077,
        "read": 0.06696923076923077,
        "write": 0.09383846153846155,
        "misc": 0.0
    },
    "bytes_from_memory": 96536403.6923077,
    "bytes_to_memory": 8108105.846153846,
    "total_bytes_rw_mem": 104644509.53846154
}