{
    "demand_fetches": {
        "total": 11374004.785714285,
        "instrn": 0.0,
        "data": 11374004.785714285,
        "read": 9542798.0,
        "write": 1831206.7857142857,
        "misc": 0.0
    },
    "demand_misses": {
        "total": 1635515.642857143,
        "instrn": 0.0,
        "data": 1635515.642857143,
        "read": 1287873.9285714286,
        "write": 347641.71428571426,
        "misc": 0.0
    },
    "demand_miss_rate": {
        "total": 0.12375,
        "instrn": 0.0,
        "data": 0.12375,
        "read": 0.11605,
        "write": 0.16045714285714285,
        "misc": 0.0
    },
    "bytes_from_memory": 52336500.571428575,
    "bytes_to_memory": 11536859.42857143,
    "total_bytes_rw_mem": 63873360.0
}