{
    "demand_fetches": {
        "total": 9802103.142857144,
        "instrn": 0.0,
        "data": 9802103.142857144,
        "read": 8971251.642857144,
        "write": 830851.5,
        "misc": 0.0
    },
    "demand_misses": {
        "total": 4560572.285714285,
        "instrn": 0.0,
        "data": 4560572.285714285,
        "read": 4244730.785714285,
        "write": 315841.5,
        "misc": 0.0
    },
    "demand_miss_rate": {
        "total": 0.3937714285714286,
        "instrn": 0.0,
        "data": 0.3937714285714286,
        "read": 0.40182142857142855,
        "write": 0.3247428571428571,
        "misc": 0.0
    },
    "bytes_from_memory": 72969156.57142857,
    "bytes_to_memory": 5403411.428571428,
    "total_bytes_rw_mem": 78372568.0
}