{
    "demand_fetches": {
        "total": 45098.357142857145,
        "instrn": 0.0,
        "data": 45098.357142857145,
        "read": 27033.5,
        "write": 18064.85714285714,
        "misc": 0.0
    },
    "demand_misses": {
        "total": 12803.714285714286,
        "instrn": 0.0,
        "data": 12803.714285714286,
        "read": 4202.5,
        "write": 8601.214285714286,
        "misc": 0.0
    },
    "demand_miss_rate": {
        "total": 0.1882785714285715,
        "instrn": 0.0,
        "data": 0.1882785714285715,
        "read": 0.12457857142857144,
        "write": 0.28122142857142857,
        "misc": 0.0
    },
    "bytes_from_memory": 409718.85714285716,
    "bytes_to_memory": 286004.5714285714,
    "total_bytes_rw_mem": 695723.4285714285
}