{
    "demand_fetches": {
        "total": 85755.07142857143,
        "instrn": 0.0,
        "data": 85755.07142857143,
        "read": 51953.0,
        "write": 33802.07142857143,
        "misc": 0.0
    },
    "demand_misses": {
        "total": 37107.07142857143,
        "instrn": 0.0,
        "data": 37107.07142857143,
        "read": 14755.642857142857,
        "write": 22351.428571428572,
        "misc": 0.0
    },
    "demand_miss_rate": {
        "total": 0.2460785714285714,
        "instrn": 0.0,
        "data": 0.2460785714285714,
        "read": 0.17220714285714284,
        "write": 0.36804999999999993,
        "misc": 0.0
    },
    "bytes_from_memory": 1187426.2857142857,
    "bytes_to_memory": 728889.1428571428,
    "total_bytes_rw_mem": 1916315.4285714286
}