{
    "demand_fetches": {
        "total": 5592432.076923077,
        "instrn": 0.0,
        "data": 5592432.076923077,
        "read": 4987094.692307692,
        "write": 605337.3846153846,
        "misc": 0.0
    },
    "demand_misses": {
        "total": 2256381.230769231,
        "instrn": 0.0,
        "data": 2256381.230769231,
        "read": 2033141.7692307692,
        "write": 223239.46153846153,
        "misc": 0.0
    },
    "demand_miss_rate": {
        "total": 0.3607461538461539,
        "instrn": 0.0,
        "data": 0.3607461538461539,
        "read": 0.36419230769230765,
        "write": 0.3368846153846154,
        "misc": 0.0
    },
    "bytes_from_memory": 36102099.692307696,
    "bytes_to_memory": 3728482.4615384615,
    "total_bytes_rw_mem": 39830582.15384615
}