{
    "demand_fetches": {
        "total": 19213499.92857143,
        "instrn": 0.0,
        "data": 19213499.92857143,
        "read": 18041327.5,
        "write": 1172172.4285714286,
        "misc": 0.0
    },
    "demand_misses": {
        "total": 5150432.0,
        "instrn": 0.0,
        "data": 5150432.0,
        "read": 4815549.928571428,
        "write": 334882.0714285714,
        "misc": 0.0
    },
    "demand_miss_rate": {
        "total": 0.23016428571428574,
        "instrn": 0.0,
        "data": 0.23016428571428574,
        "read": 0.2282714285714286,
        "write": 0.2505285714285714,
        "misc": 0.0
    },
    "bytes_from_memory": 82406912.0,
    "bytes_to_memory": 5611902.857142857,
    "total_bytes_rw_mem": 88018814.85714285
}