{
    "demand_fetches": {
        "total": 5458719.785714285,
        "instrn": 0.0,
        "data": 5458719.785714285,
        "read": 4741325.428571428,
        "write": 717394.3571428572,
        "misc": 0.0
    },
    "demand_misses": {
        "total": 2608944.285714286,
        "instrn": 0.0,
        "data": 2608944.285714286,
        "read": 2317042.785714286,
        "write": 291901.5,
        "misc": 0.0
    },
    "demand_miss_rate": {
        "total": 0.4041928571428572,
        "instrn": 0.0,
        "data": 0.4041928571428572,
        "read": 0.41532142857142856,
        "write": 0.34405,
        "misc": 0.0
    },
    "bytes_from_memory": 41743108.571428575,
    "bytes_to_memory": 5176440.0,
    "total_bytes_rw_mem": 46919548.571428575
}