{
    "demand_fetches": {
        "total": 24717886.384615384,
        "instrn": 0.0,
        "data": 24717886.384615384,
        "read": 21686687.46153846,
        "write": 3031198.923076923,
        "misc": 0.0
    },
    "demand_misses": {
        "total": 3015529.3076923075,
        "instrn": 0.0,
        "data": 3015529.3076923075,
        "read": 2626291.3076923075,
        "write": 389238.0,
        "misc": 0.0
    },
    "demand_miss_rate": {
        "total": 0.11323076923076923,
        "instrn": 0.0,
        "data": 0.11323076923076923,
        "read": 0.11211538461538462,
        "write": 0.12032307692307691,
        "misc": 0.0
    },
    "bytes_from_memory": 96496937.84615384,
    "bytes_to_memory": 13405319.384615384,
    "total_bytes_rw_mem": 109902257.23076923
}