{
    "demand_fetches": {
        "total": 20412821.46153846,
        "instrn": 0.0,
        "data": 20412821.46153846,
        "read": 19265828.692307692,
        "write": 1146992.7692307692,
        "misc": 0.0
    },
    "demand_misses": {
        "total": 3517971.3846153845,
        "instrn": 0.0,
        "data": 3517971.3846153845,
        "read": 3325907.5384615385,
        "write": 192063.84615384616,
        "misc": 0.0
    },
    "demand_miss_rate": {
        "total": 0.15761538461538466,
        "instrn": 0.0,
        "data": 0.15761538461538466,
        "read": 0.15763846153846156,
        "write": 0.15592307692307694,
        "misc": 0.0
    },
    "bytes_from_memory": 112575084.3076923,
    "bytes_to_memory": 7079552.0,
    "total_bytes_rw_mem": 119654636.3076923
}