{
    "demand_fetches": {
        "total": 9909112.285714285,
        "instrn": 0.0,
        "data": 9909112.285714285,
        "read": 9015925.285714285,
        "write": 893187.0,
        "misc": 0.0
    },
    "demand_misses": {
        "total": 1987775.9285714286,
        "instrn": 0.0,
        "data": 1987775.9285714286,
        "read": 1808155.0,
        "write": 179620.92857142858,
        "misc": 0.0
    },
    "demand_miss_rate": {
        "total": 0.1700142857142857,
        "instrn": 0.0,
        "data": 0.1700142857142857,
        "read": 0.17010714285714285,
        "write": 0.16972857142857142,
        "misc": 0.0
    },
    "bytes_from_memory": 63608829.71428572,
    "bytes_to_memory": 6365266.285714285,
    "total_bytes_rw_mem": 69974096.0
}