{
    "demand_fetches": {
        "total": 9909068.142857144,
        "instrn": 0.0,
        "data": 9909068.142857144,
        "read": 9015900.142857144,
        "write": 893168.0,
        "misc": 0.0
    },
    "demand_misses": {
        "total": 2385667.4285714286,
        "instrn": 0.0,
        "data": 2385667.4285714286,
        "read": 2201312.5,
        "write": 184354.92857142858,
        "misc": 0.0
    },
    "demand_miss_rate": {
        "total": 0.2031714285714286,
        "instrn": 0.0,
        "data": 0.2031714285714286,
        "read": 0.20681428571428576,
        "write": 0.17482857142857142,
        "misc": 0.0
    },
    "bytes_from_memory": 76341357.71428572,
    "bytes_to_memory": 6653620.571428572,
    "total_bytes_rw_mem": 82994978.28571428
}