{
    "demand_fetches": {
        "total": 11374302.642857144,
        "instrn": 0.0,
        "data": 11374302.642857144,
        "read": 9542977.785714285,
        "write": 1831324.857142857,
        "misc": 0.0
    },
    "demand_misses": {
        "total": 867010.0,
        "instrn": 0.0,
        "data": 867010.0,
        "read": 688276.1428571428,
        "write": 178733.85714285713,
        "misc": 0.0
    },
    "demand_miss_rate": {
        "total": 0.06585714285714285,
        "instrn": 0.0,
        "data": 0.06585714285714285,
        "read": 0.062378571428571415,
        "write": 0.08251428571428572,
        "misc": 0.0
    },
    "bytes_from_memory": 55488640.0,
    "bytes_to_memory": 12232045.714285715,
    "total_bytes_rw_mem": 67720685.71428572
}