{
    "demand_fetches": {
        "total": 5147401.5,
        "instrn": 0.0,
        "data": 5147401.5,
        "read": 4618878.428571428,
        "write": 528523.0714285715,
        "misc": 0.0
    },
    "demand_misses": {
        "total": 1011912.6428571428,
        "instrn": 0.0,
        "data": 1011912.6428571428,
        "read": 910506.0,
        "write": 101406.64285714286,
        "misc": 0.0
    },
    "demand_miss_rate": {
        "total": 0.1662142857142857,
        "instrn": 0.0,
        "data": 0.1662142857142857,
        "read": 0.16685,
        "write": 0.16237857142857146,
        "misc": 0.0
    },
    "bytes_from_memory": 32381204.57142857,
    "bytes_to_memory": 3494973.714285714,
    "total_bytes_rw_mem": 35876178.28571428
}