{
    "demand_fetches": {
        "total": 6502652.307692308,
        "instrn": 0.0,
        "data": 6502652.307692308,
        "read": 5342057.923076923,
        "write": 1160594.3846153845,
        "misc": 0.0
    },
    "demand_misses": {
        "total": 929811.5384615385,
        "instrn": 0.0,
        "data": 929811.5384615385,
        "read": 714899.7692307692,
        "write": 214911.76923076922,
        "misc": 0.0
    },
    "demand_miss_rate": {
        "total": 0.12794615384615388,
        "instrn": 0.0,
        "data": 0.12794615384615388,
        "read": 0.11806923076923076,
        "write": 0.16737692307692306,
        "misc": 0.0
    },
    "bytes_from_memory": 29753969.230769232,
    "bytes_to_memory": 7161937.230769231,
    "total_bytes_rw_mem": 36915906.461538464
}