{
    "demand_fetches": {
        "total": 60908.07142857143,
        "instrn": 0.0,
        "data": 60908.07142857143,
        "read": 42158.857142857145,
        "write": 18749.214285714286,
        "misc": 0.0
    },
    "demand_misses": {
        "total": 11320.0,
        "instrn": 0.0,
        "data": 11320.0,
        "read": 6709.642857142857,
        "write": 4610.357142857143,
        "misc": 0.0
    },
    "demand_miss_rate": {
        "total": 0.14205,
        "instrn": 0.0,
        "data": 0.14205,
        "read": 0.12600714285714287,
        "write": 0.17909999999999998,
        "misc": 0.0
    },
    "bytes_from_memory": 181120.0,
    "bytes_to_memory": 86228.57142857143,
    "total_bytes_rw_mem": 267348.5714285714
}