{
    "demand_fetches": {
        "total": 5592432.076923077,
        "instrn": 0.0,
        "data": 5592432.076923077,
        "read": 4987094.692307692,
        "write": 605337.3846153846,
        "misc": 0.0
    },
    "demand_misses": {
        "total": 652634.7692307692,
        "instrn": 0.0,
        "data": 652634.7692307692,
        "read": 595050.1538461539,
        "write": 57584.61538461538,
        "misc": 0.0
    },
    "demand_miss_rate": {
        "total": 0.10443076923076923,
        "instrn": 0.0,
        "data": 0.10443076923076923,
        "read": 0.10728461538461537,
        "write": 0.08693846153846155,
        "misc": 0.0
    },
    "bytes_from_memory": 41768625.23076923,
    "bytes_to_memory": 4048472.6153846155,
    "total_bytes_rw_mem": 45817097.84615385
}