{
    "demand_fetches": {
        "total": 20199630.46153846,
        "instrn": 0.0,
        "data": 20199630.46153846,
        "read": 19130452.615384616,
        "write": 1069177.8461538462,
        "misc": 0.0
    },
    "demand_misses": {
        "total": 3294535.0,
        "instrn": 0.0,
        "data": 3294535.0,
        "read": 3120675.923076923,
        "write": 173859.07692307694,
        "misc": 0.0
    },
    "demand_miss_rate": {
        "total": 0.14833846153846156,
        "instrn": 0.0,
        "data": 0.14833846153846156,
        "read": 0.14791538461538462,
        "write": 0.1518076923076923,
        "misc": 0.0
    },
    "bytes_from_memory": 105425120.0,
    "bytes_to_memory": 6175347.692307692,
    "total_bytes_rw_mem": 111600467.6923077
}