{
    "demand_fetches": {
        "total": 24717886.384615384,
        "instrn": 0.0,
        "data": 24717886.384615384,
        "read": 21686687.46153846,
        "write": 3031198.923076923,
        "misc": 0.0
    },
    "demand_misses": {
        "total": 1913492.6153846155,
        "instrn": 0.0,
        "data": 1913492.6153846155,
        "read": 1547367.5384615385,
        "write": 366125.07692307694,
        "misc": 0.0
    },
    "demand_miss_rate": {
        "total": 0.07196923076923077,
        "instrn": 0.0,
        "data": 0.07196923076923077,
        "read": 0.06649230769230768,
        "write": 0.10878461538461538,
        "misc": 0.0
    },
    "bytes_from_memory": 122463527.38461539,
    "bytes_to_memory": 25852740.923076924,
    "total_bytes_rw_mem": 148316268.30769232
}