{
    "demand_fetches": {
        "total": 20199630.46153846,
        "instrn": 0.0,
        "data": 20199630.46153846,
        "read": 19130452.615384616,
        "write": 1069177.8461538462,
        "misc": 0.0
    },
    "demand_misses": {
        "total": 6546237.692307692,
        "instrn": 0.0,
        "data": 6546237.692307692,
        "read": 6203168.461538462,
        "write": 343069.23076923075,
        "misc": 0.0
    },
    "demand_miss_rate": {
        "total": 0.2951615384615385,
        "instrn": 0.0,
        "data": 0.2951615384615385,
        "read": 0.2944692307692308,
        "write": 0.30033846153846155,
        "misc": 0.0
    },
    "bytes_from_memory": 104739803.07692307,
    "bytes_to_memory": 6007540.923076923,
    "total_bytes_rw_mem": 110747344.0
}