{
    "demand_fetches": {
        "total": 4866617.6,
        "instrn": 0.0,
        "data": 4866617.6,
        "read": 4328744.666666667,
        "write": 537872.9333333333,
        "misc": 0.0
    },
    "demand_misses": {
        "total": 568283.0666666667,
        "instrn": 0.0,
        "data": 568283.0666666667,
        "read": 517274.13333333336,
        "write": 51008.933333333334,
        "misc": 0.0
    },
    "demand_miss_rate": {
        "total": 0.09065999999999999,
        "instrn": 0.0,
        "data": 0.09065999999999999,
        "read": 0.09323333333333333,
        "write": 0.07519333333333335,
        "misc": 0.0
    },
    "bytes_from_memory": 36370116.266666666,
    "bytes_to_memory": 3592601.6,
    "total_bytes_rw_mem": 39962717.86666667
}