{
    "demand_fetches": {
        "total": 18610525.285714287,
        "instrn": 0.0,
        "data": 18610525.285714287,
        "read": 17654362.285714287,
        "write": 956163.0,
        "misc": 0.0
    },
    "demand_misses": {
        "total": 8997010.857142856,
        "instrn": 0.0,
        "data": 8997010.857142856,
        "read": 8631339.07142857,
        "write": 365671.78571428574,
        "misc": 0.0
    },
    "demand_miss_rate": {
        "total": 0.4128785714285714,
        "instrn": 0.0,
        "data": 0.4128785714285714,
        "read": 0.41867142857142864,
        "write": 0.33150714285714283,
        "misc": 0.0
    },
    "bytes_from_memory": 143952173.7142857,
    "bytes_to_memory": 6843531.428571428,
    "total_bytes_rw_mem": 150795705.14285713
}