{
    "demand_fetches": {
        "total": 56153.21428571428,
        "instrn": 0.0,
        "data": 56153.21428571428,
        "read": 39110.142857142855,
        "write": 17043.071428571428,
        "misc": 0.0
    },
    "demand_misses": {
        "total": 10022.92857142857,
        "instrn": 0.0,
        "data": 10022.92857142857,
        "read": 5337.357142857143,
        "write": 4685.571428571428,
        "misc": 0.0
    },
    "demand_miss_rate": {
        "total": 0.12735000000000002,
        "instrn": 0.0,
        "data": 0.12735000000000002,
        "read": 0.10252857142857141,
        "write": 0.1853071428571429,
        "misc": 0.0
    },
    "bytes_from_memory": 641467.4285714285,
    "bytes_to_memory": 322134.85714285716,
    "total_bytes_rw_mem": 963602.2857142857
}