{
    "demand_fetches": {
        "total": 19214001.5,
        "instrn": 0.0,
        "data": 19214001.5,
        "read": 18041581.714285713,
        "write": 1172419.7857142857,
        "misc": 0.0
    },
    "demand_misses": {
        "total": 1636896.5,
        "instrn": 0.0,
        "data": 1636896.5,
        "read": 1502047.9285714286,
        "write": 134848.57142857142,
        "misc": 0.0
    },
    "demand_miss_rate": {
        "total": 0.07334285714285714,
        "instrn": 0.0,
        "data": 0.07334285714285714,
        "read": 0.07159285714285714,
        "write": 0.09570714285714285,
        "misc": 0.0
    },
    "bytes_from_memory": 104761376.0,
    "bytes_to_memory": 9826432.0,
    "total_bytes_rw_mem": 114587808.0
}