{
    "demand_fetches": {
        "total": 5212973.285714285,
        "instrn": 0.0,
        "data": 5212973.285714285,
        "read": 4647427.142857143,
        "write": 565546.1428571428,
        "misc": 0.0
    },
    "demand_misses": {
        "total": 1261652.7142857143,
        "instrn": 0.0,
        "data": 1261652.7142857143,
        "read": 1147189.857142857,
        "write": 114462.85714285714,
        "misc": 0.0
    },
    "demand_miss_rate": {
        "total": 0.2056571428571429,
        "instrn": 0.0,
        "data": 0.2056571428571429,
        "read": 0.21140714285714285,
        "write": 0.17100714285714286,
        "misc": 0.0
    },
    "bytes_from_memory": 40372886.85714286,
    "bytes_to_memory": 4061670.8571428573,
    "total_bytes_rw_mem": 44434557.71428572
}