{
    "demand_fetches": {
        "total": 6502652.307692308,
        "instrn": 0.0,
        "data": 6502652.307692308,
        "read": 5342057.923076923,
        "write": 1160594.3846153845,
        "misc": 0.0
    },
    "demand_misses": {
        "total": 1840310.1538461538,
        "instrn": 0.0,
        "data": 1840310.1538461538,
        "read": 1413111.6923076923,
        "write": 427198.46153846156,
        "misc": 0.0
    },
    "demand_miss_rate": {
        "total": 0.25246153846153846,
        "instrn": 0.0,
        "data": 0.25246153846153846,
        "read": 0.2323076923076923,
        "write": 0.3329153846153846,
        "misc": 0.0
    },
    "bytes_from_memory": 29444962.46153846,
    "bytes_to_memory": 7031577.846153846,
    "total_bytes_rw_mem": 36476540.307692304
}