{
    "demand_fetches": {
        "total": 10616309.666666666,
        "instrn": 0.0,
        "data": 10616309.666666666,
        "read": 8906967.933333334,
        "write": 1709341.7333333334,
        "misc": 0.0
    },
    "demand_misses": {
        "total": 758857.8666666667,
        "instrn": 0.0,
        "data": 758857.8666666667,
        "read": 596056.6,
        "write": 162801.26666666666,
        "misc": 0.0
    },
    "demand_miss_rate": {
        "total": 0.05752666666666666,
        "instrn": 0.0,
        "data": 0.05752666666666666,
        "read": 0.053853333333333336,
        "write": 0.07511333333333335,
        "misc": 0.0
    },
    "bytes_from_memory": 48566903.46666667,
    "bytes_to_memory": 10927240.533333333,
    "total_bytes_rw_mem": 59494144.0
}