{
    "demand_fetches": {
        "total": 159946.76923076922,
        "instrn": 0.0,
        "data": 159946.76923076922,
        "read": 85015.84615384616,
        "write": 74930.92307692308,
        "misc": 0.0
    },
    "demand_misses": {
        "total": 76525.38461538461,
        "instrn": 0.0,
        "data": 76525.38461538461,
        "read": 12405.076923076924,
        "write": 64120.307692307695,
        "misc": 0.0
    },
    "demand_miss_rate": {
        "total": 0.2727,
        "instrn": 0.0,
        "data": 0.2727,
        "read": 0.11764615384615383,
        "write": 0.5112692307692307,
        "misc": 0.0
    },
    "bytes_from_memory": 4897624.615384615,
    "bytes_to_memory": 4138240.0,
    "total_bytes_rw_mem": 9035864.615384616
}