{
    "demand_fetches": {
        "total": 21999833.076923076,
        "instrn": 0.0,
        "data": 21999833.076923076,
        "read": 20172493.384615384,
        "write": 1827339.6923076923,
        "misc": 0.0
    },
    "demand_misses": {
        "total": 5726157.076923077,
        "instrn": 0.0,
        "data": 5726157.076923077,
        "read": 5237473.230769231,
        "write": 488683.8461538461,
        "misc": 0.0
    },
    "demand_miss_rate": {
        "total": 0.2405230769230769,
        "instrn": 0.0,
        "data": 0.2405230769230769,
        "read": 0.2391153846153846,
        "write": 0.25262307692307695,
        "misc": 0.0
    },
    "bytes_from_memory": 91618513.23076923,
    "bytes_to_memory": 8284537.846153846,
    "total_bytes_rw_mem": 99903051.07692307
}