{
    "demand_fetches": {
        "total": 21422233.0,
        "instrn": 0.0,
        "data": 21422233.0,
        "read": 18795179.4,
        "write": 2627053.6,
        "misc": 0.0
    },
    "demand_misses": {
        "total": 1472429.6666666667,
        "instrn": 0.0,
        "data": 1472429.6666666667,
        "read": 1177232.5333333334,
        "write": 295197.13333333336,
        "misc": 0.0
    },
    "demand_miss_rate": {
        "total": 0.055346666666666655,
        "instrn": 0.0,
        "data": 0.055346666666666655,
        "read": 0.050499999999999996,
        "write": 0.08783999999999999,
        "misc": 0.0
    },
    "bytes_from_memory": 94235498.66666667,
    "bytes_to_memory": 20119121.066666666,
    "total_bytes_rw_mem": 114354619.73333333
}