{
    "demand_fetches": {
        "total": 5574400.076923077,
        "instrn": 0.0,
        "data": 5574400.076923077,
        "read": 4982210.769230769,
        "write": 592189.3076923077,
        "misc": 0.0
    },
    "demand_misses": {
        "total": 1314188.8461538462,
        "instrn": 0.0,
        "data": 1314188.8461538462,
        "read": 1200241.1538461538,
        "write": 113947.69230769231,
        "misc": 0.0
    },
    "demand_miss_rate": {
        "total": 0.21284615384615385,
        "instrn": 0.0,
        "data": 0.21284615384615385,
        "read": 0.21896153846153849,
        "write": 0.1759230769230769,
        "misc": 0.0
    },
    "bytes_from_memory": 42054043.07692308,
    "bytes_to_memory": 3961304.6153846155,
    "total_bytes_rw_mem": 46015347.692307696
}