{
    "demand_fetches": {
        "total": 9802103.142857144,
        "instrn": 0.0,
        "data": 9802103.142857144,
        "read": 8971251.642857144,
        "write": 830851.5,
        "misc": 0.0
    },
    "demand_misses": {
        "total": 1126593.7857142857,
        "instrn": 0.0,
        "data": 1126593.7857142857,
        "read": 1046927.5,
        "write": 79666.28571428571,
        "misc": 0.0
    },
    "demand_miss_rate": {
        "total": 0.09307857142857144,
        "instrn": 0.0,
        "data": 0.09307857142857144,
        "read": 0.09415714285714287,
        "write": 0.08151428571428572,
        "misc": 0.0
    },
    "bytes_from_memory": 72102002.28571428,
    "bytes_to_memory": 5665458.285714285,
    "total_bytes_rw_mem": 77767460.57142857
}