{
    "demand_fetches": {
        "total": 5458719.785714285,
        "instrn": 0.0,
        "data": 5458719.785714285,
        "read": 4741325.428571428,
        "write": 717394.3571428572,
        "misc": 0.0
    },
    "demand_misses": {
        "total": 1835500.0714285714,
        "instrn": 0.0,
        "data": 1835500.0714285714,
        "read": 1563240.357142857,
        "write": 272259.71428571426,
        "misc": 0.0
    },
    "demand_miss_rate": {
        "total": 0.2878428571428571,
        "instrn": 0.0,
        "data": 0.2878428571428571,
        "read": 0.2820714285714286,
        "write": 0.32053571428571426,
        "misc": 0.0
    },
    "bytes_from_memory": 29368001.14285714,
    "bytes_to_memory": 4575510.857142857,
    "total_bytes_rw_mem": 33943512.0
}