{
    "demand_fetches": {
        "total": 5213475.357142857,
        "instrn": 0.0,
        "data": 5213475.357142857,
        "read": 4637549.0,
        "write": 575926.3571428572,
        "misc": 0.0
    },
    "demand_misses": {
        "total": 2159198.6428571427,
        "instrn": 0.0,
        "data": 2159198.6428571427,
        "read": 1948026.0,
        "write": 211172.64285714287,
        "misc": 0.0
    },
    "demand_miss_rate": {
        "total": 0.34244285714285716,
        "instrn": 0.0,
        "data": 0.34244285714285716,
        "read": 0.3470142857142857,
        "write": 0.3111785714285714,
        "misc": 0.0
    },
    "bytes_from_memory": 34547178.28571428,
    "bytes_to_memory": 3520283.4285714286,
    "total_bytes_rw_mem": 38067461.71428572
}