{
    "demand_fetches": {
        "total": 10581582.846153846,
        "instrn": 0.0,
        "data": 10581582.846153846,
        "read": 9676558.384615384,
        "write": 905024.4615384615,
        "misc": 0.0
    },
    "demand_misses": {
        "total": 1322289.1538461538,
        "instrn": 0.0,
        "data": 1322289.1538461538,
        "read": 1224365.7692307692,
        "write": 97923.38461538461,
        "misc": 0.0
    },
    "demand_miss_rate": {
        "total": 0.11516923076923077,
        "instrn": 0.0,
        "data": 0.11516923076923077,
        "read": 0.11724615384615385,
        "write": 0.09934615384615385,
        "misc": 0.0
    },
    "bytes_from_memory": 84626505.84615384,
    "bytes_to_memory": 7515475.692307692,
    "total_bytes_rw_mem": 92141981.53846154
}