{
    "demand_fetches": {
        "total": 21086884.307692308,
        "instrn": 0.0,
        "data": 21086884.307692308,
        "read": 19657634.615384616,
        "write": 1429249.6923076923,
        "misc": 0.0
    },
    "demand_misses": {
        "total": 5486689.538461538,
        "instrn": 0.0,
        "data": 5486689.538461538,
        "read": 5092286.384615385,
        "write": 394403.1538461539,
        "misc": 0.0
    },
    "demand_miss_rate": {
        "total": 0.24033846153846158,
        "instrn": 0.0,
        "data": 0.24033846153846158,
        "read": 0.23835384615384614,
        "write": 0.26041538461538455,
        "misc": 0.0
    },
    "bytes_from_memory": 87787032.61538461,
    "bytes_to_memory": 6590512.0,
    "total_bytes_rw_mem": 94377544.61538461
}