{
    "demand_fetches": {
        "total": 21086884.307692308,
        "instrn": 0.0,
        "data": 21086884.307692308,
        "read": 19657634.615384616,
        "write": 1429249.6923076923,
        "misc": 0.0
    },
    "demand_misses": {
        "total": 2107539.6153846155,
        "instrn": 0.0,
        "data": 2107539.6153846155,
        "read": 1917911.076923077,
        "write": 189628.53846153847,
        "misc": 0.0
    },
    "demand_miss_rate": {
        "total": 0.09189230769230769,
        "instrn": 0.0,
        "data": 0.09189230769230769,
        "read": 0.08974615384615385,
        "write": 0.11766153846153846,
        "misc": 0.0
    },
    "bytes_from_memory": 134882535.3846154,
    "bytes_to_memory": 14467204.923076924,
    "total_bytes_rw_mem": 149349740.30769232
}