{
    "demand_fetches": {
        "total": 9909068.142857144,
        "instrn": 0.0,
        "data": 9909068.142857144,
        "read": 9015900.142857144,
        "write": 893168.0,
        "misc": 0.0
    },
    "demand_misses": {
        "total": 2425948.714285714,
        "instrn": 0.0,
        "data": 2425948.714285714,
        "read": 2237615.5,
        "write": 188333.2142857143,
        "misc": 0.0
    },
    "demand_miss_rate": {
        "total": 0.2078785714285714,
        "instrn": 0.0,
        "data": 0.2078785714285714,
        "read": 0.21161428571428573,
        "write": 0.17937857142857144,
        "misc": 0.0
    },
    "bytes_from_memory": 77630358.85714285,
    "bytes_to_memory": 6892459.428571428,
    "total_bytes_rw_mem": 84522818.28571428
}