{
    "demand_fetches": {
        "total": 5212973.285714285,
        "instrn": 0.0,
        "data": 5212973.285714285,
        "read": 4647427.142857143,
        "write": 565546.1428571428,
        "misc": 0.0
    },
    "demand_misses": {
        "total": 821290.5714285715,
        "instrn": 0.0,
        "data": 821290.5714285715,
        "read": 716255.5714285715,
        "write": 105035.0,
        "misc": 0.0
    },
    "demand_miss_rate": {
        "total": 0.13575714285714285,
        "instrn": 0.0,
        "data": 0.13575714285714285,
        "read": 0.13258571428571425,
        "write": 0.15692857142857145,
        "misc": 0.0
    },
    "bytes_from_memory": 26281298.285714287,
    "bytes_to_memory": 3510118.8571428573,
    "total_bytes_rw_mem": 29791417.14285714
}