{
    "demand_fetches": {
        "total": 9774315.714285715,
        "instrn": 0.0,
        "data": 9774315.714285715,
        "read": 8964283.0,
        "write": 810032.7142857143,
        "misc": 0.0
    },
    "demand_misses": {
        "total": 2288894.714285714,
        "instrn": 0.0,
        "data": 2288894.714285714,
        "read": 2129002.6428571427,
        "write": 159892.07142857142,
        "misc": 0.0
    },
    "demand_miss_rate": {
        "total": 0.19491428571428573,
        "instrn": 0.0,
        "data": 0.19491428571428573,
        "read": 0.19804285714285713,
        "write": 0.16762857142857146,
        "misc": 0.0
    },
    "bytes_from_memory": 73244630.85714285,
    "bytes_to_memory": 5690406.857142857,
    "total_bytes_rw_mem": 78935037.71428572
}