{
    "demand_fetches": {
        "total": 11374004.785714285,
        "instrn": 0.0,
        "data": 11374004.785714285,
        "read": 9542798.0,
        "write": 1831206.7857142857,
        "misc": 0.0
    },
    "demand_misses": {
        "total": 3185817.0714285714,
        "instrn": 0.0,
        "data": 3185817.0714285714,
        "read": 2497358.714285714,
        "write": 688458.3571428572,
        "misc": 0.0
    },
    "demand_miss_rate": {
        "total": 0.24068571428571434,
        "instrn": 0.0,
        "data": 0.24068571428571434,
        "read": 0.22455,
        "write": 0.3177285714285714,
        "misc": 0.0
    },
    "bytes_from_memory": 50973073.14285714,
    "bytes_to_memory": 11297217.142857144,
    "total_bytes_rw_mem": 62270290.28571428
}