{
    "demand_fetches": {
        "total": 10538876.538461538,
        "instrn": 0.0,
        "data": 10538876.538461538,
        "read": 9658823.923076924,
        "write": 880052.6153846154,
        "misc": 0.0
    },
    "demand_misses": {
        "total": 5091854.538461538,
        "instrn": 0.0,
        "data": 5091854.538461538,
        "read": 4733207.923076923,
        "write": 358646.6153846154,
        "misc": 0.0
    },
    "demand_miss_rate": {
        "total": 0.44099999999999995,
        "instrn": 0.0,
        "data": 0.44099999999999995,
        "read": 0.44912307692307696,
        "write": 0.37538461538461537,
        "misc": 0.0
    },
    "bytes_from_memory": 81469672.61538461,
    "bytes_to_memory": 6323953.230769231,
    "total_bytes_rw_mem": 87793625.84615384
}