{
    "demand_fetches": {
        "total": 10570637.615384616,
        "instrn": 0.0,
        "data": 10570637.615384616,
        "read": 9671347.153846154,
        "write": 899290.4615384615,
        "misc": 0.0
    },
    "demand_misses": {
        "total": 3469860.3076923075,
        "instrn": 0.0,
        "data": 3469860.3076923075,
        "read": 3136010.6923076925,
        "write": 333849.6153846154,
        "misc": 0.0
    },
    "demand_miss_rate": {
        "total": 0.3010307692307692,
        "instrn": 0.0,
        "data": 0.3010307692307692,
        "read": 0.29626153846153847,
        "write": 0.3391461538461539,
        "misc": 0.0
    },
    "bytes_from_memory": 55517764.92307692,
    "bytes_to_memory": 5569571.692307692,
    "total_bytes_rw_mem": 61087336.615384616
}