{
    "demand_fetches": {
        "total": 5212973.285714285,
        "instrn": 0.0,
        "data": 5212973.285714285,
        "read": 4647427.142857143,
        "write": 565546.1428571428,
        "misc": 0.0
    },
    "demand_misses": {
        "total": 562071.4285714285,
        "instrn": 0.0,
        "data": 562071.4285714285,
        "read": 504693.0714285714,
        "write": 57378.357142857145,
        "misc": 0.0
    },
    "demand_miss_rate": {
        "total": 0.09209285714285713,
        "instrn": 0.0,
        "data": 0.09209285714285713,
        "read": 0.09325000000000001,
        "write": 0.08532857142857143,
        "misc": 0.0
    },
    "bytes_from_memory": 35972571.428571425,
    "bytes_to_memory": 4165051.4285714286,
    "total_bytes_rw_mem": 40137622.85714286
}