{
    "demand_fetches": {
        "total": 19213499.92857143,
        "instrn": 0.0,
        "data": 19213499.92857143,
        "read": 18041327.5,
        "write": 1172172.4285714286,
        "misc": 0.0
    },
    "demand_misses": {
        "total": 1474247.642857143,
        "instrn": 0.0,
        "data": 1474247.642857143,
        "read": 1346417.9285714286,
        "write": 127829.71428571429,
        "misc": 0.0
    },
    "demand_miss_rate": {
        "total": 0.06609285714285715,
        "instrn": 0.0,
        "data": 0.06609285714285715,
        "read": 0.06412857142857144,
        "write": 0.09088571428571428,
        "misc": 0.0
    },
    "bytes_from_memory": 94351849.14285715,
    "bytes_to_memory": 8972141.714285715,
    "total_bytes_rw_mem": 103323990.85714285
}