{
    "demand_fetches": {
        "total": 261857.0,
        "instrn": 0.0,
        "data": 261857.0,
        "read": 57447.357142857145,
        "write": 204409.64285714287,
        "misc": 0.0
    },
    "demand_misses": {
        "total": 214629.2857142857,
        "instrn": 0.0,
        "data": 214629.2857142857,
        "read": 25561.071428571428,
        "write": 189068.2142857143,
        "misc": 0.0
    },
    "demand_miss_rate": {
        "total": 0.4797071428571429,
        "instrn": 0.0,
        "data": 0.4797071428571429,
        "read": 0.3326071428571429,
        "write": 0.54195,
        "misc": 0.0
    },
    "bytes_from_memory": 13736274.285714285,
    "bytes_to_memory": 12143117.714285715,
    "total_bytes_rw_mem": 25879392.0
}