{
    "demand_fetches": {
        "total": 6953170.357142857,
        "instrn": 0.0,
        "data": 6953170.357142857,
        "read": 6063401.928571428,
        "write": 889768.4285714285,
        "misc": 0.0
    },
    "demand_misses": {
        "total": 623641.7857142857,
        "instrn": 0.0,
        "data": 623641.7857142857,
        "read": 536754.3571428572,
        "write": 86887.42857142857,
        "misc": 0.0
    },
    "demand_miss_rate": {
        "total": 0.08321428571428571,
        "instrn": 0.0,
        "data": 0.08321428571428571,
        "read": 0.08223571428571429,
        "write": 0.08924285714285714,
        "misc": 0.0
    },
    "bytes_from_memory": 39913074.28571428,
    "bytes_to_memory": 6107977.142857143,
    "total_bytes_rw_mem": 46021051.428571425
}