{
    "demand_fetches": {
        "total": 18610560.285714287,
        "instrn": 0.0,
        "data": 18610560.285714287,
        "read": 17654384.07142857,
        "write": 956176.2142857143,
        "misc": 0.0
    },
    "demand_misses": {
        "total": 1767293.0714285714,
        "instrn": 0.0,
        "data": 1767293.0714285714,
        "read": 1664656.5,
        "write": 102636.57142857143,
        "misc": 0.0
    },
    "demand_miss_rate": {
        "total": 0.07842142857142856,
        "instrn": 0.0,
        "data": 0.07842142857142856,
        "read": 0.07753571428571428,
        "write": 0.08980714285714286,
        "misc": 0.0
    },
    "bytes_from_memory": 113106756.57142857,
    "bytes_to_memory": 7545462.857142857,
    "total_bytes_rw_mem": 120652219.42857143
}