{
    "demand_fetches": {
        "total": 9774315.714285715,
        "instrn": 0.0,
        "data": 9774315.714285715,
        "read": 8964283.0,
        "write": 810032.7142857143,
        "misc": 0.0
    },
    "demand_misses": {
        "total": 1171377.0714285714,
        "instrn": 0.0,
        "data": 1171377.0714285714,
        "read": 1090213.0,
        "write": 81164.07142857143,
        "misc": 0.0
    },
    "demand_miss_rate": {
        "total": 0.10059285714285715,
        "instrn": 0.0,
        "data": 0.10059285714285715,
        "read": 0.10246428571428572,
        "write": 0.08498571428571429,
        "misc": 0.0
    },
    "bytes_from_memory": 74968132.57142857,
    "bytes_to_memory": 5953197.714285715,
    "total_bytes_rw_mem": 80921330.28571428
}