{
    "demand_fetches": {
        "total": 5212973.285714285,
        "instrn": 0.0,
        "data": 5212973.285714285,
        "read": 4647427.142857143,
        "write": 565546.1428571428,
        "misc": 0.0
    },
    "demand_misses": {
        "total": 828730.7142857143,
        "instrn": 0.0,
        "data": 828730.7142857143,
        "read": 723111.8571428572,
        "write": 105618.85714285714,
        "misc": 0.0
    },
    "demand_miss_rate": {
        "total": 0.1370142857142857,
        "instrn": 0.0,
        "data": 0.1370142857142857,
        "read": 0.13389285714285715,
        "write": 0.15791428571428573,
        "misc": 0.0
    },
    "bytes_from_memory": 26519382.85714286,
    "bytes_to_memory": 3546121.1428571427,
    "total_bytes_rw_mem": 30065504.0
}