{
    "demand_fetches": {
        "total": 85755.07142857143,
        "instrn": 0.0,
        "data": 85755.07142857143,
        "read": 51953.0,
        "write": 33802.07142857143,
        "misc": 0.0
    },
    "demand_misses": {
        "total": 37871.21428571428,
        "instrn": 0.0,
        "data": 37871.21428571428,
        "read": 15285.42857142857,
        "write": 22585.785714285714,
        "misc": 0.0
    },
    "demand_miss_rate": {
        "total": 0.2564142857142857,
        "instrn": 0.0,
        "data": 0.2564142857142857,
        "read": 0.18322857142857144,
        "write": 0.37725000000000003,
        "misc": 0.0
    },
    "bytes_from_memory": 605939.4285714285,
    "bytes_to_memory": 371334.85714285716,
    "total_bytes_rw_mem": 977274.2857142857
}