{
    "demand_fetches": {
        "total": 9802103.142857144,
        "instrn": 0.0,
        "data": 9802103.142857144,
        "read": 8971251.642857144,
        "write": 830851.5,
        "misc": 0.0
    },
    "demand_misses": {
        "total": 2405395.4285714286,
        "instrn": 0.0,
        "data": 2405395.4285714286,
        "read": 2232630.214285714,
        "write": 172765.2142857143,
        "misc": 0.0
    },
    "demand_miss_rate": {
        "total": 0.2097642857142857,
        "instrn": 0.0,
        "data": 0.2097642857142857,
        "read": 0.21385714285714288,
        "write": 0.17764285714285719,
        "misc": 0.0
    },
    "bytes_from_memory": 76972653.71428572,
    "bytes_to_memory": 6308477.714285715,
    "total_bytes_rw_mem": 83281131.42857143
}