{
    "demand_fetches": {
        "total": 9774315.714285715,
        "instrn": 0.0,
        "data": 9774315.714285715,
        "read": 8964283.0,
        "write": 810032.7142857143,
        "misc": 0.0
    },
    "demand_misses": {
        "total": 4533790.714285715,
        "instrn": 0.0,
        "data": 4533790.714285715,
        "read": 4220115.142857143,
        "write": 313675.5714285714,
        "misc": 0.0
    },
    "demand_miss_rate": {
        "total": 0.38493571428571427,
        "instrn": 0.0,
        "data": 0.38493571428571427,
        "read": 0.39117142857142856,
        "write": 0.32945,
        "misc": 0.0
    },
    "bytes_from_memory": 72540651.42857143,
    "bytes_to_memory": 5419960.0,
    "total_bytes_rw_mem": 77960611.42857143
}