{
    "l1-i_dcaches": {
        "demand_fetches": {
            "total": 19996199.5,
            "instrn": 0.0,
            "data": 19996199.5,
            "read": 18546912.5,
            "write": 1449287.0,
            "misc": 0.0
        },
        "demand_misses": {
            "total": 3068598.0,
            "instrn": 0.0,
            "data": 3068598.0,
            "read": 2823201.0,
            "write": 245397.0,
            "misc": 0.0
        },
        "demand_miss_rate": {
            "total": 0.07675,
            "instrn": 0.0,
            "data": 0.07675,
            "read": 0.0761,
            "write": 0.08465,
            "misc": 0.0
        },
        "bytes_from_memory": 98195136.0,
        "bytes_to_memory": 9422112.0,
        "total_bytes_rw_mem": 107617248.0
    },
    "l2-ucache": {
        "demand_fetches": {
            "total": 3363039.0,
            "instrn": 0.0,
            "data": 3363039.0,
            "read": 3068598.0,
            "write": 294441.0,
            "misc": 0.0
        },
        "demand_misses": {
            "total": 1427163.0,
            "instrn": 0.0,
            "data": 1427163.0,
            "read": 1426598.0,
            "write": 565.0,
            "misc": 0.0
        },
        "demand_miss_rate": {
            "total": 0.2122,
            "instrn": 0.0,
            "data": 0.2122,
            "read": 0.23245,
            "write": 0.00095,
            "misc": 0.0
        },
        "bytes_from_memory": 91338432.0,
        "bytes_to_memory": 10628288.0,
        "total_bytes_rw_mem": 101966720.0
    }
}