{
    "demand_fetches": {
        "total": 11374302.642857144,
        "instrn": 0.0,
        "data": 11374302.642857144,
        "read": 9542977.785714285,
        "write": 1831324.857142857,
        "misc": 0.0
    },
    "demand_misses": {
        "total": 2455121.6428571427,
        "instrn": 0.0,
        "data": 2455121.6428571427,
        "read": 2054302.2142857143,
        "write": 400819.4285714286,
        "misc": 0.0
    },
    "demand_miss_rate": {
        "total": 0.1850857142857143,
        "instrn": 0.0,
        "data": 0.1850857142857143,
        "read": 0.18524285714285713,
        "write": 0.185,
        "misc": 0.0
    },
    "bytes_from_memory": 78563892.57142857,
    "bytes_to_memory": 14812880.0,
    "total_bytes_rw_mem": 93376772.57142857
}