{
    "demand_fetches": {
        "total": 18681704.285714287,
        "instrn": 0.0,
        "data": 18681704.285714287,
        "read": 17715672.214285713,
        "write": 966032.0714285715,
        "misc": 0.0
    },
    "demand_misses": {
        "total": 4500873.571428572,
        "instrn": 0.0,
        "data": 4500873.571428572,
        "read": 4314208.0,
        "write": 186665.57142857142,
        "misc": 0.0
    },
    "demand_miss_rate": {
        "total": 0.20304999999999998,
        "instrn": 0.0,
        "data": 0.20304999999999998,
        "read": 0.2056785714285714,
        "write": 0.1657071428571429,
        "misc": 0.0
    },
    "bytes_from_memory": 144027954.2857143,
    "bytes_to_memory": 7304070.857142857,
    "total_bytes_rw_mem": 151332025.14285713
}