{
    "demand_fetches": {
        "total": 5147154.857142857,
        "instrn": 0.0,
        "data": 5147154.857142857,
        "read": 4618732.214285715,
        "write": 528422.6428571428,
        "misc": 0.0
    },
    "demand_misses": {
        "total": 2397502.4285714286,
        "instrn": 0.0,
        "data": 2397502.4285714286,
        "read": 2193864.0714285714,
        "write": 203638.35714285713,
        "misc": 0.0
    },
    "demand_miss_rate": {
        "total": 0.38809285714285713,
        "instrn": 0.0,
        "data": 0.38809285714285713,
        "read": 0.39735714285714285,
        "write": 0.32723571428571424,
        "misc": 0.0
    },
    "bytes_from_memory": 38360038.85714286,
    "bytes_to_memory": 3471781.714285714,
    "total_bytes_rw_mem": 41831820.571428575
}