{
    "demand_fetches": {
        "total": 85755.07142857143,
        "instrn": 0.0,
        "data": 85755.07142857143,
        "read": 51953.0,
        "write": 33802.07142857143,
        "misc": 0.0
    },
    "demand_misses": {
        "total": 37606.5,
        "instrn": 0.0,
        "data": 37606.5,
        "read": 15048.357142857143,
        "write": 22558.14285714286,
        "misc": 0.0
    },
    "demand_miss_rate": {
        "total": 0.25285714285714284,
        "instrn": 0.0,
        "data": 0.25285714285714284,
        "read": 0.17819285714285713,
        "write": 0.37662142857142855,
        "misc": 0.0
    },
    "bytes_from_memory": 601704.0,
    "bytes_to_memory": 370494.85714285716,
    "total_bytes_rw_mem": 972198.8571428572
}