{
    "demand_fetches": {
        "total": 5592432.076923077,
        "instrn": 0.0,
        "data": 5592432.076923077,
        "read": 4987094.692307692,
        "write": 605337.3846153846,
        "misc": 0.0
    },
    "demand_misses": {
        "total": 735121.9230769231,
        "instrn": 0.0,
        "data": 735121.9230769231,
        "read": 671365.0769230769,
        "write": 63756.846153846156,
        "misc": 0.0
    },
    "demand_miss_rate": {
        "total": 0.1238076923076923,
        "instrn": 0.0,
        "data": 0.1238076923076923,
        "read": 0.12886153846153847,
        "write": 0.09713076923076924,
        "misc": 0.0
    },
    "bytes_from_memory": 47047803.07692308,
    "bytes_to_memory": 4863315.692307692,
    "total_bytes_rw_mem": 51911118.76923077
}