{
    "demand_fetches": {
        "total": 5574400.076923077,
        "instrn": 0.0,
        "data": 5574400.076923077,
        "read": 4982210.769230769,
        "write": 592189.3076923077,
        "misc": 0.0
    },
    "demand_misses": {
        "total": 694274.7692307692,
        "instrn": 0.0,
        "data": 694274.7692307692,
        "read": 634254.0,
        "write": 60020.769230769234,
        "misc": 0.0
    },
    "demand_miss_rate": {
        "total": 0.11596153846153845,
        "instrn": 0.0,
        "data": 0.11596153846153845,
        "read": 0.12020769230769231,
        "write": 0.093,
        "misc": 0.0
    },
    "bytes_from_memory": 44433585.23076923,
    "bytes_to_memory": 4452228.923076923,
    "total_bytes_rw_mem": 48885814.15384615
}