{
    "demand_fetches": {
        "total": 18610525.285714287,
        "instrn": 0.0,
        "data": 18610525.285714287,
        "read": 17654362.285714287,
        "write": 956163.0,
        "misc": 0.0
    },
    "demand_misses": {
        "total": 1788789.0,
        "instrn": 0.0,
        "data": 1788789.0,
        "read": 1687982.9285714286,
        "write": 100806.07142857143,
        "misc": 0.0
    },
    "demand_miss_rate": {
        "total": 0.07860714285714286,
        "instrn": 0.0,
        "data": 0.07860714285714286,
        "read": 0.07782857142857144,
        "write": 0.08819285714285714,
        "misc": 0.0
    },
    "bytes_from_memory": 114482496.0,
    "bytes_to_memory": 7314427.428571428,
    "total_bytes_rw_mem": 121796923.42857143
}