{
    "demand_fetches": {
        "total": 5549938.384615385,
        "instrn": 0.0,
        "data": 5549938.384615385,
        "read": 4978920.076923077,
        "write": 571018.3076923077,
        "misc": 0.0
    },
    "demand_misses": {
        "total": 2166033.6923076925,
        "instrn": 0.0,
        "data": 2166033.6923076925,
        "read": 1951197.076923077,
        "write": 214836.61538461538,
        "misc": 0.0
    },
    "demand_miss_rate": {
        "total": 0.35300000000000004,
        "instrn": 0.0,
        "data": 0.35300000000000004,
        "read": 0.35423076923076924,
        "write": 0.34337692307692314,
        "misc": 0.0
    },
    "bytes_from_memory": 34656539.07692308,
    "bytes_to_memory": 3603159.3846153845,
    "total_bytes_rw_mem": 38259698.461538464
}