{
    "demand_fetches": {
        "total": 5212973.285714285,
        "instrn": 0.0,
        "data": 5212973.285714285,
        "read": 4647427.142857143,
        "write": 565546.1428571428,
        "misc": 0.0
    },
    "demand_misses": {
        "total": 1295323.7142857143,
        "instrn": 0.0,
        "data": 1295323.7142857143,
        "read": 1178753.7142857143,
        "write": 116570.0,
        "misc": 0.0
    },
    "demand_miss_rate": {
        "total": 0.21250714285714284,
        "instrn": 0.0,
        "data": 0.21250714285714284,
        "read": 0.21875714285714287,
        "write": 0.17475714285714283,
        "misc": 0.0
    },
    "bytes_from_memory": 41450358.85714286,
    "bytes_to_memory": 4191609.1428571427,
    "total_bytes_rw_mem": 45641968.0
}