{
    "demand_fetches": {
        "total": 9802105.857142856,
        "instrn": 0.0,
        "data": 9802105.857142856,
        "read": 8971251.07142857,
        "write": 830854.7857142857,
        "misc": 0.0
    },
    "demand_misses": {
        "total": 4402351.214285715,
        "instrn": 0.0,
        "data": 4402351.214285715,
        "read": 4091752.9285714286,
        "write": 310598.28571428574,
        "misc": 0.0
    },
    "demand_miss_rate": {
        "total": 0.35930000000000006,
        "instrn": 0.0,
        "data": 0.35930000000000006,
        "read": 0.3628,
        "write": 0.3184,
        "misc": 0.0
    },
    "bytes_from_memory": 70437619.42857143,
    "bytes_to_memory": 5260321.142857143,
    "total_bytes_rw_mem": 75697940.57142857
}