{
    "demand_fetches": {
        "total": 18681482.285714287,
        "instrn": 0.0,
        "data": 18681482.285714287,
        "read": 17715536.92857143,
        "write": 965945.3571428572,
        "misc": 0.0
    },
    "demand_misses": {
        "total": 7245969.642857143,
        "instrn": 0.0,
        "data": 7245969.642857143,
        "read": 6911890.857142857,
        "write": 334078.78571428574,
        "misc": 0.0
    },
    "demand_miss_rate": {
        "total": 0.32349285714285714,
        "instrn": 0.0,
        "data": 0.32349285714285714,
        "read": 0.3250357142857143,
        "write": 0.29727857142857145,
        "misc": 0.0
    },
    "bytes_from_memory": 115935514.28571428,
    "bytes_to_memory": 6113053.714285715,
    "total_bytes_rw_mem": 122048568.0
}