{
    "demand_fetches": {
        "total": 22952060.35714286,
        "instrn": 0.0,
        "data": 22952060.35714286,
        "read": 20137478.0,
        "write": 2814582.3571428573,
        "misc": 0.0
    },
    "demand_misses": {
        "total": 5530690.785714285,
        "instrn": 0.0,
        "data": 5530690.785714285,
        "read": 4821166.285714285,
        "write": 709524.5,
        "misc": 0.0
    },
    "demand_miss_rate": {
        "total": 0.20742857142857143,
        "instrn": 0.0,
        "data": 0.20742857142857143,
        "read": 0.2055357142857143,
        "write": 0.2195642857142857,
        "misc": 0.0
    },
    "bytes_from_memory": 88491052.57142857,
    "bytes_to_memory": 12015116.57142857,
    "total_bytes_rw_mem": 100506169.14285715
}