{
    "demand_fetches": {
        "total": 5458719.785714285,
        "instrn": 0.0,
        "data": 5458719.785714285,
        "read": 4741325.428571428,
        "write": 717394.3571428572,
        "misc": 0.0
    },
    "demand_misses": {
        "total": 633986.2857142857,
        "instrn": 0.0,
        "data": 633986.2857142857,
        "read": 557719.1428571428,
        "write": 76267.14285714286,
        "misc": 0.0
    },
    "demand_miss_rate": {
        "total": 0.10096428571428571,
        "instrn": 0.0,
        "data": 0.10096428571428571,
        "read": 0.10347142857142856,
        "write": 0.08907857142857144,
        "misc": 0.0
    },
    "bytes_from_memory": 40575122.28571428,
    "bytes_to_memory": 5726925.714285715,
    "total_bytes_rw_mem": 46302048.0
}