{
    "demand_fetches": {
        "total": 18610525.285714287,
        "instrn": 0.0,
        "data": 18610525.285714287,
        "read": 17654362.285714287,
        "write": 956163.0,
        "misc": 0.0
    },
    "demand_misses": {
        "total": 4432936.571428572,
        "instrn": 0.0,
        "data": 4432936.571428572,
        "read": 4249371.214285715,
        "write": 183565.35714285713,
        "misc": 0.0
    },
    "demand_miss_rate": {
        "total": 0.20162142857142856,
        "instrn": 0.0,
        "data": 0.20162142857142856,
        "read": 0.20386428571428575,
        "write": 0.16685714285714284,
        "misc": 0.0
    },
    "bytes_from_memory": 141853970.2857143,
    "bytes_to_memory": 7076653.714285715,
    "total_bytes_rw_mem": 148930624.0
}