{
    "demand_fetches": {
        "total": 10581582.846153846,
        "instrn": 0.0,
        "data": 10581582.846153846,
        "read": 9676558.384615384,
        "write": 905024.4615384615,
        "misc": 0.0
    },
    "demand_misses": {
        "total": 1916618.3076923077,
        "instrn": 0.0,
        "data": 1916618.3076923077,
        "read": 1743840.0,
        "write": 172778.3076923077,
        "misc": 0.0
    },
    "demand_miss_rate": {
        "total": 0.16510769230769234,
        "instrn": 0.0,
        "data": 0.16510769230769234,
        "read": 0.16396923076923076,
        "write": 0.17415384615384616,
        "misc": 0.0
    },
    "bytes_from_memory": 61331785.84615385,
    "bytes_to_memory": 5913292.307692308,
    "total_bytes_rw_mem": 67245078.15384616
}