{
    "demand_fetches": {
        "total": 17437226.466666665,
        "instrn": 0.0,
        "data": 17437226.466666665,
        "read": 16535103.133333333,
        "write": 902123.3333333334,
        "misc": 0.0
    },
    "demand_misses": {
        "total": 5714556.2,
        "instrn": 0.0,
        "data": 5714556.2,
        "read": 5422554.533333333,
        "write": 292001.6666666667,
        "misc": 0.0
    },
    "demand_miss_rate": {
        "total": 0.25784666666666667,
        "instrn": 0.0,
        "data": 0.25784666666666667,
        "read": 0.25734666666666667,
        "write": 0.26117333333333337,
        "misc": 0.0
    },
    "bytes_from_memory": 91432899.2,
    "bytes_to_memory": 5087272.533333333,
    "total_bytes_rw_mem": 96520171.73333333
}