{
    "demand_fetches": {
        "total": 20412821.46153846,
        "instrn": 0.0,
        "data": 20412821.46153846,
        "read": 19265828.692307692,
        "write": 1146992.7692307692,
        "misc": 0.0
    },
    "demand_misses": {
        "total": 4571648.461538462,
        "instrn": 0.0,
        "data": 4571648.461538462,
        "read": 4351915.307692308,
        "write": 219733.15384615384,
        "misc": 0.0
    },
    "demand_miss_rate": {
        "total": 0.20263846153846155,
        "instrn": 0.0,
        "data": 0.20263846153846155,
        "read": 0.2046153846153846,
        "write": 0.17639999999999997,
        "misc": 0.0
    },
    "bytes_from_memory": 146292750.76923078,
    "bytes_to_memory": 8804886.153846154,
    "total_bytes_rw_mem": 155097636.92307693
}