{
    "demand_fetches": {
        "total": 14605860.461538462,
        "instrn": 0.0,
        "data": 14605860.461538462,
        "read": 11120620.153846154,
        "write": 3485240.3076923075,
        "misc": 0.0
    },
    "demand_misses": {
        "total": 1956687.6153846155,
        "instrn": 0.0,
        "data": 1956687.6153846155,
        "read": 1301380.076923077,
        "write": 655307.5384615385,
        "misc": 0.0
    },
    "demand_miss_rate": {
        "total": 0.12126923076923078,
        "instrn": 0.0,
        "data": 0.12126923076923078,
        "read": 0.10484615384615383,
        "write": 0.1709230769230769,
        "misc": 0.0
    },
    "bytes_from_memory": 62614003.692307696,
    "bytes_to_memory": 21440790.153846152,
    "total_bytes_rw_mem": 84054793.84615384
}