{
    "l1-I/Dcaches": {
        "demand_fetches": {
            "total": 20668617.0,
            "instrn": 0.0,
            "data": 20668617.0,
            "read": 19425843.384615384,
            "write": 1242773.6153846155,
            "misc": 0.0
        },
        "demand_misses": {
            "total": 6010387.153846154,
            "instrn": 0.0,
            "data": 6010387.153846154,
            "read": 5646724.076923077,
            "write": 363663.07692307694,
            "misc": 0.0
        },
        "demand_miss_rate": {
            "total": 0.26701538461538465,
            "instrn": 0.0,
            "data": 0.26701538461538465,
            "read": 0.26593076923076925,
            "write": 0.2766307692307692,
            "misc": 0.0
        },
        "bytes_from_memory": 96166194.46153846,
        "bytes_to_memory": 6286601.846153846,
        "total_bytes_rw_mem": 102452796.3076923
    },
    "l2-ucache": {
        "demand_fetches": {
            "total": 6403299.769230769,
            "instrn": 0.0,
            "data": 6403299.769230769,
            "read": 6010387.153846154,
            "write": 392912.6153846154,
            "misc": 0.0
        },
        "demand_misses": {
            "total": 1455596.1538461538,
            "instrn": 0.0,
            "data": 1455596.1538461538,
            "read": 1455308.4615384615,
            "write": 287.6923076923077,
            "misc": 0.0
        },
        "demand_miss_rate": {
            "total": 0.20758461538461537,
            "instrn": 0.0,
            "data": 0.20758461538461537,
            "read": 0.22506153846153848,
            "write": 0.0010384615384615382,
            "misc": 0.0
        },
        "bytes_from_memory": 93158153.84615384,
        "bytes_to_memory": 8909641.846153846,
        "total_bytes_rw_mem": 102067795.6923077
    }
}