{
    "demand_fetches": {
        "total": 165444.42857142858,
        "instrn": 0.0,
        "data": 165444.42857142858,
        "read": 88587.14285714286,
        "write": 76857.28571428571,
        "misc": 0.0
    },
    "demand_misses": {
        "total": 117080.14285714286,
        "instrn": 0.0,
        "data": 117080.14285714286,
        "read": 54322.21428571428,
        "write": 62757.92857142857,
        "misc": 0.0
    },
    "demand_miss_rate": {
        "total": 0.47276428571428575,
        "instrn": 0.0,
        "data": 0.47276428571428575,
        "read": 0.44575714285714285,
        "write": 0.4848071428571429,
        "misc": 0.0
    },
    "bytes_from_memory": 1873282.2857142857,
    "bytes_to_memory": 1016877.7142857143,
    "total_bytes_rw_mem": 2890160.0
}