{
    "demand_fetches": {
        "total": 5212973.285714285,
        "instrn": 0.0,
        "data": 5212973.285714285,
        "read": 4647427.142857143,
        "write": 565546.1428571428,
        "misc": 0.0
    },
    "demand_misses": {
        "total": 1784138.7142857143,
        "instrn": 0.0,
        "data": 1784138.7142857143,
        "read": 1571353.857142857,
        "write": 212784.85714285713,
        "misc": 0.0
    },
    "demand_miss_rate": {
        "total": 0.2915,
        "instrn": 0.0,
        "data": 0.2915,
        "read": 0.28740714285714286,
        "write": 0.3181785714285715,
        "misc": 0.0
    },
    "bytes_from_memory": 28546219.42857143,
    "bytes_to_memory": 3558462.8571428573,
    "total_bytes_rw_mem": 32104682.285714287
}