{
    "demand_fetches": {
        "total": 9909992.214285715,
        "instrn": 0.0,
        "data": 9909992.214285715,
        "read": 9016409.357142856,
        "write": 893582.8571428572,
        "misc": 0.0
    },
    "demand_misses": {
        "total": 1693260.142857143,
        "instrn": 0.0,
        "data": 1693260.142857143,
        "read": 1522509.642857143,
        "write": 170750.5,
        "misc": 0.0
    },
    "demand_miss_rate": {
        "total": 0.14557857142857142,
        "instrn": 0.0,
        "data": 0.14557857142857142,
        "read": 0.14356428571428573,
        "write": 0.16170714285714285,
        "misc": 0.0
    },
    "bytes_from_memory": 54184324.571428575,
    "bytes_to_memory": 5819901.714285715,
    "total_bytes_rw_mem": 60004226.28571428
}