{
    "demand_fetches": {
        "total": 10570637.615384616,
        "instrn": 0.0,
        "data": 10570637.615384616,
        "read": 9671347.153846154,
        "write": 899290.4615384615,
        "misc": 0.0
    },
    "demand_misses": {
        "total": 5104816.307692308,
        "instrn": 0.0,
        "data": 5104816.307692308,
        "read": 4738207.538461538,
        "write": 366608.76923076925,
        "misc": 0.0
    },
    "demand_miss_rate": {
        "total": 0.43986923076923073,
        "instrn": 0.0,
        "data": 0.43986923076923073,
        "read": 0.4478153846153846,
        "write": 0.37532307692307687,
        "misc": 0.0
    },
    "bytes_from_memory": 81677060.92307693,
    "bytes_to_memory": 6480891.076923077,
    "total_bytes_rw_mem": 88157952.0
}