{
    "demand_fetches": {
        "total": 18681704.285714287,
        "instrn": 0.0,
        "data": 18681704.285714287,
        "read": 17715672.214285713,
        "write": 966032.0714285715,
        "misc": 0.0
    },
    "demand_misses": {
        "total": 2377452.0,
        "instrn": 0.0,
        "data": 2377452.0,
        "read": 2253341.6428571427,
        "write": 124110.35714285714,
        "misc": 0.0
    },
    "demand_miss_rate": {
        "total": 0.10918571428571429,
        "instrn": 0.0,
        "data": 0.10918571428571429,
        "read": 0.10945,
        "write": 0.10745,
        "misc": 0.0
    },
    "bytes_from_memory": 152156928.0,
    "bytes_to_memory": 10116406.857142856,
    "total_bytes_rw_mem": 162273334.85714287
}