{
    "demand_fetches": {
        "total": 5291166.928571428,
        "instrn": 0.0,
        "data": 5291166.928571428,
        "read": 4662116.428571428,
        "write": 629050.5,
        "misc": 0.0
    },
    "demand_misses": {
        "total": 657216.2142857143,
        "instrn": 0.0,
        "data": 657216.2142857143,
        "read": 593757.7142857143,
        "write": 63458.5,
        "misc": 0.0
    },
    "demand_miss_rate": {
        "total": 0.10752857142857142,
        "instrn": 0.0,
        "data": 0.10752857142857142,
        "read": 0.11176428571428569,
        "write": 0.0859357142857143,
        "misc": 0.0
    },
    "bytes_from_memory": 42061837.71428572,
    "bytes_to_memory": 4744141.714285715,
    "total_bytes_rw_mem": 46805979.428571425
}