{
    "demand_fetches": {
        "total": 18610560.285714287,
        "instrn": 0.0,
        "data": 18610560.285714287,
        "read": 17654384.07142857,
        "write": 956176.2142857143,
        "misc": 0.0
    },
    "demand_misses": {
        "total": 6710030.642857143,
        "instrn": 0.0,
        "data": 6710030.642857143,
        "read": 6389786.0,
        "write": 320244.64285714284,
        "misc": 0.0
    },
    "demand_miss_rate": {
        "total": 0.29448571428571435,
        "instrn": 0.0,
        "data": 0.29448571428571435,
        "read": 0.29437857142857143,
        "write": 0.2887071428571429,
        "misc": 0.0
    },
    "bytes_from_memory": 107360490.28571428,
    "bytes_to_memory": 5594620.571428572,
    "total_bytes_rw_mem": 112955110.85714285
}