{
    "demand_fetches": {
        "total": 5550060.846153846,
        "instrn": 0.0,
        "data": 5550060.846153846,
        "read": 4978853.230769231,
        "write": 571207.6153846154,
        "misc": 0.0
    },
    "demand_misses": {
        "total": 2638256.923076923,
        "instrn": 0.0,
        "data": 2638256.923076923,
        "read": 2413590.923076923,
        "write": 224666.0,
        "misc": 0.0
    },
    "demand_miss_rate": {
        "total": 0.42938461538461536,
        "instrn": 0.0,
        "data": 0.42938461538461536,
        "read": 0.4400076923076923,
        "write": 0.3601153846153846,
        "misc": 0.0
    },
    "bytes_from_memory": 42212110.76923077,
    "bytes_to_memory": 3856535.3846153845,
    "total_bytes_rw_mem": 46068646.15384615
}