{
    "demand_fetches": {
        "total": 5458719.785714285,
        "instrn": 0.0,
        "data": 5458719.785714285,
        "read": 4741325.428571428,
        "write": 717394.3571428572,
        "misc": 0.0
    },
    "demand_misses": {
        "total": 1865123.4285714286,
        "instrn": 0.0,
        "data": 1865123.4285714286,
        "read": 1590845.0,
        "write": 274278.4285714286,
        "misc": 0.0
    },
    "demand_miss_rate": {
        "total": 0.2923,
        "instrn": 0.0,
        "data": 0.2923,
        "read": 0.2869714285714285,
        "write": 0.3226071428571428,
        "misc": 0.0
    },
    "bytes_from_memory": 29841974.85714286,
    "bytes_to_memory": 4646417.142857143,
    "total_bytes_rw_mem": 34488392.0
}