{
    "demand_fetches": {
        "total": 9909112.285714285,
        "instrn": 0.0,
        "data": 9909112.285714285,
        "read": 9015925.285714285,
        "write": 893187.0,
        "misc": 0.0
    },
    "demand_misses": {
        "total": 1002962.5714285715,
        "instrn": 0.0,
        "data": 1002962.5714285715,
        "read": 910050.2142857143,
        "write": 92912.35714285714,
        "misc": 0.0
    },
    "demand_miss_rate": {
        "total": 0.08635000000000001,
        "instrn": 0.0,
        "data": 0.08635000000000001,
        "read": 0.08627142857142858,
        "write": 0.08770714285714286,
        "misc": 0.0
    },
    "bytes_from_memory": 64189604.571428575,
    "bytes_to_memory": 6879277.714285715,
    "total_bytes_rw_mem": 71068882.28571428
}