{
    "demand_fetches": {
        "total": 19066998.666666668,
        "instrn": 0.0,
        "data": 19066998.666666668,
        "read": 17483255.733333334,
        "write": 1583742.9333333333,
        "misc": 0.0
    },
    "demand_misses": {
        "total": 5311273.133333334,
        "instrn": 0.0,
        "data": 5311273.133333334,
        "read": 4871456.266666667,
        "write": 439816.86666666664,
        "misc": 0.0
    },
    "demand_miss_rate": {
        "total": 0.2232466666666667,
        "instrn": 0.0,
        "data": 0.2232466666666667,
        "read": 0.22266666666666665,
        "write": 0.2273933333333333,
        "misc": 0.0
    },
    "bytes_from_memory": 84980370.13333334,
    "bytes_to_memory": 7719385.6,
    "total_bytes_rw_mem": 92699755.73333333
}