{
    "demand_fetches": {
        "total": 20330162.076923076,
        "instrn": 0.0,
        "data": 20330162.076923076,
        "read": 19211134.46153846,
        "write": 1119027.6153846155,
        "misc": 0.0
    },
    "demand_misses": {
        "total": 8925415.384615384,
        "instrn": 0.0,
        "data": 8925415.384615384,
        "read": 8526413.923076924,
        "write": 399001.46153846156,
        "misc": 0.0
    },
    "demand_miss_rate": {
        "total": 0.39850769230769234,
        "instrn": 0.0,
        "data": 0.39850769230769234,
        "read": 0.4029846153846154,
        "write": 0.3343153846153846,
        "misc": 0.0
    },
    "bytes_from_memory": 142806646.15384614,
    "bytes_to_memory": 7663652.923076923,
    "total_bytes_rw_mem": 150470299.07692307
}