{
    "demand_fetches": {
        "total": 9909068.142857144,
        "instrn": 0.0,
        "data": 9909068.142857144,
        "read": 9015900.142857144,
        "write": 893168.0,
        "misc": 0.0
    },
    "demand_misses": {
        "total": 3356458.6428571427,
        "instrn": 0.0,
        "data": 3356458.6428571427,
        "read": 3019256.9285714286,
        "write": 337201.71428571426,
        "misc": 0.0
    },
    "demand_miss_rate": {
        "total": 0.28815,
        "instrn": 0.0,
        "data": 0.28815,
        "read": 0.2840714285714286,
        "write": 0.3199571428571429,
        "misc": 0.0
    },
    "bytes_from_memory": 53703338.28571428,
    "bytes_to_memory": 5658891.428571428,
    "total_bytes_rw_mem": 59362229.71428572
}