{
    "demand_fetches": {
        "total": 55505.57142857143,
        "instrn": 0.0,
        "data": 55505.57142857143,
        "read": 32970.71428571428,
        "write": 22534.85714285714,
        "misc": 0.0
    },
    "demand_misses": {
        "total": 17530.571428571428,
        "instrn": 0.0,
        "data": 17530.571428571428,
        "read": 4560.857142857143,
        "write": 12969.714285714286,
        "misc": 0.0
    },
    "demand_miss_rate": {
        "total": 0.21967857142857145,
        "instrn": 0.0,
        "data": 0.21967857142857145,
        "read": 0.1423785714285714,
        "write": 0.32237142857142853,
        "misc": 0.0
    },
    "bytes_from_memory": 1121956.5714285714,
    "bytes_to_memory": 853476.5714285715,
    "total_bytes_rw_mem": 1975433.142857143
}