{
    "demand_fetches": {
        "total": 55505.57142857143,
        "instrn": 0.0,
        "data": 55505.57142857143,
        "read": 32970.71428571428,
        "write": 22534.85714285714,
        "misc": 0.0
    },
    "demand_misses": {
        "total": 17393.285714285714,
        "instrn": 0.0,
        "data": 17393.285714285714,
        "read": 4348.285714285715,
        "write": 13045.0,
        "misc": 0.0
    },
    "demand_miss_rate": {
        "total": 0.20912142857142854,
        "instrn": 0.0,
        "data": 0.20912142857142854,
        "read": 0.12753571428571428,
        "write": 0.31685,
        "misc": 0.0
    },
    "bytes_from_memory": 556585.1428571428,
    "bytes_to_memory": 429140.5714285714,
    "total_bytes_rw_mem": 985725.7142857143
}