{
    "l1-i_dcaches": {
        "demand_fetches": {
            "total": 5503879.923076923,
            "instrn": 0.0,
            "data": 5503879.923076923,
            "read": 4968823.0,
            "write": 535056.9230769231,
            "misc": 0.0
        },
        "demand_misses": {
            "total": 2241540.3846153845,
            "instrn": 0.0,
            "data": 2241540.3846153845,
            "read": 2040364.2307692308,
            "write": 201176.15384615384,
            "misc": 0.0
        },
        "demand_miss_rate": {
            "total": 0.3668923076923077,
            "instrn": 0.0,
            "data": 0.3668923076923077,
            "read": 0.37021538461538456,
            "write": 0.3429076923076923,
            "misc": 0.0
        },
        "bytes_from_memory": 35864646.15384615,
        "bytes_to_memory": 3411692.3076923075,
        "total_bytes_rw_mem": 39276338.461538464
    },
    "l2-ucache": {
        "demand_fetches": {
            "total": 2454771.153846154,
            "instrn": 0.0,
            "data": 2454771.153846154,
            "read": 2241540.3846153845,
            "write": 213230.76923076922,
            "misc": 0.0
        },
        "demand_misses": {
            "total": 519047.92307692306,
            "instrn": 0.0,
            "data": 519047.92307692306,
            "read": 519039.92307692306,
            "write": 8.0,
            "misc": 0.0
        },
        "demand_miss_rate": {
            "total": 0.19125384615384616,
            "instrn": 0.0,
            "data": 0.19125384615384616,
            "read": 0.21576153846153845,
            "write": 5.3846153846153853e-05,
            "misc": 0.0
        },
        "bytes_from_memory": 33219067.076923076,
        "bytes_to_memory": 3466929.230769231,
        "total_bytes_rw_mem": 36685996.307692304
    }
}