{
    "l1-I/Dcaches": {
        "demand_fetches": {
            "total": 20662780.384615384,
            "instrn": 0.0,
            "data": 20662780.384615384,
            "read": 19426765.769230768,
            "write": 1236014.6153846155,
            "misc": 0.0
        },
        "demand_misses": {
            "total": 5997807.923076923,
            "instrn": 0.0,
            "data": 5997807.923076923,
            "read": 5637572.923076923,
            "write": 360235.0,
            "misc": 0.0
        },
        "demand_miss_rate": {
            "total": 0.26586923076923075,
            "instrn": 0.0,
            "data": 0.26586923076923075,
            "read": 0.26477692307692313,
            "write": 0.2753076923076923,
            "misc": 0.0
        },
        "bytes_from_memory": 95964926.76923077,
        "bytes_to_memory": 6251280.0,
        "total_bytes_rw_mem": 102216206.76923077
    },
    "l2-ucache": {
        "demand_fetches": {
            "total": 6388512.923076923,
            "instrn": 0.0,
            "data": 6388512.923076923,
            "read": 5997807.923076923,
            "write": 390705.0,
            "misc": 0.0
        },
        "demand_misses": {
            "total": 1461499.2307692308,
            "instrn": 0.0,
            "data": 1461499.2307692308,
            "read": 1461212.5384615385,
            "write": 286.6923076923077,
            "misc": 0.0
        },
        "demand_miss_rate": {
            "total": 0.20891538461538461,
            "instrn": 0.0,
            "data": 0.20891538461538461,
            "read": 0.22639230769230773,
            "write": 0.0010461538461538462,
            "misc": 0.0
        },
        "bytes_from_memory": 93535950.76923077,
        "bytes_to_memory": 8888423.384615384,
        "total_bytes_rw_mem": 102424374.15384616
    }
}