{
    "demand_fetches": {
        "total": 22952323.07142857,
        "instrn": 0.0,
        "data": 22952323.07142857,
        "read": 20137638.35714286,
        "write": 2814684.714285714,
        "misc": 0.0
    },
    "demand_misses": {
        "total": 1773462.357142857,
        "instrn": 0.0,
        "data": 1773462.357142857,
        "read": 1440468.9285714286,
        "write": 332993.4285714286,
        "misc": 0.0
    },
    "demand_miss_rate": {
        "total": 0.0667642857142857,
        "instrn": 0.0,
        "data": 0.0667642857142857,
        "read": 0.06193571428571428,
        "write": 0.09913571428571429,
        "misc": 0.0
    },
    "bytes_from_memory": 113501590.85714285,
    "bytes_to_memory": 23755291.42857143,
    "total_bytes_rw_mem": 137256882.2857143
}