{
    "demand_fetches": {
        "total": 5213475.357142857,
        "instrn": 0.0,
        "data": 5213475.357142857,
        "read": 4637549.0,
        "write": 575926.3571428572,
        "misc": 0.0
    },
    "demand_misses": {
        "total": 686238.6428571428,
        "instrn": 0.0,
        "data": 686238.6428571428,
        "read": 624678.8571428572,
        "write": 61559.78571428572,
        "misc": 0.0
    },
    "demand_miss_rate": {
        "total": 0.11517857142857142,
        "instrn": 0.0,
        "data": 0.11517857142857142,
        "read": 0.11967857142857143,
        "write": 0.09163571428571426,
        "misc": 0.0
    },
    "bytes_from_memory": 43919273.14285714,
    "bytes_to_memory": 4710806.857142857,
    "total_bytes_rw_mem": 48630080.0
}