{
    "demand_fetches": {
        "total": 5592432.076923077,
        "instrn": 0.0,
        "data": 5592432.076923077,
        "read": 4987094.692307692,
        "write": 605337.3846153846,
        "misc": 0.0
    },
    "demand_misses": {
        "total": 2254443.3076923075,
        "instrn": 0.0,
        "data": 2254443.3076923075,
        "read": 2032116.6153846155,
        "write": 222326.6923076923,
        "misc": 0.0
    },
    "demand_miss_rate": {
        "total": 0.3599076923076924,
        "instrn": 0.0,
        "data": 0.3599076923076924,
        "read": 0.3634,
        "write": 0.3354846153846154,
        "misc": 0.0
    },
    "bytes_from_memory": 36071092.92307692,
    "bytes_to_memory": 3704819.6923076925,
    "total_bytes_rw_mem": 39775912.615384616
}