{
    "demand_fetches": {
        "total": 13819035.384615384,
        "instrn": 0.0,
        "data": 13819035.384615384,
        "read": 12510103.538461538,
        "write": 1308931.8461538462,
        "misc": 0.0
    },
    "demand_misses": {
        "total": 2047788.6153846155,
        "instrn": 0.0,
        "data": 2047788.6153846155,
        "read": 1802770.2307692308,
        "write": 245018.38461538462,
        "misc": 0.0
    },
    "demand_miss_rate": {
        "total": 0.14863846153846152,
        "instrn": 0.0,
        "data": 0.14863846153846152,
        "read": 0.14396923076923077,
        "write": 0.1846769230769231,
        "misc": 0.0
    },
    "bytes_from_memory": 65529235.692307696,
    "bytes_to_memory": 8145720.615384615,
    "total_bytes_rw_mem": 73674956.3076923
}