{
    "demand_fetches": {
        "total": 5213328.142857143,
        "instrn": 0.0,
        "data": 5213328.142857143,
        "read": 4637458.142857143,
        "write": 575870.0,
        "misc": 0.0
    },
    "demand_misses": {
        "total": 1204982.0714285714,
        "instrn": 0.0,
        "data": 1204982.0714285714,
        "read": 1097006.642857143,
        "write": 107975.42857142857,
        "misc": 0.0
    },
    "demand_miss_rate": {
        "total": 0.19142857142857142,
        "instrn": 0.0,
        "data": 0.19142857142857142,
        "read": 0.19669285714285714,
        "write": 0.15933571428571433,
        "misc": 0.0
    },
    "bytes_from_memory": 38559426.28571428,
    "bytes_to_memory": 3694057.1428571427,
    "total_bytes_rw_mem": 42253483.428571425
}