{
    "demand_fetches": {
        "total": 10538876.538461538,
        "instrn": 0.0,
        "data": 10538876.538461538,
        "read": 9658823.923076924,
        "write": 880052.6153846154,
        "misc": 0.0
    },
    "demand_misses": {
        "total": 5024972.153846154,
        "instrn": 0.0,
        "data": 5024972.153846154,
        "read": 4675579.769230769,
        "write": 349392.3846153846,
        "misc": 0.0
    },
    "demand_miss_rate": {
        "total": 0.4332615384615385,
        "instrn": 0.0,
        "data": 0.4332615384615385,
        "read": 0.4416384615384616,
        "write": 0.3649307692307693,
        "misc": 0.0
    },
    "bytes_from_memory": 80399554.46153846,
    "bytes_to_memory": 6115396.923076923,
    "total_bytes_rw_mem": 86514951.38461539
}