{
    "demand_fetches": {
        "total": 30488086.615384616,
        "instrn": 0.0,
        "data": 30488086.615384616,
        "read": 24886322.692307692,
        "write": 5601763.923076923,
        "misc": 0.0
    },
    "demand_misses": {
        "total": 2133142.6153846155,
        "instrn": 0.0,
        "data": 2133142.6153846155,
        "read": 1480089.6923076923,
        "write": 653052.9230769231,
        "misc": 0.0
    },
    "demand_miss_rate": {
        "total": 0.0648076923076923,
        "instrn": 0.0,
        "data": 0.0648076923076923,
        "read": 0.05533076923076923,
        "write": 0.10533846153846152,
        "misc": 0.0
    },
    "bytes_from_memory": 136521127.3846154,
    "bytes_to_memory": 44714673.23076923,
    "total_bytes_rw_mem": 181235800.6153846
}