{
    "demand_fetches": {
        "total": 5592432.076923077,
        "instrn": 0.0,
        "data": 5592432.076923077,
        "read": 4987094.692307692,
        "write": 605337.3846153846,
        "misc": 0.0
    },
    "demand_misses": {
        "total": 2644768.3846153845,
        "instrn": 0.0,
        "data": 2644768.3846153845,
        "read": 2407388.230769231,
        "write": 237380.15384615384,
        "misc": 0.0
    },
    "demand_miss_rate": {
        "total": 0.42737692307692315,
        "instrn": 0.0,
        "data": 0.42737692307692315,
        "read": 0.43857692307692303,
        "write": 0.3603384615384616,
        "misc": 0.0
    },
    "bytes_from_memory": 42316294.15384615,
    "bytes_to_memory": 4056246.153846154,
    "total_bytes_rw_mem": 46372540.307692304
}