{
    "power": {
        "0x40": 830.5678845477274,
        "0x41": 5.123440389447478,
        "0x44": 1710.5829715138486,
        "0x45": 857.5136073492423,
        "0x48": 1010.6911677135681,
        "0x4c": 619.4488797424556
    },
    "current": {
        "0x40": 165.89388734297026,
        "0x41": -0.4258886306532649,
        "0x44": 516.0358374372042,
        "0x45": 850.1873793969769,
        "0x48": 563.86332569092,
        "0x4c": 413.87445138190526
    },
    "energy": {
        "0x40": 37880.0426459,
        "0x41": 233.63515240000282,
        "0x44": 78013.2903133996,
        "0x45": 39108.75604599992,
        "0x48": 46094.01876430141,
        "0x4c": 28250.510242000077
    }
}