{
    "demand_fetches": {
        "total": 5147154.857142857,
        "instrn": 0.0,
        "data": 5147154.857142857,
        "read": 4618732.214285715,
        "write": 528422.6428571428,
        "misc": 0.0
    },
    "demand_misses": {
        "total": 2405581.0714285714,
        "instrn": 0.0,
        "data": 2405581.0714285714,
        "read": 2202904.6428571427,
        "write": 202676.42857142858,
        "misc": 0.0
    },
    "demand_miss_rate": {
        "total": 0.38893571428571433,
        "instrn": 0.0,
        "data": 0.38893571428571433,
        "read": 0.39855,
        "write": 0.32554285714285713,
        "misc": 0.0
    },
    "bytes_from_memory": 38489297.14285714,
    "bytes_to_memory": 3443718.8571428573,
    "total_bytes_rw_mem": 41933016.0
}