{
    "demand_fetches": {
        "total": 5213328.142857143,
        "instrn": 0.0,
        "data": 5213328.142857143,
        "read": 4637458.142857143,
        "write": 575870.0,
        "misc": 0.0
    },
    "demand_misses": {
        "total": 628425.8571428572,
        "instrn": 0.0,
        "data": 628425.8571428572,
        "read": 571760.5714285715,
        "write": 56665.28571428572,
        "misc": 0.0
    },
    "demand_miss_rate": {
        "total": 0.10212857142857143,
        "instrn": 0.0,
        "data": 0.10212857142857143,
        "read": 0.10535714285714286,
        "write": 0.08375714285714286,
        "misc": 0.0
    },
    "bytes_from_memory": 40219254.85714286,
    "bytes_to_memory": 4141366.8571428573,
    "total_bytes_rw_mem": 44360621.71428572
}