{
    "demand_fetches": {
        "total": 4866617.6,
        "instrn": 0.0,
        "data": 4866617.6,
        "read": 4328744.666666667,
        "write": 537872.9333333333,
        "misc": 0.0
    },
    "demand_misses": {
        "total": 1114851.9333333333,
        "instrn": 0.0,
        "data": 1114851.9333333333,
        "read": 1013610.6666666666,
        "write": 101241.26666666666,
        "misc": 0.0
    },
    "demand_miss_rate": {
        "total": 0.17668,
        "instrn": 0.0,
        "data": 0.17668,
        "read": 0.18107333333333334,
        "write": 0.14925999999999998,
        "misc": 0.0
    },
    "bytes_from_memory": 35675261.86666667,
    "bytes_to_memory": 3485525.3333333335,
    "total_bytes_rw_mem": 39160787.2
}