{
    "demand_fetches": {
        "total": 19213499.92857143,
        "instrn": 0.0,
        "data": 19213499.92857143,
        "read": 18041327.5,
        "write": 1172172.4285714286,
        "misc": 0.0
    },
    "demand_misses": {
        "total": 2818458.4285714286,
        "instrn": 0.0,
        "data": 2818458.4285714286,
        "read": 2641726.5,
        "write": 176731.92857142858,
        "misc": 0.0
    },
    "demand_miss_rate": {
        "total": 0.12555,
        "instrn": 0.0,
        "data": 0.12555,
        "read": 0.12496428571428574,
        "write": 0.13175000000000003,
        "misc": 0.0
    },
    "bytes_from_memory": 90190669.71428572,
    "bytes_to_memory": 6214173.714285715,
    "total_bytes_rw_mem": 96404843.42857143
}