{
    "demand_fetches": {
        "total": 9123650.733333332,
        "instrn": 0.0,
        "data": 9123650.733333332,
        "read": 8367132.133333334,
        "write": 756518.6,
        "misc": 0.0
    },
    "demand_misses": {
        "total": 897424.8666666667,
        "instrn": 0.0,
        "data": 897424.8666666667,
        "read": 823174.1333333333,
        "write": 74250.73333333334,
        "misc": 0.0
    },
    "demand_miss_rate": {
        "total": 0.07746,
        "instrn": 0.0,
        "data": 0.07746,
        "read": 0.07741999999999999,
        "write": 0.07751999999999999,
        "misc": 0.0
    },
    "bytes_from_memory": 57435191.46666667,
    "bytes_to_memory": 5331443.2,
    "total_bytes_rw_mem": 62766634.666666664
}