{
    "demand_fetches": {
        "total": 17437226.466666665,
        "instrn": 0.0,
        "data": 17437226.466666665,
        "read": 16535103.133333333,
        "write": 902123.3333333334,
        "misc": 0.0
    },
    "demand_misses": {
        "total": 5806921.733333333,
        "instrn": 0.0,
        "data": 5806921.733333333,
        "read": 5511658.8,
        "write": 295262.93333333335,
        "misc": 0.0
    },
    "demand_miss_rate": {
        "total": 0.2618733333333333,
        "instrn": 0.0,
        "data": 0.2618733333333333,
        "read": 0.26142,
        "write": 0.2639733333333333,
        "misc": 0.0
    },
    "bytes_from_memory": 92910747.73333333,
    "bytes_to_memory": 5184457.6,
    "total_bytes_rw_mem": 98095205.33333333
}