{
    "demand_fetches": {
        "total": 5550060.846153846,
        "instrn": 0.0,
        "data": 5550060.846153846,
        "read": 4978853.230769231,
        "write": 571207.6153846154,
        "misc": 0.0
    },
    "demand_misses": {
        "total": 730268.8461538461,
        "instrn": 0.0,
        "data": 730268.8461538461,
        "read": 669952.6153846154,
        "write": 60316.230769230766,
        "misc": 0.0
    },
    "demand_miss_rate": {
        "total": 0.12387692307692307,
        "instrn": 0.0,
        "data": 0.12387692307692307,
        "read": 0.12855384615384616,
        "write": 0.0969076923076923,
        "misc": 0.0
    },
    "bytes_from_memory": 46737206.15384615,
    "bytes_to_memory": 4583532.307692308,
    "total_bytes_rw_mem": 51320738.461538464
}