{
    "demand_fetches": {
        "total": 10616309.666666666,
        "instrn": 0.0,
        "data": 10616309.666666666,
        "read": 8906967.933333334,
        "write": 1709341.7333333334,
        "misc": 0.0
    },
    "demand_misses": {
        "total": 1587442.4666666666,
        "instrn": 0.0,
        "data": 1587442.4666666666,
        "read": 1257685.6,
        "write": 329756.86666666664,
        "misc": 0.0
    },
    "demand_miss_rate": {
        "total": 0.12022000000000001,
        "instrn": 0.0,
        "data": 0.12022000000000001,
        "read": 0.11353333333333332,
        "write": 0.15222666666666668,
        "misc": 0.0
    },
    "bytes_from_memory": 50798158.93333333,
    "bytes_to_memory": 11064610.133333333,
    "total_bytes_rw_mem": 61862769.06666667
}