{
    "demand_fetches": {
        "total": 11374302.642857144,
        "instrn": 0.0,
        "data": 11374302.642857144,
        "read": 9542977.785714285,
        "write": 1831324.857142857,
        "misc": 0.0
    },
    "demand_misses": {
        "total": 3210838.0,
        "instrn": 0.0,
        "data": 3210838.0,
        "read": 2521909.4285714286,
        "write": 688928.5714285715,
        "misc": 0.0
    },
    "demand_miss_rate": {
        "total": 0.24243571428571428,
        "instrn": 0.0,
        "data": 0.24243571428571428,
        "read": 0.2266071428571428,
        "write": 0.3179571428571429,
        "misc": 0.0
    },
    "bytes_from_memory": 51373408.0,
    "bytes_to_memory": 11310208.0,
    "total_bytes_rw_mem": 62683616.0
}