{
    "demand_fetches": {
        "total": 9802103.142857144,
        "instrn": 0.0,
        "data": 9802103.142857144,
        "read": 8971251.642857144,
        "write": 830851.5,
        "misc": 0.0
    },
    "demand_misses": {
        "total": 4558418.285714285,
        "instrn": 0.0,
        "data": 4558418.285714285,
        "read": 4241771.785714285,
        "write": 316646.5,
        "misc": 0.0
    },
    "demand_miss_rate": {
        "total": 0.3921071428571429,
        "instrn": 0.0,
        "data": 0.3921071428571429,
        "read": 0.39972142857142856,
        "write": 0.3255,
        "misc": 0.0
    },
    "bytes_from_memory": 72934692.57142857,
    "bytes_to_memory": 5428290.285714285,
    "total_bytes_rw_mem": 78362982.85714285
}