{
    "demand_fetches": {
        "total": 9909068.142857144,
        "instrn": 0.0,
        "data": 9909068.142857144,
        "read": 9015900.142857144,
        "write": 893168.0,
        "misc": 0.0
    },
    "demand_misses": {
        "total": 4707262.071428572,
        "instrn": 0.0,
        "data": 4707262.071428572,
        "read": 4348934.142857143,
        "write": 358327.9285714286,
        "misc": 0.0
    },
    "demand_miss_rate": {
        "total": 0.39900714285714284,
        "instrn": 0.0,
        "data": 0.39900714285714284,
        "read": 0.40632142857142856,
        "write": 0.3409785714285714,
        "misc": 0.0
    },
    "bytes_from_memory": 75316193.14285715,
    "bytes_to_memory": 6281198.857142857,
    "total_bytes_rw_mem": 81597392.0
}