{
    "demand_fetches": {
        "total": 17437226.466666665,
        "instrn": 0.0,
        "data": 17437226.466666665,
        "read": 16535103.133333333,
        "write": 902123.3333333334,
        "misc": 0.0
    },
    "demand_misses": {
        "total": 2930743.3333333335,
        "instrn": 0.0,
        "data": 2930743.3333333335,
        "read": 2778901.8666666667,
        "write": 151841.46666666667,
        "misc": 0.0
    },
    "demand_miss_rate": {
        "total": 0.13234,
        "instrn": 0.0,
        "data": 0.13234,
        "read": 0.13201333333333334,
        "write": 0.13520666666666664,
        "misc": 0.0
    },
    "bytes_from_memory": 93783786.66666667,
    "bytes_to_memory": 5473920.0,
    "total_bytes_rw_mem": 99257706.66666667
}