{
    "demand_fetches": {
        "total": 10616309.666666666,
        "instrn": 0.0,
        "data": 10616309.666666666,
        "read": 8906967.933333334,
        "write": 1709341.7333333334,
        "misc": 0.0
    },
    "demand_misses": {
        "total": 2973196.7333333334,
        "instrn": 0.0,
        "data": 2973196.7333333334,
        "read": 2330681.0,
        "write": 642515.7333333333,
        "misc": 0.0
    },
    "demand_miss_rate": {
        "total": 0.22460000000000002,
        "instrn": 0.0,
        "data": 0.22460000000000002,
        "read": 0.20955333333333334,
        "write": 0.29645333333333324,
        "misc": 0.0
    },
    "bytes_from_memory": 47571147.733333334,
    "bytes_to_memory": 10542923.733333332,
    "total_bytes_rw_mem": 58114071.46666667
}