{
    "demand_fetches": {
        "total": 11374302.642857144,
        "instrn": 0.0,
        "data": 11374302.642857144,
        "read": 9542977.785714285,
        "write": 1831324.857142857,
        "misc": 0.0
    },
    "demand_misses": {
        "total": 1743210.5714285714,
        "instrn": 0.0,
        "data": 1743210.5714285714,
        "read": 1388934.2857142857,
        "write": 354276.28571428574,
        "misc": 0.0
    },
    "demand_miss_rate": {
        "total": 0.13181428571428572,
        "instrn": 0.0,
        "data": 0.13181428571428572,
        "read": 0.1251857142857143,
        "write": 0.1636142857142857,
        "misc": 0.0
    },
    "bytes_from_memory": 55782738.28571428,
    "bytes_to_memory": 11954950.857142856,
    "total_bytes_rw_mem": 67737689.14285715
}