{
    "power": {
        "0x40": 812.5718193413317,
        "0x41": 5.292905279665627,
        "0x44": 1700.4766112911793,
        "0x45": 861.065216675371,
        "0x48": 1009.9432528489122,
        "0x4c": 604.2278113434437
    },
    "current": {
        "0x40": 162.65628311552672,
        "0x41": -0.5948913225300553,
        "0x44": 513.0768156299039,
        "0x45": 853.4468490852025,
        "0x48": 563.5728822268653,
        "0x4c": 404.0980599059065
    },
    "energy": {
        "0x40": 22294.17718099983,
        "0x41": 145.26720259999894,
        "0x44": 46655.56607500013,
        "0x45": 23625.66586189997,
        "0x48": 27709.547870700102,
        "0x4c": 16576.92379269981
    }
}