{
    "demand_fetches": {
        "total": 30488086.615384616,
        "instrn": 0.0,
        "data": 30488086.615384616,
        "read": 24886322.692307692,
        "write": 5601763.923076923,
        "misc": 0.0
    },
    "demand_misses": {
        "total": 7344400.461538462,
        "instrn": 0.0,
        "data": 7344400.461538462,
        "read": 5922317.769230769,
        "write": 1422082.6923076923,
        "misc": 0.0
    },
    "demand_miss_rate": {
        "total": 0.2228846153846154,
        "instrn": 0.0,
        "data": 0.2228846153846154,
        "read": 0.21981538461538463,
        "write": 0.23592307692307693,
        "misc": 0.0
    },
    "bytes_from_memory": 117510407.38461539,
    "bytes_to_memory": 25115212.307692308,
    "total_bytes_rw_mem": 142625619.69230768
}