{
    "demand_fetches": {
        "total": 5291166.928571428,
        "instrn": 0.0,
        "data": 5291166.928571428,
        "read": 4662116.428571428,
        "write": 629050.5,
        "misc": 0.0
    },
    "demand_misses": {
        "total": 2353806.9285714286,
        "instrn": 0.0,
        "data": 2353806.9285714286,
        "read": 2125385.214285714,
        "write": 228421.7142857143,
        "misc": 0.0
    },
    "demand_miss_rate": {
        "total": 0.36205,
        "instrn": 0.0,
        "data": 0.36205,
        "read": 0.36986428571428576,
        "write": 0.3091642857142857,
        "misc": 0.0
    },
    "bytes_from_memory": 37660910.85714286,
    "bytes_to_memory": 3804912.0,
    "total_bytes_rw_mem": 41465822.85714286
}