{
    "demand_fetches": {
        "total": 9802103.142857144,
        "instrn": 0.0,
        "data": 9802103.142857144,
        "read": 8971251.642857144,
        "write": 830851.5,
        "misc": 0.0
    },
    "demand_misses": {
        "total": 4659666.571428572,
        "instrn": 0.0,
        "data": 4659666.571428572,
        "read": 4331273.714285715,
        "write": 328392.85714285716,
        "misc": 0.0
    },
    "demand_miss_rate": {
        "total": 0.4038142857142858,
        "instrn": 0.0,
        "data": 0.4038142857142858,
        "read": 0.4119,
        "write": 0.33758571428571427,
        "misc": 0.0
    },
    "bytes_from_memory": 74554665.14285715,
    "bytes_to_memory": 5736274.285714285,
    "total_bytes_rw_mem": 80290939.42857143
}