{
    "demand_fetches": {
        "total": 5592432.076923077,
        "instrn": 0.0,
        "data": 5592432.076923077,
        "read": 4987094.692307692,
        "write": 605337.3846153846,
        "misc": 0.0
    },
    "demand_misses": {
        "total": 1278575.1538461538,
        "instrn": 0.0,
        "data": 1278575.1538461538,
        "read": 1164354.2307692308,
        "write": 114220.92307692308,
        "misc": 0.0
    },
    "demand_miss_rate": {
        "total": 0.20306923076923075,
        "instrn": 0.0,
        "data": 0.20306923076923075,
        "read": 0.2078846153846154,
        "write": 0.1724769230769231,
        "misc": 0.0
    },
    "bytes_from_memory": 40914404.92307692,
    "bytes_to_memory": 3923443.6923076925,
    "total_bytes_rw_mem": 44837848.615384616
}