{
    "demand_fetches": {
        "total": 20330162.076923076,
        "instrn": 0.0,
        "data": 20330162.076923076,
        "read": 19211134.46153846,
        "write": 1119027.6153846155,
        "misc": 0.0
    },
    "demand_misses": {
        "total": 2492144.4615384615,
        "instrn": 0.0,
        "data": 2492144.4615384615,
        "read": 2349692.6153846155,
        "write": 142451.84615384616,
        "misc": 0.0
    },
    "demand_miss_rate": {
        "total": 0.11286153846153844,
        "instrn": 0.0,
        "data": 0.11286153846153844,
        "read": 0.11293846153846152,
        "write": 0.1136076923076923,
        "misc": 0.0
    },
    "bytes_from_memory": 159497245.53846154,
    "bytes_to_memory": 11365907.692307692,
    "total_bytes_rw_mem": 170863153.23076922
}