{
    "demand_fetches": {
        "total": 5291166.928571428,
        "instrn": 0.0,
        "data": 5291166.928571428,
        "read": 4662116.428571428,
        "write": 629050.5,
        "misc": 0.0
    },
    "demand_misses": {
        "total": 611233.2857142857,
        "instrn": 0.0,
        "data": 611233.2857142857,
        "read": 551975.6428571428,
        "write": 59257.642857142855,
        "misc": 0.0
    },
    "demand_miss_rate": {
        "total": 0.09717142857142858,
        "instrn": 0.0,
        "data": 0.09717142857142858,
        "read": 0.10010714285714287,
        "write": 0.08026428571428572,
        "misc": 0.0
    },
    "bytes_from_memory": 39118930.28571428,
    "bytes_to_memory": 4189846.8571428573,
    "total_bytes_rw_mem": 43308777.14285714
}