{
    "demand_fetches": {
        "total": 5548853.153846154,
        "instrn": 0.0,
        "data": 5548853.153846154,
        "read": 4974626.0,
        "write": 574227.1538461539,
        "misc": 0.0
    },
    "demand_misses": {
        "total": 1377546.8461538462,
        "instrn": 0.0,
        "data": 1377546.8461538462,
        "read": 1260269.3846153845,
        "write": 117277.46153846153,
        "misc": 0.0
    },
    "demand_miss_rate": {
        "total": 0.22840769230769228,
        "instrn": 0.0,
        "data": 0.22840769230769228,
        "read": 0.2353,
        "write": 0.1880384615384615,
        "misc": 0.0
    },
    "bytes_from_memory": 44081499.07692308,
    "bytes_to_memory": 4195938.461538462,
    "total_bytes_rw_mem": 48277437.538461536
}