{
    "demand_fetches": {
        "total": 9909068.142857144,
        "instrn": 0.0,
        "data": 9909068.142857144,
        "read": 9015900.142857144,
        "write": 893168.0,
        "misc": 0.0
    },
    "demand_misses": {
        "total": 3348851.5,
        "instrn": 0.0,
        "data": 3348851.5,
        "read": 3011317.0,
        "write": 337534.5,
        "misc": 0.0
    },
    "demand_miss_rate": {
        "total": 0.2877214285714286,
        "instrn": 0.0,
        "data": 0.2877214285714286,
        "read": 0.28354999999999997,
        "write": 0.3203714285714286,
        "misc": 0.0
    },
    "bytes_from_memory": 53581624.0,
    "bytes_to_memory": 5668878.857142857,
    "total_bytes_rw_mem": 59250502.85714286
}