{
    "demand_fetches": {
        "total": 10538876.538461538,
        "instrn": 0.0,
        "data": 10538876.538461538,
        "read": 9658823.923076924,
        "write": 880052.6153846154,
        "misc": 0.0
    },
    "demand_misses": {
        "total": 2478556.6153846155,
        "instrn": 0.0,
        "data": 2478556.6153846155,
        "read": 2305333.230769231,
        "write": 173223.38461538462,
        "misc": 0.0
    },
    "demand_miss_rate": {
        "total": 0.21085384615384611,
        "instrn": 0.0,
        "data": 0.21085384615384611,
        "read": 0.21447692307692307,
        "write": 0.17993076923076926,
        "misc": 0.0
    },
    "bytes_from_memory": 79313811.6923077,
    "bytes_to_memory": 6124952.615384615,
    "total_bytes_rw_mem": 85438764.3076923
}