{
    "demand_fetches": {
        "total": 9123650.733333332,
        "instrn": 0.0,
        "data": 9123650.733333332,
        "read": 8367132.133333334,
        "write": 756518.6,
        "misc": 0.0
    },
    "demand_misses": {
        "total": 4231633.0,
        "instrn": 0.0,
        "data": 4231633.0,
        "read": 3938785.3333333335,
        "write": 292847.6666666667,
        "misc": 0.0
    },
    "demand_miss_rate": {
        "total": 0.3591866666666667,
        "instrn": 0.0,
        "data": 0.3591866666666667,
        "read": 0.3650133333333333,
        "write": 0.3073466666666667,
        "misc": 0.0
    },
    "bytes_from_memory": 67706128.0,
    "bytes_to_memory": 5060248.533333333,
    "total_bytes_rw_mem": 72766376.53333333
}