{
    "demand_fetches": {
        "total": 129662.53846153847,
        "instrn": 0.0,
        "data": 129662.53846153847,
        "read": 46295.307692307695,
        "write": 83367.23076923077,
        "misc": 0.0
    },
    "demand_misses": {
        "total": 89910.61538461539,
        "instrn": 0.0,
        "data": 89910.61538461539,
        "read": 20128.076923076922,
        "write": 69782.53846153847,
        "misc": 0.0
    },
    "demand_miss_rate": {
        "total": 0.4211153846153846,
        "instrn": 0.0,
        "data": 0.4211153846153846,
        "read": 0.3150769230769231,
        "write": 0.4924307692307692,
        "misc": 0.0
    },
    "bytes_from_memory": 5754279.384615385,
    "bytes_to_memory": 4495040.0,
    "total_bytes_rw_mem": 10249319.384615384
}