{
    "demand_fetches": {
        "total": 18610560.285714287,
        "instrn": 0.0,
        "data": 18610560.285714287,
        "read": 17654384.07142857,
        "write": 956176.2142857143,
        "misc": 0.0
    },
    "demand_misses": {
        "total": 1769051.2857142857,
        "instrn": 0.0,
        "data": 1769051.2857142857,
        "read": 1667772.5,
        "write": 101278.78571428571,
        "misc": 0.0
    },
    "demand_miss_rate": {
        "total": 0.07791428571428571,
        "instrn": 0.0,
        "data": 0.07791428571428571,
        "read": 0.07705714285714285,
        "write": 0.08863571428571429,
        "misc": 0.0
    },
    "bytes_from_memory": 113219282.28571428,
    "bytes_to_memory": 7383812.571428572,
    "total_bytes_rw_mem": 120603094.85714285
}