{
    "demand_fetches": {
        "total": 9774305.57142857,
        "instrn": 0.0,
        "data": 9774305.57142857,
        "read": 8964274.857142856,
        "write": 810030.7142857143,
        "misc": 0.0
    },
    "demand_misses": {
        "total": 4587439.428571428,
        "instrn": 0.0,
        "data": 4587439.428571428,
        "read": 4276017.071428572,
        "write": 311422.35714285716,
        "misc": 0.0
    },
    "demand_miss_rate": {
        "total": 0.3911857142857143,
        "instrn": 0.0,
        "data": 0.3911857142857143,
        "read": 0.39868571428571437,
        "write": 0.3270714285714286,
        "misc": 0.0
    },
    "bytes_from_memory": 73399030.85714285,
    "bytes_to_memory": 5358249.142857143,
    "total_bytes_rw_mem": 78757280.0
}