{
    "demand_fetches": {
        "total": 9802103.142857144,
        "instrn": 0.0,
        "data": 9802103.142857144,
        "read": 8971251.642857144,
        "write": 830851.5,
        "misc": 0.0
    },
    "demand_misses": {
        "total": 1202951.142857143,
        "instrn": 0.0,
        "data": 1202951.142857143,
        "read": 1117396.2142857143,
        "write": 85554.92857142857,
        "misc": 0.0
    },
    "demand_miss_rate": {
        "total": 0.10527142857142857,
        "instrn": 0.0,
        "data": 0.10527142857142857,
        "read": 0.10749285714285715,
        "write": 0.08774285714285715,
        "misc": 0.0
    },
    "bytes_from_memory": 76988873.14285715,
    "bytes_to_memory": 6502052.571428572,
    "total_bytes_rw_mem": 83490925.71428572
}