{
    "demand_fetches": {
        "total": 20199630.46153846,
        "instrn": 0.0,
        "data": 20199630.46153846,
        "read": 19130452.615384616,
        "write": 1069177.8461538462,
        "misc": 0.0
    },
    "demand_misses": {
        "total": 7470677.615384615,
        "instrn": 0.0,
        "data": 7470677.615384615,
        "read": 7115619.230769231,
        "write": 355058.3846153846,
        "misc": 0.0
    },
    "demand_miss_rate": {
        "total": 0.3346692307692308,
        "instrn": 0.0,
        "data": 0.3346692307692308,
        "read": 0.3360153846153846,
        "write": 0.31108461538461535,
        "misc": 0.0
    },
    "bytes_from_memory": 119530841.84615384,
    "bytes_to_memory": 6357219.692307692,
    "total_bytes_rw_mem": 125888061.53846154
}