{
    "demand_fetches": {
        "total": 21086884.307692308,
        "instrn": 0.0,
        "data": 21086884.307692308,
        "read": 19657634.615384616,
        "write": 1429249.6923076923,
        "misc": 0.0
    },
    "demand_misses": {
        "total": 3808247.3846153845,
        "instrn": 0.0,
        "data": 3808247.3846153845,
        "read": 3559271.153846154,
        "write": 248976.23076923078,
        "misc": 0.0
    },
    "demand_miss_rate": {
        "total": 0.1654,
        "instrn": 0.0,
        "data": 0.1654,
        "read": 0.16572307692307692,
        "write": 0.16117692307692308,
        "misc": 0.0
    },
    "bytes_from_memory": 121863916.3076923,
    "bytes_to_memory": 9905321.846153846,
    "total_bytes_rw_mem": 131769238.15384616
}