{
    "demand_fetches": {
        "total": 24717886.384615384,
        "instrn": 0.0,
        "data": 24717886.384615384,
        "read": 21686687.46153846,
        "write": 3031198.923076923,
        "misc": 0.0
    },
    "demand_misses": {
        "total": 6022561.846153846,
        "instrn": 0.0,
        "data": 6022561.846153846,
        "read": 5254263.769230769,
        "write": 768298.0769230769,
        "misc": 0.0
    },
    "demand_miss_rate": {
        "total": 0.22586923076923077,
        "instrn": 0.0,
        "data": 0.22586923076923077,
        "read": 0.2240076923076923,
        "write": 0.23774615384615386,
        "misc": 0.0
    },
    "bytes_from_memory": 96360989.53846154,
    "bytes_to_memory": 13087448.615384616,
    "total_bytes_rw_mem": 109448438.15384616
}