{
    "demand_fetches": {
        "total": 6953170.357142857,
        "instrn": 0.0,
        "data": 6953170.357142857,
        "read": 6063401.928571428,
        "write": 889768.4285714285,
        "misc": 0.0
    },
    "demand_misses": {
        "total": 564819.3571428572,
        "instrn": 0.0,
        "data": 564819.3571428572,
        "read": 480325.85714285716,
        "write": 84493.5,
        "misc": 0.0
    },
    "demand_miss_rate": {
        "total": 0.07436428571428573,
        "instrn": 0.0,
        "data": 0.07436428571428573,
        "read": 0.0722,
        "write": 0.08669285714285715,
        "misc": 0.0
    },
    "bytes_from_memory": 36148438.85714286,
    "bytes_to_memory": 5802249.142857143,
    "total_bytes_rw_mem": 41950688.0
}