{
    "power": {
        "0x40": 811.7634409314632,
        "0x41": 5.338283206448931,
        "0x44": 1699.5390935512924,
        "0x45": 863.1700914016952,
        "0x48": 1011.5075734885631,
        "0x4c": 603.3569886699582
    },
    "current": {
        "0x40": 162.36499516345833,
        "0x41": -0.4603773399014764,
        "0x44": 512.6264806986211,
        "0x45": 855.9078948051896,
        "0x48": 564.1139564263152,
        "0x4c": 403.4874553963268
    },
    "energy": {
        "0x40": 26247.33271459987,
        "0x41": 172.58809819999993,
        "0x44": 54954.501782100124,
        "0x45": 27910.67916149996,
        "0x48": 32707.272879600223,
        "0x4c": 19509.82596379989
    }
}