{
    "demand_fetches": {
        "total": 21086884.307692308,
        "instrn": 0.0,
        "data": 21086884.307692308,
        "read": 19657634.615384616,
        "write": 1429249.6923076923,
        "misc": 0.0
    },
    "demand_misses": {
        "total": 3843098.769230769,
        "instrn": 0.0,
        "data": 3843098.769230769,
        "read": 3592199.3076923075,
        "write": 250899.46153846153,
        "misc": 0.0
    },
    "demand_miss_rate": {
        "total": 0.16680769230769232,
        "instrn": 0.0,
        "data": 0.16680769230769232,
        "read": 0.16716923076923076,
        "write": 0.16224615384615385,
        "misc": 0.0
    },
    "bytes_from_memory": 122979160.61538461,
    "bytes_to_memory": 9612172.307692308,
    "total_bytes_rw_mem": 132591332.92307693
}