{
    "demand_fetches": {
        "total": 5212942.5,
        "instrn": 0.0,
        "data": 5212942.5,
        "read": 4647407.142857143,
        "write": 565535.3571428572,
        "misc": 0.0
    },
    "demand_misses": {
        "total": 551174.1428571428,
        "instrn": 0.0,
        "data": 551174.1428571428,
        "read": 493720.64285714284,
        "write": 57453.5,
        "misc": 0.0
    },
    "demand_miss_rate": {
        "total": 0.09053571428571429,
        "instrn": 0.0,
        "data": 0.09053571428571429,
        "read": 0.09141428571428571,
        "write": 0.08547142857142857,
        "misc": 0.0
    },
    "bytes_from_memory": 35275145.14285714,
    "bytes_to_memory": 4182738.285714286,
    "total_bytes_rw_mem": 39457883.428571425
}