{
    "demand_fetches": {
        "total": 10538876.538461538,
        "instrn": 0.0,
        "data": 10538876.538461538,
        "read": 9658823.923076924,
        "write": 880052.6153846154,
        "misc": 0.0
    },
    "demand_misses": {
        "total": 1331770.0,
        "instrn": 0.0,
        "data": 1331770.0,
        "read": 1235721.3076923077,
        "write": 96048.69230769231,
        "misc": 0.0
    },
    "demand_miss_rate": {
        "total": 0.11804615384615384,
        "instrn": 0.0,
        "data": 0.11804615384615384,
        "read": 0.12044615384615386,
        "write": 0.10043076923076924,
        "misc": 0.0
    },
    "bytes_from_memory": 85233280.0,
    "bytes_to_memory": 7442343.384615385,
    "total_bytes_rw_mem": 92675623.38461539
}