{
    "demand_fetches": {
        "total": 20412821.46153846,
        "instrn": 0.0,
        "data": 20412821.46153846,
        "read": 19265828.692307692,
        "write": 1146992.7692307692,
        "misc": 0.0
    },
    "demand_misses": {
        "total": 8959533.615384616,
        "instrn": 0.0,
        "data": 8959533.615384616,
        "read": 8552182.923076924,
        "write": 407350.6923076923,
        "misc": 0.0
    },
    "demand_miss_rate": {
        "total": 0.39603846153846156,
        "instrn": 0.0,
        "data": 0.39603846153846156,
        "read": 0.4007846153846154,
        "write": 0.3306230769230769,
        "misc": 0.0
    },
    "bytes_from_memory": 143352537.84615386,
    "bytes_to_memory": 7900897.230769231,
    "total_bytes_rw_mem": 151253435.07692307
}