{
    "demand_fetches": {
        "total": 30488086.615384616,
        "instrn": 0.0,
        "data": 30488086.615384616,
        "read": 24886322.692307692,
        "write": 5601763.923076923,
        "misc": 0.0
    },
    "demand_misses": {
        "total": 6144953.230769231,
        "instrn": 0.0,
        "data": 6144953.230769231,
        "read": 4835180.538461538,
        "write": 1309772.6923076923,
        "misc": 0.0
    },
    "demand_miss_rate": {
        "total": 0.18150769230769226,
        "instrn": 0.0,
        "data": 0.18150769230769226,
        "read": 0.17313076923076925,
        "write": 0.2166153846153846,
        "misc": 0.0
    },
    "bytes_from_memory": 98319251.6923077,
    "bytes_to_memory": 21414937.846153848,
    "total_bytes_rw_mem": 119734189.53846154
}