{
    "demand_fetches": {
        "total": 19213499.92857143,
        "instrn": 0.0,
        "data": 19213499.92857143,
        "read": 18041327.5,
        "write": 1172172.4285714286,
        "misc": 0.0
    },
    "demand_misses": {
        "total": 9188907.142857144,
        "instrn": 0.0,
        "data": 9188907.142857144,
        "read": 8765333.07142857,
        "write": 423574.0714285714,
        "misc": 0.0
    },
    "demand_miss_rate": {
        "total": 0.40454999999999997,
        "instrn": 0.0,
        "data": 0.40454999999999997,
        "read": 0.41180714285714287,
        "write": 0.31343571428571426,
        "misc": 0.0
    },
    "bytes_from_memory": 147022514.2857143,
    "bytes_to_memory": 8495971.42857143,
    "total_bytes_rw_mem": 155518485.7142857
}