{
    "demand_fetches": {
        "total": 9909068.142857144,
        "instrn": 0.0,
        "data": 9909068.142857144,
        "read": 9015900.142857144,
        "write": 893168.0,
        "misc": 0.0
    },
    "demand_misses": {
        "total": 856656.2142857143,
        "instrn": 0.0,
        "data": 856656.2142857143,
        "read": 770135.9285714285,
        "write": 86520.28571428571,
        "misc": 0.0
    },
    "demand_miss_rate": {
        "total": 0.07391428571428571,
        "instrn": 0.0,
        "data": 0.07391428571428571,
        "read": 0.07289999999999999,
        "write": 0.08192857142857142,
        "misc": 0.0
    },
    "bytes_from_memory": 54825997.71428572,
    "bytes_to_memory": 6038674.285714285,
    "total_bytes_rw_mem": 60864672.0
}