{
    "demand_fetches": {
        "total": 5291211.071428572,
        "instrn": 0.0,
        "data": 5291211.071428572,
        "read": 4662140.214285715,
        "write": 629070.8571428572,
        "misc": 0.0
    },
    "demand_misses": {
        "total": 2450021.4285714286,
        "instrn": 0.0,
        "data": 2450021.4285714286,
        "read": 2212625.9285714286,
        "write": 237395.5,
        "misc": 0.0
    },
    "demand_miss_rate": {
        "total": 0.38849285714285714,
        "instrn": 0.0,
        "data": 0.38849285714285714,
        "read": 0.4002857142857143,
        "write": 0.32148571428571426,
        "misc": 0.0
    },
    "bytes_from_memory": 39200342.85714286,
    "bytes_to_memory": 4027190.8571428573,
    "total_bytes_rw_mem": 43227533.71428572
}