{
    "demand_fetches": {
        "total": 10581582.846153846,
        "instrn": 0.0,
        "data": 10581582.846153846,
        "read": 9676558.384615384,
        "write": 905024.4615384615,
        "misc": 0.0
    },
    "demand_misses": {
        "total": 1301047.4615384615,
        "instrn": 0.0,
        "data": 1301047.4615384615,
        "read": 1205650.6153846155,
        "write": 95396.84615384616,
        "misc": 0.0
    },
    "demand_miss_rate": {
        "total": 0.1122153846153846,
        "instrn": 0.0,
        "data": 0.1122153846153846,
        "read": 0.11429230769230769,
        "write": 0.09616923076923078,
        "misc": 0.0
    },
    "bytes_from_memory": 83267037.53846154,
    "bytes_to_memory": 7207276.307692308,
    "total_bytes_rw_mem": 90474313.84615384
}