{
    "demand_fetches": {
        "total": 85755.07142857143,
        "instrn": 0.0,
        "data": 85755.07142857143,
        "read": 51953.0,
        "write": 33802.07142857143,
        "misc": 0.0
    },
    "demand_misses": {
        "total": 37393.42857142857,
        "instrn": 0.0,
        "data": 37393.42857142857,
        "read": 15017.142857142857,
        "write": 22376.285714285714,
        "misc": 0.0
    },
    "demand_miss_rate": {
        "total": 0.24944999999999998,
        "instrn": 0.0,
        "data": 0.24944999999999998,
        "read": 0.17701428571428574,
        "write": 0.36872142857142853,
        "misc": 0.0
    },
    "bytes_from_memory": 1196589.7142857143,
    "bytes_to_memory": 730064.0,
    "total_bytes_rw_mem": 1926653.7142857143
}