{
    "demand_fetches": {
        "total": 24717886.384615384,
        "instrn": 0.0,
        "data": 24717886.384615384,
        "read": 21686687.46153846,
        "write": 3031198.923076923,
        "misc": 0.0
    },
    "demand_misses": {
        "total": 2837425.153846154,
        "instrn": 0.0,
        "data": 2837425.153846154,
        "read": 2462538.3846153845,
        "write": 374886.76923076925,
        "misc": 0.0
    },
    "demand_miss_rate": {
        "total": 0.10666153846153846,
        "instrn": 0.0,
        "data": 0.10666153846153846,
        "read": 0.10523846153846153,
        "write": 0.11592307692307693,
        "misc": 0.0
    },
    "bytes_from_memory": 90797604.92307693,
    "bytes_to_memory": 12508699.076923076,
    "total_bytes_rw_mem": 103306304.0
}