{
    "demand_fetches": {
        "total": 20412821.46153846,
        "instrn": 0.0,
        "data": 20412821.46153846,
        "read": 19265828.692307692,
        "write": 1146992.7692307692,
        "misc": 0.0
    },
    "demand_misses": {
        "total": 6897737.769230769,
        "instrn": 0.0,
        "data": 6897737.769230769,
        "read": 6524001.461538462,
        "write": 373736.3076923077,
        "misc": 0.0
    },
    "demand_miss_rate": {
        "total": 0.3092538461538462,
        "instrn": 0.0,
        "data": 0.3092538461538462,
        "read": 0.3093384615384616,
        "write": 0.3051846153846154,
        "misc": 0.0
    },
    "bytes_from_memory": 110363804.3076923,
    "bytes_to_memory": 6816020.923076923,
    "total_bytes_rw_mem": 117179825.23076923
}