{
    "demand_fetches": {
        "total": 18610560.285714287,
        "instrn": 0.0,
        "data": 18610560.285714287,
        "read": 17654384.07142857,
        "write": 956176.2142857143,
        "misc": 0.0
    },
    "demand_misses": {
        "total": 4284523.428571428,
        "instrn": 0.0,
        "data": 4284523.428571428,
        "read": 4110244.285714286,
        "write": 174279.14285714287,
        "misc": 0.0
    },
    "demand_miss_rate": {
        "total": 0.1844357142857143,
        "instrn": 0.0,
        "data": 0.1844357142857143,
        "read": 0.18592142857142857,
        "write": 0.1569642857142857,
        "misc": 0.0
    },
    "bytes_from_memory": 137104749.7142857,
    "bytes_to_memory": 6494246.857142857,
    "total_bytes_rw_mem": 143598996.57142857
}