{
    "demand_fetches": {
        "total": 10361724.57142857,
        "instrn": 0.0,
        "data": 10361724.57142857,
        "read": 9180187.714285715,
        "write": 1181536.857142857,
        "misc": 0.0
    },
    "demand_misses": {
        "total": 1135817.857142857,
        "instrn": 0.0,
        "data": 1135817.857142857,
        "read": 1006302.9285714285,
        "write": 129514.92857142857,
        "misc": 0.0
    },
    "demand_miss_rate": {
        "total": 0.09375714285714284,
        "instrn": 0.0,
        "data": 0.09375714285714284,
        "read": 0.09407857142857143,
        "write": 0.09224285714285714,
        "misc": 0.0
    },
    "bytes_from_memory": 72692342.85714285,
    "bytes_to_memory": 9813984.0,
    "total_bytes_rw_mem": 82506326.85714285
}