{
    "power": {
        "0x40": 805.8262495018653,
        "0x41": 4.60631967621431,
        "0x44": 1695.8378590286372,
        "0x45": 869.2575385429622,
        "0x48": 1010.9523875466857,
        "0x4c": 597.80468244085
    },
    "current": {
        "0x40": 161.31375541718546,
        "0x41": -0.3885502490660016,
        "0x44": 511.5486093399768,
        "0x45": 861.580466438355,
        "0x48": 563.799285242838,
        "0x4c": 399.8117034869218
    },
    "energy": {
        "0x40": 18111.839699899854,
        "0x41": 103.7909969999988,
        "0x44": 38116.50803510019,
        "0x45": 19536.853767700093,
        "0x48": 22721.92572649994,
        "0x4c": 13436.300336399896
    }
}