{
    "demand_fetches": {
        "total": 20428592.57142857,
        "instrn": 0.0,
        "data": 20428592.57142857,
        "read": 18731864.64285714,
        "write": 1696727.9285714286,
        "misc": 0.0
    },
    "demand_misses": {
        "total": 1793308.357142857,
        "instrn": 0.0,
        "data": 1793308.357142857,
        "read": 1585735.9285714286,
        "write": 207572.42857142858,
        "misc": 0.0
    },
    "demand_miss_rate": {
        "total": 0.07570714285714286,
        "instrn": 0.0,
        "data": 0.07570714285714286,
        "read": 0.07305714285714285,
        "write": 0.10197142857142857,
        "misc": 0.0
    },
    "bytes_from_memory": 114771734.85714285,
    "bytes_to_memory": 15471456.0,
    "total_bytes_rw_mem": 130243190.85714285
}