{
    "demand_fetches": {
        "total": 19213499.92857143,
        "instrn": 0.0,
        "data": 19213499.92857143,
        "read": 18041327.5,
        "write": 1172172.4285714286,
        "misc": 0.0
    },
    "demand_misses": {
        "total": 4680464.714285715,
        "instrn": 0.0,
        "data": 4680464.714285715,
        "read": 4449316.142857143,
        "write": 231148.57142857142,
        "misc": 0.0
    },
    "demand_miss_rate": {
        "total": 0.20647142857142856,
        "instrn": 0.0,
        "data": 0.20647142857142856,
        "read": 0.20949285714285718,
        "write": 0.1691857142857143,
        "misc": 0.0
    },
    "bytes_from_memory": 149774870.85714287,
    "bytes_to_memory": 9569764.57142857,
    "total_bytes_rw_mem": 159344635.42857143
}