{
    "demand_fetches": {
        "total": 45098.357142857145,
        "instrn": 0.0,
        "data": 45098.357142857145,
        "read": 27033.5,
        "write": 18064.85714285714,
        "misc": 0.0
    },
    "demand_misses": {
        "total": 12825.785714285714,
        "instrn": 0.0,
        "data": 12825.785714285714,
        "read": 4217.571428571428,
        "write": 8608.214285714286,
        "misc": 0.0
    },
    "demand_miss_rate": {
        "total": 0.18887142857142858,
        "instrn": 0.0,
        "data": 0.18887142857142858,
        "read": 0.12527142857142853,
        "write": 0.28173571428571426,
        "misc": 0.0
    },
    "bytes_from_memory": 410425.14285714284,
    "bytes_to_memory": 286381.71428571426,
    "total_bytes_rw_mem": 696806.8571428572
}