{
    "demand_fetches": {
        "total": 20412821.46153846,
        "instrn": 0.0,
        "data": 20412821.46153846,
        "read": 19265828.692307692,
        "write": 1146992.7692307692,
        "misc": 0.0
    },
    "demand_misses": {
        "total": 3504512.076923077,
        "instrn": 0.0,
        "data": 3504512.076923077,
        "read": 3309081.0,
        "write": 195431.07692307694,
        "misc": 0.0
    },
    "demand_miss_rate": {
        "total": 0.1574076923076923,
        "instrn": 0.0,
        "data": 0.1574076923076923,
        "read": 0.1572230769230769,
        "write": 0.1585076923076923,
        "misc": 0.0
    },
    "bytes_from_memory": 112144386.46153846,
    "bytes_to_memory": 7350402.461538462,
    "total_bytes_rw_mem": 119494788.92307693
}