{
    "demand_fetches": {
        "total": 121393.5,
        "instrn": 0.0,
        "data": 121393.5,
        "read": 81639.64285714286,
        "write": 39753.857142857145,
        "misc": 0.0
    },
    "demand_misses": {
        "total": 72491.64285714286,
        "instrn": 0.0,
        "data": 72491.64285714286,
        "read": 46331.28571428572,
        "write": 26160.35714285714,
        "misc": 0.0
    },
    "demand_miss_rate": {
        "total": 0.3920571428571428,
        "instrn": 0.0,
        "data": 0.3920571428571428,
        "read": 0.3937571428571428,
        "write": 0.36604285714285717,
        "misc": 0.0
    },
    "bytes_from_memory": 2319732.5714285714,
    "bytes_to_memory": 853977.1428571428,
    "total_bytes_rw_mem": 3173709.714285714
}