{
    "demand_fetches": {
        "total": 5213475.357142857,
        "instrn": 0.0,
        "data": 5213475.357142857,
        "read": 4637549.0,
        "write": 575926.3571428572,
        "misc": 0.0
    },
    "demand_misses": {
        "total": 2504182.5714285714,
        "instrn": 0.0,
        "data": 2504182.5714285714,
        "read": 2271593.285714286,
        "write": 232589.2857142857,
        "misc": 0.0
    },
    "demand_miss_rate": {
        "total": 0.40503571428571433,
        "instrn": 0.0,
        "data": 0.40503571428571433,
        "read": 0.41524285714285714,
        "write": 0.3453714285714286,
        "misc": 0.0
    },
    "bytes_from_memory": 40066921.14285714,
    "bytes_to_memory": 4009837.714285714,
    "total_bytes_rw_mem": 44076758.85714286
}