{
    "demand_fetches": {
        "total": 5592432.076923077,
        "instrn": 0.0,
        "data": 5592432.076923077,
        "read": 4987094.692307692,
        "write": 605337.3846153846,
        "misc": 0.0
    },
    "demand_misses": {
        "total": 2566968.769230769,
        "instrn": 0.0,
        "data": 2566968.769230769,
        "read": 2341355.4615384615,
        "write": 225613.3076923077,
        "misc": 0.0
    },
    "demand_miss_rate": {
        "total": 0.408,
        "instrn": 0.0,
        "data": 0.408,
        "read": 0.4185846153846154,
        "write": 0.3410846153846154,
        "misc": 0.0
    },
    "bytes_from_memory": 41071500.307692304,
    "bytes_to_memory": 3783723.076923077,
    "total_bytes_rw_mem": 44855223.384615384
}