{
    "demand_fetches": {
        "total": 18681704.285714287,
        "instrn": 0.0,
        "data": 18681704.285714287,
        "read": 17715672.214285713,
        "write": 966032.0714285715,
        "misc": 0.0
    },
    "demand_misses": {
        "total": 1642720.0,
        "instrn": 0.0,
        "data": 1642720.0,
        "read": 1537813.7857142857,
        "write": 104906.21428571429,
        "misc": 0.0
    },
    "demand_miss_rate": {
        "total": 0.07452142857142856,
        "instrn": 0.0,
        "data": 0.07452142857142856,
        "read": 0.07339285714285713,
        "write": 0.09055714285714285,
        "misc": 0.0
    },
    "bytes_from_memory": 105134080.0,
    "bytes_to_memory": 7647794.285714285,
    "total_bytes_rw_mem": 112781874.28571428
}