{
    "demand_fetches": {
        "total": 9909068.142857144,
        "instrn": 0.0,
        "data": 9909068.142857144,
        "read": 9015900.142857144,
        "write": 893168.0,
        "misc": 0.0
    },
    "demand_misses": {
        "total": 1254679.357142857,
        "instrn": 0.0,
        "data": 1254679.357142857,
        "read": 1156192.2857142857,
        "write": 98487.07142857143,
        "misc": 0.0
    },
    "demand_miss_rate": {
        "total": 0.10959285714285712,
        "instrn": 0.0,
        "data": 0.10959285714285712,
        "read": 0.11181428571428571,
        "write": 0.09383571428571427,
        "misc": 0.0
    },
    "bytes_from_memory": 80299478.85714285,
    "bytes_to_memory": 7615204.571428572,
    "total_bytes_rw_mem": 87914683.42857143
}