{
    "demand_fetches": {
        "total": 5550060.846153846,
        "instrn": 0.0,
        "data": 5550060.846153846,
        "read": 4978853.230769231,
        "write": 571207.6153846154,
        "misc": 0.0
    },
    "demand_misses": {
        "total": 693076.7692307692,
        "instrn": 0.0,
        "data": 693076.7692307692,
        "read": 634523.2307692308,
        "write": 58553.53846153846,
        "misc": 0.0
    },
    "demand_miss_rate": {
        "total": 0.11610000000000002,
        "instrn": 0.0,
        "data": 0.11610000000000002,
        "read": 0.12001538461538461,
        "write": 0.09362307692307693,
        "misc": 0.0
    },
    "bytes_from_memory": 44356913.23076923,
    "bytes_to_memory": 4331977.846153846,
    "total_bytes_rw_mem": 48688891.07692308
}