{
    "l1-i_dcaches": {
        "demand_fetches": {
            "total": 27719845.0,
            "instrn": 0.0,
            "data": 27719845.0,
            "read": 26463647.0,
            "write": 1256198.0,
            "misc": 0.0
        },
        "demand_misses": {
            "total": 8486560.0,
            "instrn": 0.0,
            "data": 8486560.0,
            "read": 8045960.0,
            "write": 440600.0,
            "misc": 0.0
        },
        "demand_miss_rate": {
            "total": 0.1531,
            "instrn": 0.0,
            "data": 0.1531,
            "read": 0.152,
            "write": 0.17535,
            "misc": 0.0
        },
        "bytes_from_memory": 135784960.0,
        "bytes_to_memory": 7587208.0,
        "total_bytes_rw_mem": 143372168.0
    },
    "l2-ucache": {
        "demand_fetches": {
            "total": 8960760.5,
            "instrn": 0.0,
            "data": 8960760.5,
            "read": 8486560.0,
            "write": 474200.5,
            "misc": 0.0
        },
        "demand_misses": {
            "total": 1912792.0,
            "instrn": 0.0,
            "data": 1912792.0,
            "read": 1912792.0,
            "write": 0.0,
            "misc": 0.0
        },
        "demand_miss_rate": {
            "total": 0.10675,
            "instrn": 0.0,
            "data": 0.10675,
            "read": 0.1127,
            "write": 0.0,
            "misc": 0.0
        },
        "bytes_from_memory": 122418688.0,
        "bytes_to_memory": 7597152.0,
        "total_bytes_rw_mem": 130015840.0
    }
}