{
    "demand_fetches": {
        "total": 11710228.25,
        "instrn": 0.0,
        "data": 11710228.25,
        "read": 10573798.333333334,
        "write": 1136429.9166666667,
        "misc": 0.0
    },
    "demand_misses": {
        "total": 3797228.0833333335,
        "instrn": 0.0,
        "data": 3797228.0833333335,
        "read": 3368567.25,
        "write": 428660.8333333333,
        "misc": 0.0
    },
    "demand_miss_rate": {
        "total": 0.32207500000000006,
        "instrn": 0.0,
        "data": 0.32207500000000006,
        "read": 0.31521666666666665,
        "write": 0.3727416666666667,
        "misc": 0.0
    },
    "bytes_from_memory": 60755649.333333336,
    "bytes_to_memory": 7161588.0,
    "total_bytes_rw_mem": 67917237.33333333
}