{
    "demand_fetches": {
        "total": 5213475.357142857,
        "instrn": 0.0,
        "data": 5213475.357142857,
        "read": 4637549.0,
        "write": 575926.3571428572,
        "misc": 0.0
    },
    "demand_misses": {
        "total": 1087075.7142857143,
        "instrn": 0.0,
        "data": 1087075.7142857143,
        "read": 980247.0,
        "write": 106828.71428571429,
        "misc": 0.0
    },
    "demand_miss_rate": {
        "total": 0.17300000000000001,
        "instrn": 0.0,
        "data": 0.17300000000000001,
        "read": 0.17535000000000003,
        "write": 0.1573785714285714,
        "misc": 0.0
    },
    "bytes_from_memory": 34786422.85714286,
    "bytes_to_memory": 3633218.285714286,
    "total_bytes_rw_mem": 38419641.14285714
}