{
    "power": {
        "0x40": 836.9909129789747,
        "0x41": 5.13150352286796,
        "0x44": 1711.1523326947158,
        "0x45": 854.4466569221155,
        "0x48": 1010.4047433559992,
        "0x4c": 619.8358341161844
    },
    "current": {
        "0x40": 165.97478519778008,
        "0x41": -0.4542743819530266,
        "0x44": 516.1727262361112,
        "0x45": 846.9022375154397,
        "0x48": 563.5104100123299,
        "0x4c": 414.44652784301127
    },
    "energy": {
        "0x40": 38696.60253529961,
        "0x41": 236.6627766000053,
        "0x44": 78996.20775830022,
        "0x45": 39446.621329299895,
        "0x48": 46646.708079401156,
        "0x4c": 28614.788929899692
    }
}