{
    "demand_fetches": {
        "total": 101905.07142857143,
        "instrn": 0.0,
        "data": 101905.07142857143,
        "read": 56726.57142857143,
        "write": 45178.5,
        "misc": 0.0
    },
    "demand_misses": {
        "total": 44357.57142857143,
        "instrn": 0.0,
        "data": 44357.57142857143,
        "read": 10064.714285714286,
        "write": 34292.857142857145,
        "misc": 0.0
    },
    "demand_miss_rate": {
        "total": 0.2474,
        "instrn": 0.0,
        "data": 0.2474,
        "read": 0.12507142857142856,
        "write": 0.42888571428571426,
        "misc": 0.0
    },
    "bytes_from_memory": 2838884.5714285714,
    "bytes_to_memory": 2218034.285714286,
    "total_bytes_rw_mem": 5056918.857142857
}