{
    "demand_fetches": {
        "total": 20428592.57142857,
        "instrn": 0.0,
        "data": 20428592.57142857,
        "read": 18731864.64285714,
        "write": 1696727.9285714286,
        "misc": 0.0
    },
    "demand_misses": {
        "total": 1814253.5714285714,
        "instrn": 0.0,
        "data": 1814253.5714285714,
        "read": 1596537.5714285714,
        "write": 217716.0,
        "misc": 0.0
    },
    "demand_miss_rate": {
        "total": 0.07659999999999999,
        "instrn": 0.0,
        "data": 0.07659999999999999,
        "read": 0.07357142857142858,
        "write": 0.10652142857142857,
        "misc": 0.0
    },
    "bytes_from_memory": 116112228.57142857,
    "bytes_to_memory": 16130518.857142856,
    "total_bytes_rw_mem": 132242747.42857143
}