{
    "demand_fetches": {
        "total": 117406.64285714286,
        "instrn": 0.0,
        "data": 117406.64285714286,
        "read": 73725.42857142857,
        "write": 43681.21428571428,
        "misc": 0.0
    },
    "demand_misses": {
        "total": 52932.71428571428,
        "instrn": 0.0,
        "data": 52932.71428571428,
        "read": 29092.64285714286,
        "write": 23840.071428571428,
        "misc": 0.0
    },
    "demand_miss_rate": {
        "total": 0.2908928571428571,
        "instrn": 0.0,
        "data": 0.2908928571428571,
        "read": 0.2684928571428572,
        "write": 0.3208357142857143,
        "misc": 0.0
    },
    "bytes_from_memory": 1693846.857142857,
    "bytes_to_memory": 780642.2857142857,
    "total_bytes_rw_mem": 2474489.1428571427
}