{
    "demand_fetches": {
        "total": 9774315.714285715,
        "instrn": 0.0,
        "data": 9774315.714285715,
        "read": 8964283.0,
        "write": 810032.7142857143,
        "misc": 0.0
    },
    "demand_misses": {
        "total": 4681072.142857143,
        "instrn": 0.0,
        "data": 4681072.142857143,
        "read": 4359953.428571428,
        "write": 321118.71428571426,
        "misc": 0.0
    },
    "demand_miss_rate": {
        "total": 0.40337142857142855,
        "instrn": 0.0,
        "data": 0.40337142857142855,
        "read": 0.41130714285714287,
        "write": 0.3382071428571428,
        "misc": 0.0
    },
    "bytes_from_memory": 74897154.28571428,
    "bytes_to_memory": 5588012.571428572,
    "total_bytes_rw_mem": 80485166.85714285
}