{
    "demand_fetches": {
        "total": 9909992.214285715,
        "instrn": 0.0,
        "data": 9909992.214285715,
        "read": 9016409.357142856,
        "write": 893582.8571428572,
        "misc": 0.0
    },
    "demand_misses": {
        "total": 3411076.8571428573,
        "instrn": 0.0,
        "data": 3411076.8571428573,
        "read": 3071769.9285714286,
        "write": 339306.9285714286,
        "misc": 0.0
    },
    "demand_miss_rate": {
        "total": 0.29320714285714283,
        "instrn": 0.0,
        "data": 0.29320714285714283,
        "read": 0.2895642857142858,
        "write": 0.3218642857142857,
        "misc": 0.0
    },
    "bytes_from_memory": 54577229.71428572,
    "bytes_to_memory": 5721792.0,
    "total_bytes_rw_mem": 60299021.71428572
}