{
    "demand_fetches": {
        "total": 165444.42857142858,
        "instrn": 0.0,
        "data": 165444.42857142858,
        "read": 88587.14285714286,
        "write": 76857.28571428571,
        "misc": 0.0
    },
    "demand_misses": {
        "total": 99182.42857142857,
        "instrn": 0.0,
        "data": 99182.42857142857,
        "read": 37726.92857142857,
        "write": 61455.5,
        "misc": 0.0
    },
    "demand_miss_rate": {
        "total": 0.3705428571428571,
        "instrn": 0.0,
        "data": 0.3705428571428571,
        "read": 0.29915714285714284,
        "write": 0.4479,
        "misc": 0.0
    },
    "bytes_from_memory": 6347675.428571428,
    "bytes_to_memory": 3966761.1428571427,
    "total_bytes_rw_mem": 10314436.57142857
}