{
    "demand_fetches": {
        "total": 19213499.92857143,
        "instrn": 0.0,
        "data": 19213499.92857143,
        "read": 18041327.5,
        "write": 1172172.4285714286,
        "misc": 0.0
    },
    "demand_misses": {
        "total": 2589870.6428571427,
        "instrn": 0.0,
        "data": 2589870.6428571427,
        "read": 2420039.8571428573,
        "write": 169830.7857142857,
        "misc": 0.0
    },
    "demand_miss_rate": {
        "total": 0.11585,
        "instrn": 0.0,
        "data": 0.11585,
        "read": 0.11484285714285714,
        "write": 0.12688571428571427,
        "misc": 0.0
    },
    "bytes_from_memory": 82875860.57142857,
    "bytes_to_memory": 5786228.571428572,
    "total_bytes_rw_mem": 88662089.14285715
}