{
    "power": {
        "0x40": 812.9263649668349,
        "0x41": 5.271716063233229,
        "0x44": 1700.2443852116423,
        "0x45": 862.7787475267673,
        "0x48": 1009.7758337072762,
        "0x4c": 604.3172849566597
    },
    "current": {
        "0x40": 162.70051392146993,
        "0x41": -0.4242838857725637,
        "0x44": 513.0253415604346,
        "0x45": 854.9694885262577,
        "0x48": 563.6265937276848,
        "0x4c": 404.080663691993
    },
    "energy": {
        "0x40": 23321.25350749979,
        "0x41": 151.33490679999917,
        "0x44": 48778.650936900114,
        "0x45": 24752.250246999985,
        "0x48": 28969.871297100068,
        "0x4c": 17338.237065099856
    }
}