{
    "demand_fetches": {
        "total": 46138.28571428572,
        "instrn": 0.0,
        "data": 46138.28571428572,
        "read": 29109.428571428572,
        "write": 17028.85714285714,
        "misc": 0.0
    },
    "demand_misses": {
        "total": 11390.285714285714,
        "instrn": 0.0,
        "data": 11390.285714285714,
        "read": 5227.214285714285,
        "write": 6163.071428571428,
        "misc": 0.0
    },
    "demand_miss_rate": {
        "total": 0.16749285714285714,
        "instrn": 0.0,
        "data": 0.16749285714285714,
        "read": 0.13022857142857142,
        "write": 0.23352142857142857,
        "misc": 0.0
    },
    "bytes_from_memory": 728978.2857142857,
    "bytes_to_memory": 417334.85714285716,
    "total_bytes_rw_mem": 1146313.142857143
}