{
    "demand_fetches": {
        "total": 10570637.615384616,
        "instrn": 0.0,
        "data": 10570637.615384616,
        "read": 9671347.153846154,
        "write": 899290.4615384615,
        "misc": 0.0
    },
    "demand_misses": {
        "total": 1954966.4615384615,
        "instrn": 0.0,
        "data": 1954966.4615384615,
        "read": 1781887.2307692308,
        "write": 173079.23076923078,
        "misc": 0.0
    },
    "demand_miss_rate": {
        "total": 0.16906153846153846,
        "instrn": 0.0,
        "data": 0.16906153846153846,
        "read": 0.16823846153846153,
        "write": 0.17563076923076926,
        "misc": 0.0
    },
    "bytes_from_memory": 62558926.76923077,
    "bytes_to_memory": 5982921.846153846,
    "total_bytes_rw_mem": 68541848.61538461
}