{
    "demand_fetches": {
        "total": 18681704.285714287,
        "instrn": 0.0,
        "data": 18681704.285714287,
        "read": 17715672.214285713,
        "write": 966032.0714285715,
        "misc": 0.0
    },
    "demand_misses": {
        "total": 3085575.1428571427,
        "instrn": 0.0,
        "data": 3085575.1428571427,
        "read": 2925200.9285714286,
        "write": 160374.2142857143,
        "misc": 0.0
    },
    "demand_miss_rate": {
        "total": 0.1394142857142857,
        "instrn": 0.0,
        "data": 0.1394142857142857,
        "read": 0.13902857142857142,
        "write": 0.14300714285714286,
        "misc": 0.0
    },
    "bytes_from_memory": 98738404.57142857,
    "bytes_to_memory": 5725232.0,
    "total_bytes_rw_mem": 104463636.57142857
}