{
    "demand_fetches": {
        "total": 9802105.857142856,
        "instrn": 0.0,
        "data": 9802105.857142856,
        "read": 8971251.07142857,
        "write": 830854.7857142857,
        "misc": 0.0
    },
    "demand_misses": {
        "total": 1118644.7857142857,
        "instrn": 0.0,
        "data": 1118644.7857142857,
        "read": 1038722.2142857143,
        "write": 79922.57142857143,
        "misc": 0.0
    },
    "demand_miss_rate": {
        "total": 0.0919,
        "instrn": 0.0,
        "data": 0.0919,
        "read": 0.09279285714285715,
        "write": 0.08183571428571428,
        "misc": 0.0
    },
    "bytes_from_memory": 71593266.28571428,
    "bytes_to_memory": 5703040.0,
    "total_bytes_rw_mem": 77296306.28571428
}