{
    "demand_fetches": {
        "total": 4866617.6,
        "instrn": 0.0,
        "data": 4866617.6,
        "read": 4328744.666666667,
        "write": 537872.9333333333,
        "misc": 0.0
    },
    "demand_misses": {
        "total": 563824.0666666667,
        "instrn": 0.0,
        "data": 563824.0666666667,
        "read": 512425.4,
        "write": 51398.666666666664,
        "misc": 0.0
    },
    "demand_miss_rate": {
        "total": 0.08976666666666665,
        "instrn": 0.0,
        "data": 0.08976666666666665,
        "read": 0.09206000000000003,
        "write": 0.07576,
        "misc": 0.0
    },
    "bytes_from_memory": 36084740.266666666,
    "bytes_to_memory": 3645734.4,
    "total_bytes_rw_mem": 39730474.666666664
}