{
    "demand_fetches": {
        "total": 10361724.57142857,
        "instrn": 0.0,
        "data": 10361724.57142857,
        "read": 9180187.714285715,
        "write": 1181536.857142857,
        "misc": 0.0
    },
    "demand_misses": {
        "total": 1101059.857142857,
        "instrn": 0.0,
        "data": 1101059.857142857,
        "read": 971297.3571428572,
        "write": 129762.5,
        "misc": 0.0
    },
    "demand_miss_rate": {
        "total": 0.09134285714285716,
        "instrn": 0.0,
        "data": 0.09134285714285716,
        "read": 0.09124999999999998,
        "write": 0.09253571428571428,
        "misc": 0.0
    },
    "bytes_from_memory": 70467830.85714285,
    "bytes_to_memory": 9865257.142857144,
    "total_bytes_rw_mem": 80333088.0
}