{
    "demand_fetches": {
        "total": 20412821.46153846,
        "instrn": 0.0,
        "data": 20412821.46153846,
        "read": 19265828.692307692,
        "write": 1146992.7692307692,
        "misc": 0.0
    },
    "demand_misses": {
        "total": 6936049.076923077,
        "instrn": 0.0,
        "data": 6936049.076923077,
        "read": 6569285.538461538,
        "write": 366763.53846153844,
        "misc": 0.0
    },
    "demand_miss_rate": {
        "total": 0.3102153846153846,
        "instrn": 0.0,
        "data": 0.3102153846153846,
        "read": 0.31074615384615384,
        "write": 0.2997846153846154,
        "misc": 0.0
    },
    "bytes_from_memory": 110976785.23076923,
    "bytes_to_memory": 6584446.769230769,
    "total_bytes_rw_mem": 117561232.0
}