{
    "demand_fetches": {
        "total": 11374302.642857144,
        "instrn": 0.0,
        "data": 11374302.642857144,
        "read": 9542977.785714285,
        "write": 1831324.857142857,
        "misc": 0.0
    },
    "demand_misses": {
        "total": 889297.0714285715,
        "instrn": 0.0,
        "data": 889297.0714285715,
        "read": 710039.7857142857,
        "write": 179257.2857142857,
        "misc": 0.0
    },
    "demand_miss_rate": {
        "total": 0.06747857142857143,
        "instrn": 0.0,
        "data": 0.06747857142857143,
        "read": 0.06427857142857142,
        "write": 0.0828357142857143,
        "misc": 0.0
    },
    "bytes_from_memory": 56915012.571428575,
    "bytes_to_memory": 12369024.0,
    "total_bytes_rw_mem": 69284036.57142857
}