{
    "power": {
        "0x40": 813.3717854122468,
        "0x41": 4.86406374207204,
        "0x44": 1700.8394235729515,
        "0x45": 864.1027427589806,
        "0x48": 1010.5421942917374,
        "0x4c": 605.2365090909115
    },
    "current": {
        "0x40": 162.85590798097394,
        "0x41": -0.512695613107821,
        "0x44": 513.0473665433443,
        "0x45": 856.6836490486214,
        "0x48": 563.5436357822389,
        "0x4c": 404.54511453488095
    },
    "energy": {
        "0x40": 22111.421633799844,
        "0x41": 132.13193239999828,
        "0x44": 46236.995813400215,
        "0x45": 23490.33181869998,
        "0x48": 27471.580631000146,
        "0x4c": 16453.600043599796
    }
}