{
    "demand_fetches": {
        "total": 19213499.92857143,
        "instrn": 0.0,
        "data": 19213499.92857143,
        "read": 18041327.5,
        "write": 1172172.4285714286,
        "misc": 0.0
    },
    "demand_misses": {
        "total": 2813798.5714285714,
        "instrn": 0.0,
        "data": 2813798.5714285714,
        "read": 2637394.5714285714,
        "write": 176404.0,
        "misc": 0.0
    },
    "demand_miss_rate": {
        "total": 0.12527857142857143,
        "instrn": 0.0,
        "data": 0.12527857142857143,
        "read": 0.12465714285714284,
        "write": 0.13147857142857144,
        "misc": 0.0
    },
    "bytes_from_memory": 90041554.28571428,
    "bytes_to_memory": 6191076.571428572,
    "total_bytes_rw_mem": 96232630.85714285
}