{
    "demand_fetches": {
        "total": 5291166.928571428,
        "instrn": 0.0,
        "data": 5291166.928571428,
        "read": 4662116.428571428,
        "write": 629050.5,
        "misc": 0.0
    },
    "demand_misses": {
        "total": 596496.5,
        "instrn": 0.0,
        "data": 596496.5,
        "read": 538650.2142857143,
        "write": 57846.28571428572,
        "misc": 0.0
    },
    "demand_miss_rate": {
        "total": 0.09215714285714284,
        "instrn": 0.0,
        "data": 0.09215714285714284,
        "read": 0.09430714285714285,
        "write": 0.07824285714285714,
        "misc": 0.0
    },
    "bytes_from_memory": 38175776.0,
    "bytes_to_memory": 4002569.1428571427,
    "total_bytes_rw_mem": 42178345.14285714
}