{
    "demand_fetches": {
        "total": 20199630.46153846,
        "instrn": 0.0,
        "data": 20199630.46153846,
        "read": 19130452.615384616,
        "write": 1069177.8461538462,
        "misc": 0.0
    },
    "demand_misses": {
        "total": 1504083.6923076923,
        "instrn": 0.0,
        "data": 1504083.6923076923,
        "read": 1394650.8461538462,
        "write": 109432.84615384616,
        "misc": 0.0
    },
    "demand_miss_rate": {
        "total": 0.06868461538461539,
        "instrn": 0.0,
        "data": 0.06868461538461539,
        "read": 0.06699999999999999,
        "write": 0.09213076923076922,
        "misc": 0.0
    },
    "bytes_from_memory": 96261356.3076923,
    "bytes_to_memory": 7535729.230769231,
    "total_bytes_rw_mem": 103797085.53846154
}