{
    "demand_fetches": {
        "total": 9123650.733333332,
        "instrn": 0.0,
        "data": 9123650.733333332,
        "read": 8367132.133333334,
        "write": 756518.6,
        "misc": 0.0
    },
    "demand_misses": {
        "total": 2151175.6666666665,
        "instrn": 0.0,
        "data": 2151175.6666666665,
        "read": 2002713.2666666666,
        "write": 148462.4,
        "misc": 0.0
    },
    "demand_miss_rate": {
        "total": 0.18347999999999998,
        "instrn": 0.0,
        "data": 0.18347999999999998,
        "read": 0.18672666666666662,
        "write": 0.15551333333333334,
        "misc": 0.0
    },
    "bytes_from_memory": 68837621.33333333,
    "bytes_to_memory": 5253233.066666666,
    "total_bytes_rw_mem": 74090854.4
}