{
    "demand_fetches": {
        "total": 19214001.5,
        "instrn": 0.0,
        "data": 19214001.5,
        "read": 18041581.714285713,
        "write": 1172419.7857142857,
        "misc": 0.0
    },
    "demand_misses": {
        "total": 6171463.571428572,
        "instrn": 0.0,
        "data": 6171463.571428572,
        "read": 5805439.714285715,
        "write": 366023.85714285716,
        "misc": 0.0
    },
    "demand_miss_rate": {
        "total": 0.2743642857142857,
        "instrn": 0.0,
        "data": 0.2743642857142857,
        "read": 0.27423571428571425,
        "write": 0.27314285714285713,
        "misc": 0.0
    },
    "bytes_from_memory": 98743417.14285715,
    "bytes_to_memory": 6623363.428571428,
    "total_bytes_rw_mem": 105366780.57142857
}