{
    "demand_fetches": {
        "total": 6502652.307692308,
        "instrn": 0.0,
        "data": 6502652.307692308,
        "read": 5342057.923076923,
        "write": 1160594.3846153845,
        "misc": 0.0
    },
    "demand_misses": {
        "total": 901895.8461538461,
        "instrn": 0.0,
        "data": 901895.8461538461,
        "read": 689354.0,
        "write": 212541.84615384616,
        "misc": 0.0
    },
    "demand_miss_rate": {
        "total": 0.12384615384615386,
        "instrn": 0.0,
        "data": 0.12384615384615386,
        "read": 0.11345384615384616,
        "write": 0.16546923076923076,
        "misc": 0.0
    },
    "bytes_from_memory": 28860667.076923076,
    "bytes_to_memory": 7027234.461538462,
    "total_bytes_rw_mem": 35887901.538461536
}