{
    "demand_fetches": {
        "total": 261857.0,
        "instrn": 0.0,
        "data": 261857.0,
        "read": 57447.357142857145,
        "write": 204409.64285714287,
        "misc": 0.0
    },
    "demand_misses": {
        "total": 216218.5,
        "instrn": 0.0,
        "data": 216218.5,
        "read": 25071.35714285714,
        "write": 191147.14285714287,
        "misc": 0.0
    },
    "demand_miss_rate": {
        "total": 0.5029142857142858,
        "instrn": 0.0,
        "data": 0.5029142857142858,
        "read": 0.32695714285714284,
        "write": 0.6013999999999999,
        "misc": 0.0
    },
    "bytes_from_memory": 3459496.0,
    "bytes_to_memory": 3070661.714285714,
    "total_bytes_rw_mem": 6530157.714285715
}