{
    "demand_fetches": {
        "total": 46138.28571428572,
        "instrn": 0.0,
        "data": 46138.28571428572,
        "read": 29109.428571428572,
        "write": 17028.85714285714,
        "misc": 0.0
    },
    "demand_misses": {
        "total": 11097.142857142857,
        "instrn": 0.0,
        "data": 11097.142857142857,
        "read": 4771.0,
        "write": 6326.142857142857,
        "misc": 0.0
    },
    "demand_miss_rate": {
        "total": 0.1664857142857143,
        "instrn": 0.0,
        "data": 0.1664857142857143,
        "read": 0.12344999999999999,
        "write": 0.24191428571428575,
        "misc": 0.0
    },
    "bytes_from_memory": 355108.5714285714,
    "bytes_to_memory": 214585.14285714287,
    "total_bytes_rw_mem": 569693.7142857143
}