{
    "demand_fetches": {
        "total": 14605860.461538462,
        "instrn": 0.0,
        "data": 14605860.461538462,
        "read": 11120620.153846154,
        "write": 3485240.3076923075,
        "misc": 0.0
    },
    "demand_misses": {
        "total": 988858.5384615385,
        "instrn": 0.0,
        "data": 988858.5384615385,
        "read": 660224.0,
        "write": 328634.53846153844,
        "misc": 0.0
    },
    "demand_miss_rate": {
        "total": 0.06145384615384616,
        "instrn": 0.0,
        "data": 0.06145384615384616,
        "read": 0.05343076923076923,
        "write": 0.08575384615384615,
        "misc": 0.0
    },
    "bytes_from_memory": 63286946.461538464,
    "bytes_to_memory": 21713363.692307692,
    "total_bytes_rw_mem": 85000310.15384616
}