{
    "demand_fetches": {
        "total": 5213328.142857143,
        "instrn": 0.0,
        "data": 5213328.142857143,
        "read": 4637458.142857143,
        "write": 575870.0,
        "misc": 0.0
    },
    "demand_misses": {
        "total": 1201404.7142857143,
        "instrn": 0.0,
        "data": 1201404.7142857143,
        "read": 1093226.642857143,
        "write": 108178.07142857143,
        "misc": 0.0
    },
    "demand_miss_rate": {
        "total": 0.19064285714285717,
        "instrn": 0.0,
        "data": 0.19064285714285717,
        "read": 0.19569285714285717,
        "write": 0.15962857142857145,
        "misc": 0.0
    },
    "bytes_from_memory": 38444950.85714286,
    "bytes_to_memory": 3712082.285714286,
    "total_bytes_rw_mem": 42157033.14285714
}