{
    "demand_fetches": {
        "total": 18681704.285714287,
        "instrn": 0.0,
        "data": 18681704.285714287,
        "read": 17715672.214285713,
        "write": 966032.0714285715,
        "misc": 0.0
    },
    "demand_misses": {
        "total": 2327934.6428571427,
        "instrn": 0.0,
        "data": 2327934.6428571427,
        "read": 2208043.285714286,
        "write": 119891.35714285714,
        "misc": 0.0
    },
    "demand_miss_rate": {
        "total": 0.10602857142857144,
        "instrn": 0.0,
        "data": 0.10602857142857144,
        "read": 0.10633571428571428,
        "write": 0.10325714285714284,
        "misc": 0.0
    },
    "bytes_from_memory": 148987817.14285713,
    "bytes_to_memory": 9582445.714285715,
    "total_bytes_rw_mem": 158570262.85714287
}