{
    "demand_fetches": {
        "total": 5550060.846153846,
        "instrn": 0.0,
        "data": 5550060.846153846,
        "read": 4978853.230769231,
        "write": 571207.6153846154,
        "misc": 0.0
    },
    "demand_misses": {
        "total": 2489016.923076923,
        "instrn": 0.0,
        "data": 2489016.923076923,
        "read": 2267849.3846153845,
        "write": 221167.53846153847,
        "misc": 0.0
    },
    "demand_miss_rate": {
        "total": 0.40299999999999997,
        "instrn": 0.0,
        "data": 0.40299999999999997,
        "read": 0.4102923076923077,
        "write": 0.3533461538461538,
        "misc": 0.0
    },
    "bytes_from_memory": 39824270.76923077,
    "bytes_to_memory": 3782572.3076923075,
    "total_bytes_rw_mem": 43606843.07692308
}