{
    "demand_fetches": {
        "total": 5212942.5,
        "instrn": 0.0,
        "data": 5212942.5,
        "read": 4647407.142857143,
        "write": 565535.3571428572,
        "misc": 0.0
    },
    "demand_misses": {
        "total": 1046826.8571428572,
        "instrn": 0.0,
        "data": 1046826.8571428572,
        "read": 934119.7857142857,
        "write": 112707.07142857143,
        "misc": 0.0
    },
    "demand_miss_rate": {
        "total": 0.17115,
        "instrn": 0.0,
        "data": 0.17115,
        "read": 0.17176428571428573,
        "write": 0.16796428571428573,
        "misc": 0.0
    },
    "bytes_from_memory": 33498459.42857143,
    "bytes_to_memory": 3974162.285714286,
    "total_bytes_rw_mem": 37472621.71428572
}