{
    "demand_fetches": {
        "total": 5291166.928571428,
        "instrn": 0.0,
        "data": 5291166.928571428,
        "read": 4662116.428571428,
        "write": 629050.5,
        "misc": 0.0
    },
    "demand_misses": {
        "total": 2401310.9285714286,
        "instrn": 0.0,
        "data": 2401310.9285714286,
        "read": 2168897.285714286,
        "write": 232413.64285714287,
        "misc": 0.0
    },
    "demand_miss_rate": {
        "total": 0.3793357142857143,
        "instrn": 0.0,
        "data": 0.3793357142857143,
        "read": 0.3901857142857143,
        "write": 0.3148928571428571,
        "misc": 0.0
    },
    "bytes_from_memory": 38420974.85714286,
    "bytes_to_memory": 3899964.5714285714,
    "total_bytes_rw_mem": 42320939.428571425
}