{
    "demand_fetches": {
        "total": 30488086.615384616,
        "instrn": 0.0,
        "data": 30488086.615384616,
        "read": 24886322.692307692,
        "write": 5601763.923076923,
        "misc": 0.0
    },
    "demand_misses": {
        "total": 6184197.0,
        "instrn": 0.0,
        "data": 6184197.0,
        "read": 4868982.0,
        "write": 1315215.0,
        "misc": 0.0
    },
    "demand_miss_rate": {
        "total": 0.1830153846153846,
        "instrn": 0.0,
        "data": 0.1830153846153846,
        "read": 0.17476923076923076,
        "write": 0.21756153846153847,
        "misc": 0.0
    },
    "bytes_from_memory": 98947152.0,
    "bytes_to_memory": 21585147.076923076,
    "total_bytes_rw_mem": 120532299.07692307
}