{
    "demand_fetches": {
        "total": 5574400.076923077,
        "instrn": 0.0,
        "data": 5574400.076923077,
        "read": 4982210.769230769,
        "write": 592189.3076923077,
        "misc": 0.0
    },
    "demand_misses": {
        "total": 2534924.153846154,
        "instrn": 0.0,
        "data": 2534924.153846154,
        "read": 2313434.6923076925,
        "write": 221489.46153846153,
        "misc": 0.0
    },
    "demand_miss_rate": {
        "total": 0.4055846153846154,
        "instrn": 0.0,
        "data": 0.4055846153846154,
        "read": 0.4154769230769231,
        "write": 0.3419615384615385,
        "misc": 0.0
    },
    "bytes_from_memory": 40558786.461538464,
    "bytes_to_memory": 3717846.153846154,
    "total_bytes_rw_mem": 44276632.615384616
}