{
    "demand_fetches": {
        "total": 11374004.785714285,
        "instrn": 0.0,
        "data": 11374004.785714285,
        "read": 9542798.0,
        "write": 1831206.7857142857,
        "misc": 0.0
    },
    "demand_misses": {
        "total": 873362.2857142857,
        "instrn": 0.0,
        "data": 873362.2857142857,
        "read": 695281.1428571428,
        "write": 178081.14285714287,
        "misc": 0.0
    },
    "demand_miss_rate": {
        "total": 0.06627142857142858,
        "instrn": 0.0,
        "data": 0.06627142857142858,
        "read": 0.06294285714285715,
        "write": 0.0822857142857143,
        "misc": 0.0
    },
    "bytes_from_memory": 55895186.28571428,
    "bytes_to_memory": 12212306.285714285,
    "total_bytes_rw_mem": 68107492.57142857
}