{
    "demand_fetches": {
        "total": 101905.07142857143,
        "instrn": 0.0,
        "data": 101905.07142857143,
        "read": 56726.57142857143,
        "write": 45178.5,
        "misc": 0.0
    },
    "demand_misses": {
        "total": 45056.21428571428,
        "instrn": 0.0,
        "data": 45056.21428571428,
        "read": 10409.285714285714,
        "write": 34646.92857142857,
        "misc": 0.0
    },
    "demand_miss_rate": {
        "total": 0.2566,
        "instrn": 0.0,
        "data": 0.2566,
        "read": 0.13255000000000003,
        "write": 0.4419285714285714,
        "misc": 0.0
    },
    "bytes_from_memory": 720899.4285714285,
    "bytes_to_memory": 563652.5714285715,
    "total_bytes_rw_mem": 1284552.0
}