{
    "demand_fetches": {
        "total": 20330162.076923076,
        "instrn": 0.0,
        "data": 20330162.076923076,
        "read": 19211134.46153846,
        "write": 1119027.6153846155,
        "misc": 0.0
    },
    "demand_misses": {
        "total": 2434740.769230769,
        "instrn": 0.0,
        "data": 2434740.769230769,
        "read": 2291311.076923077,
        "write": 143429.6923076923,
        "misc": 0.0
    },
    "demand_miss_rate": {
        "total": 0.10961538461538461,
        "instrn": 0.0,
        "data": 0.10961538461538461,
        "read": 0.10934615384615384,
        "write": 0.11448461538461539,
        "misc": 0.0
    },
    "bytes_from_memory": 155823409.23076922,
    "bytes_to_memory": 11514161.23076923,
    "total_bytes_rw_mem": 167337570.46153846
}