{
    "demand_fetches": {
        "total": 11374302.642857144,
        "instrn": 0.0,
        "data": 11374302.642857144,
        "read": 9542977.785714285,
        "write": 1831324.857142857,
        "misc": 0.0
    },
    "demand_misses": {
        "total": 3185828.5,
        "instrn": 0.0,
        "data": 3185828.5,
        "read": 2497351.6428571427,
        "write": 688476.8571428572,
        "misc": 0.0
    },
    "demand_miss_rate": {
        "total": 0.2406857142857143,
        "instrn": 0.0,
        "data": 0.2406857142857143,
        "read": 0.22455,
        "write": 0.31772142857142854,
        "misc": 0.0
    },
    "bytes_from_memory": 50973256.0,
    "bytes_to_memory": 11297580.57142857,
    "total_bytes_rw_mem": 62270836.571428575
}