{
    "demand_fetches": {
        "total": 165444.42857142858,
        "instrn": 0.0,
        "data": 165444.42857142858,
        "read": 88587.14285714286,
        "write": 76857.28571428571,
        "misc": 0.0
    },
    "demand_misses": {
        "total": 116567.35714285714,
        "instrn": 0.0,
        "data": 116567.35714285714,
        "read": 54018.857142857145,
        "write": 62548.5,
        "misc": 0.0
    },
    "demand_miss_rate": {
        "total": 0.46787857142857153,
        "instrn": 0.0,
        "data": 0.46787857142857153,
        "read": 0.44148571428571426,
        "write": 0.4780000000000001,
        "misc": 0.0
    },
    "bytes_from_memory": 3730155.4285714286,
    "bytes_to_memory": 2020516.5714285714,
    "total_bytes_rw_mem": 5750672.0
}