{
    "power": {
        "0x40": 823.4936111033514,
        "0x41": 5.21771228680845,
        "0x44": 1707.7496381831108,
        "0x45": 861.0931034110633,
        "0x48": 1011.1946737116941,
        "0x4c": 612.9590250609054
    },
    "current": {
        "0x40": 164.67122551340475,
        "0x41": -0.4587644274277739,
        "0x44": 514.8183467455822,
        "0x45": 853.898665993726,
        "0x48": 563.9141560584666,
        "0x4c": 409.95543191784907
    },
    "energy": {
        "0x40": 34646.99401229989,
        "0x41": 219.52713900000094,
        "0x44": 71848.37984700034,
        "0x45": 36229.237954699995,
        "0x48": 42529.00502000094,
        "0x4c": 25788.86755010027
    }
}