{
    "demand_fetches": {
        "total": 18681704.285714287,
        "instrn": 0.0,
        "data": 18681704.285714287,
        "read": 17715672.214285713,
        "write": 966032.0714285715,
        "misc": 0.0
    },
    "demand_misses": {
        "total": 8883265.285714285,
        "instrn": 0.0,
        "data": 8883265.285714285,
        "read": 8530591.92857143,
        "write": 352673.35714285716,
        "misc": 0.0
    },
    "demand_miss_rate": {
        "total": 0.3992785714285714,
        "instrn": 0.0,
        "data": 0.3992785714285714,
        "read": 0.4050857142857144,
        "write": 0.3155357142857143,
        "misc": 0.0
    },
    "bytes_from_memory": 142132244.57142857,
    "bytes_to_memory": 6645627.428571428,
    "total_bytes_rw_mem": 148777872.0
}