{
    "demand_fetches": {
        "total": 11374302.642857144,
        "instrn": 0.0,
        "data": 11374302.642857144,
        "read": 9542977.785714285,
        "write": 1831324.857142857,
        "misc": 0.0
    },
    "demand_misses": {
        "total": 1973916.0714285714,
        "instrn": 0.0,
        "data": 1973916.0714285714,
        "read": 1605175.857142857,
        "write": 368740.21428571426,
        "misc": 0.0
    },
    "demand_miss_rate": {
        "total": 0.14915714285714282,
        "instrn": 0.0,
        "data": 0.14915714285714282,
        "read": 0.14479285714285717,
        "write": 0.17027857142857142,
        "misc": 0.0
    },
    "bytes_from_memory": 63165314.28571428,
    "bytes_to_memory": 12858313.142857144,
    "total_bytes_rw_mem": 76023627.42857143
}