{
    "demand_fetches": {
        "total": 5147154.857142857,
        "instrn": 0.0,
        "data": 5147154.857142857,
        "read": 4618732.214285715,
        "write": 528422.6428571428,
        "misc": 0.0
    },
    "demand_misses": {
        "total": 1215929.0714285714,
        "instrn": 0.0,
        "data": 1215929.0714285714,
        "read": 1113042.0714285714,
        "write": 102887.0,
        "misc": 0.0
    },
    "demand_miss_rate": {
        "total": 0.19764285714285718,
        "instrn": 0.0,
        "data": 0.19764285714285718,
        "read": 0.20268571428571427,
        "write": 0.16507142857142856,
        "misc": 0.0
    },
    "bytes_from_memory": 38909730.28571428,
    "bytes_to_memory": 3585453.714285714,
    "total_bytes_rw_mem": 42495184.0
}