{
    "demand_fetches": {
        "total": 30488086.615384616,
        "instrn": 0.0,
        "data": 30488086.615384616,
        "read": 24886322.692307692,
        "write": 5601763.923076923,
        "misc": 0.0
    },
    "demand_misses": {
        "total": 3105419.153846154,
        "instrn": 0.0,
        "data": 3105419.153846154,
        "read": 2444489.0,
        "write": 660930.1538461539,
        "misc": 0.0
    },
    "demand_miss_rate": {
        "total": 0.09203076923076922,
        "instrn": 0.0,
        "data": 0.09203076923076922,
        "read": 0.08790769230769231,
        "write": 0.10932307692307693,
        "misc": 0.0
    },
    "bytes_from_memory": 99373412.92307693,
    "bytes_to_memory": 21884295.384615384,
    "total_bytes_rw_mem": 121257708.3076923
}