{
    "demand_fetches": {
        "total": 9909068.142857144,
        "instrn": 0.0,
        "data": 9909068.142857144,
        "read": 9015900.142857144,
        "write": 893168.0,
        "misc": 0.0
    },
    "demand_misses": {
        "total": 4686850.714285715,
        "instrn": 0.0,
        "data": 4686850.714285715,
        "read": 4327905.428571428,
        "write": 358945.28571428574,
        "misc": 0.0
    },
    "demand_miss_rate": {
        "total": 0.3977428571428572,
        "instrn": 0.0,
        "data": 0.3977428571428572,
        "read": 0.4048714285714286,
        "write": 0.3415,
        "misc": 0.0
    },
    "bytes_from_memory": 74989611.42857143,
    "bytes_to_memory": 6324890.285714285,
    "total_bytes_rw_mem": 81314501.71428572
}