{
    "demand_fetches": {
        "total": 45098.357142857145,
        "instrn": 0.0,
        "data": 45098.357142857145,
        "read": 27033.5,
        "write": 18064.85714285714,
        "misc": 0.0
    },
    "demand_misses": {
        "total": 13611.285714285714,
        "instrn": 0.0,
        "data": 13611.285714285714,
        "read": 4772.857142857143,
        "write": 8838.42857142857,
        "misc": 0.0
    },
    "demand_miss_rate": {
        "total": 0.20509999999999992,
        "instrn": 0.0,
        "data": 0.20509999999999992,
        "read": 0.1438142857142857,
        "write": 0.2942214285714285,
        "misc": 0.0
    },
    "bytes_from_memory": 217780.57142857142,
    "bytes_to_memory": 149766.85714285713,
    "total_bytes_rw_mem": 367547.4285714286
}