{
    "demand_fetches": {
        "total": 9909992.214285715,
        "instrn": 0.0,
        "data": 9909992.214285715,
        "read": 9016409.357142856,
        "write": 893582.8571428572,
        "misc": 0.0
    },
    "demand_misses": {
        "total": 1003102.1428571428,
        "instrn": 0.0,
        "data": 1003102.1428571428,
        "read": 910110.0714285715,
        "write": 92992.07142857143,
        "misc": 0.0
    },
    "demand_miss_rate": {
        "total": 0.08635714285714287,
        "instrn": 0.0,
        "data": 0.08635714285714287,
        "read": 0.08625714285714288,
        "write": 0.08772857142857142,
        "misc": 0.0
    },
    "bytes_from_memory": 64198537.14285714,
    "bytes_to_memory": 6886861.714285715,
    "total_bytes_rw_mem": 71085398.85714285
}