{
    "demand_fetches": {
        "total": 30488086.615384616,
        "instrn": 0.0,
        "data": 30488086.615384616,
        "read": 24886322.692307692,
        "write": 5601763.923076923,
        "misc": 0.0
    },
    "demand_misses": {
        "total": 1886984.5384615385,
        "instrn": 0.0,
        "data": 1886984.5384615385,
        "read": 1267474.6923076923,
        "write": 619509.8461538461,
        "misc": 0.0
    },
    "demand_miss_rate": {
        "total": 0.05607692307692309,
        "instrn": 0.0,
        "data": 0.05607692307692309,
        "read": 0.04578461538461538,
        "write": 0.09985384615384617,
        "misc": 0.0
    },
    "bytes_from_memory": 120767010.46153846,
    "bytes_to_memory": 40987249.23076923,
    "total_bytes_rw_mem": 161754259.69230768
}