{
    "demand_fetches": {
        "total": 19213499.92857143,
        "instrn": 0.0,
        "data": 19213499.92857143,
        "read": 18041327.5,
        "write": 1172172.4285714286,
        "misc": 0.0
    },
    "demand_misses": {
        "total": 7340716.071428572,
        "instrn": 0.0,
        "data": 7340716.071428572,
        "read": 6930876.428571428,
        "write": 409839.64285714284,
        "misc": 0.0
    },
    "demand_miss_rate": {
        "total": 0.3249785714285714,
        "instrn": 0.0,
        "data": 0.3249785714285714,
        "read": 0.3266642857142857,
        "write": 0.3027357142857143,
        "misc": 0.0
    },
    "bytes_from_memory": 117451457.14285715,
    "bytes_to_memory": 8075952.0,
    "total_bytes_rw_mem": 125527409.14285715
}