{
    "power": {
        "0x40": 832.7067915497108,
        "0x41": 5.095718124813564,
        "0x44": 1711.7848372648807,
        "0x45": 854.654329770071,
        "0x48": 1009.7814768587676,
        "0x4c": 621.1708094356413
    },
    "current": {
        "0x40": 166.27023541356044,
        "0x41": -0.5189733950432941,
        "0x44": 516.3860048074242,
        "0x45": 847.8192461331598,
        "0x48": 563.5179558076703,
        "0x4c": 415.03148533890203
    },
    "energy": {
        "0x40": 40934.30832730007,
        "0x41": 250.43821820000244,
        "0x44": 84149.67259949933,
        "0x45": 42014.57721119967,
        "0x48": 49640.14185540132,
        "0x4c": 30535.80518900008
    }
}