{
    "demand_fetches": {
        "total": 261857.0,
        "instrn": 0.0,
        "data": 261857.0,
        "read": 57447.357142857145,
        "write": 204409.64285714287,
        "misc": 0.0
    },
    "demand_misses": {
        "total": 216222.7857142857,
        "instrn": 0.0,
        "data": 216222.7857142857,
        "read": 25272.85714285714,
        "write": 190949.92857142858,
        "misc": 0.0
    },
    "demand_miss_rate": {
        "total": 0.5014357142857143,
        "instrn": 0.0,
        "data": 0.5014357142857143,
        "read": 0.32805,
        "write": 0.5976571428571429,
        "misc": 0.0
    },
    "bytes_from_memory": 6919129.142857143,
    "bytes_to_memory": 6129858.285714285,
    "total_bytes_rw_mem": 13048987.42857143
}