{
    "demand_fetches": {
        "total": 9671492.866666667,
        "instrn": 0.0,
        "data": 9671492.866666667,
        "read": 8568500.333333334,
        "write": 1102992.5333333334,
        "misc": 0.0
    },
    "demand_misses": {
        "total": 827687.0666666667,
        "instrn": 0.0,
        "data": 827687.0666666667,
        "read": 718213.0666666667,
        "write": 109474.0,
        "misc": 0.0
    },
    "demand_miss_rate": {
        "total": 0.06870666666666667,
        "instrn": 0.0,
        "data": 0.06870666666666667,
        "read": 0.06725999999999997,
        "write": 0.07839333333333333,
        "misc": 0.0
    },
    "bytes_from_memory": 52971972.266666666,
    "bytes_to_memory": 7696256.0,
    "total_bytes_rw_mem": 60668228.266666666
}