{
    "demand_fetches": {
        "total": 20330162.076923076,
        "instrn": 0.0,
        "data": 20330162.076923076,
        "read": 19211134.46153846,
        "write": 1119027.6153846155,
        "misc": 0.0
    },
    "demand_misses": {
        "total": 1665561.3846153845,
        "instrn": 0.0,
        "data": 1665561.3846153845,
        "read": 1545050.3076923077,
        "write": 120511.07692307692,
        "misc": 0.0
    },
    "demand_miss_rate": {
        "total": 0.07555384615384617,
        "instrn": 0.0,
        "data": 0.07555384615384617,
        "read": 0.074,
        "write": 0.09659999999999999,
        "misc": 0.0
    },
    "bytes_from_memory": 106595928.61538461,
    "bytes_to_memory": 8560196.923076924,
    "total_bytes_rw_mem": 115156125.53846154
}