{
    "demand_fetches": {
        "total": 5574400.076923077,
        "instrn": 0.0,
        "data": 5574400.076923077,
        "read": 4982210.769230769,
        "write": 592189.3076923077,
        "misc": 0.0
    },
    "demand_misses": {
        "total": 668503.3846153846,
        "instrn": 0.0,
        "data": 668503.3846153846,
        "read": 609972.1538461539,
        "write": 58531.230769230766,
        "misc": 0.0
    },
    "demand_miss_rate": {
        "total": 0.10965384615384616,
        "instrn": 0.0,
        "data": 0.10965384615384616,
        "read": 0.11293076923076925,
        "write": 0.09042307692307693,
        "misc": 0.0
    },
    "bytes_from_memory": 42784216.615384616,
    "bytes_to_memory": 4264462.769230769,
    "total_bytes_rw_mem": 47048679.384615384
}