{
    "demand_fetches": {
        "total": 5212973.285714285,
        "instrn": 0.0,
        "data": 5212973.285714285,
        "read": 4647427.142857143,
        "write": 565546.1428571428,
        "misc": 0.0
    },
    "demand_misses": {
        "total": 2507582.5,
        "instrn": 0.0,
        "data": 2507582.5,
        "read": 2280032.9285714286,
        "write": 227549.57142857142,
        "misc": 0.0
    },
    "demand_miss_rate": {
        "total": 0.40655714285714284,
        "instrn": 0.0,
        "data": 0.40655714285714284,
        "read": 0.41682857142857144,
        "write": 0.34189285714285716,
        "misc": 0.0
    },
    "bytes_from_memory": 40121320.0,
    "bytes_to_memory": 3975710.8571428573,
    "total_bytes_rw_mem": 44097030.85714286
}