{
    "demand_fetches": {
        "total": 5291211.071428572,
        "instrn": 0.0,
        "data": 5291211.071428572,
        "read": 4662140.214285715,
        "write": 629070.8571428572,
        "misc": 0.0
    },
    "demand_misses": {
        "total": 2400413.0,
        "instrn": 0.0,
        "data": 2400413.0,
        "read": 2167307.285714286,
        "write": 233105.7142857143,
        "misc": 0.0
    },
    "demand_miss_rate": {
        "total": 0.3778214285714286,
        "instrn": 0.0,
        "data": 0.3778214285714286,
        "read": 0.38804285714285713,
        "write": 0.3158500000000001,
        "misc": 0.0
    },
    "bytes_from_memory": 38406608.0,
    "bytes_to_memory": 3918618.285714286,
    "total_bytes_rw_mem": 42325226.28571428
}