{
    "demand_fetches": {
        "total": 6489888.133333334,
        "instrn": 0.0,
        "data": 6489888.133333334,
        "read": 5659406.0,
        "write": 830482.1333333333,
        "misc": 0.0
    },
    "demand_misses": {
        "total": 2038237.6,
        "instrn": 0.0,
        "data": 2038237.6,
        "read": 1727200.5333333334,
        "write": 311037.06666666665,
        "misc": 0.0
    },
    "demand_miss_rate": {
        "total": 0.2712866666666667,
        "instrn": 0.0,
        "data": 0.2712866666666667,
        "read": 0.26288666666666666,
        "write": 0.3194733333333334,
        "misc": 0.0
    },
    "bytes_from_memory": 32611801.6,
    "bytes_to_memory": 5171093.333333333,
    "total_bytes_rw_mem": 37782894.93333333
}