{
    "demand_fetches": {
        "total": 24717886.384615384,
        "instrn": 0.0,
        "data": 24717886.384615384,
        "read": 21686687.46153846,
        "write": 3031198.923076923,
        "misc": 0.0
    },
    "demand_misses": {
        "total": 3054218.076923077,
        "instrn": 0.0,
        "data": 3054218.076923077,
        "read": 2662108.4615384615,
        "write": 392109.6153846154,
        "misc": 0.0
    },
    "demand_miss_rate": {
        "total": 0.1146846153846154,
        "instrn": 0.0,
        "data": 0.1146846153846154,
        "read": 0.11366923076923077,
        "write": 0.1211923076923077,
        "misc": 0.0
    },
    "bytes_from_memory": 97734978.46153846,
    "bytes_to_memory": 13604364.307692308,
    "total_bytes_rw_mem": 111339342.76923077
}