{
    "demand_fetches": {
        "total": 46138.28571428572,
        "instrn": 0.0,
        "data": 46138.28571428572,
        "read": 29109.428571428572,
        "write": 17028.85714285714,
        "misc": 0.0
    },
    "demand_misses": {
        "total": 11379.857142857143,
        "instrn": 0.0,
        "data": 11379.857142857143,
        "read": 5212.928571428572,
        "write": 6166.928571428572,
        "misc": 0.0
    },
    "demand_miss_rate": {
        "total": 0.16907142857142854,
        "instrn": 0.0,
        "data": 0.16907142857142854,
        "read": 0.13249285714285713,
        "write": 0.23356428571428572,
        "misc": 0.0
    },
    "bytes_from_memory": 728310.8571428572,
    "bytes_to_memory": 421106.28571428574,
    "total_bytes_rw_mem": 1149417.142857143
}