{
    "demand_fetches": {
        "total": 18681704.285714287,
        "instrn": 0.0,
        "data": 18681704.285714287,
        "read": 17715672.214285713,
        "write": 966032.0714285715,
        "misc": 0.0
    },
    "demand_misses": {
        "total": 3683758.6428571427,
        "instrn": 0.0,
        "data": 3683758.6428571427,
        "read": 3508076.8571428573,
        "write": 175681.7857142857,
        "misc": 0.0
    },
    "demand_miss_rate": {
        "total": 0.16462142857142856,
        "instrn": 0.0,
        "data": 0.16462142857142856,
        "read": 0.16517857142857142,
        "write": 0.15504285714285712,
        "misc": 0.0
    },
    "bytes_from_memory": 117880276.57142857,
    "bytes_to_memory": 6624857.142857143,
    "total_bytes_rw_mem": 124505133.71428572
}