{
    "demand_fetches": {
        "total": 55505.57142857143,
        "instrn": 0.0,
        "data": 55505.57142857143,
        "read": 32970.71428571428,
        "write": 22534.85714285714,
        "misc": 0.0
    },
    "demand_misses": {
        "total": 17560.85714285714,
        "instrn": 0.0,
        "data": 17560.85714285714,
        "read": 4476.714285714285,
        "write": 13084.142857142857,
        "misc": 0.0
    },
    "demand_miss_rate": {
        "total": 0.21630714285714286,
        "instrn": 0.0,
        "data": 0.21630714285714286,
        "read": 0.13553571428571426,
        "write": 0.3229571428571429,
        "misc": 0.0
    },
    "bytes_from_memory": 561947.4285714285,
    "bytes_to_memory": 429883.4285714286,
    "total_bytes_rw_mem": 991830.8571428572
}