{
    "demand_fetches": {
        "total": 9123650.733333332,
        "instrn": 0.0,
        "data": 9123650.733333332,
        "read": 8367132.133333334,
        "write": 756518.6,
        "misc": 0.0
    },
    "demand_misses": {
        "total": 1811964.0,
        "instrn": 0.0,
        "data": 1811964.0,
        "read": 1667275.1333333333,
        "write": 144688.86666666667,
        "misc": 0.0
    },
    "demand_miss_rate": {
        "total": 0.15509333333333336,
        "instrn": 0.0,
        "data": 0.15509333333333336,
        "read": 0.15543333333333334,
        "write": 0.15112666666666666,
        "misc": 0.0
    },
    "bytes_from_memory": 57982848.0,
    "bytes_to_memory": 5003323.733333333,
    "total_bytes_rw_mem": 62986171.733333334
}