{
    "demand_fetches": {
        "total": 20330162.076923076,
        "instrn": 0.0,
        "data": 20330162.076923076,
        "read": 19211134.46153846,
        "write": 1119027.6153846155,
        "misc": 0.0
    },
    "demand_misses": {
        "total": 2586388.5384615385,
        "instrn": 0.0,
        "data": 2586388.5384615385,
        "read": 2436204.4615384615,
        "write": 150184.07692307694,
        "misc": 0.0
    },
    "demand_miss_rate": {
        "total": 0.11786923076923078,
        "instrn": 0.0,
        "data": 0.11786923076923078,
        "read": 0.11786923076923078,
        "write": 0.11997692307692308,
        "misc": 0.0
    },
    "bytes_from_memory": 165528866.46153846,
    "bytes_to_memory": 12301395.692307692,
    "total_bytes_rw_mem": 177830262.15384614
}