{
    "demand_fetches": {
        "total": 129662.53846153847,
        "instrn": 0.0,
        "data": 129662.53846153847,
        "read": 46295.307692307695,
        "write": 83367.23076923077,
        "misc": 0.0
    },
    "demand_misses": {
        "total": 89888.38461538461,
        "instrn": 0.0,
        "data": 89888.38461538461,
        "read": 20269.846153846152,
        "write": 69618.53846153847,
        "misc": 0.0
    },
    "demand_miss_rate": {
        "total": 0.4184538461538462,
        "instrn": 0.0,
        "data": 0.4184538461538462,
        "read": 0.31553846153846155,
        "write": 0.4864692307692308,
        "misc": 0.0
    },
    "bytes_from_memory": 5752856.615384615,
    "bytes_to_memory": 4485203.692307692,
    "total_bytes_rw_mem": 10238060.307692308
}