{
    "demand_fetches": {
        "total": 6502652.307692308,
        "instrn": 0.0,
        "data": 6502652.307692308,
        "read": 5342057.923076923,
        "write": 1160594.3846153845,
        "misc": 0.0
    },
    "demand_misses": {
        "total": 1952131.4615384615,
        "instrn": 0.0,
        "data": 1952131.4615384615,
        "read": 1519205.2307692308,
        "write": 432926.23076923075,
        "misc": 0.0
    },
    "demand_miss_rate": {
        "total": 0.27615384615384614,
        "instrn": 0.0,
        "data": 0.27615384615384614,
        "read": 0.2611769230769231,
        "write": 0.3377461538461538,
        "misc": 0.0
    },
    "bytes_from_memory": 31234103.384615384,
    "bytes_to_memory": 7190779.076923077,
    "total_bytes_rw_mem": 38424882.461538464
}