{
    "demand_fetches": {
        "total": 9802103.142857144,
        "instrn": 0.0,
        "data": 9802103.142857144,
        "read": 8971251.642857144,
        "write": 830851.5,
        "misc": 0.0
    },
    "demand_misses": {
        "total": 1118670.142857143,
        "instrn": 0.0,
        "data": 1118670.142857143,
        "read": 1038737.2142857143,
        "write": 79932.92857142857,
        "misc": 0.0
    },
    "demand_miss_rate": {
        "total": 0.0919,
        "instrn": 0.0,
        "data": 0.0919,
        "read": 0.09279285714285715,
        "write": 0.08183571428571428,
        "misc": 0.0
    },
    "bytes_from_memory": 71594889.14285715,
    "bytes_to_memory": 5704192.0,
    "total_bytes_rw_mem": 77299081.14285715
}