{
    "demand_fetches": {
        "total": 18610560.285714287,
        "instrn": 0.0,
        "data": 18610560.285714287,
        "read": 17654384.07142857,
        "write": 956176.2142857143,
        "misc": 0.0
    },
    "demand_misses": {
        "total": 3381795.4285714286,
        "instrn": 0.0,
        "data": 3381795.4285714286,
        "read": 3217693.3571428573,
        "write": 164102.07142857142,
        "misc": 0.0
    },
    "demand_miss_rate": {
        "total": 0.1486,
        "instrn": 0.0,
        "data": 0.1486,
        "read": 0.1484285714285714,
        "write": 0.14745714285714287,
        "misc": 0.0
    },
    "bytes_from_memory": 108217453.71428572,
    "bytes_to_memory": 5884217.142857143,
    "total_bytes_rw_mem": 114101670.85714285
}