{
    "demand_fetches": {
        "total": 111298.57142857143,
        "instrn": 0.0,
        "data": 111298.57142857143,
        "read": 74882.0,
        "write": 36416.57142857143,
        "misc": 0.0
    },
    "demand_misses": {
        "total": 45538.142857142855,
        "instrn": 0.0,
        "data": 45538.142857142855,
        "read": 27678.35714285714,
        "write": 17859.785714285714,
        "misc": 0.0
    },
    "demand_miss_rate": {
        "total": 0.27355714285714283,
        "instrn": 0.0,
        "data": 0.27355714285714283,
        "read": 0.25235714285714284,
        "write": 0.3137857142857143,
        "misc": 0.0
    },
    "bytes_from_memory": 1457220.5714285714,
    "bytes_to_memory": 591888.0,
    "total_bytes_rw_mem": 2049108.5714285714
}