{
    "demand_fetches": {
        "total": 5212973.285714285,
        "instrn": 0.0,
        "data": 5212973.285714285,
        "read": 4647427.142857143,
        "write": 565546.1428571428,
        "misc": 0.0
    },
    "demand_misses": {
        "total": 551188.9285714285,
        "instrn": 0.0,
        "data": 551188.9285714285,
        "read": 493735.0,
        "write": 57453.92857142857,
        "misc": 0.0
    },
    "demand_miss_rate": {
        "total": 0.09052857142857143,
        "instrn": 0.0,
        "data": 0.09052857142857143,
        "read": 0.09141428571428571,
        "write": 0.08547857142857143,
        "misc": 0.0
    },
    "bytes_from_memory": 35276091.428571425,
    "bytes_to_memory": 4182628.5714285714,
    "total_bytes_rw_mem": 39458720.0
}