{
    "demand_fetches": {
        "total": 13819035.384615384,
        "instrn": 0.0,
        "data": 13819035.384615384,
        "read": 12510103.538461538,
        "write": 1308931.8461538462,
        "misc": 0.0
    },
    "demand_misses": {
        "total": 4117485.4615384615,
        "instrn": 0.0,
        "data": 4117485.4615384615,
        "read": 3628367.3846153845,
        "write": 489118.07692307694,
        "misc": 0.0
    },
    "demand_miss_rate": {
        "total": 0.29862307692307694,
        "instrn": 0.0,
        "data": 0.29862307692307694,
        "read": 0.2894615384615385,
        "write": 0.36908461538461534,
        "misc": 0.0
    },
    "bytes_from_memory": 65879767.384615384,
    "bytes_to_memory": 8081106.461538462,
    "total_bytes_rw_mem": 73960873.84615384
}