{
    "demand_fetches": {
        "total": 20330162.076923076,
        "instrn": 0.0,
        "data": 20330162.076923076,
        "read": 19211134.46153846,
        "write": 1119027.6153846155,
        "misc": 0.0
    },
    "demand_misses": {
        "total": 1667006.6153846155,
        "instrn": 0.0,
        "data": 1667006.6153846155,
        "read": 1546232.076923077,
        "write": 120774.53846153847,
        "misc": 0.0
    },
    "demand_miss_rate": {
        "total": 0.07563846153846156,
        "instrn": 0.0,
        "data": 0.07563846153846156,
        "read": 0.07412307692307693,
        "write": 0.09686153846153847,
        "misc": 0.0
    },
    "bytes_from_memory": 106688423.38461539,
    "bytes_to_memory": 8600354.461538462,
    "total_bytes_rw_mem": 115288777.84615384
}