{
    "demand_fetches": {
        "total": 30488086.615384616,
        "instrn": 0.0,
        "data": 30488086.615384616,
        "read": 24886322.692307692,
        "write": 5601763.923076923,
        "misc": 0.0
    },
    "demand_misses": {
        "total": 4195230.692307692,
        "instrn": 0.0,
        "data": 4195230.692307692,
        "read": 3363712.769230769,
        "write": 831517.9230769231,
        "misc": 0.0
    },
    "demand_miss_rate": {
        "total": 0.1274076923076923,
        "instrn": 0.0,
        "data": 0.1274076923076923,
        "read": 0.12523076923076923,
        "write": 0.13676153846153846,
        "misc": 0.0
    },
    "bytes_from_memory": 134247382.15384614,
    "bytes_to_memory": 29940041.846153848,
    "total_bytes_rw_mem": 164187424.0
}