{
    "demand_fetches": {
        "total": 101905.07142857143,
        "instrn": 0.0,
        "data": 101905.07142857143,
        "read": 56726.57142857143,
        "write": 45178.5,
        "misc": 0.0
    },
    "demand_misses": {
        "total": 45247.5,
        "instrn": 0.0,
        "data": 45247.5,
        "read": 10581.214285714286,
        "write": 34666.28571428572,
        "misc": 0.0
    },
    "demand_miss_rate": {
        "total": 0.25994999999999996,
        "instrn": 0.0,
        "data": 0.25994999999999996,
        "read": 0.13682142857142857,
        "write": 0.4434571428571429,
        "misc": 0.0
    },
    "bytes_from_memory": 723960.0,
    "bytes_to_memory": 564522.2857142857,
    "total_bytes_rw_mem": 1288482.2857142857
}