{
    "demand_fetches": {
        "total": 9671492.866666667,
        "instrn": 0.0,
        "data": 9671492.866666667,
        "read": 8568500.333333334,
        "write": 1102992.5333333334,
        "misc": 0.0
    },
    "demand_misses": {
        "total": 2978532.2666666666,
        "instrn": 0.0,
        "data": 2978532.2666666666,
        "read": 2560972.466666667,
        "write": 417559.8,
        "misc": 0.0
    },
    "demand_miss_rate": {
        "total": 0.24652,
        "instrn": 0.0,
        "data": 0.24652,
        "read": 0.23862000000000003,
        "write": 0.29911333333333334,
        "misc": 0.0
    },
    "bytes_from_memory": 47656516.266666666,
    "bytes_to_memory": 6947165.866666666,
    "total_bytes_rw_mem": 54603682.13333333
}