{
    "demand_fetches": {
        "total": 5212973.285714285,
        "instrn": 0.0,
        "data": 5212973.285714285,
        "read": 4647427.142857143,
        "write": 565546.1428571428,
        "misc": 0.0
    },
    "demand_misses": {
        "total": 687180.2857142857,
        "instrn": 0.0,
        "data": 687180.2857142857,
        "read": 626331.1428571428,
        "write": 60849.142857142855,
        "misc": 0.0
    },
    "demand_miss_rate": {
        "total": 0.1153,
        "instrn": 0.0,
        "data": 0.1153,
        "read": 0.11942857142857144,
        "write": 0.09142142857142856,
        "misc": 0.0
    },
    "bytes_from_memory": 43979538.28571428,
    "bytes_to_memory": 4650541.714285715,
    "total_bytes_rw_mem": 48630080.0
}