{
    "demand_fetches": {
        "total": 5592432.076923077,
        "instrn": 0.0,
        "data": 5592432.076923077,
        "read": 4987094.692307692,
        "write": 605337.3846153846,
        "misc": 0.0
    },
    "demand_misses": {
        "total": 1390122.4615384615,
        "instrn": 0.0,
        "data": 1390122.4615384615,
        "read": 1266186.7692307692,
        "write": 123935.69230769231,
        "misc": 0.0
    },
    "demand_miss_rate": {
        "total": 0.22872307692307692,
        "instrn": 0.0,
        "data": 0.22872307692307692,
        "read": 0.2358846153846154,
        "write": 0.18853846153846154,
        "misc": 0.0
    },
    "bytes_from_memory": 44483918.76923077,
    "bytes_to_memory": 4432413.538461538,
    "total_bytes_rw_mem": 48916332.307692304
}