{
    "demand_fetches": {
        "total": 6489888.133333334,
        "instrn": 0.0,
        "data": 6489888.133333334,
        "read": 5659406.0,
        "write": 830482.1333333333,
        "misc": 0.0
    },
    "demand_misses": {
        "total": 581395.2666666667,
        "instrn": 0.0,
        "data": 581395.2666666667,
        "read": 500256.0,
        "write": 81139.26666666666,
        "misc": 0.0
    },
    "demand_miss_rate": {
        "total": 0.07758666666666666,
        "instrn": 0.0,
        "data": 0.07758666666666666,
        "read": 0.07663333333333333,
        "write": 0.08337999999999998,
        "misc": 0.0
    },
    "bytes_from_memory": 37209297.06666667,
    "bytes_to_memory": 5711697.066666666,
    "total_bytes_rw_mem": 42920994.13333333
}