{
    "demand_fetches": {
        "total": 5291166.928571428,
        "instrn": 0.0,
        "data": 5291166.928571428,
        "read": 4662116.428571428,
        "write": 629050.5,
        "misc": 0.0
    },
    "demand_misses": {
        "total": 695738.7142857143,
        "instrn": 0.0,
        "data": 695738.7142857143,
        "read": 629171.6428571428,
        "write": 66567.07142857143,
        "misc": 0.0
    },
    "demand_miss_rate": {
        "total": 0.11497142857142854,
        "instrn": 0.0,
        "data": 0.11497142857142854,
        "read": 0.11982857142857141,
        "write": 0.09047142857142858,
        "misc": 0.0
    },
    "bytes_from_memory": 44527277.71428572,
    "bytes_to_memory": 5106578.285714285,
    "total_bytes_rw_mem": 49633856.0
}