{
    "demand_fetches": {
        "total": 18610525.285714287,
        "instrn": 0.0,
        "data": 18610525.285714287,
        "read": 17654362.285714287,
        "write": 956163.0,
        "misc": 0.0
    },
    "demand_misses": {
        "total": 2925588.214285714,
        "instrn": 0.0,
        "data": 2925588.214285714,
        "read": 2769863.785714286,
        "write": 155724.42857142858,
        "misc": 0.0
    },
    "demand_miss_rate": {
        "total": 0.13089285714285714,
        "instrn": 0.0,
        "data": 0.13089285714285714,
        "read": 0.13002142857142857,
        "write": 0.14052857142857142,
        "misc": 0.0
    },
    "bytes_from_memory": 93618822.85714285,
    "bytes_to_memory": 5380176.0,
    "total_bytes_rw_mem": 98998998.85714285
}