{
    "demand_fetches": {
        "total": 261857.0,
        "instrn": 0.0,
        "data": 261857.0,
        "read": 57447.357142857145,
        "write": 204409.64285714287,
        "misc": 0.0
    },
    "demand_misses": {
        "total": 217520.14285714287,
        "instrn": 0.0,
        "data": 217520.14285714287,
        "read": 26297.428571428572,
        "write": 191222.7142857143,
        "misc": 0.0
    },
    "demand_miss_rate": {
        "total": 0.5079071428571428,
        "instrn": 0.0,
        "data": 0.5079071428571428,
        "read": 0.3388214285714285,
        "write": 0.6035,
        "misc": 0.0
    },
    "bytes_from_memory": 3480322.285714286,
    "bytes_to_memory": 3071973.714285714,
    "total_bytes_rw_mem": 6552296.0
}