{
    "demand_fetches": {
        "total": 20199630.46153846,
        "instrn": 0.0,
        "data": 20199630.46153846,
        "read": 19130452.615384616,
        "write": 1069177.8461538462,
        "misc": 0.0
    },
    "demand_misses": {
        "total": 9500984.538461538,
        "instrn": 0.0,
        "data": 9500984.538461538,
        "read": 9115979.846153846,
        "write": 385004.6923076923,
        "misc": 0.0
    },
    "demand_miss_rate": {
        "total": 0.4230846153846154,
        "instrn": 0.0,
        "data": 0.4230846153846154,
        "read": 0.4289846153846154,
        "write": 0.33695384615384616,
        "misc": 0.0
    },
    "bytes_from_memory": 152015752.6153846,
    "bytes_to_memory": 7298246.153846154,
    "total_bytes_rw_mem": 159313998.76923078
}