{
    "demand_fetches": {
        "total": 5458719.785714285,
        "instrn": 0.0,
        "data": 5458719.785714285,
        "read": 4741325.428571428,
        "write": 717394.3571428572,
        "misc": 0.0
    },
    "demand_misses": {
        "total": 407786.64285714284,
        "instrn": 0.0,
        "data": 407786.64285714284,
        "read": 340807.5,
        "write": 66979.14285714286,
        "misc": 0.0
    },
    "demand_miss_rate": {
        "total": 0.06477142857142856,
        "instrn": 0.0,
        "data": 0.06477142857142856,
        "read": 0.06231428571428572,
        "write": 0.07875714285714287,
        "misc": 0.0
    },
    "bytes_from_memory": 26098345.14285714,
    "bytes_to_memory": 4550203.428571428,
    "total_bytes_rw_mem": 30648548.57142857
}