{
    "demand_fetches": {
        "total": 20199630.46153846,
        "instrn": 0.0,
        "data": 20199630.46153846,
        "read": 19130452.615384616,
        "write": 1069177.8461538462,
        "misc": 0.0
    },
    "demand_misses": {
        "total": 1707443.5384615385,
        "instrn": 0.0,
        "data": 1707443.5384615385,
        "read": 1592924.7692307692,
        "write": 114518.76923076923,
        "misc": 0.0
    },
    "demand_miss_rate": {
        "total": 0.07736923076923076,
        "instrn": 0.0,
        "data": 0.07736923076923076,
        "read": 0.07600769230769232,
        "write": 0.09622307692307694,
        "misc": 0.0
    },
    "bytes_from_memory": 109276386.46153846,
    "bytes_to_memory": 8191113.846153846,
    "total_bytes_rw_mem": 117467500.3076923
}