{
    "demand_fetches": {
        "total": 5458719.785714285,
        "instrn": 0.0,
        "data": 5458719.785714285,
        "read": 4741325.428571428,
        "write": 717394.3571428572,
        "misc": 0.0
    },
    "demand_misses": {
        "total": 853983.0,
        "instrn": 0.0,
        "data": 853983.0,
        "read": 719151.2857142857,
        "write": 134831.7142857143,
        "misc": 0.0
    },
    "demand_miss_rate": {
        "total": 0.13403571428571429,
        "instrn": 0.0,
        "data": 0.13403571428571429,
        "read": 0.12968571428571427,
        "write": 0.15842857142857142,
        "misc": 0.0
    },
    "bytes_from_memory": 27327456.0,
    "bytes_to_memory": 4540084.571428572,
    "total_bytes_rw_mem": 31867540.57142857
}