{
    "demand_fetches": {
        "total": 11374302.642857144,
        "instrn": 0.0,
        "data": 11374302.642857144,
        "read": 9542977.785714285,
        "write": 1831324.857142857,
        "misc": 0.0
    },
    "demand_misses": {
        "total": 1023611.6428571428,
        "instrn": 0.0,
        "data": 1023611.6428571428,
        "read": 835061.8571428572,
        "write": 188549.7857142857,
        "misc": 0.0
    },
    "demand_miss_rate": {
        "total": 0.07787142857142856,
        "instrn": 0.0,
        "data": 0.07787142857142856,
        "read": 0.07597857142857144,
        "write": 0.08714285714285715,
        "misc": 0.0
    },
    "bytes_from_memory": 65511145.14285714,
    "bytes_to_memory": 13591588.57142857,
    "total_bytes_rw_mem": 79102733.71428572
}