{
    "demand_fetches": {
        "total": 5213475.357142857,
        "instrn": 0.0,
        "data": 5213475.357142857,
        "read": 4637549.0,
        "write": 575926.3571428572,
        "misc": 0.0
    },
    "demand_misses": {
        "total": 685610.2857142857,
        "instrn": 0.0,
        "data": 685610.2857142857,
        "read": 624899.0,
        "write": 60711.28571428572,
        "misc": 0.0
    },
    "demand_miss_rate": {
        "total": 0.11498571428571427,
        "instrn": 0.0,
        "data": 0.11498571428571427,
        "read": 0.11969285714285713,
        "write": 0.09027142857142859,
        "misc": 0.0
    },
    "bytes_from_memory": 43879058.28571428,
    "bytes_to_memory": 4644594.285714285,
    "total_bytes_rw_mem": 48523652.571428575
}