{
    "demand_fetches": {
        "total": 9909112.285714285,
        "instrn": 0.0,
        "data": 9909112.285714285,
        "read": 9015925.285714285,
        "write": 893187.0,
        "misc": 0.0
    },
    "demand_misses": {
        "total": 1688649.9285714286,
        "instrn": 0.0,
        "data": 1688649.9285714286,
        "read": 1517714.7142857143,
        "write": 170935.2142857143,
        "misc": 0.0
    },
    "demand_miss_rate": {
        "total": 0.1453357142857143,
        "instrn": 0.0,
        "data": 0.1453357142857143,
        "read": 0.14325000000000002,
        "write": 0.16203571428571426,
        "misc": 0.0
    },
    "bytes_from_memory": 54036797.71428572,
    "bytes_to_memory": 5832809.142857143,
    "total_bytes_rw_mem": 59869606.85714286
}