{
    "demand_fetches": {
        "total": 20199630.46153846,
        "instrn": 0.0,
        "data": 20199630.46153846,
        "read": 19130452.615384616,
        "write": 1069177.8461538462,
        "misc": 0.0
    },
    "demand_misses": {
        "total": 9741649.076923076,
        "instrn": 0.0,
        "data": 9741649.076923076,
        "read": 9343903.307692308,
        "write": 397745.76923076925,
        "misc": 0.0
    },
    "demand_miss_rate": {
        "total": 0.4420769230769231,
        "instrn": 0.0,
        "data": 0.4420769230769231,
        "read": 0.4488538461538462,
        "write": 0.3490153846153846,
        "misc": 0.0
    },
    "bytes_from_memory": 155866385.23076922,
    "bytes_to_memory": 7632326.153846154,
    "total_bytes_rw_mem": 163498711.3846154
}