{
    "demand_fetches": {
        "total": 60908.07142857143,
        "instrn": 0.0,
        "data": 60908.07142857143,
        "read": 42158.857142857145,
        "write": 18749.214285714286,
        "misc": 0.0
    },
    "demand_misses": {
        "total": 10838.857142857143,
        "instrn": 0.0,
        "data": 10838.857142857143,
        "read": 6248.5,
        "write": 4590.357142857143,
        "misc": 0.0
    },
    "demand_miss_rate": {
        "total": 0.13459285714285715,
        "instrn": 0.0,
        "data": 0.13459285714285715,
        "read": 0.11531428571428572,
        "write": 0.17825714285714286,
        "misc": 0.0
    },
    "bytes_from_memory": 173421.7142857143,
    "bytes_to_memory": 83688.0,
    "total_bytes_rw_mem": 257109.7142857143
}