{
    "power": {
        "0x40": 812.29232910722,
        "0x41": 5.174495615425424,
        "0x44": 1700.1694181722266,
        "0x45": 863.5828765979867,
        "0x48": 1009.7759175382852,
        "0x4c": 603.4983599049191
    },
    "current": {
        "0x40": 162.48566201796203,
        "0x41": -0.6624589012150004,
        "0x44": 512.8249423666208,
        "0x45": 856.9294805071283,
        "0x48": 563.6717301109312,
        "0x4c": 403.7587530375055
    },
    "energy": {
        "0x40": 22475.345206699767,
        "0x41": 143.24468299999913,
        "0x44": 47041.97296410009,
        "0x45": 23893.981634099997,
        "0x48": 27940.067332300085,
        "0x4c": 16698.432552799884
    }
}