{
    "demand_fetches": {
        "total": 9909992.214285715,
        "instrn": 0.0,
        "data": 9909992.214285715,
        "read": 9016409.357142856,
        "write": 893582.8571428572,
        "misc": 0.0
    },
    "demand_misses": {
        "total": 1962683.357142857,
        "instrn": 0.0,
        "data": 1962683.357142857,
        "read": 1782105.5714285714,
        "write": 180577.7857142857,
        "misc": 0.0
    },
    "demand_miss_rate": {
        "total": 0.16829999999999998,
        "instrn": 0.0,
        "data": 0.16829999999999998,
        "read": 0.1681,
        "write": 0.17064285714285712,
        "misc": 0.0
    },
    "bytes_from_memory": 62805867.428571425,
    "bytes_to_memory": 6435017.142857143,
    "total_bytes_rw_mem": 69240884.57142857
}