{
    "demand_fetches": {
        "total": 5550060.846153846,
        "instrn": 0.0,
        "data": 5550060.846153846,
        "read": 4978853.230769231,
        "write": 571207.6153846154,
        "misc": 0.0
    },
    "demand_misses": {
        "total": 2590909.3076923075,
        "instrn": 0.0,
        "data": 2590909.3076923075,
        "read": 2370774.230769231,
        "write": 220135.07692307694,
        "misc": 0.0
    },
    "demand_miss_rate": {
        "total": 0.4175846153846154,
        "instrn": 0.0,
        "data": 0.4175846153846154,
        "read": 0.4273,
        "write": 0.3515153846153846,
        "misc": 0.0
    },
    "bytes_from_memory": 41454548.92307692,
    "bytes_to_memory": 3753539.6923076925,
    "total_bytes_rw_mem": 45208088.615384616
}