{
    "demand_fetches": {
        "total": 9802103.142857144,
        "instrn": 0.0,
        "data": 9802103.142857144,
        "read": 8971251.642857144,
        "write": 830851.5,
        "misc": 0.0
    },
    "demand_misses": {
        "total": 1164759.357142857,
        "instrn": 0.0,
        "data": 1164759.357142857,
        "read": 1081989.5,
        "write": 82769.85714285714,
        "misc": 0.0
    },
    "demand_miss_rate": {
        "total": 0.10038571428571427,
        "instrn": 0.0,
        "data": 0.10038571428571427,
        "read": 0.10213571428571426,
        "write": 0.08509285714285715,
        "misc": 0.0
    },
    "bytes_from_memory": 74544598.85714285,
    "bytes_to_memory": 6122349.714285715,
    "total_bytes_rw_mem": 80666948.57142857
}