{
    "demand_fetches": {
        "total": 10581582.846153846,
        "instrn": 0.0,
        "data": 10581582.846153846,
        "read": 9676558.384615384,
        "write": 905024.4615384615,
        "misc": 0.0
    },
    "demand_misses": {
        "total": 4507041.461538462,
        "instrn": 0.0,
        "data": 4507041.461538462,
        "read": 4152593.230769231,
        "write": 354448.23076923075,
        "misc": 0.0
    },
    "demand_miss_rate": {
        "total": 0.3840846153846154,
        "instrn": 0.0,
        "data": 0.3840846153846154,
        "read": 0.38716153846153845,
        "write": 0.3578846153846153,
        "misc": 0.0
    },
    "bytes_from_memory": 72112663.38461539,
    "bytes_to_memory": 6153913.846153846,
    "total_bytes_rw_mem": 78266577.23076923
}