{
    "demand_fetches": {
        "total": 111298.57142857143,
        "instrn": 0.0,
        "data": 111298.57142857143,
        "read": 74882.0,
        "write": 36416.57142857143,
        "misc": 0.0
    },
    "demand_misses": {
        "total": 46162.92857142857,
        "instrn": 0.0,
        "data": 46162.92857142857,
        "read": 28285.571428571428,
        "write": 17877.35714285714,
        "misc": 0.0
    },
    "demand_miss_rate": {
        "total": 0.27967142857142857,
        "instrn": 0.0,
        "data": 0.27967142857142857,
        "read": 0.26089285714285715,
        "write": 0.31463571428571424,
        "misc": 0.0
    },
    "bytes_from_memory": 1477213.7142857143,
    "bytes_to_memory": 600432.0,
    "total_bytes_rw_mem": 2077645.7142857143
}