{
    "demand_fetches": {
        "total": 6489888.133333334,
        "instrn": 0.0,
        "data": 6489888.133333334,
        "read": 5659406.0,
        "write": 830482.1333333333,
        "misc": 0.0
    },
    "demand_misses": {
        "total": 1119759.4666666666,
        "instrn": 0.0,
        "data": 1119759.4666666666,
        "read": 959902.4,
        "write": 159857.06666666668,
        "misc": 0.0
    },
    "demand_miss_rate": {
        "total": 0.1492266666666667,
        "instrn": 0.0,
        "data": 0.1492266666666667,
        "read": 0.14664666666666668,
        "write": 0.16429999999999997,
        "misc": 0.0
    },
    "bytes_from_memory": 35832302.93333333,
    "bytes_to_memory": 5467731.2,
    "total_bytes_rw_mem": 41300034.13333333
}