{
    "demand_fetches": {
        "total": 20412821.46153846,
        "instrn": 0.0,
        "data": 20412821.46153846,
        "read": 19265828.692307692,
        "write": 1146992.7692307692,
        "misc": 0.0
    },
    "demand_misses": {
        "total": 9825044.23076923,
        "instrn": 0.0,
        "data": 9825044.23076923,
        "read": 9403449.923076924,
        "write": 421594.3076923077,
        "misc": 0.0
    },
    "demand_miss_rate": {
        "total": 0.438376923076923,
        "instrn": 0.0,
        "data": 0.438376923076923,
        "read": 0.4455846153846154,
        "write": 0.3433615384615385,
        "misc": 0.0
    },
    "bytes_from_memory": 157200707.69230768,
    "bytes_to_memory": 8306370.461538462,
    "total_bytes_rw_mem": 165507078.15384614
}