{
    "demand_fetches": {
        "total": 18681704.285714287,
        "instrn": 0.0,
        "data": 18681704.285714287,
        "read": 17715672.214285713,
        "write": 966032.0714285715,
        "misc": 0.0
    },
    "demand_misses": {
        "total": 2304755.8571428573,
        "instrn": 0.0,
        "data": 2304755.8571428573,
        "read": 2184098.714285714,
        "write": 120657.14285714286,
        "misc": 0.0
    },
    "demand_miss_rate": {
        "total": 0.10432142857142856,
        "instrn": 0.0,
        "data": 0.10432142857142856,
        "read": 0.10437857142857143,
        "write": 0.1040857142857143,
        "misc": 0.0
    },
    "bytes_from_memory": 147504374.85714287,
    "bytes_to_memory": 9693824.0,
    "total_bytes_rw_mem": 157198198.85714287
}