{
    "demand_fetches": {
        "total": 10581582.846153846,
        "instrn": 0.0,
        "data": 10581582.846153846,
        "read": 9676558.384615384,
        "write": 905024.4615384615,
        "misc": 0.0
    },
    "demand_misses": {
        "total": 1304778.1538461538,
        "instrn": 0.0,
        "data": 1304778.1538461538,
        "read": 1209277.6153846155,
        "write": 95500.53846153847,
        "misc": 0.0
    },
    "demand_miss_rate": {
        "total": 0.11296923076923078,
        "instrn": 0.0,
        "data": 0.11296923076923078,
        "read": 0.11513846153846154,
        "write": 0.09630769230769233,
        "misc": 0.0
    },
    "bytes_from_memory": 83505801.84615384,
    "bytes_to_memory": 7224974.769230769,
    "total_bytes_rw_mem": 90730776.61538461
}