{
    "demand_fetches": {
        "total": 101905.07142857143,
        "instrn": 0.0,
        "data": 101905.07142857143,
        "read": 56726.57142857143,
        "write": 45178.5,
        "misc": 0.0
    },
    "demand_misses": {
        "total": 44770.71428571428,
        "instrn": 0.0,
        "data": 44770.71428571428,
        "read": 10299.357142857143,
        "write": 34471.357142857145,
        "misc": 0.0
    },
    "demand_miss_rate": {
        "total": 0.2535071428571429,
        "instrn": 0.0,
        "data": 0.2535071428571429,
        "read": 0.13077142857142857,
        "write": 0.43612142857142855,
        "misc": 0.0
    },
    "bytes_from_memory": 1432662.857142857,
    "bytes_to_memory": 1116800.0,
    "total_bytes_rw_mem": 2549462.8571428573
}