{
    "demand_fetches": {
        "total": 13228859.285714285,
        "instrn": 0.0,
        "data": 13228859.285714285,
        "read": 11759523.07142857,
        "write": 1469336.2142857143,
        "misc": 0.0
    },
    "demand_misses": {
        "total": 4404036.0,
        "instrn": 0.0,
        "data": 4404036.0,
        "read": 3838400.8571428573,
        "write": 565635.1428571428,
        "misc": 0.0
    },
    "demand_miss_rate": {
        "total": 0.3082285714285714,
        "instrn": 0.0,
        "data": 0.3082285714285714,
        "read": 0.30155714285714286,
        "write": 0.3534428571428572,
        "misc": 0.0
    },
    "bytes_from_memory": 70464576.0,
    "bytes_to_memory": 9535006.857142856,
    "total_bytes_rw_mem": 79999582.85714285
}