{
    "demand_fetches": {
        "total": 5147401.5,
        "instrn": 0.0,
        "data": 5147401.5,
        "read": 4618878.428571428,
        "write": 528523.0714285715,
        "misc": 0.0
    },
    "demand_misses": {
        "total": 531026.1428571428,
        "instrn": 0.0,
        "data": 531026.1428571428,
        "read": 479767.85714285716,
        "write": 51258.28571428572,
        "misc": 0.0
    },
    "demand_miss_rate": {
        "total": 0.08704285714285713,
        "instrn": 0.0,
        "data": 0.08704285714285713,
        "read": 0.08787857142857143,
        "write": 0.08197142857142858,
        "misc": 0.0
    },
    "bytes_from_memory": 33985673.14285714,
    "bytes_to_memory": 3615323.4285714286,
    "total_bytes_rw_mem": 37600996.571428575
}