{
    "demand_fetches": {
        "total": 24717886.384615384,
        "instrn": 0.0,
        "data": 24717886.384615384,
        "read": 21686687.46153846,
        "write": 3031198.923076923,
        "misc": 0.0
    },
    "demand_misses": {
        "total": 4160360.4615384615,
        "instrn": 0.0,
        "data": 4160360.4615384615,
        "read": 3639483.3076923075,
        "write": 520877.1538461539,
        "misc": 0.0
    },
    "demand_miss_rate": {
        "total": 0.15582307692307693,
        "instrn": 0.0,
        "data": 0.15582307692307693,
        "read": 0.1554076923076923,
        "write": 0.15860000000000002,
        "misc": 0.0
    },
    "bytes_from_memory": 133131534.76923077,
    "bytes_to_memory": 20027899.076923076,
    "total_bytes_rw_mem": 153159433.84615386
}