{
    "demand_fetches": {
        "total": 55505.57142857143,
        "instrn": 0.0,
        "data": 55505.57142857143,
        "read": 32970.71428571428,
        "write": 22534.85714285714,
        "misc": 0.0
    },
    "demand_misses": {
        "total": 17713.35714285714,
        "instrn": 0.0,
        "data": 17713.35714285714,
        "read": 4756.357142857143,
        "write": 12957.0,
        "misc": 0.0
    },
    "demand_miss_rate": {
        "total": 0.22455000000000003,
        "instrn": 0.0,
        "data": 0.22455000000000003,
        "read": 0.1514642857142857,
        "write": 0.3212571428571428,
        "misc": 0.0
    },
    "bytes_from_memory": 1133654.857142857,
    "bytes_to_memory": 856914.2857142857,
    "total_bytes_rw_mem": 1990569.142857143
}