{
    "demand_fetches": {
        "total": 20330162.076923076,
        "instrn": 0.0,
        "data": 20330162.076923076,
        "read": 19211134.46153846,
        "write": 1119027.6153846155,
        "misc": 0.0
    },
    "demand_misses": {
        "total": 5772558.923076923,
        "instrn": 0.0,
        "data": 5772558.923076923,
        "read": 5433628.769230769,
        "write": 338930.1538461539,
        "misc": 0.0
    },
    "demand_miss_rate": {
        "total": 0.26173846153846153,
        "instrn": 0.0,
        "data": 0.26173846153846153,
        "read": 0.2596923076923077,
        "write": 0.2854307692307692,
        "misc": 0.0
    },
    "bytes_from_memory": 92360942.76923077,
    "bytes_to_memory": 5747746.461538462,
    "total_bytes_rw_mem": 98108689.23076923
}