{
    "demand_fetches": {
        "total": 4865898.266666667,
        "instrn": 0.0,
        "data": 4865898.266666667,
        "read": 4337913.4,
        "write": 527984.8666666667,
        "misc": 0.0
    },
    "demand_misses": {
        "total": 1698297.0,
        "instrn": 0.0,
        "data": 1698297.0,
        "read": 1499108.4666666666,
        "write": 199188.53333333333,
        "misc": 0.0
    },
    "demand_miss_rate": {
        "total": 0.2774533333333333,
        "instrn": 0.0,
        "data": 0.2774533333333333,
        "read": 0.27432666666666666,
        "write": 0.29792,
        "misc": 0.0
    },
    "bytes_from_memory": 27172752.0,
    "bytes_to_memory": 3341591.466666667,
    "total_bytes_rw_mem": 30514343.466666665
}