{
    "demand_fetches": {
        "total": 20199630.46153846,
        "instrn": 0.0,
        "data": 20199630.46153846,
        "read": 19130452.615384616,
        "write": 1069177.8461538462,
        "misc": 0.0
    },
    "demand_misses": {
        "total": 3805825.3076923075,
        "instrn": 0.0,
        "data": 3805825.3076923075,
        "read": 3617790.6153846155,
        "write": 188034.6923076923,
        "misc": 0.0
    },
    "demand_miss_rate": {
        "total": 0.17053846153846156,
        "instrn": 0.0,
        "data": 0.17053846153846156,
        "read": 0.17096153846153847,
        "write": 0.1630076923076923,
        "misc": 0.0
    },
    "bytes_from_memory": 121786409.84615384,
    "bytes_to_memory": 6911106.461538462,
    "total_bytes_rw_mem": 128697516.3076923
}