{
    "demand_fetches": {
        "total": 4865898.266666667,
        "instrn": 0.0,
        "data": 4865898.266666667,
        "read": 4337913.4,
        "write": 527984.8666666667,
        "misc": 0.0
    },
    "demand_misses": {
        "total": 977142.6666666666,
        "instrn": 0.0,
        "data": 977142.6666666666,
        "read": 871921.4666666667,
        "write": 105221.2,
        "misc": 0.0
    },
    "demand_miss_rate": {
        "total": 0.1597333333333333,
        "instrn": 0.0,
        "data": 0.1597333333333333,
        "read": 0.16032000000000002,
        "write": 0.1567466666666667,
        "misc": 0.0
    },
    "bytes_from_memory": 31268565.333333332,
    "bytes_to_memory": 3710773.3333333335,
    "total_bytes_rw_mem": 34979338.666666664
}