{
    "demand_fetches": {
        "total": 18610560.285714287,
        "instrn": 0.0,
        "data": 18610560.285714287,
        "read": 17654384.07142857,
        "write": 956176.2142857143,
        "misc": 0.0
    },
    "demand_misses": {
        "total": 3352670.9285714286,
        "instrn": 0.0,
        "data": 3352670.9285714286,
        "read": 3186823.8571428573,
        "write": 165847.07142857142,
        "misc": 0.0
    },
    "demand_miss_rate": {
        "total": 0.1490857142857143,
        "instrn": 0.0,
        "data": 0.1490857142857143,
        "read": 0.1488642857142857,
        "write": 0.14915714285714285,
        "misc": 0.0
    },
    "bytes_from_memory": 107285469.71428572,
    "bytes_to_memory": 5987716.571428572,
    "total_bytes_rw_mem": 113273186.28571428
}