{
    "demand_fetches": {
        "total": 13819035.384615384,
        "instrn": 0.0,
        "data": 13819035.384615384,
        "read": 12510103.538461538,
        "write": 1308931.8461538462,
        "misc": 0.0
    },
    "demand_misses": {
        "total": 1033324.0,
        "instrn": 0.0,
        "data": 1033324.0,
        "read": 909752.4615384615,
        "write": 123571.53846153847,
        "misc": 0.0
    },
    "demand_miss_rate": {
        "total": 0.0751923076923077,
        "instrn": 0.0,
        "data": 0.0751923076923077,
        "read": 0.07286923076923077,
        "write": 0.09314615384615384,
        "misc": 0.0
    },
    "bytes_from_memory": 66132736.0,
    "bytes_to_memory": 8351207.384615385,
    "total_bytes_rw_mem": 74483943.38461539
}