{
    "demand_fetches": {
        "total": 60908.07142857143,
        "instrn": 0.0,
        "data": 60908.07142857143,
        "read": 42158.857142857145,
        "write": 18749.214285714286,
        "misc": 0.0
    },
    "demand_misses": {
        "total": 9826.714285714286,
        "instrn": 0.0,
        "data": 9826.714285714286,
        "read": 5653.642857142857,
        "write": 4173.071428571428,
        "misc": 0.0
    },
    "demand_miss_rate": {
        "total": 0.11867142857142857,
        "instrn": 0.0,
        "data": 0.11867142857142857,
        "read": 0.10192142857142858,
        "write": 0.1570214285714286,
        "misc": 0.0
    },
    "bytes_from_memory": 628909.7142857143,
    "bytes_to_memory": 289357.71428571426,
    "total_bytes_rw_mem": 918267.4285714285
}