{
    "demand_fetches": {
        "total": 5550060.846153846,
        "instrn": 0.0,
        "data": 5550060.846153846,
        "read": 4978853.230769231,
        "write": 571207.6153846154,
        "misc": 0.0
    },
    "demand_misses": {
        "total": 2675518.153846154,
        "instrn": 0.0,
        "data": 2675518.153846154,
        "read": 2446300.5384615385,
        "write": 229217.61538461538,
        "misc": 0.0
    },
    "demand_miss_rate": {
        "total": 0.4383153846153846,
        "instrn": 0.0,
        "data": 0.4383153846153846,
        "read": 0.449176923076923,
        "write": 0.3685692307692308,
        "misc": 0.0
    },
    "bytes_from_memory": 42808290.461538464,
    "bytes_to_memory": 3979612.3076923075,
    "total_bytes_rw_mem": 46787902.76923077
}