{
    "demand_fetches": {
        "total": 19066998.666666668,
        "instrn": 0.0,
        "data": 19066998.666666668,
        "read": 17483255.733333334,
        "write": 1583742.9333333333,
        "misc": 0.0
    },
    "demand_misses": {
        "total": 2501708.8666666667,
        "instrn": 0.0,
        "data": 2501708.8666666667,
        "read": 2286026.8666666667,
        "write": 215682.0,
        "misc": 0.0
    },
    "demand_miss_rate": {
        "total": 0.10517333333333333,
        "instrn": 0.0,
        "data": 0.10517333333333333,
        "read": 0.10446666666666668,
        "write": 0.11128666666666666,
        "misc": 0.0
    },
    "bytes_from_memory": 80054683.73333333,
    "bytes_to_memory": 7433589.333333333,
    "total_bytes_rw_mem": 87488273.06666666
}