{
    "demand_fetches": {
        "total": 30488086.615384616,
        "instrn": 0.0,
        "data": 30488086.615384616,
        "read": 24886322.692307692,
        "write": 5601763.923076923,
        "misc": 0.0
    },
    "demand_misses": {
        "total": 6726753.538461538,
        "instrn": 0.0,
        "data": 6726753.538461538,
        "read": 5361933.307692308,
        "write": 1364820.2307692308,
        "misc": 0.0
    },
    "demand_miss_rate": {
        "total": 0.2042076923076923,
        "instrn": 0.0,
        "data": 0.2042076923076923,
        "read": 0.19905384615384614,
        "write": 0.22613076923076925,
        "misc": 0.0
    },
    "bytes_from_memory": 107628056.61538461,
    "bytes_to_memory": 23247537.230769232,
    "total_bytes_rw_mem": 130875593.84615384
}