{
    "power": {
        "0x40": 806.5951039072007,
        "0x41": 5.23063369963385,
        "0x44": 1696.0636540903508,
        "0x45": 865.9086020146486,
        "0x48": 1010.5528077533445,
        "0x4c": 599.8763818681354
    },
    "current": {
        "0x40": 161.51529597069612,
        "0x41": -0.46521202686202545,
        "0x44": 511.7994989621509,
        "0x45": 859.2460039072023,
        "0x48": 563.5190405982897,
        "0x4c": 400.5079473748445
    },
    "energy": {
        "0x40": 19302.895998499866,
        "0x41": 125.11905899999876,
        "0x44": 40589.77345430014,
        "0x45": 20723.575010299966,
        "0x48": 24184.505316400064,
        "0x4c": 14356.016003399953
    }
}