{
    "demand_fetches": {
        "total": 5212973.285714285,
        "instrn": 0.0,
        "data": 5212973.285714285,
        "read": 4647427.142857143,
        "write": 565546.1428571428,
        "misc": 0.0
    },
    "demand_misses": {
        "total": 2148906.5,
        "instrn": 0.0,
        "data": 2148906.5,
        "read": 1928881.7142857143,
        "write": 220024.7857142857,
        "misc": 0.0
    },
    "demand_miss_rate": {
        "total": 0.34712142857142864,
        "instrn": 0.0,
        "data": 0.34712142857142864,
        "read": 0.3500285714285714,
        "write": 0.32864285714285707,
        "misc": 0.0
    },
    "bytes_from_memory": 34382504.0,
    "bytes_to_memory": 3775362.285714286,
    "total_bytes_rw_mem": 38157866.28571428
}