{
    "demand_fetches": {
        "total": 5574400.076923077,
        "instrn": 0.0,
        "data": 5574400.076923077,
        "read": 4982210.769230769,
        "write": 592189.3076923077,
        "misc": 0.0
    },
    "demand_misses": {
        "total": 629141.1538461539,
        "instrn": 0.0,
        "data": 629141.1538461539,
        "read": 572145.1538461539,
        "write": 56996.0,
        "misc": 0.0
    },
    "demand_miss_rate": {
        "total": 0.10142307692307691,
        "instrn": 0.0,
        "data": 0.10142307692307691,
        "read": 0.10357692307692307,
        "write": 0.0879,
        "misc": 0.0
    },
    "bytes_from_memory": 40265033.84615385,
    "bytes_to_memory": 4040004.923076923,
    "total_bytes_rw_mem": 44305038.76923077
}