{
    "demand_fetches": {
        "total": 10581582.846153846,
        "instrn": 0.0,
        "data": 10581582.846153846,
        "read": 9676558.384615384,
        "write": 905024.4615384615,
        "misc": 0.0
    },
    "demand_misses": {
        "total": 2603205.153846154,
        "instrn": 0.0,
        "data": 2603205.153846154,
        "read": 2412879.3846153845,
        "write": 190325.76923076922,
        "misc": 0.0
    },
    "demand_miss_rate": {
        "total": 0.22606923076923074,
        "instrn": 0.0,
        "data": 0.22606923076923074,
        "read": 0.23035384615384616,
        "write": 0.1932,
        "misc": 0.0
    },
    "bytes_from_memory": 83302564.92307693,
    "bytes_to_memory": 6990099.692307692,
    "total_bytes_rw_mem": 90292664.61538461
}