{
    "demand_fetches": {
        "total": 26140940.35714286,
        "instrn": 0.0,
        "data": 26140940.35714286,
        "read": 24017767.14285714,
        "write": 2123173.214285714,
        "misc": 0.0
    },
    "demand_misses": {
        "total": 7202390.357142857,
        "instrn": 0.0,
        "data": 7202390.357142857,
        "read": 6621173.642857143,
        "write": 581216.7142857143,
        "misc": 0.0
    },
    "demand_miss_rate": {
        "total": 0.25585,
        "instrn": 0.0,
        "data": 0.25585,
        "read": 0.25520714285714285,
        "write": 0.26044285714285714,
        "misc": 0.0
    },
    "bytes_from_memory": 115238245.71428572,
    "bytes_to_memory": 10091832.0,
    "total_bytes_rw_mem": 125330077.71428572
}