{
    "demand_fetches": {
        "total": 20330162.076923076,
        "instrn": 0.0,
        "data": 20330162.076923076,
        "read": 19211134.46153846,
        "write": 1119027.6153846155,
        "misc": 0.0
    },
    "demand_misses": {
        "total": 6379238.461538462,
        "instrn": 0.0,
        "data": 6379238.461538462,
        "read": 6028510.538461538,
        "write": 350727.92307692306,
        "misc": 0.0
    },
    "demand_miss_rate": {
        "total": 0.28791538461538463,
        "instrn": 0.0,
        "data": 0.28791538461538463,
        "read": 0.2871,
        "write": 0.2949307692307692,
        "misc": 0.0
    },
    "bytes_from_memory": 102067815.38461539,
    "bytes_to_memory": 6124480.0,
    "total_bytes_rw_mem": 108192295.38461539
}