{
    "demand_fetches": {
        "total": 5213475.357142857,
        "instrn": 0.0,
        "data": 5213475.357142857,
        "read": 4637549.0,
        "write": 575926.3571428572,
        "misc": 0.0
    },
    "demand_misses": {
        "total": 1255705.2857142857,
        "instrn": 0.0,
        "data": 1255705.2857142857,
        "read": 1141556.642857143,
        "write": 114148.64285714286,
        "misc": 0.0
    },
    "demand_miss_rate": {
        "total": 0.20415000000000003,
        "instrn": 0.0,
        "data": 0.20415000000000003,
        "read": 0.21044285714285715,
        "write": 0.16900714285714286,
        "misc": 0.0
    },
    "bytes_from_memory": 40182569.14285714,
    "bytes_to_memory": 4029328.0,
    "total_bytes_rw_mem": 44211897.14285714
}