{
    "demand_fetches": {
        "total": 5458719.785714285,
        "instrn": 0.0,
        "data": 5458719.785714285,
        "read": 4741325.428571428,
        "write": 717394.3571428572,
        "misc": 0.0
    },
    "demand_misses": {
        "total": 405550.78571428574,
        "instrn": 0.0,
        "data": 405550.78571428574,
        "read": 338839.28571428574,
        "write": 66711.5,
        "misc": 0.0
    },
    "demand_miss_rate": {
        "total": 0.06433571428571429,
        "instrn": 0.0,
        "data": 0.06433571428571429,
        "read": 0.061857142857142854,
        "write": 0.07844285714285713,
        "misc": 0.0
    },
    "bytes_from_memory": 25955250.285714287,
    "bytes_to_memory": 4512480.0,
    "total_bytes_rw_mem": 30467730.285714287
}