{
    "demand_fetches": {
        "total": 20412821.46153846,
        "instrn": 0.0,
        "data": 20412821.46153846,
        "read": 19265828.692307692,
        "write": 1146992.7692307692,
        "misc": 0.0
    },
    "demand_misses": {
        "total": 5010364.769230769,
        "instrn": 0.0,
        "data": 5010364.769230769,
        "read": 4782660.076923077,
        "write": 227704.6923076923,
        "misc": 0.0
    },
    "demand_miss_rate": {
        "total": 0.2243,
        "instrn": 0.0,
        "data": 0.2243,
        "read": 0.22746153846153844,
        "write": 0.1835846153846154,
        "misc": 0.0
    },
    "bytes_from_memory": 160331672.6153846,
    "bytes_to_memory": 9284214.153846154,
    "total_bytes_rw_mem": 169615886.76923078
}