{
    "demand_fetches": {
        "total": 9671492.866666667,
        "instrn": 0.0,
        "data": 9671492.866666667,
        "read": 8568500.333333334,
        "write": 1102992.5333333334,
        "misc": 0.0
    },
    "demand_misses": {
        "total": 1658370.4666666666,
        "instrn": 0.0,
        "data": 1658370.4666666666,
        "read": 1440450.4666666666,
        "write": 217920.0,
        "misc": 0.0
    },
    "demand_miss_rate": {
        "total": 0.13714,
        "instrn": 0.0,
        "data": 0.13714,
        "read": 0.13435333333333335,
        "write": 0.15598666666666666,
        "misc": 0.0
    },
    "bytes_from_memory": 53067854.93333333,
    "bytes_to_memory": 7544377.6,
    "total_bytes_rw_mem": 60612232.53333333
}