{
    "demand_fetches": {
        "total": 5592432.076923077,
        "instrn": 0.0,
        "data": 5592432.076923077,
        "read": 4987094.692307692,
        "write": 605337.3846153846,
        "misc": 0.0
    },
    "demand_misses": {
        "total": 1132102.6153846155,
        "instrn": 0.0,
        "data": 1132102.6153846155,
        "read": 1020464.6923076923,
        "write": 111637.92307692308,
        "misc": 0.0
    },
    "demand_miss_rate": {
        "total": 0.18105384615384615,
        "instrn": 0.0,
        "data": 0.18105384615384615,
        "read": 0.18292307692307694,
        "write": 0.16837692307692306,
        "misc": 0.0
    },
    "bytes_from_memory": 36227283.692307696,
    "bytes_to_memory": 3774299.076923077,
    "total_bytes_rw_mem": 40001582.76923077
}