{
    "demand_fetches": {
        "total": 10538876.538461538,
        "instrn": 0.0,
        "data": 10538876.538461538,
        "read": 9658823.923076924,
        "write": 880052.6153846154,
        "misc": 0.0
    },
    "demand_misses": {
        "total": 1295535.3846153845,
        "instrn": 0.0,
        "data": 1295535.3846153845,
        "read": 1203856.3846153845,
        "write": 91679.0,
        "misc": 0.0
    },
    "demand_miss_rate": {
        "total": 0.11315384615384615,
        "instrn": 0.0,
        "data": 0.11315384615384615,
        "read": 0.11544615384615385,
        "write": 0.0953923076923077,
        "misc": 0.0
    },
    "bytes_from_memory": 82914264.61538461,
    "bytes_to_memory": 6922614.153846154,
    "total_bytes_rw_mem": 89836878.76923077
}