{
    "demand_fetches": {
        "total": 6502652.307692308,
        "instrn": 0.0,
        "data": 6502652.307692308,
        "read": 5342057.923076923,
        "write": 1160594.3846153845,
        "misc": 0.0
    },
    "demand_misses": {
        "total": 594896.2307692308,
        "instrn": 0.0,
        "data": 594896.2307692308,
        "read": 479520.23076923075,
        "write": 115376.0,
        "misc": 0.0
    },
    "demand_miss_rate": {
        "total": 0.08706153846153845,
        "instrn": 0.0,
        "data": 0.08706153846153845,
        "read": 0.08665384615384616,
        "write": 0.08993076923076922,
        "misc": 0.0
    },
    "bytes_from_memory": 38073358.76923077,
    "bytes_to_memory": 8270877.538461538,
    "total_bytes_rw_mem": 46344236.307692304
}