{
    "demand_fetches": {
        "total": 14605860.461538462,
        "instrn": 0.0,
        "data": 14605860.461538462,
        "read": 11120620.153846154,
        "write": 3485240.3076923075,
        "misc": 0.0
    },
    "demand_misses": {
        "total": 4035375.0,
        "instrn": 0.0,
        "data": 4035375.0,
        "read": 2720156.846153846,
        "write": 1315218.1538461538,
        "misc": 0.0
    },
    "demand_miss_rate": {
        "total": 0.2540076923076923,
        "instrn": 0.0,
        "data": 0.2540076923076923,
        "read": 0.2246153846153846,
        "write": 0.34340000000000004,
        "misc": 0.0
    },
    "bytes_from_memory": 64566000.0,
    "bytes_to_memory": 21523451.076923076,
    "total_bytes_rw_mem": 86089451.07692307
}