{
    "demand_fetches": {
        "total": 6502652.307692308,
        "instrn": 0.0,
        "data": 6502652.307692308,
        "read": 5342057.923076923,
        "write": 1160594.3846153845,
        "misc": 0.0
    },
    "demand_misses": {
        "total": 509136.0,
        "instrn": 0.0,
        "data": 509136.0,
        "read": 398543.3846153846,
        "write": 110592.61538461539,
        "misc": 0.0
    },
    "demand_miss_rate": {
        "total": 0.07373076923076924,
        "instrn": 0.0,
        "data": 0.07373076923076924,
        "read": 0.07078461538461538,
        "write": 0.08623846153846154,
        "misc": 0.0
    },
    "bytes_from_memory": 32584704.0,
    "bytes_to_memory": 7631655.384615385,
    "total_bytes_rw_mem": 40216359.384615384
}