{
    "demand_fetches": {
        "total": 20428592.57142857,
        "instrn": 0.0,
        "data": 20428592.57142857,
        "read": 18731864.64285714,
        "write": 1696727.9285714286,
        "misc": 0.0
    },
    "demand_misses": {
        "total": 2699637.5714285714,
        "instrn": 0.0,
        "data": 2699637.5714285714,
        "read": 2467078.0714285714,
        "write": 232559.5,
        "misc": 0.0
    },
    "demand_miss_rate": {
        "total": 0.11367142857142856,
        "instrn": 0.0,
        "data": 0.11367142857142856,
        "read": 0.11293571428571429,
        "write": 0.12000000000000001,
        "misc": 0.0
    },
    "bytes_from_memory": 86388402.28571428,
    "bytes_to_memory": 8053088.0,
    "total_bytes_rw_mem": 94441490.28571428
}