{
    "demand_fetches": {
        "total": 20199630.46153846,
        "instrn": 0.0,
        "data": 20199630.46153846,
        "read": 19130452.615384616,
        "write": 1069177.8461538462,
        "misc": 0.0
    },
    "demand_misses": {
        "total": 9724663.846153846,
        "instrn": 0.0,
        "data": 9724663.846153846,
        "read": 9326143.23076923,
        "write": 398520.6153846154,
        "misc": 0.0
    },
    "demand_miss_rate": {
        "total": 0.4410538461538462,
        "instrn": 0.0,
        "data": 0.4410538461538462,
        "read": 0.4477230769230769,
        "write": 0.3496230769230769,
        "misc": 0.0
    },
    "bytes_from_memory": 155594621.53846154,
    "bytes_to_memory": 7665181.538461538,
    "total_bytes_rw_mem": 163259803.07692307
}