{
    "demand_fetches": {
        "total": 10570637.615384616,
        "instrn": 0.0,
        "data": 10570637.615384616,
        "read": 9671347.153846154,
        "write": 899290.4615384615,
        "misc": 0.0
    },
    "demand_misses": {
        "total": 881438.7692307692,
        "instrn": 0.0,
        "data": 881438.7692307692,
        "read": 796305.7692307692,
        "write": 85133.0,
        "misc": 0.0
    },
    "demand_miss_rate": {
        "total": 0.0768,
        "instrn": 0.0,
        "data": 0.0768,
        "read": 0.07565384615384614,
        "write": 0.08637692307692306,
        "misc": 0.0
    },
    "bytes_from_memory": 56412081.23076923,
    "bytes_to_memory": 5893932.307692308,
    "total_bytes_rw_mem": 62306013.538461536
}