{
    "demand_fetches": {
        "total": 11374302.642857144,
        "instrn": 0.0,
        "data": 11374302.642857144,
        "read": 9542977.785714285,
        "write": 1831324.857142857,
        "misc": 0.0
    },
    "demand_misses": {
        "total": 4832783.0,
        "instrn": 0.0,
        "data": 4832783.0,
        "read": 4067573.4285714286,
        "write": 765209.5714285715,
        "misc": 0.0
    },
    "demand_miss_rate": {
        "total": 0.36160714285714285,
        "instrn": 0.0,
        "data": 0.36160714285714285,
        "read": 0.36329285714285714,
        "write": 0.3540142857142858,
        "misc": 0.0
    },
    "bytes_from_memory": 77324528.0,
    "bytes_to_memory": 13811189.714285715,
    "total_bytes_rw_mem": 91135717.71428572
}