{
    "demand_fetches": {
        "total": 11374302.642857144,
        "instrn": 0.0,
        "data": 11374302.642857144,
        "read": 9542977.785714285,
        "write": 1831324.857142857,
        "misc": 0.0
    },
    "demand_misses": {
        "total": 790165.7142857143,
        "instrn": 0.0,
        "data": 790165.7142857143,
        "read": 617461.9285714285,
        "write": 172703.7857142857,
        "misc": 0.0
    },
    "demand_miss_rate": {
        "total": 0.060099999999999994,
        "instrn": 0.0,
        "data": 0.060099999999999994,
        "read": 0.05599285714285714,
        "write": 0.07972142857142858,
        "misc": 0.0
    },
    "bytes_from_memory": 50570605.71428572,
    "bytes_to_memory": 11482317.714285715,
    "total_bytes_rw_mem": 62052923.428571425
}