{
    "demand_fetches": {
        "total": 11374302.642857144,
        "instrn": 0.0,
        "data": 11374302.642857144,
        "read": 9542977.785714285,
        "write": 1831324.857142857,
        "misc": 0.0
    },
    "demand_misses": {
        "total": 2531095.3571428573,
        "instrn": 0.0,
        "data": 2531095.3571428573,
        "read": 2130722.785714286,
        "write": 400372.5714285714,
        "misc": 0.0
    },
    "demand_miss_rate": {
        "total": 0.19054285714285715,
        "instrn": 0.0,
        "data": 0.19054285714285715,
        "read": 0.1919,
        "write": 0.18475714285714287,
        "misc": 0.0
    },
    "bytes_from_memory": 80995051.42857143,
    "bytes_to_memory": 14773156.57142857,
    "total_bytes_rw_mem": 95768208.0
}