{
    "demand_fetches": {
        "total": 14605860.461538462,
        "instrn": 0.0,
        "data": 14605860.461538462,
        "read": 11120620.153846154,
        "write": 3485240.3076923075,
        "misc": 0.0
    },
    "demand_misses": {
        "total": 4079034.6153846155,
        "instrn": 0.0,
        "data": 4079034.6153846155,
        "read": 2760092.769230769,
        "write": 1318941.8461538462,
        "misc": 0.0
    },
    "demand_miss_rate": {
        "total": 0.25543076923076924,
        "instrn": 0.0,
        "data": 0.25543076923076924,
        "read": 0.2260538461538462,
        "write": 0.34445384615384617,
        "misc": 0.0
    },
    "bytes_from_memory": 65264553.84615385,
    "bytes_to_memory": 21650356.923076924,
    "total_bytes_rw_mem": 86914910.76923077
}