{
    "demand_fetches": {
        "total": 19213499.92857143,
        "instrn": 0.0,
        "data": 19213499.92857143,
        "read": 18041327.5,
        "write": 1172172.4285714286,
        "misc": 0.0
    },
    "demand_misses": {
        "total": 2838793.6428571427,
        "instrn": 0.0,
        "data": 2838793.6428571427,
        "read": 2660329.5714285714,
        "write": 178464.07142857142,
        "misc": 0.0
    },
    "demand_miss_rate": {
        "total": 0.1266,
        "instrn": 0.0,
        "data": 0.1266,
        "read": 0.1259785714285714,
        "write": 0.1329357142857143,
        "misc": 0.0
    },
    "bytes_from_memory": 90841396.57142857,
    "bytes_to_memory": 6322070.857142857,
    "total_bytes_rw_mem": 97163467.42857143
}