{
    "demand_fetches": {
        "total": 85755.07142857143,
        "instrn": 0.0,
        "data": 85755.07142857143,
        "read": 51953.0,
        "write": 33802.07142857143,
        "misc": 0.0
    },
    "demand_misses": {
        "total": 37509.42857142857,
        "instrn": 0.0,
        "data": 37509.42857142857,
        "read": 15122.92857142857,
        "write": 22386.5,
        "misc": 0.0
    },
    "demand_miss_rate": {
        "total": 0.25097142857142857,
        "instrn": 0.0,
        "data": 0.25097142857142857,
        "read": 0.17914285714285713,
        "write": 0.3690214285714286,
        "misc": 0.0
    },
    "bytes_from_memory": 1200301.7142857143,
    "bytes_to_memory": 731181.7142857143,
    "total_bytes_rw_mem": 1931483.4285714286
}