{
    "demand_fetches": {
        "total": 20199630.46153846,
        "instrn": 0.0,
        "data": 20199630.46153846,
        "read": 19130452.615384616,
        "write": 1069177.8461538462,
        "misc": 0.0
    },
    "demand_misses": {
        "total": 2924650.846153846,
        "instrn": 0.0,
        "data": 2924650.846153846,
        "read": 2758266.076923077,
        "write": 166384.76923076922,
        "misc": 0.0
    },
    "demand_miss_rate": {
        "total": 0.13291538461538463,
        "instrn": 0.0,
        "data": 0.13291538461538463,
        "read": 0.13183076923076922,
        "write": 0.14568461538461538,
        "misc": 0.0
    },
    "bytes_from_memory": 93588827.07692307,
    "bytes_to_memory": 5718801.230769231,
    "total_bytes_rw_mem": 99307628.3076923
}