{
    "demand_fetches": {
        "total": 5592432.076923077,
        "instrn": 0.0,
        "data": 5592432.076923077,
        "read": 4987094.692307692,
        "write": 605337.3846153846,
        "misc": 0.0
    },
    "demand_misses": {
        "total": 1318852.5384615385,
        "instrn": 0.0,
        "data": 1318852.5384615385,
        "read": 1202606.6153846155,
        "write": 116245.92307692308,
        "misc": 0.0
    },
    "demand_miss_rate": {
        "total": 0.2130923076923077,
        "instrn": 0.0,
        "data": 0.2130923076923077,
        "read": 0.21937692307692308,
        "write": 0.17587692307692307,
        "misc": 0.0
    },
    "bytes_from_memory": 42203281.23076923,
    "bytes_to_memory": 4052283.076923077,
    "total_bytes_rw_mem": 46255564.307692304
}