{
    "demand_fetches": {
        "total": 30488086.615384616,
        "instrn": 0.0,
        "data": 30488086.615384616,
        "read": 24886322.692307692,
        "write": 5601763.923076923,
        "misc": 0.0
    },
    "demand_misses": {
        "total": 1863067.3076923077,
        "instrn": 0.0,
        "data": 1863067.3076923077,
        "read": 1246787.3076923077,
        "write": 616280.0,
        "misc": 0.0
    },
    "demand_miss_rate": {
        "total": 0.05540769230769231,
        "instrn": 0.0,
        "data": 0.05540769230769231,
        "read": 0.045076923076923084,
        "write": 0.09938461538461539,
        "misc": 0.0
    },
    "bytes_from_memory": 119236307.6923077,
    "bytes_to_memory": 40571180.307692304,
    "total_bytes_rw_mem": 159807488.0
}