{
    "demand_fetches": {
        "total": 13819035.384615384,
        "instrn": 0.0,
        "data": 13819035.384615384,
        "read": 12510103.538461538,
        "write": 1308931.8461538462,
        "misc": 0.0
    },
    "demand_misses": {
        "total": 6662931.230769231,
        "instrn": 0.0,
        "data": 6662931.230769231,
        "read": 6123939.307692308,
        "write": 538991.9230769231,
        "misc": 0.0
    },
    "demand_miss_rate": {
        "total": 0.47602307692307694,
        "instrn": 0.0,
        "data": 0.47602307692307694,
        "read": 0.48483846153846155,
        "write": 0.4090153846153846,
        "misc": 0.0
    },
    "bytes_from_memory": 106606899.6923077,
    "bytes_to_memory": 9618041.846153846,
    "total_bytes_rw_mem": 116224941.53846154
}