{
    "demand_fetches": {
        "total": 10361724.57142857,
        "instrn": 0.0,
        "data": 10361724.57142857,
        "read": 9180187.714285715,
        "write": 1181536.857142857,
        "misc": 0.0
    },
    "demand_misses": {
        "total": 2257367.4285714286,
        "instrn": 0.0,
        "data": 2257367.4285714286,
        "read": 2008160.142857143,
        "write": 249207.2857142857,
        "misc": 0.0
    },
    "demand_miss_rate": {
        "total": 0.18459285714285714,
        "instrn": 0.0,
        "data": 0.18459285714285714,
        "read": 0.18566428571428575,
        "write": 0.17792142857142856,
        "misc": 0.0
    },
    "bytes_from_memory": 72235757.71428572,
    "bytes_to_memory": 9041746.285714285,
    "total_bytes_rw_mem": 81277504.0
}