{
    "demand_fetches": {
        "total": 13819035.384615384,
        "instrn": 0.0,
        "data": 13819035.384615384,
        "read": 12510103.538461538,
        "write": 1308931.8461538462,
        "misc": 0.0
    },
    "demand_misses": {
        "total": 3333755.5384615385,
        "instrn": 0.0,
        "data": 3333755.5384615385,
        "read": 3060741.3846153845,
        "write": 273014.1538461539,
        "misc": 0.0
    },
    "demand_miss_rate": {
        "total": 0.23639230769230773,
        "instrn": 0.0,
        "data": 0.23639230769230773,
        "read": 0.24036153846153846,
        "write": 0.20573076923076922,
        "misc": 0.0
    },
    "bytes_from_memory": 106680177.23076923,
    "bytes_to_memory": 9878114.461538462,
    "total_bytes_rw_mem": 116558291.6923077
}