{
    "demand_fetches": {
        "total": 5147746.0,
        "instrn": 0.0,
        "data": 5147746.0,
        "read": 4619092.142857143,
        "write": 528653.8571428572,
        "misc": 0.0
    },
    "demand_misses": {
        "total": 2397567.285714286,
        "instrn": 0.0,
        "data": 2397567.285714286,
        "read": 2193834.9285714286,
        "write": 203732.35714285713,
        "misc": 0.0
    },
    "demand_miss_rate": {
        "total": 0.3880357142857143,
        "instrn": 0.0,
        "data": 0.3880357142857143,
        "read": 0.39729285714285706,
        "write": 0.32718571428571425,
        "misc": 0.0
    },
    "bytes_from_memory": 38361076.571428575,
    "bytes_to_memory": 3472237.714285714,
    "total_bytes_rw_mem": 41833314.28571428
}