{
    "demand_fetches": {
        "total": 22952323.07142857,
        "instrn": 0.0,
        "data": 22952323.07142857,
        "read": 20137638.35714286,
        "write": 2814684.714285714,
        "misc": 0.0
    },
    "demand_misses": {
        "total": 3707170.6428571427,
        "instrn": 0.0,
        "data": 3707170.6428571427,
        "read": 3269181.4285714286,
        "write": 437989.21428571426,
        "misc": 0.0
    },
    "demand_miss_rate": {
        "total": 0.13882142857142857,
        "instrn": 0.0,
        "data": 0.13882142857142857,
        "read": 0.13945,
        "write": 0.13460000000000003,
        "misc": 0.0
    },
    "bytes_from_memory": 118629460.57142857,
    "bytes_to_memory": 16883538.285714287,
    "total_bytes_rw_mem": 135512998.85714287
}