{
    "demand_fetches": {
        "total": 19214001.5,
        "instrn": 0.0,
        "data": 19214001.5,
        "read": 18041581.714285713,
        "write": 1172419.7857142857,
        "misc": 0.0
    },
    "demand_misses": {
        "total": 2813867.4285714286,
        "instrn": 0.0,
        "data": 2813867.4285714286,
        "read": 2637398.714285714,
        "write": 176468.7142857143,
        "misc": 0.0
    },
    "demand_miss_rate": {
        "total": 0.1252714285714286,
        "instrn": 0.0,
        "data": 0.1252714285714286,
        "read": 0.12466428571428571,
        "write": 0.1315285714285714,
        "misc": 0.0
    },
    "bytes_from_memory": 90043757.71428572,
    "bytes_to_memory": 6191990.857142857,
    "total_bytes_rw_mem": 96235748.57142857
}