{
    "l1-i_dcaches": {
        "demand_fetches": {
            "total": 35629472.0,
            "instrn": 0.0,
            "data": 35629472.0,
            "read": 29104929.0,
            "write": 6524543.0,
            "misc": 0.0
        },
        "demand_misses": {
            "total": 6962014.0,
            "instrn": 0.0,
            "data": 6962014.0,
            "read": 5757651.5,
            "write": 1204362.5,
            "misc": 0.0
        },
        "demand_miss_rate": {
            "total": 0.0977,
            "instrn": 0.0,
            "data": 0.0977,
            "read": 0.0989,
            "write": 0.0923,
            "misc": 0.0
        },
        "bytes_from_memory": 222784448.0,
        "bytes_to_memory": 40226976.0,
        "total_bytes_rw_mem": 263011424.0
    },
    "l2-ucache": {
        "demand_fetches": {
            "total": 8219107.0,
            "instrn": 0.0,
            "data": 8219107.0,
            "read": 6962014.0,
            "write": 1257093.0,
            "misc": 0.0
        },
        "demand_misses": {
            "total": 3380854.0,
            "instrn": 0.0,
            "data": 3380854.0,
            "read": 3374033.0,
            "write": 6821.0,
            "misc": 0.0
        },
        "demand_miss_rate": {
            "total": 0.20565,
            "instrn": 0.0,
            "data": 0.20565,
            "read": 0.2423,
            "write": 0.0027,
            "misc": 0.0
        },
        "bytes_from_memory": 216374656.0,
        "bytes_to_memory": 72360832.0,
        "total_bytes_rw_mem": 288735488.0
    }
}