{
    "demand_fetches": {
        "total": 11374302.642857144,
        "instrn": 0.0,
        "data": 11374302.642857144,
        "read": 9542977.785714285,
        "write": 1831324.857142857,
        "misc": 0.0
    },
    "demand_misses": {
        "total": 3240919.5,
        "instrn": 0.0,
        "data": 3240919.5,
        "read": 2550912.285714286,
        "write": 690007.2142857143,
        "misc": 0.0
    },
    "demand_miss_rate": {
        "total": 0.24484285714285714,
        "instrn": 0.0,
        "data": 0.24484285714285714,
        "read": 0.22941428571428576,
        "write": 0.3185714285714286,
        "misc": 0.0
    },
    "bytes_from_memory": 51854712.0,
    "bytes_to_memory": 11342881.142857144,
    "total_bytes_rw_mem": 63197593.14285714
}