{
    "demand_fetches": {
        "total": 9909068.142857144,
        "instrn": 0.0,
        "data": 9909068.142857144,
        "read": 9015900.142857144,
        "write": 893168.0,
        "misc": 0.0
    },
    "demand_misses": {
        "total": 4703676.071428572,
        "instrn": 0.0,
        "data": 4703676.071428572,
        "read": 4345297.571428572,
        "write": 358378.5,
        "misc": 0.0
    },
    "demand_miss_rate": {
        "total": 0.3989214285714286,
        "instrn": 0.0,
        "data": 0.3989214285714286,
        "read": 0.4062142857142858,
        "write": 0.3410071428571429,
        "misc": 0.0
    },
    "bytes_from_memory": 75258817.14285715,
    "bytes_to_memory": 6289460.571428572,
    "total_bytes_rw_mem": 81548277.71428572
}