{
    "demand_fetches": {
        "total": 10538876.538461538,
        "instrn": 0.0,
        "data": 10538876.538461538,
        "read": 9658823.923076924,
        "write": 880052.6153846154,
        "misc": 0.0
    },
    "demand_misses": {
        "total": 1295822.4615384615,
        "instrn": 0.0,
        "data": 1295822.4615384615,
        "read": 1203648.2307692308,
        "write": 92174.23076923077,
        "misc": 0.0
    },
    "demand_miss_rate": {
        "total": 0.11320769230769229,
        "instrn": 0.0,
        "data": 0.11320769230769229,
        "read": 0.1154,
        "write": 0.09605384615384614,
        "misc": 0.0
    },
    "bytes_from_memory": 82932637.53846154,
    "bytes_to_memory": 6999054.769230769,
    "total_bytes_rw_mem": 89931692.3076923
}