{
    "demand_fetches": {
        "total": 6489888.133333334,
        "instrn": 0.0,
        "data": 6489888.133333334,
        "read": 5659406.0,
        "write": 830482.1333333333,
        "misc": 0.0
    },
    "demand_misses": {
        "total": 1139881.4666666666,
        "instrn": 0.0,
        "data": 1139881.4666666666,
        "read": 978346.0,
        "write": 161535.46666666667,
        "misc": 0.0
    },
    "demand_miss_rate": {
        "total": 0.15185333333333334,
        "instrn": 0.0,
        "data": 0.15185333333333334,
        "read": 0.14951333333333333,
        "write": 0.16577333333333336,
        "misc": 0.0
    },
    "bytes_from_memory": 36476206.93333333,
    "bytes_to_memory": 5577243.733333333,
    "total_bytes_rw_mem": 42053450.666666664
}