{
    "power": {
        "0x40": 803.8816516233768,
        "0x41": 5.008281298701424,
        "0x44": 1694.7838595454532,
        "0x45": 868.1531194155805,
        "0x48": 1010.4545284415481,
        "0x4c": 595.9256718831211
    },
    "current": {
        "0x40": 161.02308948051908,
        "0x41": -0.5402728571428557,
        "0x44": 511.15586318182096,
        "0x45": 860.3665177272721,
        "0x48": 563.836698701297,
        "0x4c": 398.88879461038704
    },
    "energy": {
        "0x40": 17594.268916599915,
        "0x41": 109.53109239999881,
        "0x44": 37091.62685810021,
        "0x45": 19000.45739500003,
        "0x48": 22114.912184700013,
        "0x4c": 13042.890933799912
    }
}