{
    "demand_fetches": {
        "total": 14605860.461538462,
        "instrn": 0.0,
        "data": 14605860.461538462,
        "read": 11120620.153846154,
        "write": 3485240.3076923075,
        "misc": 0.0
    },
    "demand_misses": {
        "total": 4321222.076923077,
        "instrn": 0.0,
        "data": 4321222.076923077,
        "read": 2985904.6153846155,
        "write": 1335317.4615384615,
        "misc": 0.0
    },
    "demand_miss_rate": {
        "total": 0.27308461538461537,
        "instrn": 0.0,
        "data": 0.27308461538461537,
        "read": 0.2481307692307692,
        "write": 0.3491307692307692,
        "misc": 0.0
    },
    "bytes_from_memory": 69139553.23076923,
    "bytes_to_memory": 22154993.230769232,
    "total_bytes_rw_mem": 91294546.46153846
}