{
    "demand_fetches": {
        "total": 20428592.57142857,
        "instrn": 0.0,
        "data": 20428592.57142857,
        "read": 18731864.64285714,
        "write": 1696727.9285714286,
        "misc": 0.0
    },
    "demand_misses": {
        "total": 2680330.285714286,
        "instrn": 0.0,
        "data": 2680330.285714286,
        "read": 2449258.785714286,
        "write": 231071.5,
        "misc": 0.0
    },
    "demand_miss_rate": {
        "total": 0.11268571428571428,
        "instrn": 0.0,
        "data": 0.11268571428571428,
        "read": 0.11194285714285715,
        "write": 0.11922142857142858,
        "misc": 0.0
    },
    "bytes_from_memory": 85770569.14285715,
    "bytes_to_memory": 7964539.428571428,
    "total_bytes_rw_mem": 93735108.57142857
}