{
    "demand_fetches": {
        "total": 5213475.357142857,
        "instrn": 0.0,
        "data": 5213475.357142857,
        "read": 4637549.0,
        "write": 575926.3571428572,
        "misc": 0.0
    },
    "demand_misses": {
        "total": 603923.2142857143,
        "instrn": 0.0,
        "data": 603923.2142857143,
        "read": 548900.3571428572,
        "write": 55022.857142857145,
        "misc": 0.0
    },
    "demand_miss_rate": {
        "total": 0.09615714285714284,
        "instrn": 0.0,
        "data": 0.09615714285714284,
        "read": 0.09862142857142861,
        "write": 0.08115714285714284,
        "misc": 0.0
    },
    "bytes_from_memory": 38651085.71428572,
    "bytes_to_memory": 3900768.0,
    "total_bytes_rw_mem": 42551853.71428572
}