{
    "demand_fetches": {
        "total": 4865898.266666667,
        "instrn": 0.0,
        "data": 4865898.266666667,
        "read": 4337913.4,
        "write": 527984.8666666667,
        "misc": 0.0
    },
    "demand_misses": {
        "total": 858043.0666666667,
        "instrn": 0.0,
        "data": 858043.0666666667,
        "read": 757284.6666666666,
        "write": 100758.4,
        "misc": 0.0
    },
    "demand_miss_rate": {
        "total": 0.14047333333333334,
        "instrn": 0.0,
        "data": 0.14047333333333334,
        "read": 0.13899333333333333,
        "write": 0.15053333333333332,
        "misc": 0.0
    },
    "bytes_from_memory": 27457378.133333333,
    "bytes_to_memory": 3439372.8,
    "total_bytes_rw_mem": 30896750.933333334
}