{
    "demand_fetches": {
        "total": 45098.357142857145,
        "instrn": 0.0,
        "data": 45098.357142857145,
        "read": 27033.5,
        "write": 18064.85714285714,
        "misc": 0.0
    },
    "demand_misses": {
        "total": 13180.214285714286,
        "instrn": 0.0,
        "data": 13180.214285714286,
        "read": 4527.928571428572,
        "write": 8652.285714285714,
        "misc": 0.0
    },
    "demand_miss_rate": {
        "total": 0.19751428571428575,
        "instrn": 0.0,
        "data": 0.19751428571428575,
        "read": 0.13718571428571427,
        "write": 0.28522857142857144,
        "misc": 0.0
    },
    "bytes_from_memory": 421766.85714285716,
    "bytes_to_memory": 289885.71428571426,
    "total_bytes_rw_mem": 711652.5714285715
}