{
    "demand_fetches": {
        "total": 5213328.142857143,
        "instrn": 0.0,
        "data": 5213328.142857143,
        "read": 4637458.142857143,
        "write": 575870.0,
        "misc": 0.0
    },
    "demand_misses": {
        "total": 2371702.3571428573,
        "instrn": 0.0,
        "data": 2371702.3571428573,
        "read": 2156681.0714285714,
        "write": 215021.2857142857,
        "misc": 0.0
    },
    "demand_miss_rate": {
        "total": 0.37495,
        "instrn": 0.0,
        "data": 0.37495,
        "read": 0.3839928571428572,
        "write": 0.3175071428571429,
        "misc": 0.0
    },
    "bytes_from_memory": 37947237.71428572,
    "bytes_to_memory": 3616182.8571428573,
    "total_bytes_rw_mem": 41563420.571428575
}