{
    "demand_fetches": {
        "total": 10538876.538461538,
        "instrn": 0.0,
        "data": 10538876.538461538,
        "read": 9658823.923076924,
        "write": 880052.6153846154,
        "misc": 0.0
    },
    "demand_misses": {
        "total": 1315126.923076923,
        "instrn": 0.0,
        "data": 1315126.923076923,
        "read": 1220506.0,
        "write": 94620.92307692308,
        "misc": 0.0
    },
    "demand_miss_rate": {
        "total": 0.1151,
        "instrn": 0.0,
        "data": 0.1151,
        "read": 0.11719230769230769,
        "write": 0.09885384615384615,
        "misc": 0.0
    },
    "bytes_from_memory": 84168123.07692307,
    "bytes_to_memory": 7269440.0,
    "total_bytes_rw_mem": 91437563.07692307
}