{
    "demand_fetches": {
        "total": 9802103.142857144,
        "instrn": 0.0,
        "data": 9802103.142857144,
        "read": 8971251.642857144,
        "write": 830851.5,
        "misc": 0.0
    },
    "demand_misses": {
        "total": 4559223.571428572,
        "instrn": 0.0,
        "data": 4559223.571428572,
        "read": 4240514.928571428,
        "write": 318708.64285714284,
        "misc": 0.0
    },
    "demand_miss_rate": {
        "total": 0.3898357142857143,
        "instrn": 0.0,
        "data": 0.3898357142857143,
        "read": 0.3967571428571429,
        "write": 0.32758571428571426,
        "misc": 0.0
    },
    "bytes_from_memory": 72947577.14285715,
    "bytes_to_memory": 5479566.857142857,
    "total_bytes_rw_mem": 78427144.0
}