{
    "demand_fetches": {
        "total": 9909068.142857144,
        "instrn": 0.0,
        "data": 9909068.142857144,
        "read": 9015900.142857144,
        "write": 893168.0,
        "misc": 0.0
    },
    "demand_misses": {
        "total": 765298.6428571428,
        "instrn": 0.0,
        "data": 765298.6428571428,
        "read": 681425.7142857143,
        "write": 83872.92857142857,
        "misc": 0.0
    },
    "demand_miss_rate": {
        "total": 0.06647142857142857,
        "instrn": 0.0,
        "data": 0.06647142857142857,
        "read": 0.06485714285714286,
        "write": 0.07947857142857143,
        "misc": 0.0
    },
    "bytes_from_memory": 48979113.14285714,
    "bytes_to_memory": 5696845.714285715,
    "total_bytes_rw_mem": 54675958.85714286
}