{
    "demand_fetches": {
        "total": 56153.21428571428,
        "instrn": 0.0,
        "data": 56153.21428571428,
        "read": 39110.142857142855,
        "write": 17043.071428571428,
        "misc": 0.0
    },
    "demand_misses": {
        "total": 11329.57142857143,
        "instrn": 0.0,
        "data": 11329.57142857143,
        "read": 6165.357142857143,
        "write": 5164.214285714285,
        "misc": 0.0
    },
    "demand_miss_rate": {
        "total": 0.15003571428571427,
        "instrn": 0.0,
        "data": 0.15003571428571427,
        "read": 0.12359285714285714,
        "write": 0.2108142857142857,
        "misc": 0.0
    },
    "bytes_from_memory": 181273.14285714287,
    "bytes_to_memory": 92586.28571428571,
    "total_bytes_rw_mem": 273859.4285714286
}