{
    "demand_fetches": {
        "total": 6502652.307692308,
        "instrn": 0.0,
        "data": 6502652.307692308,
        "read": 5342057.923076923,
        "write": 1160594.3846153845,
        "misc": 0.0
    },
    "demand_misses": {
        "total": 2884452.4615384615,
        "instrn": 0.0,
        "data": 2884452.4615384615,
        "read": 2411655.0,
        "write": 472797.46153846156,
        "misc": 0.0
    },
    "demand_miss_rate": {
        "total": 0.40366153846153846,
        "instrn": 0.0,
        "data": 0.40366153846153846,
        "read": 0.41231538461538464,
        "write": 0.3690307692307692,
        "misc": 0.0
    },
    "bytes_from_memory": 46151239.384615384,
    "bytes_to_memory": 8452998.153846154,
    "total_bytes_rw_mem": 54604237.538461536
}