{
    "demand_fetches": {
        "total": 9774315.714285715,
        "instrn": 0.0,
        "data": 9774315.714285715,
        "read": 8964283.0,
        "write": 810032.7142857143,
        "misc": 0.0
    },
    "demand_misses": {
        "total": 1167558.7857142857,
        "instrn": 0.0,
        "data": 1167558.7857142857,
        "read": 1086156.5,
        "write": 81402.28571428571,
        "misc": 0.0
    },
    "demand_miss_rate": {
        "total": 0.10004285714285714,
        "instrn": 0.0,
        "data": 0.10004285714285714,
        "read": 0.10180714285714286,
        "write": 0.08524285714285713,
        "misc": 0.0
    },
    "bytes_from_memory": 74723762.28571428,
    "bytes_to_memory": 6003268.571428572,
    "total_bytes_rw_mem": 80727030.85714285
}