{
    "demand_fetches": {
        "total": 13228859.285714285,
        "instrn": 0.0,
        "data": 13228859.285714285,
        "read": 11759523.07142857,
        "write": 1469336.2142857143,
        "misc": 0.0
    },
    "demand_misses": {
        "total": 1173647.9285714286,
        "instrn": 0.0,
        "data": 1173647.9285714286,
        "read": 1025160.2857142857,
        "write": 148487.64285714287,
        "misc": 0.0
    },
    "demand_miss_rate": {
        "total": 0.08192857142857143,
        "instrn": 0.0,
        "data": 0.08192857142857143,
        "read": 0.08042142857142857,
        "write": 0.09248571428571427,
        "misc": 0.0
    },
    "bytes_from_memory": 75113467.42857143,
    "bytes_to_memory": 10596525.714285715,
    "total_bytes_rw_mem": 85709993.14285715
}