{
    "demand_fetches": {
        "total": 20330162.076923076,
        "instrn": 0.0,
        "data": 20330162.076923076,
        "read": 19211134.46153846,
        "write": 1119027.6153846155,
        "misc": 0.0
    },
    "demand_misses": {
        "total": 3219330.846153846,
        "instrn": 0.0,
        "data": 3219330.846153846,
        "read": 3039214.6153846155,
        "write": 180116.23076923078,
        "misc": 0.0
    },
    "demand_miss_rate": {
        "total": 0.1454923076923077,
        "instrn": 0.0,
        "data": 0.1454923076923077,
        "read": 0.14496153846153845,
        "write": 0.15088461538461537,
        "misc": 0.0
    },
    "bytes_from_memory": 103018587.07692307,
    "bytes_to_memory": 6445698.461538462,
    "total_bytes_rw_mem": 109464285.53846154
}