{
    "demand_fetches": {
        "total": 20428592.57142857,
        "instrn": 0.0,
        "data": 20428592.57142857,
        "read": 18731864.64285714,
        "write": 1696727.9285714286,
        "misc": 0.0
    },
    "demand_misses": {
        "total": 2685621.214285714,
        "instrn": 0.0,
        "data": 2685621.214285714,
        "read": 2454138.0,
        "write": 231483.2142857143,
        "misc": 0.0
    },
    "demand_miss_rate": {
        "total": 0.11295714285714287,
        "instrn": 0.0,
        "data": 0.11295714285714287,
        "read": 0.11222857142857141,
        "write": 0.11944285714285714,
        "misc": 0.0
    },
    "bytes_from_memory": 85939878.85714285,
    "bytes_to_memory": 7990464.0,
    "total_bytes_rw_mem": 93930342.85714285
}