{
    "demand_fetches": {
        "total": 165444.42857142858,
        "instrn": 0.0,
        "data": 165444.42857142858,
        "read": 88587.14285714286,
        "write": 76857.28571428571,
        "misc": 0.0
    },
    "demand_misses": {
        "total": 116651.35714285714,
        "instrn": 0.0,
        "data": 116651.35714285714,
        "read": 54133.857142857145,
        "write": 62517.5,
        "misc": 0.0
    },
    "demand_miss_rate": {
        "total": 0.4691857142857144,
        "instrn": 0.0,
        "data": 0.4691857142857144,
        "read": 0.44362142857142856,
        "write": 0.4774500000000001,
        "misc": 0.0
    },
    "bytes_from_memory": 3732843.4285714286,
    "bytes_to_memory": 2019616.0,
    "total_bytes_rw_mem": 5752459.428571428
}