{
    "demand_fetches": {
        "total": 26140940.35714286,
        "instrn": 0.0,
        "data": 26140940.35714286,
        "read": 24017767.14285714,
        "write": 2123173.214285714,
        "misc": 0.0
    },
    "demand_misses": {
        "total": 3439740.5,
        "instrn": 0.0,
        "data": 3439740.5,
        "read": 3151028.4285714286,
        "write": 288712.0714285714,
        "misc": 0.0
    },
    "demand_miss_rate": {
        "total": 0.12239285714285715,
        "instrn": 0.0,
        "data": 0.12239285714285715,
        "read": 0.12164285714285712,
        "write": 0.12902857142857144,
        "misc": 0.0
    },
    "bytes_from_memory": 110071696.0,
    "bytes_to_memory": 9966843.42857143,
    "total_bytes_rw_mem": 120038539.42857143
}