{
    "demand_fetches": {
        "total": 5147154.857142857,
        "instrn": 0.0,
        "data": 5147154.857142857,
        "read": 4618732.214285715,
        "write": 528422.6428571428,
        "misc": 0.0
    },
    "demand_misses": {
        "total": 1012070.9285714285,
        "instrn": 0.0,
        "data": 1012070.9285714285,
        "read": 910669.4285714285,
        "write": 101401.5,
        "misc": 0.0
    },
    "demand_miss_rate": {
        "total": 0.16624285714285714,
        "instrn": 0.0,
        "data": 0.16624285714285714,
        "read": 0.16687857142857143,
        "write": 0.16242142857142858,
        "misc": 0.0
    },
    "bytes_from_memory": 32386269.714285713,
    "bytes_to_memory": 3494987.4285714286,
    "total_bytes_rw_mem": 35881257.14285714
}