{
    "demand_fetches": {
        "total": 5213475.357142857,
        "instrn": 0.0,
        "data": 5213475.357142857,
        "read": 4637549.0,
        "write": 575926.3571428572,
        "misc": 0.0
    },
    "demand_misses": {
        "total": 1086488.5,
        "instrn": 0.0,
        "data": 1086488.5,
        "read": 980147.7857142857,
        "write": 106340.71428571429,
        "misc": 0.0
    },
    "demand_miss_rate": {
        "total": 0.17260000000000003,
        "instrn": 0.0,
        "data": 0.17260000000000003,
        "read": 0.17501428571428576,
        "write": 0.15659285714285714,
        "misc": 0.0
    },
    "bytes_from_memory": 34767632.0,
    "bytes_to_memory": 3604973.714285714,
    "total_bytes_rw_mem": 38372605.71428572
}