{
    "demand_fetches": {
        "total": 9802103.142857144,
        "instrn": 0.0,
        "data": 9802103.142857144,
        "read": 8971251.642857144,
        "write": 830851.5,
        "misc": 0.0
    },
    "demand_misses": {
        "total": 4736319.142857143,
        "instrn": 0.0,
        "data": 4736319.142857143,
        "read": 4397641.714285715,
        "write": 338677.4285714286,
        "misc": 0.0
    },
    "demand_miss_rate": {
        "total": 0.40997142857142865,
        "instrn": 0.0,
        "data": 0.40997142857142865,
        "read": 0.41751428571428567,
        "write": 0.34857142857142864,
        "misc": 0.0
    },
    "bytes_from_memory": 75781106.28571428,
    "bytes_to_memory": 5943928.0,
    "total_bytes_rw_mem": 81725034.28571428
}