{
    "demand_fetches": {
        "total": 5212973.285714285,
        "instrn": 0.0,
        "data": 5212973.285714285,
        "read": 4647427.142857143,
        "write": 565546.1428571428,
        "misc": 0.0
    },
    "demand_misses": {
        "total": 2509507.9285714286,
        "instrn": 0.0,
        "data": 2509507.9285714286,
        "read": 2281662.1428571427,
        "write": 227845.7857142857,
        "misc": 0.0
    },
    "demand_miss_rate": {
        "total": 0.4070000000000001,
        "instrn": 0.0,
        "data": 0.4070000000000001,
        "read": 0.4172571428571428,
        "write": 0.3423857142857143,
        "misc": 0.0
    },
    "bytes_from_memory": 40152126.85714286,
    "bytes_to_memory": 3994622.8571428573,
    "total_bytes_rw_mem": 44146749.71428572
}