{
    "demand_fetches": {
        "total": 20330162.076923076,
        "instrn": 0.0,
        "data": 20330162.076923076,
        "read": 19211134.46153846,
        "write": 1119027.6153846155,
        "misc": 0.0
    },
    "demand_misses": {
        "total": 7164035.461538462,
        "instrn": 0.0,
        "data": 7164035.461538462,
        "read": 6799850.384615385,
        "write": 364185.07692307694,
        "misc": 0.0
    },
    "demand_miss_rate": {
        "total": 0.321523076923077,
        "instrn": 0.0,
        "data": 0.321523076923077,
        "read": 0.3223846153846154,
        "write": 0.3058846153846153,
        "misc": 0.0
    },
    "bytes_from_memory": 114624567.38461539,
    "bytes_to_memory": 6543761.230769231,
    "total_bytes_rw_mem": 121168328.61538461
}