{
    "demand_fetches": {
        "total": 10570637.615384616,
        "instrn": 0.0,
        "data": 10570637.615384616,
        "read": 9671347.153846154,
        "write": 899290.4615384615,
        "misc": 0.0
    },
    "demand_misses": {
        "total": 5018305.769230769,
        "instrn": 0.0,
        "data": 5018305.769230769,
        "read": 4659828.153846154,
        "write": 358477.6153846154,
        "misc": 0.0
    },
    "demand_miss_rate": {
        "total": 0.4317461538461539,
        "instrn": 0.0,
        "data": 0.4317461538461539,
        "read": 0.4399384615384615,
        "write": 0.3657384615384615,
        "misc": 0.0
    },
    "bytes_from_memory": 80292892.3076923,
    "bytes_to_memory": 6288507.076923077,
    "total_bytes_rw_mem": 86581399.38461539
}