{
    "demand_fetches": {
        "total": 30488086.615384616,
        "instrn": 0.0,
        "data": 30488086.615384616,
        "read": 24886322.692307692,
        "write": 5601763.923076923,
        "misc": 0.0
    },
    "demand_misses": {
        "total": 2725492.923076923,
        "instrn": 0.0,
        "data": 2725492.923076923,
        "read": 1965187.2307692308,
        "write": 760305.6923076923,
        "misc": 0.0
    },
    "demand_miss_rate": {
        "total": 0.0828,
        "instrn": 0.0,
        "data": 0.0828,
        "read": 0.07357692307692308,
        "write": 0.1224076923076923,
        "misc": 0.0
    },
    "bytes_from_memory": 174431547.07692307,
    "bytes_to_memory": 53991320.615384616,
    "total_bytes_rw_mem": 228422867.69230768
}