{
    "demand_fetches": {
        "total": 21422233.0,
        "instrn": 0.0,
        "data": 21422233.0,
        "read": 18795179.4,
        "write": 2627053.6,
        "misc": 0.0
    },
    "demand_misses": {
        "total": 2498807.533333333,
        "instrn": 0.0,
        "data": 2498807.533333333,
        "read": 2170210.8,
        "write": 328596.73333333334,
        "misc": 0.0
    },
    "demand_miss_rate": {
        "total": 0.09376000000000001,
        "instrn": 0.0,
        "data": 0.09376000000000001,
        "read": 0.09256666666666667,
        "write": 0.10154,
        "misc": 0.0
    },
    "bytes_from_memory": 79961841.06666666,
    "bytes_to_memory": 11069277.866666667,
    "total_bytes_rw_mem": 91031118.93333334
}