{
    "demand_fetches": {
        "total": 30487832.769230768,
        "instrn": 0.0,
        "data": 30487832.769230768,
        "read": 24886096.076923076,
        "write": 5601736.692307692,
        "misc": 0.0
    },
    "demand_misses": {
        "total": 6170172.538461538,
        "instrn": 0.0,
        "data": 6170172.538461538,
        "read": 4856953.384615385,
        "write": 1313219.1538461538,
        "misc": 0.0
    },
    "demand_miss_rate": {
        "total": 0.18270000000000003,
        "instrn": 0.0,
        "data": 0.18270000000000003,
        "read": 0.17440769230769232,
        "write": 0.21726923076923074,
        "misc": 0.0
    },
    "bytes_from_memory": 98722760.61538461,
    "bytes_to_memory": 21514976.0,
    "total_bytes_rw_mem": 120237736.61538461
}