{
    "demand_fetches": {
        "total": 30488086.615384616,
        "instrn": 0.0,
        "data": 30488086.615384616,
        "read": 24886322.692307692,
        "write": 5601763.923076923,
        "misc": 0.0
    },
    "demand_misses": {
        "total": 1945058.6923076923,
        "instrn": 0.0,
        "data": 1945058.6923076923,
        "read": 1318386.2307692308,
        "write": 626672.4615384615,
        "misc": 0.0
    },
    "demand_miss_rate": {
        "total": 0.05869999999999999,
        "instrn": 0.0,
        "data": 0.05869999999999999,
        "read": 0.04876923076923077,
        "write": 0.10108461538461538,
        "misc": 0.0
    },
    "bytes_from_memory": 124483756.3076923,
    "bytes_to_memory": 41793826.461538464,
    "total_bytes_rw_mem": 166277582.76923078
}