{
    "demand_fetches": {
        "total": 46138.28571428572,
        "instrn": 0.0,
        "data": 46138.28571428572,
        "read": 29109.428571428572,
        "write": 17028.85714285714,
        "misc": 0.0
    },
    "demand_misses": {
        "total": 11471.07142857143,
        "instrn": 0.0,
        "data": 11471.07142857143,
        "read": 4888.142857142857,
        "write": 6582.928571428572,
        "misc": 0.0
    },
    "demand_miss_rate": {
        "total": 0.17319285714285715,
        "instrn": 0.0,
        "data": 0.17319285714285715,
        "read": 0.12737857142857142,
        "write": 0.2533857142857142,
        "misc": 0.0
    },
    "bytes_from_memory": 183537.14285714287,
    "bytes_to_memory": 113378.28571428571,
    "total_bytes_rw_mem": 296915.4285714286
}