{
    "demand_fetches": {
        "total": 5213475.357142857,
        "instrn": 0.0,
        "data": 5213475.357142857,
        "read": 4637549.0,
        "write": 575926.3571428572,
        "misc": 0.0
    },
    "demand_misses": {
        "total": 2506382.714285714,
        "instrn": 0.0,
        "data": 2506382.714285714,
        "read": 2273310.0714285714,
        "write": 233072.64285714287,
        "misc": 0.0
    },
    "demand_miss_rate": {
        "total": 0.4055071428571429,
        "instrn": 0.0,
        "data": 0.4055071428571429,
        "read": 0.4156714285714286,
        "write": 0.34609285714285715,
        "misc": 0.0
    },
    "bytes_from_memory": 40102123.428571425,
    "bytes_to_memory": 4030992.0,
    "total_bytes_rw_mem": 44133115.428571425
}