{
    "demand_fetches": {
        "total": 5147746.0,
        "instrn": 0.0,
        "data": 5147746.0,
        "read": 4619092.142857143,
        "write": 528653.8571428572,
        "misc": 0.0
    },
    "demand_misses": {
        "total": 2059228.857142857,
        "instrn": 0.0,
        "data": 2059228.857142857,
        "read": 1859576.2857142857,
        "write": 199652.57142857142,
        "misc": 0.0
    },
    "demand_miss_rate": {
        "total": 0.33581428571428573,
        "instrn": 0.0,
        "data": 0.33581428571428573,
        "read": 0.3381785714285714,
        "write": 0.32004285714285713,
        "misc": 0.0
    },
    "bytes_from_memory": 32947661.714285713,
    "bytes_to_memory": 3360674.285714286,
    "total_bytes_rw_mem": 36308336.0
}