{
    "demand_fetches": {
        "total": 10581582.846153846,
        "instrn": 0.0,
        "data": 10581582.846153846,
        "read": 9676558.384615384,
        "write": 905024.4615384615,
        "misc": 0.0
    },
    "demand_misses": {
        "total": 5116909.615384615,
        "instrn": 0.0,
        "data": 5116909.615384615,
        "read": 4747436.153846154,
        "write": 369473.46153846156,
        "misc": 0.0
    },
    "demand_miss_rate": {
        "total": 0.4407846153846154,
        "instrn": 0.0,
        "data": 0.4407846153846154,
        "read": 0.4488846153846154,
        "write": 0.37578461538461533,
        "misc": 0.0
    },
    "bytes_from_memory": 81870553.84615384,
    "bytes_to_memory": 6539731.692307692,
    "total_bytes_rw_mem": 88410285.53846154
}