{
    "demand_fetches": {
        "total": 18681704.285714287,
        "instrn": 0.0,
        "data": 18681704.285714287,
        "read": 17715672.214285713,
        "write": 966032.0714285715,
        "misc": 0.0
    },
    "demand_misses": {
        "total": 7070782.142857143,
        "instrn": 0.0,
        "data": 7070782.142857143,
        "read": 6732242.5,
        "write": 338539.64285714284,
        "misc": 0.0
    },
    "demand_miss_rate": {
        "total": 0.31702142857142857,
        "instrn": 0.0,
        "data": 0.31702142857142857,
        "read": 0.31792142857142863,
        "write": 0.3005785714285714,
        "misc": 0.0
    },
    "bytes_from_memory": 113132514.28571428,
    "bytes_to_memory": 6268568.0,
    "total_bytes_rw_mem": 119401082.28571428
}