{
    "demand_fetches": {
        "total": 5212942.5,
        "instrn": 0.0,
        "data": 5212942.5,
        "read": 4647407.142857143,
        "write": 565535.3571428572,
        "misc": 0.0
    },
    "demand_misses": {
        "total": 1785515.7857142857,
        "instrn": 0.0,
        "data": 1785515.7857142857,
        "read": 1572942.5,
        "write": 212573.2857142857,
        "misc": 0.0
    },
    "demand_miss_rate": {
        "total": 0.2916714285714285,
        "instrn": 0.0,
        "data": 0.2916714285714285,
        "read": 0.2876428571428571,
        "write": 0.3178214285714286,
        "misc": 0.0
    },
    "bytes_from_memory": 28568252.57142857,
    "bytes_to_memory": 3552433.1428571427,
    "total_bytes_rw_mem": 32120685.714285713
}