{
    "demand_fetches": {
        "total": 6502652.307692308,
        "instrn": 0.0,
        "data": 6502652.307692308,
        "read": 5342057.923076923,
        "write": 1160594.3846153845,
        "misc": 0.0
    },
    "demand_misses": {
        "total": 2168972.3846153845,
        "instrn": 0.0,
        "data": 2168972.3846153845,
        "read": 1724027.076923077,
        "write": 444945.3076923077,
        "misc": 0.0
    },
    "demand_miss_rate": {
        "total": 0.3078769230769231,
        "instrn": 0.0,
        "data": 0.3078769230769231,
        "read": 0.2984538461538462,
        "write": 0.3476461538461538,
        "misc": 0.0
    },
    "bytes_from_memory": 34703558.15384615,
    "bytes_to_memory": 7556915.692307692,
    "total_bytes_rw_mem": 42260473.84615385
}