{
    "demand_fetches": {
        "total": 5592432.076923077,
        "instrn": 0.0,
        "data": 5592432.076923077,
        "read": 4987094.692307692,
        "write": 605337.3846153846,
        "misc": 0.0
    },
    "demand_misses": {
        "total": 2558483.230769231,
        "instrn": 0.0,
        "data": 2558483.230769231,
        "read": 2332584.153846154,
        "write": 225899.07692307694,
        "misc": 0.0
    },
    "demand_miss_rate": {
        "total": 0.40600769230769224,
        "instrn": 0.0,
        "data": 0.40600769230769224,
        "read": 0.41612307692307693,
        "write": 0.3415307692307692,
        "misc": 0.0
    },
    "bytes_from_memory": 40935731.692307696,
    "bytes_to_memory": 3793858.4615384615,
    "total_bytes_rw_mem": 44729590.15384615
}