{
    "demand_fetches": {
        "total": 5147154.857142857,
        "instrn": 0.0,
        "data": 5147154.857142857,
        "read": 4618732.214285715,
        "write": 528422.6428571428,
        "misc": 0.0
    },
    "demand_misses": {
        "total": 2480245.8571428573,
        "instrn": 0.0,
        "data": 2480245.8571428573,
        "read": 2268109.785714286,
        "write": 212136.07142857142,
        "misc": 0.0
    },
    "demand_miss_rate": {
        "total": 0.4065785714285715,
        "instrn": 0.0,
        "data": 0.4065785714285715,
        "read": 0.41656428571428566,
        "write": 0.34309285714285714,
        "misc": 0.0
    },
    "bytes_from_memory": 39683933.71428572,
    "bytes_to_memory": 3674036.5714285714,
    "total_bytes_rw_mem": 43357970.28571428
}