{
    "demand_fetches": {
        "total": 9909068.142857144,
        "instrn": 0.0,
        "data": 9909068.142857144,
        "read": 9015900.142857144,
        "write": 893168.0,
        "misc": 0.0
    },
    "demand_misses": {
        "total": 1688631.142857143,
        "instrn": 0.0,
        "data": 1688631.142857143,
        "read": 1517698.642857143,
        "write": 170932.5,
        "misc": 0.0
    },
    "demand_miss_rate": {
        "total": 0.1453357142857143,
        "instrn": 0.0,
        "data": 0.1453357142857143,
        "read": 0.14325000000000002,
        "write": 0.16204285714285713,
        "misc": 0.0
    },
    "bytes_from_memory": 54036196.571428575,
    "bytes_to_memory": 5832589.714285715,
    "total_bytes_rw_mem": 59868786.28571428
}