{
    "demand_fetches": {
        "total": 9909068.142857144,
        "instrn": 0.0,
        "data": 9909068.142857144,
        "read": 9015900.142857144,
        "write": 893168.0,
        "misc": 0.0
    },
    "demand_misses": {
        "total": 1215232.142857143,
        "instrn": 0.0,
        "data": 1215232.142857143,
        "read": 1120169.7857142857,
        "write": 95062.35714285714,
        "misc": 0.0
    },
    "demand_miss_rate": {
        "total": 0.10385,
        "instrn": 0.0,
        "data": 0.10385,
        "read": 0.10570714285714286,
        "write": 0.08991428571428572,
        "misc": 0.0
    },
    "bytes_from_memory": 77774857.14285715,
    "bytes_to_memory": 7180406.857142857,
    "total_bytes_rw_mem": 84955264.0
}