{
    "demand_fetches": {
        "total": 19213499.92857143,
        "instrn": 0.0,
        "data": 19213499.92857143,
        "read": 18041327.5,
        "write": 1172172.4285714286,
        "misc": 0.0
    },
    "demand_misses": {
        "total": 3134623.285714286,
        "instrn": 0.0,
        "data": 3134623.285714286,
        "read": 2943837.785714286,
        "write": 190785.5,
        "misc": 0.0
    },
    "demand_miss_rate": {
        "total": 0.13959285714285716,
        "instrn": 0.0,
        "data": 0.13959285714285716,
        "read": 0.1393642857142857,
        "write": 0.1415357142857143,
        "misc": 0.0
    },
    "bytes_from_memory": 100307945.14285715,
    "bytes_to_memory": 7107458.285714285,
    "total_bytes_rw_mem": 107415403.42857143
}