{
    "demand_fetches": {
        "total": 10538876.538461538,
        "instrn": 0.0,
        "data": 10538876.538461538,
        "read": 9658823.923076924,
        "write": 880052.6153846154,
        "misc": 0.0
    },
    "demand_misses": {
        "total": 2057647.076923077,
        "instrn": 0.0,
        "data": 2057647.076923077,
        "read": 1889526.6923076923,
        "write": 168120.38461538462,
        "misc": 0.0
    },
    "demand_miss_rate": {
        "total": 0.1759,
        "instrn": 0.0,
        "data": 0.1759,
        "read": 0.17593846153846154,
        "write": 0.17432307692307691,
        "misc": 0.0
    },
    "bytes_from_memory": 65844706.461538464,
    "bytes_to_memory": 5799559.384615385,
    "total_bytes_rw_mem": 71644265.84615384
}