{
    "demand_fetches": {
        "total": 19213305.85714286,
        "instrn": 0.0,
        "data": 19213305.85714286,
        "read": 18041208.5,
        "write": 1172097.357142857,
        "misc": 0.0
    },
    "demand_misses": {
        "total": 1665481.2142857143,
        "instrn": 0.0,
        "data": 1665481.2142857143,
        "read": 1528367.0714285714,
        "write": 137114.14285714287,
        "misc": 0.0
    },
    "demand_miss_rate": {
        "total": 0.07462142857142857,
        "instrn": 0.0,
        "data": 0.07462142857142857,
        "read": 0.07287142857142856,
        "write": 0.09729999999999997,
        "misc": 0.0
    },
    "bytes_from_memory": 106590797.71428572,
    "bytes_to_memory": 10197915.42857143,
    "total_bytes_rw_mem": 116788713.14285715
}