{
    "demand_fetches": {
        "total": 5291166.928571428,
        "instrn": 0.0,
        "data": 5291166.928571428,
        "read": 4662116.428571428,
        "write": 629050.5,
        "misc": 0.0
    },
    "demand_misses": {
        "total": 698442.5,
        "instrn": 0.0,
        "data": 698442.5,
        "read": 632133.7142857143,
        "write": 66308.78571428571,
        "misc": 0.0
    },
    "demand_miss_rate": {
        "total": 0.1154642857142857,
        "instrn": 0.0,
        "data": 0.1154642857142857,
        "read": 0.12045714285714286,
        "write": 0.09010714285714284,
        "misc": 0.0
    },
    "bytes_from_memory": 44700320.0,
    "bytes_to_memory": 5046491.428571428,
    "total_bytes_rw_mem": 49746811.428571425
}