{
    "demand_fetches": {
        "total": 18681704.285714287,
        "instrn": 0.0,
        "data": 18681704.285714287,
        "read": 17715672.214285713,
        "write": 966032.0714285715,
        "misc": 0.0
    },
    "demand_misses": {
        "total": 2021394.642857143,
        "instrn": 0.0,
        "data": 2021394.642857143,
        "read": 1907961.4285714286,
        "write": 113433.21428571429,
        "misc": 0.0
    },
    "demand_miss_rate": {
        "total": 0.08999285714285714,
        "instrn": 0.0,
        "data": 0.08999285714285714,
        "read": 0.08947142857142856,
        "write": 0.09711428571428571,
        "misc": 0.0
    },
    "bytes_from_memory": 129369257.14285715,
    "bytes_to_memory": 8685449.142857144,
    "total_bytes_rw_mem": 138054706.2857143
}