{
    "demand_fetches": {
        "total": 19213305.85714286,
        "instrn": 0.0,
        "data": 19213305.85714286,
        "read": 18041208.5,
        "write": 1172097.357142857,
        "misc": 0.0
    },
    "demand_misses": {
        "total": 1472382.5714285714,
        "instrn": 0.0,
        "data": 1472382.5714285714,
        "read": 1344848.2857142857,
        "write": 127534.28571428571,
        "misc": 0.0
    },
    "demand_miss_rate": {
        "total": 0.06593571428571429,
        "instrn": 0.0,
        "data": 0.06593571428571429,
        "read": 0.06399285714285716,
        "write": 0.09063571428571429,
        "misc": 0.0
    },
    "bytes_from_memory": 94232484.57142857,
    "bytes_to_memory": 8929650.285714285,
    "total_bytes_rw_mem": 103162134.85714285
}