{
    "demand_fetches": {
        "total": 22952060.35714286,
        "instrn": 0.0,
        "data": 22952060.35714286,
        "read": 20137478.0,
        "write": 2814582.3571428573,
        "misc": 0.0
    },
    "demand_misses": {
        "total": 2836046.5714285714,
        "instrn": 0.0,
        "data": 2836046.5714285714,
        "read": 2471965.6428571427,
        "write": 364080.9285714286,
        "misc": 0.0
    },
    "demand_miss_rate": {
        "total": 0.10649285714285715,
        "instrn": 0.0,
        "data": 0.10649285714285715,
        "read": 0.10555,
        "write": 0.1125357142857143,
        "misc": 0.0
    },
    "bytes_from_memory": 90753490.28571428,
    "bytes_to_memory": 12631792.0,
    "total_bytes_rw_mem": 103385282.28571428
}