{
    "demand_fetches": {
        "total": 10616309.666666666,
        "instrn": 0.0,
        "data": 10616309.666666666,
        "read": 8906967.933333334,
        "write": 1709341.7333333334,
        "misc": 0.0
    },
    "demand_misses": {
        "total": 809231.1333333333,
        "instrn": 0.0,
        "data": 809231.1333333333,
        "read": 642398.0666666667,
        "write": 166833.06666666668,
        "misc": 0.0
    },
    "demand_miss_rate": {
        "total": 0.06146666666666666,
        "instrn": 0.0,
        "data": 0.06146666666666666,
        "read": 0.058233333333333324,
        "write": 0.07702,
        "misc": 0.0
    },
    "bytes_from_memory": 51790792.53333333,
    "bytes_to_memory": 11417493.333333334,
    "total_bytes_rw_mem": 63208285.86666667
}