{
    "demand_fetches": {
        "total": 13819035.384615384,
        "instrn": 0.0,
        "data": 13819035.384615384,
        "read": 12510103.538461538,
        "write": 1308931.8461538462,
        "misc": 0.0
    },
    "demand_misses": {
        "total": 6238836.769230769,
        "instrn": 0.0,
        "data": 6238836.769230769,
        "read": 5709645.846153846,
        "write": 529190.9230769231,
        "misc": 0.0
    },
    "demand_miss_rate": {
        "total": 0.4430307692307692,
        "instrn": 0.0,
        "data": 0.4430307692307692,
        "read": 0.4484615384615385,
        "write": 0.40031538461538463,
        "misc": 0.0
    },
    "bytes_from_memory": 99821388.3076923,
    "bytes_to_memory": 9363688.615384616,
    "total_bytes_rw_mem": 109185076.92307693
}