{
    "demand_fetches": {
        "total": 10581582.846153846,
        "instrn": 0.0,
        "data": 10581582.846153846,
        "read": 9676558.384615384,
        "write": 905024.4615384615,
        "misc": 0.0
    },
    "demand_misses": {
        "total": 960256.3846153846,
        "instrn": 0.0,
        "data": 960256.3846153846,
        "read": 872386.6923076923,
        "write": 87869.69230769231,
        "misc": 0.0
    },
    "demand_miss_rate": {
        "total": 0.08312307692307694,
        "instrn": 0.0,
        "data": 0.08312307692307694,
        "read": 0.08248461538461539,
        "write": 0.0885,
        "misc": 0.0
    },
    "bytes_from_memory": 61456408.615384616,
    "bytes_to_memory": 6187544.615384615,
    "total_bytes_rw_mem": 67643953.23076923
}