{
    "demand_fetches": {
        "total": 20330162.076923076,
        "instrn": 0.0,
        "data": 20330162.076923076,
        "read": 19211134.46153846,
        "write": 1119027.6153846155,
        "misc": 0.0
    },
    "demand_misses": {
        "total": 4773154.076923077,
        "instrn": 0.0,
        "data": 4773154.076923077,
        "read": 4560236.538461538,
        "write": 212917.53846153847,
        "misc": 0.0
    },
    "demand_miss_rate": {
        "total": 0.2127923076923077,
        "instrn": 0.0,
        "data": 0.2127923076923077,
        "read": 0.21537692307692308,
        "write": 0.17656923076923076,
        "misc": 0.0
    },
    "bytes_from_memory": 152740930.46153846,
    "bytes_to_memory": 8406222.76923077,
    "total_bytes_rw_mem": 161147153.23076922
}