{
    "demand_fetches": {
        "total": 9802103.142857144,
        "instrn": 0.0,
        "data": 9802103.142857144,
        "read": 8971251.642857144,
        "write": 830851.5,
        "misc": 0.0
    },
    "demand_misses": {
        "total": 935546.4285714285,
        "instrn": 0.0,
        "data": 935546.4285714285,
        "read": 858227.3571428572,
        "write": 77319.07142857143,
        "misc": 0.0
    },
    "demand_miss_rate": {
        "total": 0.07820000000000002,
        "instrn": 0.0,
        "data": 0.07820000000000002,
        "read": 0.07789285714285714,
        "write": 0.07902142857142858,
        "misc": 0.0
    },
    "bytes_from_memory": 59874971.428571425,
    "bytes_to_memory": 5370473.142857143,
    "total_bytes_rw_mem": 65245444.571428575
}