{
    "demand_fetches": {
        "total": 6502780.692307692,
        "instrn": 0.0,
        "data": 6502780.692307692,
        "read": 5342107.153846154,
        "write": 1160673.5384615385,
        "misc": 0.0
    },
    "demand_misses": {
        "total": 1829724.076923077,
        "instrn": 0.0,
        "data": 1829724.076923077,
        "read": 1402750.076923077,
        "write": 426974.0,
        "misc": 0.0
    },
    "demand_miss_rate": {
        "total": 0.2513384615384615,
        "instrn": 0.0,
        "data": 0.2513384615384615,
        "read": 0.23096923076923076,
        "write": 0.33270769230769237,
        "misc": 0.0
    },
    "bytes_from_memory": 29275585.230769232,
    "bytes_to_memory": 7026302.769230769,
    "total_bytes_rw_mem": 36301888.0
}