{
    "demand_fetches": {
        "total": 121393.5,
        "instrn": 0.0,
        "data": 121393.5,
        "read": 81639.64285714286,
        "write": 39753.857142857145,
        "misc": 0.0
    },
    "demand_misses": {
        "total": 57699.21428571428,
        "instrn": 0.0,
        "data": 57699.21428571428,
        "read": 31848.571428571428,
        "write": 25850.64285714286,
        "misc": 0.0
    },
    "demand_miss_rate": {
        "total": 0.2966642857142857,
        "instrn": 0.0,
        "data": 0.2966642857142857,
        "read": 0.2635714285714285,
        "write": 0.3559071428571428,
        "misc": 0.0
    },
    "bytes_from_memory": 3692749.714285714,
    "bytes_to_memory": 1685636.5714285714,
    "total_bytes_rw_mem": 5378386.285714285
}