{
    "demand_fetches": {
        "total": 5574400.076923077,
        "instrn": 0.0,
        "data": 5574400.076923077,
        "read": 4982210.769230769,
        "write": 592189.3076923077,
        "misc": 0.0
    },
    "demand_misses": {
        "total": 542069.1538461539,
        "instrn": 0.0,
        "data": 542069.1538461539,
        "read": 486908.3846153846,
        "write": 55160.769230769234,
        "misc": 0.0
    },
    "demand_miss_rate": {
        "total": 0.08837692307692308,
        "instrn": 0.0,
        "data": 0.08837692307692308,
        "read": 0.08893076923076923,
        "write": 0.08498461538461538,
        "misc": 0.0
    },
    "bytes_from_memory": 34692425.84615385,
    "bytes_to_memory": 3806454.153846154,
    "total_bytes_rw_mem": 38498880.0
}