{
    "demand_fetches": {
        "total": 56153.21428571428,
        "instrn": 0.0,
        "data": 56153.21428571428,
        "read": 39110.142857142855,
        "write": 17043.071428571428,
        "misc": 0.0
    },
    "demand_misses": {
        "total": 10832.42857142857,
        "instrn": 0.0,
        "data": 10832.42857142857,
        "read": 5926.357142857143,
        "write": 4906.071428571428,
        "misc": 0.0
    },
    "demand_miss_rate": {
        "total": 0.14061428571428572,
        "instrn": 0.0,
        "data": 0.14061428571428572,
        "read": 0.11612142857142857,
        "write": 0.19756428571428572,
        "misc": 0.0
    },
    "bytes_from_memory": 346637.71428571426,
    "bytes_to_memory": 173218.2857142857,
    "total_bytes_rw_mem": 519856.0
}