{
    "demand_fetches": {
        "total": 5212973.285714285,
        "instrn": 0.0,
        "data": 5212973.285714285,
        "read": 4647427.142857143,
        "write": 565546.1428571428,
        "misc": 0.0
    },
    "demand_misses": {
        "total": 1259699.2142857143,
        "instrn": 0.0,
        "data": 1259699.2142857143,
        "read": 1145204.7142857143,
        "write": 114494.5,
        "misc": 0.0
    },
    "demand_miss_rate": {
        "total": 0.2053428571428572,
        "instrn": 0.0,
        "data": 0.2053428571428572,
        "read": 0.2110214285714286,
        "write": 0.17104285714285714,
        "misc": 0.0
    },
    "bytes_from_memory": 40310374.85714286,
    "bytes_to_memory": 4069972.5714285714,
    "total_bytes_rw_mem": 44380347.428571425
}