{
    "demand_fetches": {
        "total": 55505.57142857143,
        "instrn": 0.0,
        "data": 55505.57142857143,
        "read": 32970.71428571428,
        "write": 22534.85714285714,
        "misc": 0.0
    },
    "demand_misses": {
        "total": 17496.35714285714,
        "instrn": 0.0,
        "data": 17496.35714285714,
        "read": 4561.571428571428,
        "write": 12934.785714285714,
        "misc": 0.0
    },
    "demand_miss_rate": {
        "total": 0.21863571428571432,
        "instrn": 0.0,
        "data": 0.21863571428571432,
        "read": 0.14235714285714288,
        "write": 0.31989285714285715,
        "misc": 0.0
    },
    "bytes_from_memory": 1119766.857142857,
    "bytes_to_memory": 851620.5714285715,
    "total_bytes_rw_mem": 1971387.4285714286
}