{
    "demand_fetches": {
        "total": 24717886.384615384,
        "instrn": 0.0,
        "data": 24717886.384615384,
        "read": 21686687.46153846,
        "write": 3031198.923076923,
        "misc": 0.0
    },
    "demand_misses": {
        "total": 2828724.0,
        "instrn": 0.0,
        "data": 2828724.0,
        "read": 2455029.769230769,
        "write": 373694.23076923075,
        "misc": 0.0
    },
    "demand_miss_rate": {
        "total": 0.10627692307692309,
        "instrn": 0.0,
        "data": 0.10627692307692309,
        "read": 0.10483846153846153,
        "write": 0.11546153846153845,
        "misc": 0.0
    },
    "bytes_from_memory": 90519168.0,
    "bytes_to_memory": 12438441.846153846,
    "total_bytes_rw_mem": 102957609.84615384
}