{
    "demand_fetches": {
        "total": 20428592.57142857,
        "instrn": 0.0,
        "data": 20428592.57142857,
        "read": 18731864.64285714,
        "write": 1696727.9285714286,
        "misc": 0.0
    },
    "demand_misses": {
        "total": 1357912.7142857143,
        "instrn": 0.0,
        "data": 1357912.7142857143,
        "read": 1175513.0,
        "write": 182399.7142857143,
        "misc": 0.0
    },
    "demand_miss_rate": {
        "total": 0.05733571428571429,
        "instrn": 0.0,
        "data": 0.05733571428571429,
        "read": 0.05404285714285715,
        "write": 0.08970714285714286,
        "misc": 0.0
    },
    "bytes_from_memory": 86906413.71428572,
    "bytes_to_memory": 12198203.42857143,
    "total_bytes_rw_mem": 99104617.14285715
}