{
    "demand_fetches": {
        "total": 6953170.357142857,
        "instrn": 0.0,
        "data": 6953170.357142857,
        "read": 6063401.928571428,
        "write": 889768.4285714285,
        "misc": 0.0
    },
    "demand_misses": {
        "total": 2183256.0,
        "instrn": 0.0,
        "data": 2183256.0,
        "read": 1850052.5,
        "write": 333203.5,
        "misc": 0.0
    },
    "demand_miss_rate": {
        "total": 0.2906571428571429,
        "instrn": 0.0,
        "data": 0.2906571428571429,
        "read": 0.2816714285714286,
        "write": 0.34227857142857143,
        "misc": 0.0
    },
    "bytes_from_memory": 34932096.0,
    "bytes_to_memory": 5540673.142857143,
    "total_bytes_rw_mem": 40472769.14285714
}