{
    "demand_fetches": {
        "total": 4866617.6,
        "instrn": 0.0,
        "data": 4866617.6,
        "read": 4328744.666666667,
        "write": 537872.9333333333,
        "misc": 0.0
    },
    "demand_misses": {
        "total": 2213507.933333333,
        "instrn": 0.0,
        "data": 2213507.933333333,
        "read": 2012818.4,
        "write": 200689.53333333333,
        "misc": 0.0
    },
    "demand_miss_rate": {
        "total": 0.34987999999999997,
        "instrn": 0.0,
        "data": 0.34987999999999997,
        "read": 0.35836666666666667,
        "write": 0.2960933333333334,
        "misc": 0.0
    },
    "bytes_from_memory": 35416126.93333333,
    "bytes_to_memory": 3376989.8666666667,
    "total_bytes_rw_mem": 38793116.8
}