{
    "demand_fetches": {
        "total": 18610560.285714287,
        "instrn": 0.0,
        "data": 18610560.285714287,
        "read": 17654384.07142857,
        "write": 956176.2142857143,
        "misc": 0.0
    },
    "demand_misses": {
        "total": 2138382.0,
        "instrn": 0.0,
        "data": 2138382.0,
        "read": 2029479.5,
        "write": 108902.5,
        "misc": 0.0
    },
    "demand_miss_rate": {
        "total": 0.09314285714285715,
        "instrn": 0.0,
        "data": 0.09314285714285715,
        "read": 0.09282857142857144,
        "write": 0.09579285714285715,
        "misc": 0.0
    },
    "bytes_from_memory": 136856448.0,
    "bytes_to_memory": 8386203.428571428,
    "total_bytes_rw_mem": 145242651.42857143
}