{
    "demand_fetches": {
        "total": 5213475.357142857,
        "instrn": 0.0,
        "data": 5213475.357142857,
        "read": 4637549.0,
        "write": 575926.3571428572,
        "misc": 0.0
    },
    "demand_misses": {
        "total": 2159650.5714285714,
        "instrn": 0.0,
        "data": 2159650.5714285714,
        "read": 1947629.5714285714,
        "write": 212021.0,
        "misc": 0.0
    },
    "demand_miss_rate": {
        "total": 0.3429428571428571,
        "instrn": 0.0,
        "data": 0.3429428571428571,
        "read": 0.3473857142857143,
        "write": 0.31257857142857143,
        "misc": 0.0
    },
    "bytes_from_memory": 34554409.14285714,
    "bytes_to_memory": 3541897.1428571427,
    "total_bytes_rw_mem": 38096306.28571428
}