{
    "demand_fetches": {
        "total": 5574400.076923077,
        "instrn": 0.0,
        "data": 5574400.076923077,
        "read": 4982210.769230769,
        "write": 592189.3076923077,
        "misc": 0.0
    },
    "demand_misses": {
        "total": 1314540.6923076923,
        "instrn": 0.0,
        "data": 1314540.6923076923,
        "read": 1200405.923076923,
        "write": 114134.76923076923,
        "misc": 0.0
    },
    "demand_miss_rate": {
        "total": 0.21298461538461536,
        "instrn": 0.0,
        "data": 0.21298461538461536,
        "read": 0.21903846153846157,
        "write": 0.1762846153846154,
        "misc": 0.0
    },
    "bytes_from_memory": 42065302.15384615,
    "bytes_to_memory": 3981868.3076923075,
    "total_bytes_rw_mem": 46047170.461538464
}