{
    "demand_fetches": {
        "total": 19214001.5,
        "instrn": 0.0,
        "data": 19214001.5,
        "read": 18041581.714285713,
        "write": 1172419.7857142857,
        "misc": 0.0
    },
    "demand_misses": {
        "total": 6104693.428571428,
        "instrn": 0.0,
        "data": 6104693.428571428,
        "read": 5744412.571428572,
        "write": 360280.85714285716,
        "misc": 0.0
    },
    "demand_miss_rate": {
        "total": 0.2712714285714286,
        "instrn": 0.0,
        "data": 0.2712714285714286,
        "read": 0.2711928571428571,
        "write": 0.26907857142857144,
        "misc": 0.0
    },
    "bytes_from_memory": 97675094.85714285,
    "bytes_to_memory": 6419266.285714285,
    "total_bytes_rw_mem": 104094361.14285715
}