{
    "demand_fetches": {
        "total": 55505.57142857143,
        "instrn": 0.0,
        "data": 55505.57142857143,
        "read": 32970.71428571428,
        "write": 22534.85714285714,
        "misc": 0.0
    },
    "demand_misses": {
        "total": 17027.571428571428,
        "instrn": 0.0,
        "data": 17027.571428571428,
        "read": 4182.142857142857,
        "write": 12845.42857142857,
        "misc": 0.0
    },
    "demand_miss_rate": {
        "total": 0.20557857142857142,
        "instrn": 0.0,
        "data": 0.20557857142857142,
        "read": 0.1252785714285714,
        "write": 0.3120285714285714,
        "misc": 0.0
    },
    "bytes_from_memory": 1089764.5714285714,
    "bytes_to_memory": 843446.8571428572,
    "total_bytes_rw_mem": 1933211.4285714286
}