{
    "l1-I/Dcaches": {
        "demand_fetches": {
            "total": 20671435.692307692,
            "instrn": 0.0,
            "data": 20671435.692307692,
            "read": 19426563.53846154,
            "write": 1244872.1538461538,
            "misc": 0.0
        },
        "demand_misses": {
            "total": 6011418.076923077,
            "instrn": 0.0,
            "data": 6011418.076923077,
            "read": 5646964.769230769,
            "write": 364453.3076923077,
            "misc": 0.0
        },
        "demand_miss_rate": {
            "total": 0.26730000000000004,
            "instrn": 0.0,
            "data": 0.26730000000000004,
            "read": 0.26623076923076927,
            "write": 0.27674615384615386,
            "misc": 0.0
        },
        "bytes_from_memory": 96182689.23076923,
        "bytes_to_memory": 6299038.769230769,
        "total_bytes_rw_mem": 102481728.0
    },
    "l2-ucache": {
        "demand_fetches": {
            "total": 6405108.0,
            "instrn": 0.0,
            "data": 6405108.0,
            "read": 6011418.076923077,
            "write": 393689.92307692306,
            "misc": 0.0
        },
        "demand_misses": {
            "total": 1453739.7692307692,
            "instrn": 0.0,
            "data": 1453739.7692307692,
            "read": 1453452.3846153845,
            "write": 287.38461538461536,
            "misc": 0.0
        },
        "demand_miss_rate": {
            "total": 0.20724615384615383,
            "instrn": 0.0,
            "data": 0.20724615384615383,
            "read": 0.22472307692307691,
            "write": 0.0010384615384615387,
            "misc": 0.0
        },
        "bytes_from_memory": 93039345.23076923,
        "bytes_to_memory": 8915219.692307692,
        "total_bytes_rw_mem": 101954564.92307693
    }
}