{
    "demand_fetches": {
        "total": 6502652.307692308,
        "instrn": 0.0,
        "data": 6502652.307692308,
        "read": 5342057.923076923,
        "write": 1160594.3846153845,
        "misc": 0.0
    },
    "demand_misses": {
        "total": 603681.3076923077,
        "instrn": 0.0,
        "data": 603681.3076923077,
        "read": 485108.3846153846,
        "write": 118572.92307692308,
        "misc": 0.0
    },
    "demand_miss_rate": {
        "total": 0.0881153846153846,
        "instrn": 0.0,
        "data": 0.0881153846153846,
        "read": 0.08742307692307692,
        "write": 0.09217692307692309,
        "misc": 0.0
    },
    "bytes_from_memory": 38635603.692307696,
    "bytes_to_memory": 8484977.23076923,
    "total_bytes_rw_mem": 47120580.92307692
}