{
    "demand_fetches": {
        "total": 101905.07142857143,
        "instrn": 0.0,
        "data": 101905.07142857143,
        "read": 56726.57142857143,
        "write": 45178.5,
        "misc": 0.0
    },
    "demand_misses": {
        "total": 44322.07142857143,
        "instrn": 0.0,
        "data": 44322.07142857143,
        "read": 10039.142857142857,
        "write": 34282.92857142857,
        "misc": 0.0
    },
    "demand_miss_rate": {
        "total": 0.24675000000000002,
        "instrn": 0.0,
        "data": 0.24675000000000002,
        "read": 0.12433571428571426,
        "write": 0.4283357142857142,
        "misc": 0.0
    },
    "bytes_from_memory": 2836612.5714285714,
    "bytes_to_memory": 2217129.1428571427,
    "total_bytes_rw_mem": 5053741.714285715
}