{
    "demand_fetches": {
        "total": 14605860.461538462,
        "instrn": 0.0,
        "data": 14605860.461538462,
        "read": 11120620.153846154,
        "write": 3485240.3076923075,
        "misc": 0.0
    },
    "demand_misses": {
        "total": 3884648.076923077,
        "instrn": 0.0,
        "data": 3884648.076923077,
        "read": 2579479.6923076925,
        "write": 1305168.3846153845,
        "misc": 0.0
    },
    "demand_miss_rate": {
        "total": 0.24039230769230768,
        "instrn": 0.0,
        "data": 0.24039230769230768,
        "read": 0.20727692307692308,
        "write": 0.3404769230769231,
        "misc": 0.0
    },
    "bytes_from_memory": 62154369.23076923,
    "bytes_to_memory": 21214478.769230768,
    "total_bytes_rw_mem": 83368848.0
}