{
    "demand_fetches": {
        "total": 117406.64285714286,
        "instrn": 0.0,
        "data": 117406.64285714286,
        "read": 73725.42857142857,
        "write": 43681.21428571428,
        "misc": 0.0
    },
    "demand_misses": {
        "total": 54076.0,
        "instrn": 0.0,
        "data": 54076.0,
        "read": 29992.14285714286,
        "write": 24083.85714285714,
        "misc": 0.0
    },
    "demand_miss_rate": {
        "total": 0.3035571428571428,
        "instrn": 0.0,
        "data": 0.3035571428571428,
        "read": 0.2833428571428572,
        "write": 0.3287785714285714,
        "misc": 0.0
    },
    "bytes_from_memory": 865216.0,
    "bytes_to_memory": 400326.85714285716,
    "total_bytes_rw_mem": 1265542.857142857
}