{
    "demand_fetches": {
        "total": 5458719.785714285,
        "instrn": 0.0,
        "data": 5458719.785714285,
        "read": 4741325.428571428,
        "write": 717394.3571428572,
        "misc": 0.0
    },
    "demand_misses": {
        "total": 802731.2142857143,
        "instrn": 0.0,
        "data": 802731.2142857143,
        "read": 670076.5714285715,
        "write": 132654.64285714287,
        "misc": 0.0
    },
    "demand_miss_rate": {
        "total": 0.12691428571428573,
        "instrn": 0.0,
        "data": 0.12691428571428573,
        "read": 0.12177857142857142,
        "write": 0.1559357142857143,
        "misc": 0.0
    },
    "bytes_from_memory": 25687398.85714286,
    "bytes_to_memory": 4413140.571428572,
    "total_bytes_rw_mem": 30100539.42857143
}