{
    "demand_fetches": {
        "total": 6502652.307692308,
        "instrn": 0.0,
        "data": 6502652.307692308,
        "read": 5342057.923076923,
        "write": 1160594.3846153845,
        "misc": 0.0
    },
    "demand_misses": {
        "total": 905348.6153846154,
        "instrn": 0.0,
        "data": 905348.6153846154,
        "read": 692282.4615384615,
        "write": 213066.15384615384,
        "misc": 0.0
    },
    "demand_miss_rate": {
        "total": 0.12461538461538459,
        "instrn": 0.0,
        "data": 0.12461538461538459,
        "read": 0.11424615384615383,
        "write": 0.16603846153846155,
        "misc": 0.0
    },
    "bytes_from_memory": 28971155.692307692,
    "bytes_to_memory": 7059256.615384615,
    "total_bytes_rw_mem": 36030412.307692304
}