{
    "demand_fetches": {
        "total": 5147154.857142857,
        "instrn": 0.0,
        "data": 5147154.857142857,
        "read": 4618732.214285715,
        "write": 528422.6428571428,
        "misc": 0.0
    },
    "demand_misses": {
        "total": 1279365.7857142857,
        "instrn": 0.0,
        "data": 1279365.7857142857,
        "read": 1170992.0,
        "write": 108373.78571428571,
        "misc": 0.0
    },
    "demand_miss_rate": {
        "total": 0.21257857142857142,
        "instrn": 0.0,
        "data": 0.21257857142857142,
        "read": 0.21883571428571424,
        "write": 0.17514285714285713,
        "misc": 0.0
    },
    "bytes_from_memory": 40939705.14285714,
    "bytes_to_memory": 3906288.0,
    "total_bytes_rw_mem": 44845993.14285714
}