{
    "demand_fetches": {
        "total": 10538876.538461538,
        "instrn": 0.0,
        "data": 10538876.538461538,
        "read": 9658823.923076924,
        "write": 880052.6153846154,
        "misc": 0.0
    },
    "demand_misses": {
        "total": 4853956.923076923,
        "instrn": 0.0,
        "data": 4853956.923076923,
        "read": 4512733.846153846,
        "write": 341223.07692307694,
        "misc": 0.0
    },
    "demand_miss_rate": {
        "total": 0.4111076923076922,
        "instrn": 0.0,
        "data": 0.4111076923076922,
        "read": 0.41737692307692303,
        "write": 0.3553,
        "misc": 0.0
    },
    "bytes_from_memory": 77663310.76923077,
    "bytes_to_memory": 5896152.615384615,
    "total_bytes_rw_mem": 83559463.38461539
}