{
    "demand_fetches": {
        "total": 5212973.285714285,
        "instrn": 0.0,
        "data": 5212973.285714285,
        "read": 4647427.142857143,
        "write": 565546.1428571428,
        "misc": 0.0
    },
    "demand_misses": {
        "total": 1259336.0714285714,
        "instrn": 0.0,
        "data": 1259336.0714285714,
        "read": 1144440.9285714286,
        "write": 114895.14285714286,
        "misc": 0.0
    },
    "demand_miss_rate": {
        "total": 0.2053142857142857,
        "instrn": 0.0,
        "data": 0.2053142857142857,
        "read": 0.2108857142857143,
        "write": 0.17167142857142856,
        "misc": 0.0
    },
    "bytes_from_memory": 40298754.28571428,
    "bytes_to_memory": 4100610.285714286,
    "total_bytes_rw_mem": 44399364.571428575
}