{
    "demand_fetches": {
        "total": 46138.28571428572,
        "instrn": 0.0,
        "data": 46138.28571428572,
        "read": 29109.428571428572,
        "write": 17028.85714285714,
        "misc": 0.0
    },
    "demand_misses": {
        "total": 10805.57142857143,
        "instrn": 0.0,
        "data": 10805.57142857143,
        "read": 4692.142857142857,
        "write": 6113.428571428572,
        "misc": 0.0
    },
    "demand_miss_rate": {
        "total": 0.1582857142857143,
        "instrn": 0.0,
        "data": 0.1582857142857143,
        "read": 0.1170785714285714,
        "write": 0.23087857142857143,
        "misc": 0.0
    },
    "bytes_from_memory": 691556.5714285715,
    "bytes_to_memory": 410582.85714285716,
    "total_bytes_rw_mem": 1102139.4285714286
}