{
    "demand_fetches": {
        "total": 121393.5,
        "instrn": 0.0,
        "data": 121393.5,
        "read": 81639.64285714286,
        "write": 39753.857142857145,
        "misc": 0.0
    },
    "demand_misses": {
        "total": 73052.64285714286,
        "instrn": 0.0,
        "data": 73052.64285714286,
        "read": 46679.21428571428,
        "write": 26373.428571428572,
        "misc": 0.0
    },
    "demand_miss_rate": {
        "total": 0.3978642857142858,
        "instrn": 0.0,
        "data": 0.3978642857142858,
        "read": 0.39897857142857135,
        "write": 0.3736285714285715,
        "misc": 0.0
    },
    "bytes_from_memory": 1168842.2857142857,
    "bytes_to_memory": 433840.0,
    "total_bytes_rw_mem": 1602682.2857142857
}