{
    "demand_fetches": {
        "total": 20412821.46153846,
        "instrn": 0.0,
        "data": 20412821.46153846,
        "read": 19265828.692307692,
        "write": 1146992.7692307692,
        "misc": 0.0
    },
    "demand_misses": {
        "total": 2464784.076923077,
        "instrn": 0.0,
        "data": 2464784.076923077,
        "read": 2314164.846153846,
        "write": 150619.23076923078,
        "misc": 0.0
    },
    "demand_miss_rate": {
        "total": 0.11,
        "instrn": 0.0,
        "data": 0.11,
        "read": 0.10963846153846152,
        "write": 0.1165076923076923,
        "misc": 0.0
    },
    "bytes_from_memory": 157746180.92307693,
    "bytes_to_memory": 12142336.0,
    "total_bytes_rw_mem": 169888516.92307693
}