{
    "demand_fetches": {
        "total": 20428592.57142857,
        "instrn": 0.0,
        "data": 20428592.57142857,
        "read": 18731864.64285714,
        "write": 1696727.9285714286,
        "misc": 0.0
    },
    "demand_misses": {
        "total": 1355561.5714285714,
        "instrn": 0.0,
        "data": 1355561.5714285714,
        "read": 1173395.7857142857,
        "write": 182165.7857142857,
        "misc": 0.0
    },
    "demand_miss_rate": {
        "total": 0.05725000000000001,
        "instrn": 0.0,
        "data": 0.05725000000000001,
        "read": 0.05395714285714286,
        "write": 0.08957142857142857,
        "misc": 0.0
    },
    "bytes_from_memory": 86755940.57142857,
    "bytes_to_memory": 12172694.857142856,
    "total_bytes_rw_mem": 98928635.42857143
}