{
    "demand_fetches": {
        "total": 74984.71428571429,
        "instrn": 0.0,
        "data": 74984.71428571429,
        "read": 47629.07142857143,
        "write": 27355.64285714286,
        "misc": 0.0
    },
    "demand_misses": {
        "total": 26563.928571428572,
        "instrn": 0.0,
        "data": 26563.928571428572,
        "read": 12348.714285714286,
        "write": 14215.214285714286,
        "misc": 0.0
    },
    "demand_miss_rate": {
        "total": 0.21480714285714284,
        "instrn": 0.0,
        "data": 0.21480714285714284,
        "read": 0.16587857142857146,
        "write": 0.2994642857142857,
        "misc": 0.0
    },
    "bytes_from_memory": 1700091.4285714286,
    "bytes_to_memory": 936635.4285714285,
    "total_bytes_rw_mem": 2636726.8571428573
}