{
    "demand_fetches": {
        "total": 19214001.5,
        "instrn": 0.0,
        "data": 19214001.5,
        "read": 18041581.714285713,
        "write": 1172419.7857142857,
        "misc": 0.0
    },
    "demand_misses": {
        "total": 1665638.9285714286,
        "instrn": 0.0,
        "data": 1665638.9285714286,
        "read": 1528407.5,
        "write": 137231.42857142858,
        "misc": 0.0
    },
    "demand_miss_rate": {
        "total": 0.07462857142857142,
        "instrn": 0.0,
        "data": 0.07462857142857142,
        "read": 0.07288571428571429,
        "write": 0.09737142857142855,
        "misc": 0.0
    },
    "bytes_from_memory": 106600891.42857143,
    "bytes_to_memory": 10204745.142857144,
    "total_bytes_rw_mem": 116805636.57142857
}