{
    "demand_fetches": {
        "total": 13819035.384615384,
        "instrn": 0.0,
        "data": 13819035.384615384,
        "read": 12510103.538461538,
        "write": 1308931.8461538462,
        "misc": 0.0
    },
    "demand_misses": {
        "total": 1155281.5384615385,
        "instrn": 0.0,
        "data": 1155281.5384615385,
        "read": 1027526.2307692308,
        "write": 127755.30769230769,
        "misc": 0.0
    },
    "demand_miss_rate": {
        "total": 0.08355384615384616,
        "instrn": 0.0,
        "data": 0.08355384615384616,
        "read": 0.08192307692307692,
        "write": 0.09626923076923077,
        "misc": 0.0
    },
    "bytes_from_memory": 73938018.46153846,
    "bytes_to_memory": 8897181.538461538,
    "total_bytes_rw_mem": 82835200.0
}