{
    "demand_fetches": {
        "total": 9671492.866666667,
        "instrn": 0.0,
        "data": 9671492.866666667,
        "read": 8568500.333333334,
        "write": 1102992.5333333334,
        "misc": 0.0
    },
    "demand_misses": {
        "total": 1490860.9333333333,
        "instrn": 0.0,
        "data": 1490860.9333333333,
        "read": 1280460.4,
        "write": 210400.53333333333,
        "misc": 0.0
    },
    "demand_miss_rate": {
        "total": 0.12340666666666666,
        "instrn": 0.0,
        "data": 0.12340666666666666,
        "read": 0.11933333333333333,
        "write": 0.15056,
        "misc": 0.0
    },
    "bytes_from_memory": 47707549.86666667,
    "bytes_to_memory": 7069930.666666667,
    "total_bytes_rw_mem": 54777480.53333333
}