{
    "demand_fetches": {
        "total": 5213475.357142857,
        "instrn": 0.0,
        "data": 5213475.357142857,
        "read": 4637549.0,
        "write": 575926.3571428572,
        "misc": 0.0
    },
    "demand_misses": {
        "total": 1201047.4285714286,
        "instrn": 0.0,
        "data": 1201047.4285714286,
        "read": 1092867.357142857,
        "write": 108180.07142857143,
        "misc": 0.0
    },
    "demand_miss_rate": {
        "total": 0.19060000000000002,
        "instrn": 0.0,
        "data": 0.19060000000000002,
        "read": 0.1956357142857143,
        "write": 0.15960000000000002,
        "misc": 0.0
    },
    "bytes_from_memory": 38433517.71428572,
    "bytes_to_memory": 3712205.714285714,
    "total_bytes_rw_mem": 42145723.428571425
}