{
    "demand_fetches": {
        "total": 21086884.307692308,
        "instrn": 0.0,
        "data": 21086884.307692308,
        "read": 19657634.615384616,
        "write": 1429249.6923076923,
        "misc": 0.0
    },
    "demand_misses": {
        "total": 1696110.6923076923,
        "instrn": 0.0,
        "data": 1696110.6923076923,
        "read": 1533072.6153846155,
        "write": 163038.07692307694,
        "misc": 0.0
    },
    "demand_miss_rate": {
        "total": 0.07445384615384615,
        "instrn": 0.0,
        "data": 0.07445384615384615,
        "read": 0.07206923076923076,
        "write": 0.1024076923076923,
        "misc": 0.0
    },
    "bytes_from_memory": 108551084.3076923,
    "bytes_to_memory": 11738244.923076924,
    "total_bytes_rw_mem": 120289329.23076923
}