{
    "demand_fetches": {
        "total": 101905.07142857143,
        "instrn": 0.0,
        "data": 101905.07142857143,
        "read": 56726.57142857143,
        "write": 45178.5,
        "misc": 0.0
    },
    "demand_misses": {
        "total": 44714.21428571428,
        "instrn": 0.0,
        "data": 44714.21428571428,
        "read": 10380.714285714286,
        "write": 34333.5,
        "misc": 0.0
    },
    "demand_miss_rate": {
        "total": 0.25175,
        "instrn": 0.0,
        "data": 0.25175,
        "read": 0.13077857142857144,
        "write": 0.43087857142857144,
        "misc": 0.0
    },
    "bytes_from_memory": 2861709.714285714,
    "bytes_to_memory": 2223158.8571428573,
    "total_bytes_rw_mem": 5084868.571428572
}