{
    "demand_fetches": {
        "total": 20428592.57142857,
        "instrn": 0.0,
        "data": 20428592.57142857,
        "read": 18731864.64285714,
        "write": 1696727.9285714286,
        "misc": 0.0
    },
    "demand_misses": {
        "total": 4673173.285714285,
        "instrn": 0.0,
        "data": 4673173.285714285,
        "read": 4343153.357142857,
        "write": 330019.9285714286,
        "misc": 0.0
    },
    "demand_miss_rate": {
        "total": 0.1946357142857143,
        "instrn": 0.0,
        "data": 0.1946357142857143,
        "read": 0.19755714285714285,
        "write": 0.1665357142857143,
        "misc": 0.0
    },
    "bytes_from_memory": 149541545.14285713,
    "bytes_to_memory": 14104610.285714285,
    "total_bytes_rw_mem": 163646155.42857143
}