{
    "demand_fetches": {
        "total": 5574400.076923077,
        "instrn": 0.0,
        "data": 5574400.076923077,
        "read": 4982210.769230769,
        "write": 592189.3076923077,
        "misc": 0.0
    },
    "demand_misses": {
        "total": 1276208.3076923077,
        "instrn": 0.0,
        "data": 1276208.3076923077,
        "read": 1164388.3846153845,
        "write": 111819.92307692308,
        "misc": 0.0
    },
    "demand_miss_rate": {
        "total": 0.20471538461538463,
        "instrn": 0.0,
        "data": 0.20471538461538463,
        "read": 0.20983076923076924,
        "write": 0.17246153846153847,
        "misc": 0.0
    },
    "bytes_from_memory": 40838665.84615385,
    "bytes_to_memory": 3826626.4615384615,
    "total_bytes_rw_mem": 44665292.307692304
}