{
    "demand_fetches": {
        "total": 20199630.46153846,
        "instrn": 0.0,
        "data": 20199630.46153846,
        "read": 19130452.615384616,
        "write": 1069177.8461538462,
        "misc": 0.0
    },
    "demand_misses": {
        "total": 3303314.230769231,
        "instrn": 0.0,
        "data": 3303314.230769231,
        "read": 3127004.846153846,
        "write": 176309.38461538462,
        "misc": 0.0
    },
    "demand_miss_rate": {
        "total": 0.14913846153846153,
        "instrn": 0.0,
        "data": 0.14913846153846153,
        "read": 0.14866153846153846,
        "write": 0.15372307692307693,
        "misc": 0.0
    },
    "bytes_from_memory": 105706055.38461539,
    "bytes_to_memory": 6329184.0,
    "total_bytes_rw_mem": 112035239.38461539
}