{
    "demand_fetches": {
        "total": 5548853.153846154,
        "instrn": 0.0,
        "data": 5548853.153846154,
        "read": 4974626.0,
        "write": 574227.1538461539,
        "misc": 0.0
    },
    "demand_misses": {
        "total": 1037339.0,
        "instrn": 0.0,
        "data": 1037339.0,
        "read": 930049.0769230769,
        "write": 107289.92307692308,
        "misc": 0.0
    },
    "demand_miss_rate": {
        "total": 0.17023076923076924,
        "instrn": 0.0,
        "data": 0.17023076923076924,
        "read": 0.17023076923076924,
        "write": 0.1704384615384615,
        "misc": 0.0
    },
    "bytes_from_memory": 33194848.0,
    "bytes_to_memory": 3641270.153846154,
    "total_bytes_rw_mem": 36836118.15384615
}