{
    "demand_fetches": {
        "total": 26140940.35714286,
        "instrn": 0.0,
        "data": 26140940.35714286,
        "read": 24017767.14285714,
        "write": 2123173.214285714,
        "misc": 0.0
    },
    "demand_misses": {
        "total": 1972748.2142857143,
        "instrn": 0.0,
        "data": 1972748.2142857143,
        "read": 1730156.857142857,
        "write": 242591.35714285713,
        "misc": 0.0
    },
    "demand_miss_rate": {
        "total": 0.07055714285714286,
        "instrn": 0.0,
        "data": 0.07055714285714286,
        "read": 0.06728571428571428,
        "write": 0.10329999999999999,
        "misc": 0.0
    },
    "bytes_from_memory": 126255885.71428572,
    "bytes_to_memory": 17006258.285714287,
    "total_bytes_rw_mem": 143262144.0
}