{
    "demand_fetches": {
        "total": 5592432.076923077,
        "instrn": 0.0,
        "data": 5592432.076923077,
        "read": 4987094.692307692,
        "write": 605337.3846153846,
        "misc": 0.0
    },
    "demand_misses": {
        "total": 2690542.5384615385,
        "instrn": 0.0,
        "data": 2690542.5384615385,
        "read": 2446043.076923077,
        "write": 244499.46153846153,
        "misc": 0.0
    },
    "demand_miss_rate": {
        "total": 0.43710000000000004,
        "instrn": 0.0,
        "data": 0.43710000000000004,
        "read": 0.448,
        "write": 0.372176923076923,
        "misc": 0.0
    },
    "bytes_from_memory": 43048680.615384616,
    "bytes_to_memory": 4230075.076923077,
    "total_bytes_rw_mem": 47278755.692307696
}