{
    "demand_fetches": {
        "total": 10581582.846153846,
        "instrn": 0.0,
        "data": 10581582.846153846,
        "read": 9676558.384615384,
        "write": 905024.4615384615,
        "misc": 0.0
    },
    "demand_misses": {
        "total": 1697978.1538461538,
        "instrn": 0.0,
        "data": 1697978.1538461538,
        "read": 1528185.076923077,
        "write": 169793.07692307694,
        "misc": 0.0
    },
    "demand_miss_rate": {
        "total": 0.1478,
        "instrn": 0.0,
        "data": 0.1478,
        "read": 0.14489230769230768,
        "write": 0.17120769230769228,
        "misc": 0.0
    },
    "bytes_from_memory": 54335300.92307692,
    "bytes_to_memory": 5734985.846153846,
    "total_bytes_rw_mem": 60070286.76923077
}