{
    "demand_fetches": {
        "total": 5550060.846153846,
        "instrn": 0.0,
        "data": 5550060.846153846,
        "read": 4978853.230769231,
        "write": 571207.6153846154,
        "misc": 0.0
    },
    "demand_misses": {
        "total": 1309924.0,
        "instrn": 0.0,
        "data": 1309924.0,
        "read": 1197871.923076923,
        "write": 112052.07692307692,
        "misc": 0.0
    },
    "demand_miss_rate": {
        "total": 0.21206153846153847,
        "instrn": 0.0,
        "data": 0.21206153846153847,
        "read": 0.2171076923076923,
        "write": 0.17860769230769233,
        "misc": 0.0
    },
    "bytes_from_memory": 41917568.0,
    "bytes_to_memory": 3913068.3076923075,
    "total_bytes_rw_mem": 45830636.307692304
}