{
    "demand_fetches": {
        "total": 5213475.357142857,
        "instrn": 0.0,
        "data": 5213475.357142857,
        "read": 4637549.0,
        "write": 575926.3571428572,
        "misc": 0.0
    },
    "demand_misses": {
        "total": 2466447.714285714,
        "instrn": 0.0,
        "data": 2466447.714285714,
        "read": 2240452.214285714,
        "write": 225995.5,
        "misc": 0.0
    },
    "demand_miss_rate": {
        "total": 0.39672142857142856,
        "instrn": 0.0,
        "data": 0.39672142857142856,
        "read": 0.407207142857143,
        "write": 0.3348,
        "misc": 0.0
    },
    "bytes_from_memory": 39463163.428571425,
    "bytes_to_memory": 3859581.714285714,
    "total_bytes_rw_mem": 43322745.14285714
}