{
    "demand_fetches": {
        "total": 5212973.285714285,
        "instrn": 0.0,
        "data": 5212973.285714285,
        "read": 4647427.142857143,
        "write": 565546.1428571428,
        "misc": 0.0
    },
    "demand_misses": {
        "total": 651143.0,
        "instrn": 0.0,
        "data": 651143.0,
        "read": 591977.7857142857,
        "write": 59165.21428571428,
        "misc": 0.0
    },
    "demand_miss_rate": {
        "total": 0.1081357142857143,
        "instrn": 0.0,
        "data": 0.1081357142857143,
        "read": 0.11162142857142857,
        "write": 0.08832142857142856,
        "misc": 0.0
    },
    "bytes_from_memory": 41673152.0,
    "bytes_to_memory": 4410610.285714285,
    "total_bytes_rw_mem": 46083762.28571428
}