{
    "demand_fetches": {
        "total": 22952060.35714286,
        "instrn": 0.0,
        "data": 22952060.35714286,
        "read": 20137478.0,
        "write": 2814582.3571428573,
        "misc": 0.0
    },
    "demand_misses": {
        "total": 5348724.428571428,
        "instrn": 0.0,
        "data": 5348724.428571428,
        "read": 4651195.571428572,
        "write": 697528.8571428572,
        "misc": 0.0
    },
    "demand_miss_rate": {
        "total": 0.20042857142857143,
        "instrn": 0.0,
        "data": 0.20042857142857143,
        "read": 0.19806428571428572,
        "write": 0.2157214285714286,
        "misc": 0.0
    },
    "bytes_from_memory": 85579590.85714285,
    "bytes_to_memory": 11625989.714285715,
    "total_bytes_rw_mem": 97205580.57142857
}