{
    "demand_fetches": {
        "total": 101905.07142857143,
        "instrn": 0.0,
        "data": 101905.07142857143,
        "read": 56726.57142857143,
        "write": 45178.5,
        "misc": 0.0
    },
    "demand_misses": {
        "total": 44557.07142857143,
        "instrn": 0.0,
        "data": 44557.07142857143,
        "read": 10106.57142857143,
        "write": 34450.5,
        "misc": 0.0
    },
    "demand_miss_rate": {
        "total": 0.25057857142857143,
        "instrn": 0.0,
        "data": 0.25057857142857143,
        "read": 0.12679285714285712,
        "write": 0.43502857142857143,
        "misc": 0.0
    },
    "bytes_from_memory": 1425826.2857142857,
    "bytes_to_memory": 1115853.7142857143,
    "total_bytes_rw_mem": 2541680.0
}