{
    "demand_fetches": {
        "total": 9802103.142857144,
        "instrn": 0.0,
        "data": 9802103.142857144,
        "read": 8971251.642857144,
        "write": 830851.5,
        "misc": 0.0
    },
    "demand_misses": {
        "total": 1091265.7857142857,
        "instrn": 0.0,
        "data": 1091265.7857142857,
        "read": 1010989.3571428572,
        "write": 80276.42857142857,
        "misc": 0.0
    },
    "demand_miss_rate": {
        "total": 0.09017142857142858,
        "instrn": 0.0,
        "data": 0.09017142857142858,
        "read": 0.09086428571428572,
        "write": 0.08230714285714287,
        "misc": 0.0
    },
    "bytes_from_memory": 69841010.28571428,
    "bytes_to_memory": 5749408.0,
    "total_bytes_rw_mem": 75590418.28571428
}