{
    "demand_fetches": {
        "total": 13228859.285714285,
        "instrn": 0.0,
        "data": 13228859.285714285,
        "read": 11759523.07142857,
        "write": 1469336.2142857143,
        "misc": 0.0
    },
    "demand_misses": {
        "total": 1032425.2857142857,
        "instrn": 0.0,
        "data": 1032425.2857142857,
        "read": 890526.2142857143,
        "write": 141899.07142857142,
        "misc": 0.0
    },
    "demand_miss_rate": {
        "total": 0.07266428571428572,
        "instrn": 0.0,
        "data": 0.07266428571428572,
        "read": 0.07036428571428573,
        "write": 0.08843571428571427,
        "misc": 0.0
    },
    "bytes_from_memory": 66075218.28571428,
    "bytes_to_memory": 9714322.285714285,
    "total_bytes_rw_mem": 75789540.57142857
}