{
    "demand_fetches": {
        "total": 9774305.57142857,
        "instrn": 0.0,
        "data": 9774305.57142857,
        "read": 8964274.857142856,
        "write": 810030.7142857143,
        "misc": 0.0
    },
    "demand_misses": {
        "total": 3755058.6428571427,
        "instrn": 0.0,
        "data": 3755058.6428571427,
        "read": 3448174.9285714286,
        "write": 306883.71428571426,
        "misc": 0.0
    },
    "demand_miss_rate": {
        "total": 0.3226642857142857,
        "instrn": 0.0,
        "data": 0.3226642857142857,
        "read": 0.3225071428571429,
        "write": 0.32170714285714286,
        "misc": 0.0
    },
    "bytes_from_memory": 60080938.28571428,
    "bytes_to_memory": 5225566.857142857,
    "total_bytes_rw_mem": 65306505.14285714
}