{
    "demand_fetches": {
        "total": 9909068.142857144,
        "instrn": 0.0,
        "data": 9909068.142857144,
        "read": 9015900.142857144,
        "write": 893168.0,
        "misc": 0.0
    },
    "demand_misses": {
        "total": 1693087.4285714286,
        "instrn": 0.0,
        "data": 1693087.4285714286,
        "read": 1522352.0714285714,
        "write": 170735.35714285713,
        "misc": 0.0
    },
    "demand_miss_rate": {
        "total": 0.1456,
        "instrn": 0.0,
        "data": 0.1456,
        "read": 0.14357857142857142,
        "write": 0.16178571428571428,
        "misc": 0.0
    },
    "bytes_from_memory": 54178797.71428572,
    "bytes_to_memory": 5818112.0,
    "total_bytes_rw_mem": 59996909.71428572
}