{
    "demand_fetches": {
        "total": 22952060.35714286,
        "instrn": 0.0,
        "data": 22952060.35714286,
        "read": 20137478.0,
        "write": 2814582.3571428573,
        "misc": 0.0
    },
    "demand_misses": {
        "total": 5384014.142857143,
        "instrn": 0.0,
        "data": 5384014.142857143,
        "read": 4684825.285714285,
        "write": 699188.8571428572,
        "misc": 0.0
    },
    "demand_miss_rate": {
        "total": 0.20185,
        "instrn": 0.0,
        "data": 0.20185,
        "read": 0.19962857142857143,
        "write": 0.21628571428571428,
        "misc": 0.0
    },
    "bytes_from_memory": 86144226.28571428,
    "bytes_to_memory": 11679371.42857143,
    "total_bytes_rw_mem": 97823597.71428572
}