{
    "demand_fetches": {
        "total": 5592432.076923077,
        "instrn": 0.0,
        "data": 5592432.076923077,
        "read": 4987094.692307692,
        "write": 605337.3846153846,
        "misc": 0.0
    },
    "demand_misses": {
        "total": 1387584.6923076923,
        "instrn": 0.0,
        "data": 1387584.6923076923,
        "read": 1263267.3846153845,
        "write": 124317.30769230769,
        "misc": 0.0
    },
    "demand_miss_rate": {
        "total": 0.22851538461538465,
        "instrn": 0.0,
        "data": 0.22851538461538465,
        "read": 0.23553846153846153,
        "write": 0.1892076923076923,
        "misc": 0.0
    },
    "bytes_from_memory": 44402710.15384615,
    "bytes_to_memory": 4487224.615384615,
    "total_bytes_rw_mem": 48889934.76923077
}