{
    "power": {
        "0x40": 803.5208815634779,
        "0x41": 5.178660551288046,
        "0x44": 1691.7766576141003,
        "0x45": 869.7757550835925,
        "0x48": 1011.081457523706,
        "0x4c": 596.9454802078689
    },
    "current": {
        "0x40": 160.83996660641634,
        "0x41": -0.5169591956619949,
        "0x44": 510.4990856755611,
        "0x45": 862.1166837776752,
        "0x48": 564.0678341617556,
        "0x4c": 398.92948120198616
    },
    "energy": {
        "0x40": 25583.909965300114,
        "0x41": 164.79790439999962,
        "0x44": 53864.01113190018,
        "0x45": 27692.915196300044,
        "0x48": 32191.509644300117,
        "0x4c": 19005.90048489995
    }
}