{
    "demand_fetches": {
        "total": 6502652.307692308,
        "instrn": 0.0,
        "data": 6502652.307692308,
        "read": 5342057.923076923,
        "write": 1160594.3846153845,
        "misc": 0.0
    },
    "demand_misses": {
        "total": 456644.92307692306,
        "instrn": 0.0,
        "data": 456644.92307692306,
        "read": 349859.6153846154,
        "write": 106785.30769230769,
        "misc": 0.0
    },
    "demand_miss_rate": {
        "total": 0.06302307692307693,
        "instrn": 0.0,
        "data": 0.06302307692307693,
        "read": 0.05800000000000001,
        "write": 0.08316923076923079,
        "misc": 0.0
    },
    "bytes_from_memory": 29225275.076923076,
    "bytes_to_memory": 7163726.769230769,
    "total_bytes_rw_mem": 36389001.84615385
}