{
    "demand_fetches": {
        "total": 19214001.5,
        "instrn": 0.0,
        "data": 19214001.5,
        "read": 18041581.714285713,
        "write": 1172419.7857142857,
        "misc": 0.0
    },
    "demand_misses": {
        "total": 1474360.142857143,
        "instrn": 0.0,
        "data": 1474360.142857143,
        "read": 1346470.0,
        "write": 127890.14285714286,
        "misc": 0.0
    },
    "demand_miss_rate": {
        "total": 0.06608571428571429,
        "instrn": 0.0,
        "data": 0.06608571428571429,
        "read": 0.06411428571428572,
        "write": 0.09092857142857143,
        "misc": 0.0
    },
    "bytes_from_memory": 94359049.14285715,
    "bytes_to_memory": 8974729.142857144,
    "total_bytes_rw_mem": 103333778.28571428
}