{
    "demand_fetches": {
        "total": 9774315.714285715,
        "instrn": 0.0,
        "data": 9774315.714285715,
        "read": 8964283.0,
        "write": 810032.7142857143,
        "misc": 0.0
    },
    "demand_misses": {
        "total": 1160320.2142857143,
        "instrn": 0.0,
        "data": 1160320.2142857143,
        "read": 1078285.142857143,
        "write": 82035.07142857143,
        "misc": 0.0
    },
    "demand_miss_rate": {
        "total": 0.09929285714285715,
        "instrn": 0.0,
        "data": 0.09929285714285715,
        "read": 0.10085000000000001,
        "write": 0.08598571428571429,
        "misc": 0.0
    },
    "bytes_from_memory": 74260493.71428572,
    "bytes_to_memory": 6084749.714285715,
    "total_bytes_rw_mem": 80345243.42857143
}