{
    "demand_fetches": {
        "total": 5574400.076923077,
        "instrn": 0.0,
        "data": 5574400.076923077,
        "read": 4982210.769230769,
        "write": 592189.3076923077,
        "misc": 0.0
    },
    "demand_misses": {
        "total": 736048.9230769231,
        "instrn": 0.0,
        "data": 736048.9230769231,
        "read": 674006.4615384615,
        "write": 62042.46153846154,
        "misc": 0.0
    },
    "demand_miss_rate": {
        "total": 0.12435384615384616,
        "instrn": 0.0,
        "data": 0.12435384615384616,
        "read": 0.12950769230769232,
        "write": 0.09656923076923077,
        "misc": 0.0
    },
    "bytes_from_memory": 47107131.07692308,
    "bytes_to_memory": 4684292.923076923,
    "total_bytes_rw_mem": 51791424.0
}