{
    "demand_fetches": {
        "total": 5548853.153846154,
        "instrn": 0.0,
        "data": 5548853.153846154,
        "read": 4974626.0,
        "write": 574227.1538461539,
        "misc": 0.0
    },
    "demand_misses": {
        "total": 1341634.6923076923,
        "instrn": 0.0,
        "data": 1341634.6923076923,
        "read": 1227544.923076923,
        "write": 114089.76923076923,
        "misc": 0.0
    },
    "demand_miss_rate": {
        "total": 0.22057692307692306,
        "instrn": 0.0,
        "data": 0.22057692307692306,
        "read": 0.22706153846153845,
        "write": 0.18222307692307688,
        "misc": 0.0
    },
    "bytes_from_memory": 42932310.15384615,
    "bytes_to_memory": 4017211.076923077,
    "total_bytes_rw_mem": 46949521.23076923
}