{
    "demand_fetches": {
        "total": 9774315.714285715,
        "instrn": 0.0,
        "data": 9774315.714285715,
        "read": 8964283.0,
        "write": 810032.7142857143,
        "misc": 0.0
    },
    "demand_misses": {
        "total": 4724120.857142857,
        "instrn": 0.0,
        "data": 4724120.857142857,
        "read": 4394499.428571428,
        "write": 329621.4285714286,
        "misc": 0.0
    },
    "demand_miss_rate": {
        "total": 0.4086714285714286,
        "instrn": 0.0,
        "data": 0.4086714285714286,
        "read": 0.4160071428571429,
        "write": 0.34826428571428575,
        "misc": 0.0
    },
    "bytes_from_memory": 75585933.71428572,
    "bytes_to_memory": 5804782.857142857,
    "total_bytes_rw_mem": 81390716.57142857
}