{
    "demand_fetches": {
        "total": 11374004.785714285,
        "instrn": 0.0,
        "data": 11374004.785714285,
        "read": 9542798.0,
        "write": 1831206.7857142857,
        "misc": 0.0
    },
    "demand_misses": {
        "total": 813098.7142857143,
        "instrn": 0.0,
        "data": 813098.7142857143,
        "read": 638667.6428571428,
        "write": 174431.07142857142,
        "misc": 0.0
    },
    "demand_miss_rate": {
        "total": 0.061642857142857145,
        "instrn": 0.0,
        "data": 0.061642857142857145,
        "read": 0.05770000000000001,
        "write": 0.0804857142857143,
        "misc": 0.0
    },
    "bytes_from_memory": 52038317.71428572,
    "bytes_to_memory": 11708128.0,
    "total_bytes_rw_mem": 63746445.71428572
}