{
    "demand_fetches": {
        "total": 5548853.153846154,
        "instrn": 0.0,
        "data": 5548853.153846154,
        "read": 4974626.0,
        "write": 574227.1538461539,
        "misc": 0.0
    },
    "demand_misses": {
        "total": 2529271.6153846155,
        "instrn": 0.0,
        "data": 2529271.6153846155,
        "read": 2313424.923076923,
        "write": 215846.6923076923,
        "misc": 0.0
    },
    "demand_miss_rate": {
        "total": 0.40420769230769227,
        "instrn": 0.0,
        "data": 0.40420769230769227,
        "read": 0.41329230769230774,
        "write": 0.34336923076923076,
        "misc": 0.0
    },
    "bytes_from_memory": 40468345.84615385,
    "bytes_to_memory": 3628363.076923077,
    "total_bytes_rw_mem": 44096708.92307692
}