{
    "demand_fetches": {
        "total": 18681704.285714287,
        "instrn": 0.0,
        "data": 18681704.285714287,
        "read": 17715672.214285713,
        "write": 966032.0714285715,
        "misc": 0.0
    },
    "demand_misses": {
        "total": 7124981.142857143,
        "instrn": 0.0,
        "data": 7124981.142857143,
        "read": 6789769.928571428,
        "write": 335211.21428571426,
        "misc": 0.0
    },
    "demand_miss_rate": {
        "total": 0.3186571428571429,
        "instrn": 0.0,
        "data": 0.3186571428571429,
        "read": 0.31981428571428566,
        "write": 0.298,
        "misc": 0.0
    },
    "bytes_from_memory": 113999698.28571428,
    "bytes_to_memory": 6154425.142857143,
    "total_bytes_rw_mem": 120154123.42857143
}