{
    "demand_fetches": {
        "total": 14605860.461538462,
        "instrn": 0.0,
        "data": 14605860.461538462,
        "read": 11120620.153846154,
        "write": 3485240.3076923075,
        "misc": 0.0
    },
    "demand_misses": {
        "total": 1146677.3846153845,
        "instrn": 0.0,
        "data": 1146677.3846153845,
        "read": 801537.3076923077,
        "write": 345140.07692307694,
        "misc": 0.0
    },
    "demand_miss_rate": {
        "total": 0.07286153846153845,
        "instrn": 0.0,
        "data": 0.07286153846153845,
        "read": 0.06721538461538461,
        "write": 0.09017692307692309,
        "misc": 0.0
    },
    "bytes_from_memory": 73387352.61538461,
    "bytes_to_memory": 23651096.615384616,
    "total_bytes_rw_mem": 97038449.23076923
}