{
    "demand_fetches": {
        "total": 9802103.142857144,
        "instrn": 0.0,
        "data": 9802103.142857144,
        "read": 8971251.642857144,
        "write": 830851.5,
        "misc": 0.0
    },
    "demand_misses": {
        "total": 3683082.6428571427,
        "instrn": 0.0,
        "data": 3683082.6428571427,
        "read": 3380259.8571428573,
        "write": 302822.78571428574,
        "misc": 0.0
    },
    "demand_miss_rate": {
        "total": 0.30697857142857143,
        "instrn": 0.0,
        "data": 0.30697857142857143,
        "read": 0.3057142857142857,
        "write": 0.30987857142857145,
        "misc": 0.0
    },
    "bytes_from_memory": 58929322.28571428,
    "bytes_to_memory": 5054420.571428572,
    "total_bytes_rw_mem": 63983742.85714286
}