{
    "demand_fetches": {
        "total": 20330162.076923076,
        "instrn": 0.0,
        "data": 20330162.076923076,
        "read": 19211134.46153846,
        "write": 1119027.6153846155,
        "misc": 0.0
    },
    "demand_misses": {
        "total": 1921450.923076923,
        "instrn": 0.0,
        "data": 1921450.923076923,
        "read": 1789344.5384615385,
        "write": 132106.38461538462,
        "misc": 0.0
    },
    "demand_miss_rate": {
        "total": 0.08698461538461538,
        "instrn": 0.0,
        "data": 0.08698461538461538,
        "read": 0.08570769230769232,
        "write": 0.10537692307692309,
        "misc": 0.0
    },
    "bytes_from_memory": 122972859.07692307,
    "bytes_to_memory": 10075214.76923077,
    "total_bytes_rw_mem": 133048073.84615384
}