{
    "demand_fetches": {
        "total": 9909068.142857144,
        "instrn": 0.0,
        "data": 9909068.142857144,
        "read": 9015900.142857144,
        "write": 893168.0,
        "misc": 0.0
    },
    "demand_misses": {
        "total": 1722175.5,
        "instrn": 0.0,
        "data": 1722175.5,
        "read": 1550104.357142857,
        "write": 172071.14285714287,
        "misc": 0.0
    },
    "demand_miss_rate": {
        "total": 0.1482785714285714,
        "instrn": 0.0,
        "data": 0.1482785714285714,
        "read": 0.14643571428571428,
        "write": 0.16309285714285715,
        "misc": 0.0
    },
    "bytes_from_memory": 55109616.0,
    "bytes_to_memory": 5902550.857142857,
    "total_bytes_rw_mem": 61012166.85714286
}