{
    "demand_fetches": {
        "total": 9802103.142857144,
        "instrn": 0.0,
        "data": 9802103.142857144,
        "read": 8971251.642857144,
        "write": 830851.5,
        "misc": 0.0
    },
    "demand_misses": {
        "total": 4737849.214285715,
        "instrn": 0.0,
        "data": 4737849.214285715,
        "read": 4398698.857142857,
        "write": 339150.35714285716,
        "misc": 0.0
    },
    "demand_miss_rate": {
        "total": 0.4102571428571428,
        "instrn": 0.0,
        "data": 0.4102571428571428,
        "read": 0.4177785714285715,
        "write": 0.34911428571428577,
        "misc": 0.0
    },
    "bytes_from_memory": 75805587.42857143,
    "bytes_to_memory": 5966390.857142857,
    "total_bytes_rw_mem": 81771978.28571428
}