{
    "demand_fetches": {
        "total": 74984.71428571429,
        "instrn": 0.0,
        "data": 74984.71428571429,
        "read": 47629.07142857143,
        "write": 27355.64285714286,
        "misc": 0.0
    },
    "demand_misses": {
        "total": 26600.785714285714,
        "instrn": 0.0,
        "data": 26600.785714285714,
        "read": 12174.857142857143,
        "write": 14425.92857142857,
        "misc": 0.0
    },
    "demand_miss_rate": {
        "total": 0.21638571428571424,
        "instrn": 0.0,
        "data": 0.21638571428571424,
        "read": 0.1636714285714286,
        "write": 0.3083642857142857,
        "misc": 0.0
    },
    "bytes_from_memory": 851225.1428571428,
    "bytes_to_memory": 476493.71428571426,
    "total_bytes_rw_mem": 1327718.857142857
}