{
    "demand_fetches": {
        "total": 21087103.923076924,
        "instrn": 0.0,
        "data": 21087103.923076924,
        "read": 19657865.076923076,
        "write": 1429238.8461538462,
        "misc": 0.0
    },
    "demand_misses": {
        "total": 5851088.846153846,
        "instrn": 0.0,
        "data": 5851088.846153846,
        "read": 5446789.0,
        "write": 404299.8461538461,
        "misc": 0.0
    },
    "demand_miss_rate": {
        "total": 0.2550307692307693,
        "instrn": 0.0,
        "data": 0.2550307692307693,
        "read": 0.25372307692307694,
        "write": 0.26672307692307695,
        "misc": 0.0
    },
    "bytes_from_memory": 93617421.53846154,
    "bytes_to_memory": 6917700.923076923,
    "total_bytes_rw_mem": 100535122.46153846
}