{
    "demand_fetches": {
        "total": 20428592.57142857,
        "instrn": 0.0,
        "data": 20428592.57142857,
        "read": 18731864.64285714,
        "write": 1696727.9285714286,
        "misc": 0.0
    },
    "demand_misses": {
        "total": 2590428.4285714286,
        "instrn": 0.0,
        "data": 2590428.4285714286,
        "read": 2339298.214285714,
        "write": 251130.2142857143,
        "misc": 0.0
    },
    "demand_miss_rate": {
        "total": 0.10828571428571429,
        "instrn": 0.0,
        "data": 0.10828571428571429,
        "read": 0.10693571428571431,
        "write": 0.12230714285714286,
        "misc": 0.0
    },
    "bytes_from_memory": 165787419.42857143,
    "bytes_to_memory": 20917069.714285713,
    "total_bytes_rw_mem": 186704489.14285713
}