{
    "demand_fetches": {
        "total": 13228859.285714285,
        "instrn": 0.0,
        "data": 13228859.285714285,
        "read": 11759523.07142857,
        "write": 1469336.2142857143,
        "misc": 0.0
    },
    "demand_misses": {
        "total": 2228804.214285714,
        "instrn": 0.0,
        "data": 2228804.214285714,
        "read": 1941382.357142857,
        "write": 287421.85714285716,
        "misc": 0.0
    },
    "demand_miss_rate": {
        "total": 0.15629285714285718,
        "instrn": 0.0,
        "data": 0.15629285714285718,
        "read": 0.15292142857142857,
        "write": 0.17937857142857144,
        "misc": 0.0
    },
    "bytes_from_memory": 71321734.85714285,
    "bytes_to_memory": 9836701.714285715,
    "total_bytes_rw_mem": 81158436.57142857
}