{
    "demand_fetches": {
        "total": 10581582.846153846,
        "instrn": 0.0,
        "data": 10581582.846153846,
        "read": 9676558.384615384,
        "write": 905024.4615384615,
        "misc": 0.0
    },
    "demand_misses": {
        "total": 1917865.5384615385,
        "instrn": 0.0,
        "data": 1917865.5384615385,
        "read": 1743493.1538461538,
        "write": 174372.38461538462,
        "misc": 0.0
    },
    "demand_miss_rate": {
        "total": 0.1656,
        "instrn": 0.0,
        "data": 0.1656,
        "read": 0.16438461538461538,
        "write": 0.1757,
        "misc": 0.0
    },
    "bytes_from_memory": 61371697.23076923,
    "bytes_to_memory": 6017629.538461538,
    "total_bytes_rw_mem": 67389326.76923077
}