{
    "demand_fetches": {
        "total": 20428592.57142857,
        "instrn": 0.0,
        "data": 20428592.57142857,
        "read": 18731864.64285714,
        "write": 1696727.9285714286,
        "misc": 0.0
    },
    "demand_misses": {
        "total": 1368529.357142857,
        "instrn": 0.0,
        "data": 1368529.357142857,
        "read": 1185600.0,
        "write": 182929.35714285713,
        "misc": 0.0
    },
    "demand_miss_rate": {
        "total": 0.0578,
        "instrn": 0.0,
        "data": 0.0578,
        "read": 0.05449285714285714,
        "write": 0.08997142857142858,
        "misc": 0.0
    },
    "bytes_from_memory": 87585878.85714285,
    "bytes_to_memory": 12277289.142857144,
    "total_bytes_rw_mem": 99863168.0
}