{
    "demand_fetches": {
        "total": 19066998.666666668,
        "instrn": 0.0,
        "data": 19066998.666666668,
        "read": 17483255.733333334,
        "write": 1583742.9333333333,
        "misc": 0.0
    },
    "demand_misses": {
        "total": 5265613.6,
        "instrn": 0.0,
        "data": 5265613.6,
        "read": 4829758.533333333,
        "write": 435855.06666666665,
        "misc": 0.0
    },
    "demand_miss_rate": {
        "total": 0.22114,
        "instrn": 0.0,
        "data": 0.22114,
        "read": 0.2205533333333333,
        "write": 0.22536000000000003,
        "misc": 0.0
    },
    "bytes_from_memory": 84249817.6,
    "bytes_to_memory": 7583118.933333334,
    "total_bytes_rw_mem": 91832936.53333333
}