{
    "demand_fetches": {
        "total": 10538876.538461538,
        "instrn": 0.0,
        "data": 10538876.538461538,
        "read": 9658823.923076924,
        "write": 880052.6153846154,
        "misc": 0.0
    },
    "demand_misses": {
        "total": 4010660.0,
        "instrn": 0.0,
        "data": 4010660.0,
        "read": 3677399.3846153845,
        "write": 333260.6153846154,
        "misc": 0.0
    },
    "demand_miss_rate": {
        "total": 0.3441230769230769,
        "instrn": 0.0,
        "data": 0.3441230769230769,
        "read": 0.3436692307692307,
        "write": 0.34597692307692307,
        "misc": 0.0
    },
    "bytes_from_memory": 64170560.0,
    "bytes_to_memory": 5663012.923076923,
    "total_bytes_rw_mem": 69833572.92307693
}