{
    "demand_fetches": {
        "total": 5574400.076923077,
        "instrn": 0.0,
        "data": 5574400.076923077,
        "read": 4982210.769230769,
        "write": 592189.3076923077,
        "misc": 0.0
    },
    "demand_misses": {
        "total": 644727.4615384615,
        "instrn": 0.0,
        "data": 644727.4615384615,
        "read": 588116.2307692308,
        "write": 56611.230769230766,
        "misc": 0.0
    },
    "demand_miss_rate": {
        "total": 0.10385384615384616,
        "instrn": 0.0,
        "data": 0.10385384615384616,
        "read": 0.10653076923076922,
        "write": 0.08727692307692309,
        "misc": 0.0
    },
    "bytes_from_memory": 41262557.538461536,
    "bytes_to_memory": 3982744.6153846155,
    "total_bytes_rw_mem": 45245302.15384615
}