{
    "demand_fetches": {
        "total": 4866617.6,
        "instrn": 0.0,
        "data": 4866617.6,
        "read": 4328744.666666667,
        "write": 537872.9333333333,
        "misc": 0.0
    },
    "demand_misses": {
        "total": 1149339.3333333333,
        "instrn": 0.0,
        "data": 1149339.3333333333,
        "read": 1046506.0,
        "write": 102833.33333333333,
        "misc": 0.0
    },
    "demand_miss_rate": {
        "total": 0.18463333333333332,
        "instrn": 0.0,
        "data": 0.18463333333333332,
        "read": 0.19023333333333334,
        "write": 0.15176666666666666,
        "misc": 0.0
    },
    "bytes_from_memory": 36778858.666666664,
    "bytes_to_memory": 3580765.8666666667,
    "total_bytes_rw_mem": 40359624.53333333
}