{
    "demand_fetches": {
        "total": 10361724.57142857,
        "instrn": 0.0,
        "data": 10361724.57142857,
        "read": 9180187.714285715,
        "write": 1181536.857142857,
        "misc": 0.0
    },
    "demand_misses": {
        "total": 4957027.857142857,
        "instrn": 0.0,
        "data": 4957027.857142857,
        "read": 4467807.642857143,
        "write": 489220.21428571426,
        "misc": 0.0
    },
    "demand_miss_rate": {
        "total": 0.4058,
        "instrn": 0.0,
        "data": 0.4058,
        "read": 0.4141142857142857,
        "write": 0.35155714285714285,
        "misc": 0.0
    },
    "bytes_from_memory": 79312445.71428572,
    "bytes_to_memory": 8776574.857142856,
    "total_bytes_rw_mem": 88089020.57142857
}