{
    "demand_fetches": {
        "total": 5291211.071428572,
        "instrn": 0.0,
        "data": 5291211.071428572,
        "read": 4662140.214285715,
        "write": 629070.8571428572,
        "misc": 0.0
    },
    "demand_misses": {
        "total": 611198.5,
        "instrn": 0.0,
        "data": 611198.5,
        "read": 551941.3571428572,
        "write": 59257.142857142855,
        "misc": 0.0
    },
    "demand_miss_rate": {
        "total": 0.09717142857142858,
        "instrn": 0.0,
        "data": 0.09717142857142858,
        "read": 0.10010000000000001,
        "write": 0.08027142857142858,
        "misc": 0.0
    },
    "bytes_from_memory": 39116704.0,
    "bytes_to_memory": 4189801.1428571427,
    "total_bytes_rw_mem": 43306505.14285714
}