{
    "demand_fetches": {
        "total": 5212973.285714285,
        "instrn": 0.0,
        "data": 5212973.285714285,
        "read": 4647427.142857143,
        "write": 565546.1428571428,
        "misc": 0.0
    },
    "demand_misses": {
        "total": 2052381.7142857143,
        "instrn": 0.0,
        "data": 2052381.7142857143,
        "read": 1831751.4285714286,
        "write": 220630.2857142857,
        "misc": 0.0
    },
    "demand_miss_rate": {
        "total": 0.3339357142857143,
        "instrn": 0.0,
        "data": 0.3339357142857143,
        "read": 0.3347142857142857,
        "write": 0.32962857142857144,
        "misc": 0.0
    },
    "bytes_from_memory": 32838107.42857143,
    "bytes_to_memory": 3798217.1428571427,
    "total_bytes_rw_mem": 36636324.571428575
}