{
    "demand_fetches": {
        "total": 20330162.076923076,
        "instrn": 0.0,
        "data": 20330162.076923076,
        "read": 19211134.46153846,
        "write": 1119027.6153846155,
        "misc": 0.0
    },
    "demand_misses": {
        "total": 5720807.461538462,
        "instrn": 0.0,
        "data": 5720807.461538462,
        "read": 5384596.692307692,
        "write": 336210.76923076925,
        "misc": 0.0
    },
    "demand_miss_rate": {
        "total": 0.25943076923076924,
        "instrn": 0.0,
        "data": 0.25943076923076924,
        "read": 0.2573846153846154,
        "write": 0.2830307692307692,
        "misc": 0.0
    },
    "bytes_from_memory": 91532919.38461539,
    "bytes_to_memory": 5665958.153846154,
    "total_bytes_rw_mem": 97198877.53846154
}