{
    "demand_fetches": {
        "total": 46138.28571428572,
        "instrn": 0.0,
        "data": 46138.28571428572,
        "read": 29109.428571428572,
        "write": 17028.85714285714,
        "misc": 0.0
    },
    "demand_misses": {
        "total": 11093.285714285714,
        "instrn": 0.0,
        "data": 11093.285714285714,
        "read": 4744.714285714285,
        "write": 6348.571428571428,
        "misc": 0.0
    },
    "demand_miss_rate": {
        "total": 0.16595,
        "instrn": 0.0,
        "data": 0.16595,
        "read": 0.12206428571428572,
        "write": 0.24309999999999996,
        "misc": 0.0
    },
    "bytes_from_memory": 354985.14285714284,
    "bytes_to_memory": 215140.57142857142,
    "total_bytes_rw_mem": 570125.7142857143
}