{
    "demand_fetches": {
        "total": 5213475.357142857,
        "instrn": 0.0,
        "data": 5213475.357142857,
        "read": 4637549.0,
        "write": 575926.3571428572,
        "misc": 0.0
    },
    "demand_misses": {
        "total": 2393703.1428571427,
        "instrn": 0.0,
        "data": 2393703.1428571427,
        "read": 2179563.714285714,
        "write": 214139.42857142858,
        "misc": 0.0
    },
    "demand_miss_rate": {
        "total": 0.3792785714285714,
        "instrn": 0.0,
        "data": 0.3792785714285714,
        "read": 0.3894928571428572,
        "write": 0.31614285714285717,
        "misc": 0.0
    },
    "bytes_from_memory": 38299250.28571428,
    "bytes_to_memory": 3590929.1428571427,
    "total_bytes_rw_mem": 41890179.428571425
}