{
    "demand_fetches": {
        "total": 14605860.461538462,
        "instrn": 0.0,
        "data": 14605860.461538462,
        "read": 11120620.153846154,
        "write": 3485240.3076923075,
        "misc": 0.0
    },
    "demand_misses": {
        "total": 974984.0769230769,
        "instrn": 0.0,
        "data": 974984.0769230769,
        "read": 647772.3076923077,
        "write": 327211.76923076925,
        "misc": 0.0
    },
    "demand_miss_rate": {
        "total": 0.060300000000000006,
        "instrn": 0.0,
        "data": 0.060300000000000006,
        "read": 0.052015384615384616,
        "write": 0.0853076923076923,
        "misc": 0.0
    },
    "bytes_from_memory": 62398980.92307692,
    "bytes_to_memory": 21514377.846153848,
    "total_bytes_rw_mem": 83913358.76923077
}