{
    "demand_fetches": {
        "total": 111298.57142857143,
        "instrn": 0.0,
        "data": 111298.57142857143,
        "read": 74882.0,
        "write": 36416.57142857143,
        "misc": 0.0
    },
    "demand_misses": {
        "total": 45880.42857142857,
        "instrn": 0.0,
        "data": 45880.42857142857,
        "read": 27786.571428571428,
        "write": 18093.85714285714,
        "misc": 0.0
    },
    "demand_miss_rate": {
        "total": 0.27735714285714286,
        "instrn": 0.0,
        "data": 0.27735714285714286,
        "read": 0.25402857142857144,
        "write": 0.32217142857142855,
        "misc": 0.0
    },
    "bytes_from_memory": 734086.8571428572,
    "bytes_to_memory": 303892.5714285714,
    "total_bytes_rw_mem": 1037979.4285714285
}