{
    "demand_fetches": {
        "total": 24717886.384615384,
        "instrn": 0.0,
        "data": 24717886.384615384,
        "read": 21686687.46153846,
        "write": 3031198.923076923,
        "misc": 0.0
    },
    "demand_misses": {
        "total": 5642475.153846154,
        "instrn": 0.0,
        "data": 5642475.153846154,
        "read": 4898950.461538462,
        "write": 743524.6923076923,
        "misc": 0.0
    },
    "demand_miss_rate": {
        "total": 0.2119153846153846,
        "instrn": 0.0,
        "data": 0.2119153846153846,
        "read": 0.20914615384615384,
        "write": 0.22998461538461537,
        "misc": 0.0
    },
    "bytes_from_memory": 90279602.46153846,
    "bytes_to_memory": 12259140.923076924,
    "total_bytes_rw_mem": 102538743.38461539
}