{
    "demand_fetches": {
        "total": 18681482.285714287,
        "instrn": 0.0,
        "data": 18681482.285714287,
        "read": 17715536.92857143,
        "write": 965945.3571428572,
        "misc": 0.0
    },
    "demand_misses": {
        "total": 6147276.571428572,
        "instrn": 0.0,
        "data": 6147276.571428572,
        "read": 5834897.857142857,
        "write": 312378.71428571426,
        "misc": 0.0
    },
    "demand_miss_rate": {
        "total": 0.2771571428571429,
        "instrn": 0.0,
        "data": 0.2771571428571429,
        "read": 0.27663571428571426,
        "write": 0.2797357142857143,
        "misc": 0.0
    },
    "bytes_from_memory": 98356425.14285715,
    "bytes_to_memory": 5433754.285714285,
    "total_bytes_rw_mem": 103790179.42857143
}