{
    "demand_fetches": {
        "total": 11374302.642857144,
        "instrn": 0.0,
        "data": 11374302.642857144,
        "read": 9542977.785714285,
        "write": 1831324.857142857,
        "misc": 0.0
    },
    "demand_misses": {
        "total": 3386980.214285714,
        "instrn": 0.0,
        "data": 3386980.214285714,
        "read": 2689723.0714285714,
        "write": 697257.1428571428,
        "misc": 0.0
    },
    "demand_miss_rate": {
        "total": 0.2557357142857143,
        "instrn": 0.0,
        "data": 0.2557357142857143,
        "read": 0.24182857142857145,
        "write": 0.3221571428571428,
        "misc": 0.0
    },
    "bytes_from_memory": 54191683.428571425,
    "bytes_to_memory": 11572158.857142856,
    "total_bytes_rw_mem": 65763842.28571428
}