{
    "demand_fetches": {
        "total": 19213499.92857143,
        "instrn": 0.0,
        "data": 19213499.92857143,
        "read": 18041327.5,
        "write": 1172172.4285714286,
        "misc": 0.0
    },
    "demand_misses": {
        "total": 5154954.5,
        "instrn": 0.0,
        "data": 5154954.5,
        "read": 4819570.142857143,
        "write": 335384.35714285716,
        "misc": 0.0
    },
    "demand_miss_rate": {
        "total": 0.23037857142857146,
        "instrn": 0.0,
        "data": 0.23037857142857146,
        "read": 0.22846428571428576,
        "write": 0.2509857142857143,
        "misc": 0.0
    },
    "bytes_from_memory": 82479272.0,
    "bytes_to_memory": 5627062.857142857,
    "total_bytes_rw_mem": 88106334.85714285
}