{
    "demand_fetches": {
        "total": 19066998.666666668,
        "instrn": 0.0,
        "data": 19066998.666666668,
        "read": 17483255.733333334,
        "write": 1583742.9333333333,
        "misc": 0.0
    },
    "demand_misses": {
        "total": 1441567.8666666667,
        "instrn": 0.0,
        "data": 1441567.8666666667,
        "read": 1261591.6666666667,
        "write": 179976.2,
        "misc": 0.0
    },
    "demand_miss_rate": {
        "total": 0.06088,
        "instrn": 0.0,
        "data": 0.06088,
        "read": 0.058073333333333324,
        "write": 0.08850000000000001,
        "misc": 0.0
    },
    "bytes_from_memory": 92260343.46666667,
    "bytes_to_memory": 12674286.933333334,
    "total_bytes_rw_mem": 104934630.4
}