{
    "demand_fetches": {
        "total": 18610525.285714287,
        "instrn": 0.0,
        "data": 18610525.285714287,
        "read": 17654362.285714287,
        "write": 956163.0,
        "misc": 0.0
    },
    "demand_misses": {
        "total": 6901150.785714285,
        "instrn": 0.0,
        "data": 6901150.785714285,
        "read": 6581716.285714285,
        "write": 319434.5,
        "misc": 0.0
    },
    "demand_miss_rate": {
        "total": 0.2998357142857143,
        "instrn": 0.0,
        "data": 0.2998357142857143,
        "read": 0.30005000000000004,
        "write": 0.2880285714285714,
        "misc": 0.0
    },
    "bytes_from_memory": 110418412.57142857,
    "bytes_to_memory": 5567337.142857143,
    "total_bytes_rw_mem": 115985749.71428572
}