{
    "demand_fetches": {
        "total": 30488086.615384616,
        "instrn": 0.0,
        "data": 30488086.615384616,
        "read": 24886322.692307692,
        "write": 5601763.923076923,
        "misc": 0.0
    },
    "demand_misses": {
        "total": 1944235.7692307692,
        "instrn": 0.0,
        "data": 1944235.7692307692,
        "read": 1318707.6153846155,
        "write": 625528.1538461539,
        "misc": 0.0
    },
    "demand_miss_rate": {
        "total": 0.05856153846153847,
        "instrn": 0.0,
        "data": 0.05856153846153847,
        "read": 0.04863846153846153,
        "write": 0.10092307692307692,
        "misc": 0.0
    },
    "bytes_from_memory": 124431089.23076923,
    "bytes_to_memory": 41767468.307692304,
    "total_bytes_rw_mem": 166198557.53846154
}