{
    "demand_fetches": {
        "total": 117406.64285714286,
        "instrn": 0.0,
        "data": 117406.64285714286,
        "read": 73725.42857142857,
        "write": 43681.21428571428,
        "misc": 0.0
    },
    "demand_misses": {
        "total": 52993.857142857145,
        "instrn": 0.0,
        "data": 52993.857142857145,
        "read": 29141.35714285714,
        "write": 23852.5,
        "misc": 0.0
    },
    "demand_miss_rate": {
        "total": 0.2920000000000001,
        "instrn": 0.0,
        "data": 0.2920000000000001,
        "read": 0.2698357142857143,
        "write": 0.32139285714285715,
        "misc": 0.0
    },
    "bytes_from_memory": 1695803.4285714286,
    "bytes_to_memory": 781396.5714285715,
    "total_bytes_rw_mem": 2477200.0
}