{
    "demand_fetches": {
        "total": 10581582.846153846,
        "instrn": 0.0,
        "data": 10581582.846153846,
        "read": 9676558.384615384,
        "write": 905024.4615384615,
        "misc": 0.0
    },
    "demand_misses": {
        "total": 1253783.6153846155,
        "instrn": 0.0,
        "data": 1253783.6153846155,
        "read": 1161165.6923076923,
        "write": 92617.92307692308,
        "misc": 0.0
    },
    "demand_miss_rate": {
        "total": 0.10653846153846154,
        "instrn": 0.0,
        "data": 0.10653846153846154,
        "read": 0.10823076923076926,
        "write": 0.09295384615384616,
        "misc": 0.0
    },
    "bytes_from_memory": 80242151.38461539,
    "bytes_to_memory": 6794382.769230769,
    "total_bytes_rw_mem": 87036534.15384616
}