{
    "demand_fetches": {
        "total": 5147154.857142857,
        "instrn": 0.0,
        "data": 5147154.857142857,
        "read": 4618732.214285715,
        "write": 528422.6428571428,
        "misc": 0.0
    },
    "demand_misses": {
        "total": 1245635.7857142857,
        "instrn": 0.0,
        "data": 1245635.7857142857,
        "read": 1140301.2857142857,
        "write": 105334.5,
        "misc": 0.0
    },
    "demand_miss_rate": {
        "total": 0.20511428571428572,
        "instrn": 0.0,
        "data": 0.20511428571428572,
        "read": 0.2109857142857143,
        "write": 0.16955714285714288,
        "misc": 0.0
    },
    "bytes_from_memory": 39860345.14285714,
    "bytes_to_memory": 3710404.5714285714,
    "total_bytes_rw_mem": 43570749.71428572
}