{
    "demand_fetches": {
        "total": 21422233.0,
        "instrn": 0.0,
        "data": 21422233.0,
        "read": 18795179.4,
        "write": 2627053.6,
        "misc": 0.0
    },
    "demand_misses": {
        "total": 1397035.2666666666,
        "instrn": 0.0,
        "data": 1397035.2666666666,
        "read": 1108024.4,
        "write": 289010.86666666664,
        "misc": 0.0
    },
    "demand_miss_rate": {
        "total": 0.05241333333333334,
        "instrn": 0.0,
        "data": 0.05241333333333334,
        "read": 0.047400000000000005,
        "write": 0.08592666666666668,
        "misc": 0.0
    },
    "bytes_from_memory": 89410257.06666666,
    "bytes_to_memory": 19300881.066666666,
    "total_bytes_rw_mem": 108711138.13333334
}