{
    "demand_fetches": {
        "total": 20330162.076923076,
        "instrn": 0.0,
        "data": 20330162.076923076,
        "read": 19211134.46153846,
        "write": 1119027.6153846155,
        "misc": 0.0
    },
    "demand_misses": {
        "total": 7127139.615384615,
        "instrn": 0.0,
        "data": 7127139.615384615,
        "read": 6755098.769230769,
        "write": 372040.8461538461,
        "misc": 0.0
    },
    "demand_miss_rate": {
        "total": 0.3206384615384615,
        "instrn": 0.0,
        "data": 0.3206384615384615,
        "read": 0.32108461538461547,
        "write": 0.31157692307692303,
        "misc": 0.0
    },
    "bytes_from_memory": 114034233.84615384,
    "bytes_to_memory": 6811030.153846154,
    "total_bytes_rw_mem": 120845264.0
}