{
    "demand_fetches": {
        "total": 5291166.928571428,
        "instrn": 0.0,
        "data": 5291166.928571428,
        "read": 4662116.428571428,
        "write": 629050.5,
        "misc": 0.0
    },
    "demand_misses": {
        "total": 1185032.0714285714,
        "instrn": 0.0,
        "data": 1185032.0714285714,
        "read": 1069649.7142857143,
        "write": 115382.35714285714,
        "misc": 0.0
    },
    "demand_miss_rate": {
        "total": 0.1827285714285714,
        "instrn": 0.0,
        "data": 0.1827285714285714,
        "read": 0.18669285714285716,
        "write": 0.15619999999999998,
        "misc": 0.0
    },
    "bytes_from_memory": 37921026.28571428,
    "bytes_to_memory": 3923490.285714286,
    "total_bytes_rw_mem": 41844516.571428575
}