{
    "demand_fetches": {
        "total": 9909112.285714285,
        "instrn": 0.0,
        "data": 9909112.285714285,
        "read": 9015925.285714285,
        "write": 893187.0,
        "misc": 0.0
    },
    "demand_misses": {
        "total": 854217.4285714285,
        "instrn": 0.0,
        "data": 854217.4285714285,
        "read": 767559.3571428572,
        "write": 86658.07142857143,
        "misc": 0.0
    },
    "demand_miss_rate": {
        "total": 0.07377142857142857,
        "instrn": 0.0,
        "data": 0.07377142857142857,
        "read": 0.07272857142857143,
        "write": 0.08210714285714285,
        "misc": 0.0
    },
    "bytes_from_memory": 54669915.428571425,
    "bytes_to_memory": 6061965.714285715,
    "total_bytes_rw_mem": 60731881.14285714
}