{
    "demand_fetches": {
        "total": 85755.07142857143,
        "instrn": 0.0,
        "data": 85755.07142857143,
        "read": 51953.0,
        "write": 33802.07142857143,
        "misc": 0.0
    },
    "demand_misses": {
        "total": 37092.642857142855,
        "instrn": 0.0,
        "data": 37092.642857142855,
        "read": 14743.785714285714,
        "write": 22348.85714285714,
        "misc": 0.0
    },
    "demand_miss_rate": {
        "total": 0.2457214285714286,
        "instrn": 0.0,
        "data": 0.2457214285714286,
        "read": 0.17172857142857145,
        "write": 0.36798571428571425,
        "misc": 0.0
    },
    "bytes_from_memory": 1186964.5714285714,
    "bytes_to_memory": 728733.7142857143,
    "total_bytes_rw_mem": 1915698.2857142857
}