{
    "demand_fetches": {
        "total": 5458719.785714285,
        "instrn": 0.0,
        "data": 5458719.785714285,
        "read": 4741325.428571428,
        "write": 717394.3571428572,
        "misc": 0.0
    },
    "demand_misses": {
        "total": 431180.85714285716,
        "instrn": 0.0,
        "data": 431180.85714285716,
        "read": 363223.0714285714,
        "write": 67957.78571428571,
        "misc": 0.0
    },
    "demand_miss_rate": {
        "total": 0.06797142857142857,
        "instrn": 0.0,
        "data": 0.06797142857142857,
        "read": 0.06587142857142857,
        "write": 0.0798357142857143,
        "misc": 0.0
    },
    "bytes_from_memory": 27595574.85714286,
    "bytes_to_memory": 4671282.285714285,
    "total_bytes_rw_mem": 32266857.14285714
}