{
    "demand_fetches": {
        "total": 9909068.142857144,
        "instrn": 0.0,
        "data": 9909068.142857144,
        "read": 9015900.142857144,
        "write": 893168.0,
        "misc": 0.0
    },
    "demand_misses": {
        "total": 766754.9285714285,
        "instrn": 0.0,
        "data": 766754.9285714285,
        "read": 682686.9285714285,
        "write": 84068.0,
        "misc": 0.0
    },
    "demand_miss_rate": {
        "total": 0.06662142857142857,
        "instrn": 0.0,
        "data": 0.06662142857142857,
        "read": 0.065,
        "write": 0.07965714285714286,
        "misc": 0.0
    },
    "bytes_from_memory": 49072315.428571425,
    "bytes_to_memory": 5722806.857142857,
    "total_bytes_rw_mem": 54795122.28571428
}