{
    "demand_fetches": {
        "total": 5291166.928571428,
        "instrn": 0.0,
        "data": 5291166.928571428,
        "read": 4662116.428571428,
        "write": 629050.5,
        "misc": 0.0
    },
    "demand_misses": {
        "total": 1208823.5714285714,
        "instrn": 0.0,
        "data": 1208823.5714285714,
        "read": 1091466.142857143,
        "write": 117357.42857142857,
        "misc": 0.0
    },
    "demand_miss_rate": {
        "total": 0.19074999999999998,
        "instrn": 0.0,
        "data": 0.19074999999999998,
        "read": 0.19605714285714287,
        "write": 0.15900714285714285,
        "misc": 0.0
    },
    "bytes_from_memory": 38682354.28571428,
    "bytes_to_memory": 4040861.714285714,
    "total_bytes_rw_mem": 42723216.0
}