{
    "power": {
        "0x40": 803.6297980379342,
        "0x41": 5.207820928711715,
        "0x44": 1694.5203126226238,
        "0x45": 867.4790615434902,
        "0x48": 1010.8418265532915,
        "0x4c": 596.6745378678922
    },
    "current": {
        "0x40": 160.9009141922823,
        "0x41": -0.40157724002616046,
        "0x44": 511.3563466317862,
        "0x45": 860.6842143884887,
        "0x48": 563.764764290384,
        "0x4c": 398.7538276651386
    },
    "energy": {
        "0x40": 17966.142738199884,
        "0x41": 116.3787717999989,
        "0x44": 37885.88102730012,
        "0x45": 19394.359475300036,
        "0x48": 22600.66200550004,
        "0x4c": 13340.290003999955
    }
}