{
    "demand_fetches": {
        "total": 20199630.46153846,
        "instrn": 0.0,
        "data": 20199630.46153846,
        "read": 19130452.615384616,
        "write": 1069177.8461538462,
        "misc": 0.0
    },
    "demand_misses": {
        "total": 1988414.4615384615,
        "instrn": 0.0,
        "data": 1988414.4615384615,
        "read": 1864771.923076923,
        "write": 123642.53846153847,
        "misc": 0.0
    },
    "demand_miss_rate": {
        "total": 0.08963076923076925,
        "instrn": 0.0,
        "data": 0.08963076923076925,
        "read": 0.08869230769230768,
        "write": 0.10335384615384616,
        "misc": 0.0
    },
    "bytes_from_memory": 127258525.53846154,
    "bytes_to_memory": 9389582.76923077,
    "total_bytes_rw_mem": 136648108.30769232
}