{
    "demand_fetches": {
        "total": 19214001.5,
        "instrn": 0.0,
        "data": 19214001.5,
        "read": 18041581.714285713,
        "write": 1172419.7857142857,
        "misc": 0.0
    },
    "demand_misses": {
        "total": 2818732.4285714286,
        "instrn": 0.0,
        "data": 2818732.4285714286,
        "read": 2641929.714285714,
        "write": 176802.7142857143,
        "misc": 0.0
    },
    "demand_miss_rate": {
        "total": 0.12556428571428574,
        "instrn": 0.0,
        "data": 0.12556428571428574,
        "read": 0.12494999999999999,
        "write": 0.13179285714285713,
        "misc": 0.0
    },
    "bytes_from_memory": 90199437.71428572,
    "bytes_to_memory": 6215257.142857143,
    "total_bytes_rw_mem": 96414694.85714285
}