{
    "demand_fetches": {
        "total": 10570637.615384616,
        "instrn": 0.0,
        "data": 10570637.615384616,
        "read": 9671347.153846154,
        "write": 899290.4615384615,
        "misc": 0.0
    },
    "demand_misses": {
        "total": 3429852.846153846,
        "instrn": 0.0,
        "data": 3429852.846153846,
        "read": 3097997.769230769,
        "write": 331855.07692307694,
        "misc": 0.0
    },
    "demand_miss_rate": {
        "total": 0.2977384615384615,
        "instrn": 0.0,
        "data": 0.2977384615384615,
        "read": 0.2928538461538462,
        "write": 0.33691538461538456,
        "misc": 0.0
    },
    "bytes_from_memory": 54877645.538461536,
    "bytes_to_memory": 5513601.230769231,
    "total_bytes_rw_mem": 60391246.76923077
}