{
    "demand_fetches": {
        "total": 13228859.285714285,
        "instrn": 0.0,
        "data": 13228859.285714285,
        "read": 11759523.07142857,
        "write": 1469336.2142857143,
        "misc": 0.0
    },
    "demand_misses": {
        "total": 2041435.0,
        "instrn": 0.0,
        "data": 2041435.0,
        "read": 1760569.0714285714,
        "write": 280865.9285714286,
        "misc": 0.0
    },
    "demand_miss_rate": {
        "total": 0.14327857142857142,
        "instrn": 0.0,
        "data": 0.14327857142857142,
        "read": 0.13861428571428575,
        "write": 0.17507142857142857,
        "misc": 0.0
    },
    "bytes_from_memory": 65325920.0,
    "bytes_to_memory": 9435485.714285715,
    "total_bytes_rw_mem": 74761405.71428572
}