{
    "demand_fetches": {
        "total": 5147154.857142857,
        "instrn": 0.0,
        "data": 5147154.857142857,
        "read": 4618732.214285715,
        "write": 528422.6428571428,
        "misc": 0.0
    },
    "demand_misses": {
        "total": 618753.7857142857,
        "instrn": 0.0,
        "data": 618753.7857142857,
        "read": 566484.5714285715,
        "write": 52269.21428571428,
        "misc": 0.0
    },
    "demand_miss_rate": {
        "total": 0.10155714285714286,
        "instrn": 0.0,
        "data": 0.10155714285714286,
        "read": 0.10438571428571429,
        "write": 0.08377857142857141,
        "misc": 0.0
    },
    "bytes_from_memory": 39600242.28571428,
    "bytes_to_memory": 3762683.4285714286,
    "total_bytes_rw_mem": 43362925.71428572
}