{
    "demand_fetches": {
        "total": 13819035.384615384,
        "instrn": 0.0,
        "data": 13819035.384615384,
        "read": 12510103.538461538,
        "write": 1308931.8461538462,
        "misc": 0.0
    },
    "demand_misses": {
        "total": 2281760.153846154,
        "instrn": 0.0,
        "data": 2281760.153846154,
        "read": 2029888.7692307692,
        "write": 251871.38461538462,
        "misc": 0.0
    },
    "demand_miss_rate": {
        "total": 0.16451538461538462,
        "instrn": 0.0,
        "data": 0.16451538461538462,
        "read": 0.1612230769230769,
        "write": 0.18984615384615383,
        "misc": 0.0
    },
    "bytes_from_memory": 73016324.92307693,
    "bytes_to_memory": 8568433.23076923,
    "total_bytes_rw_mem": 81584758.15384616
}