{
    "demand_fetches": {
        "total": 5291166.928571428,
        "instrn": 0.0,
        "data": 5291166.928571428,
        "read": 4662116.428571428,
        "write": 629050.5,
        "misc": 0.0
    },
    "demand_misses": {
        "total": 657179.4285714285,
        "instrn": 0.0,
        "data": 657179.4285714285,
        "read": 593578.9285714285,
        "write": 63600.5,
        "misc": 0.0
    },
    "demand_miss_rate": {
        "total": 0.10754999999999999,
        "instrn": 0.0,
        "data": 0.10754999999999999,
        "read": 0.11173571428571429,
        "write": 0.08619285714285715,
        "misc": 0.0
    },
    "bytes_from_memory": 42059483.428571425,
    "bytes_to_memory": 4770907.428571428,
    "total_bytes_rw_mem": 46830390.85714286
}