{
    "demand_fetches": {
        "total": 18610525.285714287,
        "instrn": 0.0,
        "data": 18610525.285714287,
        "read": 17654362.285714287,
        "write": 956163.0,
        "misc": 0.0
    },
    "demand_misses": {
        "total": 9012589.642857144,
        "instrn": 0.0,
        "data": 9012589.642857144,
        "read": 8647079.857142856,
        "write": 365509.78571428574,
        "misc": 0.0
    },
    "demand_miss_rate": {
        "total": 0.4131357142857143,
        "instrn": 0.0,
        "data": 0.4131357142857143,
        "read": 0.4189642857142858,
        "write": 0.3313000000000001,
        "misc": 0.0
    },
    "bytes_from_memory": 144201434.2857143,
    "bytes_to_memory": 6838985.142857143,
    "total_bytes_rw_mem": 151040419.42857143
}