{
    "demand_fetches": {
        "total": 10581582.846153846,
        "instrn": 0.0,
        "data": 10581582.846153846,
        "read": 9676558.384615384,
        "write": 905024.4615384615,
        "misc": 0.0
    },
    "demand_misses": {
        "total": 856926.6923076923,
        "instrn": 0.0,
        "data": 856926.6923076923,
        "read": 771162.0,
        "write": 85764.69230769231,
        "misc": 0.0
    },
    "demand_miss_rate": {
        "total": 0.0748,
        "instrn": 0.0,
        "data": 0.0748,
        "read": 0.07337692307692308,
        "write": 0.08643846153846155,
        "misc": 0.0
    },
    "bytes_from_memory": 54843308.307692304,
    "bytes_to_memory": 5918961.230769231,
    "total_bytes_rw_mem": 60762269.538461536
}