{
    "demand_fetches": {
        "total": 5147746.0,
        "instrn": 0.0,
        "data": 5147746.0,
        "read": 4619092.142857143,
        "write": 528653.8571428572,
        "misc": 0.0
    },
    "demand_misses": {
        "total": 2405530.3571428573,
        "instrn": 0.0,
        "data": 2405530.3571428573,
        "read": 2202832.4285714286,
        "write": 202697.92857142858,
        "misc": 0.0
    },
    "demand_miss_rate": {
        "total": 0.3888642857142858,
        "instrn": 0.0,
        "data": 0.3888642857142858,
        "read": 0.3984999999999999,
        "write": 0.3254142857142857,
        "misc": 0.0
    },
    "bytes_from_memory": 38488485.71428572,
    "bytes_to_memory": 3443446.8571428573,
    "total_bytes_rw_mem": 41931932.571428575
}