{
    "demand_fetches": {
        "total": 56153.21428571428,
        "instrn": 0.0,
        "data": 56153.21428571428,
        "read": 39110.142857142855,
        "write": 17043.071428571428,
        "misc": 0.0
    },
    "demand_misses": {
        "total": 11080.0,
        "instrn": 0.0,
        "data": 11080.0,
        "read": 5927.928571428572,
        "write": 5152.071428571428,
        "misc": 0.0
    },
    "demand_miss_rate": {
        "total": 0.14607142857142857,
        "instrn": 0.0,
        "data": 0.14607142857142857,
        "read": 0.11797142857142857,
        "write": 0.2103357142857143,
        "misc": 0.0
    },
    "bytes_from_memory": 177280.0,
    "bytes_to_memory": 91941.71428571429,
    "total_bytes_rw_mem": 269221.71428571426
}