{
    "demand_fetches": {
        "total": 20412526.230769232,
        "instrn": 0.0,
        "data": 20412526.230769232,
        "read": 19265690.384615384,
        "write": 1146835.8461538462,
        "misc": 0.0
    },
    "demand_misses": {
        "total": 6150902.307692308,
        "instrn": 0.0,
        "data": 6150902.307692308,
        "read": 5801480.307692308,
        "write": 349422.0,
        "misc": 0.0
    },
    "demand_miss_rate": {
        "total": 0.2764,
        "instrn": 0.0,
        "data": 0.2764,
        "read": 0.2753461538461539,
        "write": 0.2863692307692307,
        "misc": 0.0
    },
    "bytes_from_memory": 98414436.92307693,
    "bytes_to_memory": 6046688.0,
    "total_bytes_rw_mem": 104461124.92307693
}