{
    "demand_fetches": {
        "total": 10570637.615384616,
        "instrn": 0.0,
        "data": 10570637.615384616,
        "read": 9671347.153846154,
        "write": 899290.4615384615,
        "misc": 0.0
    },
    "demand_misses": {
        "total": 2542461.230769231,
        "instrn": 0.0,
        "data": 2542461.230769231,
        "read": 2358723.923076923,
        "write": 183737.3076923077,
        "misc": 0.0
    },
    "demand_miss_rate": {
        "total": 0.2196923076923077,
        "instrn": 0.0,
        "data": 0.2196923076923077,
        "read": 0.22383846153846154,
        "write": 0.18696153846153848,
        "misc": 0.0
    },
    "bytes_from_memory": 81358759.38461539,
    "bytes_to_memory": 6657725.538461538,
    "total_bytes_rw_mem": 88016484.92307693
}