{
    "demand_fetches": {
        "total": 30488086.615384616,
        "instrn": 0.0,
        "data": 30488086.615384616,
        "read": 24886322.692307692,
        "write": 5601763.923076923,
        "misc": 0.0
    },
    "demand_misses": {
        "total": 3114883.769230769,
        "instrn": 0.0,
        "data": 3114883.769230769,
        "read": 2452457.0,
        "write": 662426.7692307692,
        "misc": 0.0
    },
    "demand_miss_rate": {
        "total": 0.09227692307692309,
        "instrn": 0.0,
        "data": 0.09227692307692309,
        "read": 0.08815384615384615,
        "write": 0.10953846153846157,
        "misc": 0.0
    },
    "bytes_from_memory": 99676280.61538461,
    "bytes_to_memory": 21980115.692307692,
    "total_bytes_rw_mem": 121656396.3076923
}