{
    "demand_fetches": {
        "total": 9774315.714285715,
        "instrn": 0.0,
        "data": 9774315.714285715,
        "read": 8964283.0,
        "write": 810032.7142857143,
        "misc": 0.0
    },
    "demand_misses": {
        "total": 4679406.357142857,
        "instrn": 0.0,
        "data": 4679406.357142857,
        "read": 4357869.642857143,
        "write": 321536.71428571426,
        "misc": 0.0
    },
    "demand_miss_rate": {
        "total": 0.40339285714285716,
        "instrn": 0.0,
        "data": 0.40339285714285716,
        "read": 0.4113071428571429,
        "write": 0.3387428571428571,
        "misc": 0.0
    },
    "bytes_from_memory": 74870501.71428572,
    "bytes_to_memory": 5627553.142857143,
    "total_bytes_rw_mem": 80498054.85714285
}