{
    "demand_fetches": {
        "total": 10361724.57142857,
        "instrn": 0.0,
        "data": 10361724.57142857,
        "read": 9180187.714285715,
        "write": 1181536.857142857,
        "misc": 0.0
    },
    "demand_misses": {
        "total": 1494564.7142857143,
        "instrn": 0.0,
        "data": 1494564.7142857143,
        "read": 1272607.357142857,
        "write": 221957.35714285713,
        "misc": 0.0
    },
    "demand_miss_rate": {
        "total": 0.1243857142857143,
        "instrn": 0.0,
        "data": 0.1243857142857143,
        "read": 0.11920714285714286,
        "write": 0.15892142857142857,
        "misc": 0.0
    },
    "bytes_from_memory": 47826070.85714286,
    "bytes_to_memory": 7365739.428571428,
    "total_bytes_rw_mem": 55191810.28571428
}