{
    "demand_fetches": {
        "total": 10581582.846153846,
        "instrn": 0.0,
        "data": 10581582.846153846,
        "read": 9676558.384615384,
        "write": 905024.4615384615,
        "misc": 0.0
    },
    "demand_misses": {
        "total": 2283469.5384615385,
        "instrn": 0.0,
        "data": 2283469.5384615385,
        "read": 2101962.923076923,
        "write": 181506.61538461538,
        "misc": 0.0
    },
    "demand_miss_rate": {
        "total": 0.19506923076923074,
        "instrn": 0.0,
        "data": 0.19506923076923074,
        "read": 0.19659230769230768,
        "write": 0.18273846153846154,
        "misc": 0.0
    },
    "bytes_from_memory": 73071025.23076923,
    "bytes_to_memory": 6466552.615384615,
    "total_bytes_rw_mem": 79537577.84615384
}