{
    "demand_fetches": {
        "total": 55505.57142857143,
        "instrn": 0.0,
        "data": 55505.57142857143,
        "read": 32970.71428571428,
        "write": 22534.85714285714,
        "misc": 0.0
    },
    "demand_misses": {
        "total": 18517.35714285714,
        "instrn": 0.0,
        "data": 18517.35714285714,
        "read": 5027.5,
        "write": 13489.857142857143,
        "misc": 0.0
    },
    "demand_miss_rate": {
        "total": 0.23194285714285717,
        "instrn": 0.0,
        "data": 0.23194285714285717,
        "read": 0.15075714285714284,
        "write": 0.33822857142857143,
        "misc": 0.0
    },
    "bytes_from_memory": 296277.71428571426,
    "bytes_to_memory": 223560.0,
    "total_bytes_rw_mem": 519837.71428571426
}