{
    "demand_fetches": {
        "total": 5291166.928571428,
        "instrn": 0.0,
        "data": 5291166.928571428,
        "read": 4662116.428571428,
        "write": 629050.5,
        "misc": 0.0
    },
    "demand_misses": {
        "total": 2356221.0,
        "instrn": 0.0,
        "data": 2356221.0,
        "read": 2126894.5714285714,
        "write": 229326.42857142858,
        "misc": 0.0
    },
    "demand_miss_rate": {
        "total": 0.3625142857142857,
        "instrn": 0.0,
        "data": 0.3625142857142857,
        "read": 0.3702,
        "write": 0.31053571428571436,
        "misc": 0.0
    },
    "bytes_from_memory": 37699536.0,
    "bytes_to_memory": 3828049.1428571427,
    "total_bytes_rw_mem": 41527585.14285714
}