{
    "demand_fetches": {
        "total": 10361724.57142857,
        "instrn": 0.0,
        "data": 10361724.57142857,
        "read": 9180187.714285715,
        "write": 1181536.857142857,
        "misc": 0.0
    },
    "demand_misses": {
        "total": 4953746.428571428,
        "instrn": 0.0,
        "data": 4953746.428571428,
        "read": 4464205.0,
        "write": 489541.4285714286,
        "misc": 0.0
    },
    "demand_miss_rate": {
        "total": 0.40555,
        "instrn": 0.0,
        "data": 0.40555,
        "read": 0.41377857142857144,
        "write": 0.3518357142857142,
        "misc": 0.0
    },
    "bytes_from_memory": 79259942.85714285,
    "bytes_to_memory": 8794883.42857143,
    "total_bytes_rw_mem": 88054826.28571428
}