{
    "demand_fetches": {
        "total": 45098.357142857145,
        "instrn": 0.0,
        "data": 45098.357142857145,
        "read": 27033.5,
        "write": 18064.85714285714,
        "misc": 0.0
    },
    "demand_misses": {
        "total": 13338.57142857143,
        "instrn": 0.0,
        "data": 13338.57142857143,
        "read": 4533.214285714285,
        "write": 8805.357142857143,
        "misc": 0.0
    },
    "demand_miss_rate": {
        "total": 0.19859285714285715,
        "instrn": 0.0,
        "data": 0.19859285714285715,
        "read": 0.1347071428571429,
        "write": 0.2918285714285714,
        "misc": 0.0
    },
    "bytes_from_memory": 213417.14285714287,
    "bytes_to_memory": 148377.14285714287,
    "total_bytes_rw_mem": 361794.28571428574
}