{
    "demand_fetches": {
        "total": 165444.42857142858,
        "instrn": 0.0,
        "data": 165444.42857142858,
        "read": 88587.14285714286,
        "write": 76857.28571428571,
        "misc": 0.0
    },
    "demand_misses": {
        "total": 116206.28571428571,
        "instrn": 0.0,
        "data": 116206.28571428571,
        "read": 53743.42857142857,
        "write": 62462.857142857145,
        "misc": 0.0
    },
    "demand_miss_rate": {
        "total": 0.46467142857142857,
        "instrn": 0.0,
        "data": 0.46467142857142857,
        "read": 0.43767857142857153,
        "write": 0.47581428571428563,
        "misc": 0.0
    },
    "bytes_from_memory": 3718601.1428571427,
    "bytes_to_memory": 2017321.142857143,
    "total_bytes_rw_mem": 5735922.285714285
}