{
    "demand_fetches": {
        "total": 5212942.5,
        "instrn": 0.0,
        "data": 5212942.5,
        "read": 4647407.142857143,
        "write": 565535.3571428572,
        "misc": 0.0
    },
    "demand_misses": {
        "total": 2052323.5,
        "instrn": 0.0,
        "data": 2052323.5,
        "read": 1831689.142857143,
        "write": 220634.35714285713,
        "misc": 0.0
    },
    "demand_miss_rate": {
        "total": 0.33393571428571434,
        "instrn": 0.0,
        "data": 0.33393571428571434,
        "read": 0.3347142857142857,
        "write": 0.32965,
        "misc": 0.0
    },
    "bytes_from_memory": 32837176.0,
    "bytes_to_memory": 3798315.4285714286,
    "total_bytes_rw_mem": 36635491.428571425
}