{
    "demand_fetches": {
        "total": 20330162.076923076,
        "instrn": 0.0,
        "data": 20330162.076923076,
        "read": 19211134.46153846,
        "write": 1119027.6153846155,
        "misc": 0.0
    },
    "demand_misses": {
        "total": 9789261.692307692,
        "instrn": 0.0,
        "data": 9789261.692307692,
        "read": 9375278.846153846,
        "write": 413982.8461538461,
        "misc": 0.0
    },
    "demand_miss_rate": {
        "total": 0.44063076923076927,
        "instrn": 0.0,
        "data": 0.44063076923076927,
        "read": 0.44763846153846154,
        "write": 0.346623076923077,
        "misc": 0.0
    },
    "bytes_from_memory": 156628187.07692307,
    "bytes_to_memory": 8062242.461538462,
    "total_bytes_rw_mem": 164690429.53846154
}