{
    "demand_fetches": {
        "total": 20428592.57142857,
        "instrn": 0.0,
        "data": 20428592.57142857,
        "read": 18731864.64285714,
        "write": 1696727.9285714286,
        "misc": 0.0
    },
    "demand_misses": {
        "total": 1543387.7142857143,
        "instrn": 0.0,
        "data": 1543387.7142857143,
        "read": 1350139.357142857,
        "write": 193248.35714285713,
        "misc": 0.0
    },
    "demand_miss_rate": {
        "total": 0.06518571428571429,
        "instrn": 0.0,
        "data": 0.06518571428571429,
        "read": 0.06215,
        "write": 0.09505,
        "misc": 0.0
    },
    "bytes_from_memory": 98776813.71428572,
    "bytes_to_memory": 13553321.142857144,
    "total_bytes_rw_mem": 112330134.85714285
}