{
    "power": {
        "0x40": 813.887992957727,
        "0x41": 5.417679979879474,
        "0x44": 1700.962364185125,
        "0x45": 862.0396376257493,
        "0x48": 1010.760213279659,
        "0x4c": 605.7114056338055
    },
    "current": {
        "0x40": 162.91039129778827,
        "0x41": -0.45574683098591356,
        "0x44": 513.2711946177095,
        "0x45": 854.8590867203201,
        "0x48": 563.7335131287655,
        "0x4c": 404.4519813883282
    },
    "energy": {
        "0x40": 22659.125833999802,
        "0x41": 150.72736900000066,
        "0x44": 47352.90237559974,
        "0x45": 23996.74233000007,
        "0x48": 28138.55596940029,
        "0x4c": 16862.10996119975
    }
}