{
    "demand_fetches": {
        "total": 101905.07142857143,
        "instrn": 0.0,
        "data": 101905.07142857143,
        "read": 56726.57142857143,
        "write": 45178.5,
        "misc": 0.0
    },
    "demand_misses": {
        "total": 44472.642857142855,
        "instrn": 0.0,
        "data": 44472.642857142855,
        "read": 10168.642857142857,
        "write": 34304.0,
        "misc": 0.0
    },
    "demand_miss_rate": {
        "total": 0.24945714285714285,
        "instrn": 0.0,
        "data": 0.24945714285714285,
        "read": 0.12776428571428572,
        "write": 0.4295642857142857,
        "misc": 0.0
    },
    "bytes_from_memory": 2846249.1428571427,
    "bytes_to_memory": 2220470.8571428573,
    "total_bytes_rw_mem": 5066720.0
}