{
    "demand_fetches": {
        "total": 19213499.92857143,
        "instrn": 0.0,
        "data": 19213499.92857143,
        "read": 18041327.5,
        "write": 1172172.4285714286,
        "misc": 0.0
    },
    "demand_misses": {
        "total": 6111673.0,
        "instrn": 0.0,
        "data": 6111673.0,
        "read": 5752321.142857143,
        "write": 359351.85714285716,
        "misc": 0.0
    },
    "demand_miss_rate": {
        "total": 0.2715214285714286,
        "instrn": 0.0,
        "data": 0.2715214285714286,
        "read": 0.2715571428571429,
        "write": 0.26825714285714286,
        "misc": 0.0
    },
    "bytes_from_memory": 97786768.0,
    "bytes_to_memory": 6390224.0,
    "total_bytes_rw_mem": 104176992.0
}