{
    "demand_fetches": {
        "total": 14605860.461538462,
        "instrn": 0.0,
        "data": 14605860.461538462,
        "read": 11120620.153846154,
        "write": 3485240.3076923075,
        "misc": 0.0
    },
    "demand_misses": {
        "total": 2621148.923076923,
        "instrn": 0.0,
        "data": 2621148.923076923,
        "read": 1900771.0,
        "write": 720377.9230769231,
        "misc": 0.0
    },
    "demand_miss_rate": {
        "total": 0.16588461538461538,
        "instrn": 0.0,
        "data": 0.16588461538461538,
        "read": 0.15866923076923076,
        "write": 0.18807692307692306,
        "misc": 0.0
    },
    "bytes_from_memory": 83876765.53846154,
    "bytes_to_memory": 25045700.923076924,
    "total_bytes_rw_mem": 108922466.46153846
}