{
    "demand_fetches": {
        "total": 11374302.642857144,
        "instrn": 0.0,
        "data": 11374302.642857144,
        "read": 9542977.785714285,
        "write": 1831324.857142857,
        "misc": 0.0
    },
    "demand_misses": {
        "total": 1952819.142857143,
        "instrn": 0.0,
        "data": 1952819.142857143,
        "read": 1581139.5,
        "write": 371679.64285714284,
        "misc": 0.0
    },
    "demand_miss_rate": {
        "total": 0.14764285714285713,
        "instrn": 0.0,
        "data": 0.14764285714285713,
        "read": 0.1427,
        "write": 0.17144285714285717,
        "misc": 0.0
    },
    "bytes_from_memory": 62490212.571428575,
    "bytes_to_memory": 12869609.142857144,
    "total_bytes_rw_mem": 75359821.71428572
}