{
    "demand_fetches": {
        "total": 5213475.357142857,
        "instrn": 0.0,
        "data": 5213475.357142857,
        "read": 4637549.0,
        "write": 575926.3571428572,
        "misc": 0.0
    },
    "demand_misses": {
        "total": 628432.8571428572,
        "instrn": 0.0,
        "data": 628432.8571428572,
        "read": 571765.9285714285,
        "write": 56666.92857142857,
        "misc": 0.0
    },
    "demand_miss_rate": {
        "total": 0.10212142857142857,
        "instrn": 0.0,
        "data": 0.10212142857142857,
        "read": 0.10535000000000001,
        "write": 0.08374285714285715,
        "misc": 0.0
    },
    "bytes_from_memory": 40219702.85714286,
    "bytes_to_memory": 4141787.4285714286,
    "total_bytes_rw_mem": 44361490.28571428
}