{
    "demand_fetches": {
        "total": 26140940.35714286,
        "instrn": 0.0,
        "data": 26140940.35714286,
        "read": 24017767.14285714,
        "write": 2123173.214285714,
        "misc": 0.0
    },
    "demand_misses": {
        "total": 3433660.5,
        "instrn": 0.0,
        "data": 3433660.5,
        "read": 3145395.5714285714,
        "write": 288264.9285714286,
        "misc": 0.0
    },
    "demand_miss_rate": {
        "total": 0.12210714285714284,
        "instrn": 0.0,
        "data": 0.12210714285714284,
        "read": 0.12135,
        "write": 0.1288,
        "misc": 0.0
    },
    "bytes_from_memory": 109877136.0,
    "bytes_to_memory": 9938187.42857143,
    "total_bytes_rw_mem": 119815323.42857143
}