{
    "demand_fetches": {
        "total": 5212942.5,
        "instrn": 0.0,
        "data": 5212942.5,
        "read": 4647407.142857143,
        "write": 565535.3571428572,
        "misc": 0.0
    },
    "demand_misses": {
        "total": 562056.5714285715,
        "instrn": 0.0,
        "data": 562056.5714285715,
        "read": 504677.5714285714,
        "write": 57379.0,
        "misc": 0.0
    },
    "demand_miss_rate": {
        "total": 0.09209285714285713,
        "instrn": 0.0,
        "data": 0.09209285714285713,
        "read": 0.09325000000000001,
        "write": 0.08532857142857143,
        "misc": 0.0
    },
    "bytes_from_memory": 35971620.571428575,
    "bytes_to_memory": 4165202.285714286,
    "total_bytes_rw_mem": 40136822.85714286
}