{
    "demand_fetches": {
        "total": 10581582.846153846,
        "instrn": 0.0,
        "data": 10581582.846153846,
        "read": 9676558.384615384,
        "write": 905024.4615384615,
        "misc": 0.0
    },
    "demand_misses": {
        "total": 4660401.846153846,
        "instrn": 0.0,
        "data": 4660401.846153846,
        "read": 4307119.538461538,
        "write": 353282.3076923077,
        "misc": 0.0
    },
    "demand_miss_rate": {
        "total": 0.39526153846153844,
        "instrn": 0.0,
        "data": 0.39526153846153844,
        "read": 0.39982307692307695,
        "write": 0.3564769230769231,
        "misc": 0.0
    },
    "bytes_from_memory": 74566429.53846154,
    "bytes_to_memory": 6112948.923076923,
    "total_bytes_rw_mem": 80679378.46153846
}