{
    "demand_fetches": {
        "total": 5291166.928571428,
        "instrn": 0.0,
        "data": 5291166.928571428,
        "read": 4662116.428571428,
        "write": 629050.5,
        "misc": 0.0
    },
    "demand_misses": {
        "total": 2489436.714285714,
        "instrn": 0.0,
        "data": 2489436.714285714,
        "read": 2242144.4285714286,
        "write": 247292.2857142857,
        "misc": 0.0
    },
    "demand_miss_rate": {
        "total": 0.39564285714285713,
        "instrn": 0.0,
        "data": 0.39564285714285713,
        "read": 0.40639285714285717,
        "write": 0.3351857142857142,
        "misc": 0.0
    },
    "bytes_from_memory": 39830987.428571425,
    "bytes_to_memory": 4218145.142857143,
    "total_bytes_rw_mem": 44049132.571428575
}