{
    "demand_fetches": {
        "total": 9909992.214285715,
        "instrn": 0.0,
        "data": 9909992.214285715,
        "read": 9016409.357142856,
        "write": 893582.8571428572,
        "misc": 0.0
    },
    "demand_misses": {
        "total": 856772.9285714285,
        "instrn": 0.0,
        "data": 856772.9285714285,
        "read": 770230.2857142857,
        "write": 86542.64285714286,
        "misc": 0.0
    },
    "demand_miss_rate": {
        "total": 0.07390714285714285,
        "instrn": 0.0,
        "data": 0.07390714285714285,
        "read": 0.07290714285714286,
        "write": 0.08190714285714286,
        "misc": 0.0
    },
    "bytes_from_memory": 54833467.428571425,
    "bytes_to_memory": 6041485.714285715,
    "total_bytes_rw_mem": 60874953.14285714
}