{
    "demand_fetches": {
        "total": 19213499.92857143,
        "instrn": 0.0,
        "data": 19213499.92857143,
        "read": 18041327.5,
        "write": 1172172.4285714286,
        "misc": 0.0
    },
    "demand_misses": {
        "total": 2061120.857142857,
        "instrn": 0.0,
        "data": 2061120.857142857,
        "read": 1903773.642857143,
        "write": 157347.2142857143,
        "misc": 0.0
    },
    "demand_miss_rate": {
        "total": 0.09179999999999999,
        "instrn": 0.0,
        "data": 0.09179999999999999,
        "read": 0.09043571428571427,
        "write": 0.11045,
        "misc": 0.0
    },
    "bytes_from_memory": 131911734.85714285,
    "bytes_to_memory": 12750198.857142856,
    "total_bytes_rw_mem": 144661933.7142857
}