{
    "demand_fetches": {
        "total": 261857.0,
        "instrn": 0.0,
        "data": 261857.0,
        "read": 57447.357142857145,
        "write": 204409.64285714287,
        "misc": 0.0
    },
    "demand_misses": {
        "total": 215635.64285714287,
        "instrn": 0.0,
        "data": 215635.64285714287,
        "read": 24728.071428571428,
        "write": 190907.57142857142,
        "misc": 0.0
    },
    "demand_miss_rate": {
        "total": 0.4944071428571428,
        "instrn": 0.0,
        "data": 0.4944071428571428,
        "read": 0.31579285714285715,
        "write": 0.5956928571428571,
        "misc": 0.0
    },
    "bytes_from_memory": 6900340.571428572,
    "bytes_to_memory": 6128434.285714285,
    "total_bytes_rw_mem": 13028774.857142856
}