{
    "demand_fetches": {
        "total": 20428592.57142857,
        "instrn": 0.0,
        "data": 20428592.57142857,
        "read": 18731864.64285714,
        "write": 1696727.9285714286,
        "misc": 0.0
    },
    "demand_misses": {
        "total": 3248118.5,
        "instrn": 0.0,
        "data": 3248118.5,
        "read": 2986449.285714286,
        "write": 261669.2142857143,
        "misc": 0.0
    },
    "demand_miss_rate": {
        "total": 0.13650714285714285,
        "instrn": 0.0,
        "data": 0.13650714285714285,
        "read": 0.13667857142857143,
        "write": 0.1344142857142857,
        "misc": 0.0
    },
    "bytes_from_memory": 103939792.0,
    "bytes_to_memory": 9874452.57142857,
    "total_bytes_rw_mem": 113814244.57142857
}