{
    "demand_fetches": {
        "total": 10616309.666666666,
        "instrn": 0.0,
        "data": 10616309.666666666,
        "read": 8906967.933333334,
        "write": 1709341.7333333334,
        "misc": 0.0
    },
    "demand_misses": {
        "total": 1526434.7333333334,
        "instrn": 0.0,
        "data": 1526434.7333333334,
        "read": 1201987.9333333333,
        "write": 324446.8,
        "misc": 0.0
    },
    "demand_miss_rate": {
        "total": 0.11548666666666667,
        "instrn": 0.0,
        "data": 0.11548666666666667,
        "read": 0.10834,
        "write": 0.14971333333333334,
        "misc": 0.0
    },
    "bytes_from_memory": 48845911.46666667,
    "bytes_to_memory": 10767101.866666667,
    "total_bytes_rw_mem": 59613013.333333336
}