{
    "demand_fetches": {
        "total": 18681704.285714287,
        "instrn": 0.0,
        "data": 18681704.285714287,
        "read": 17715672.214285713,
        "write": 966032.0714285715,
        "misc": 0.0
    },
    "demand_misses": {
        "total": 7246014.928571428,
        "instrn": 0.0,
        "data": 7246014.928571428,
        "read": 6911947.357142857,
        "write": 334067.5714285714,
        "misc": 0.0
    },
    "demand_miss_rate": {
        "total": 0.32349285714285714,
        "instrn": 0.0,
        "data": 0.32349285714285714,
        "read": 0.3250285714285714,
        "write": 0.29725,
        "misc": 0.0
    },
    "bytes_from_memory": 115936238.85714285,
    "bytes_to_memory": 6113357.714285715,
    "total_bytes_rw_mem": 122049596.57142857
}