{
    "demand_fetches": {
        "total": 159946.76923076922,
        "instrn": 0.0,
        "data": 159946.76923076922,
        "read": 85015.84615384616,
        "write": 74930.92307692308,
        "misc": 0.0
    },
    "demand_misses": {
        "total": 75639.84615384616,
        "instrn": 0.0,
        "data": 75639.84615384616,
        "read": 11593.923076923076,
        "write": 64045.92307692308,
        "misc": 0.0
    },
    "demand_miss_rate": {
        "total": 0.26405384615384614,
        "instrn": 0.0,
        "data": 0.26405384615384614,
        "read": 0.10613846153846154,
        "write": 0.5078,
        "misc": 0.0
    },
    "bytes_from_memory": 4840950.153846154,
    "bytes_to_memory": 4128753.230769231,
    "total_bytes_rw_mem": 8969703.384615384
}