{
    "demand_fetches": {
        "total": 46138.28571428572,
        "instrn": 0.0,
        "data": 46138.28571428572,
        "read": 29109.428571428572,
        "write": 17028.85714285714,
        "misc": 0.0
    },
    "demand_misses": {
        "total": 11511.0,
        "instrn": 0.0,
        "data": 11511.0,
        "read": 4919.0,
        "write": 6592.0,
        "misc": 0.0
    },
    "demand_miss_rate": {
        "total": 0.17372142857142855,
        "instrn": 0.0,
        "data": 0.17372142857142855,
        "read": 0.1279714285714286,
        "write": 0.2538,
        "misc": 0.0
    },
    "bytes_from_memory": 184176.0,
    "bytes_to_memory": 113650.28571428571,
    "total_bytes_rw_mem": 297826.28571428574
}