{
    "demand_fetches": {
        "total": 21086884.307692308,
        "instrn": 0.0,
        "data": 21086884.307692308,
        "read": 19657634.615384616,
        "write": 1429249.6923076923,
        "misc": 0.0
    },
    "demand_misses": {
        "total": 5517941.923076923,
        "instrn": 0.0,
        "data": 5517941.923076923,
        "read": 5121658.615384615,
        "write": 396283.3076923077,
        "misc": 0.0
    },
    "demand_miss_rate": {
        "total": 0.24173846153846157,
        "instrn": 0.0,
        "data": 0.24173846153846157,
        "read": 0.23973076923076922,
        "write": 0.2617846153846154,
        "misc": 0.0
    },
    "bytes_from_memory": 88287070.76923077,
    "bytes_to_memory": 6648786.461538462,
    "total_bytes_rw_mem": 94935857.23076923
}