{
    "demand_fetches": {
        "total": 13819035.384615384,
        "instrn": 0.0,
        "data": 13819035.384615384,
        "read": 12510103.538461538,
        "write": 1308931.8461538462,
        "misc": 0.0
    },
    "demand_misses": {
        "total": 4521278.384615385,
        "instrn": 0.0,
        "data": 4521278.384615385,
        "read": 4024133.769230769,
        "write": 497144.6153846154,
        "misc": 0.0
    },
    "demand_miss_rate": {
        "total": 0.3254769230769231,
        "instrn": 0.0,
        "data": 0.3254769230769231,
        "read": 0.31893846153846156,
        "write": 0.3752384615384615,
        "misc": 0.0
    },
    "bytes_from_memory": 72340454.15384616,
    "bytes_to_memory": 8333858.461538462,
    "total_bytes_rw_mem": 80674312.61538461
}