{
    "demand_fetches": {
        "total": 55505.57142857143,
        "instrn": 0.0,
        "data": 55505.57142857143,
        "read": 32970.71428571428,
        "write": 22534.85714285714,
        "misc": 0.0
    },
    "demand_misses": {
        "total": 18232.071428571428,
        "instrn": 0.0,
        "data": 18232.071428571428,
        "read": 4821.285714285715,
        "write": 13410.785714285714,
        "misc": 0.0
    },
    "demand_miss_rate": {
        "total": 0.2236357142857143,
        "instrn": 0.0,
        "data": 0.2236357142857143,
        "read": 0.14125000000000001,
        "write": 0.33131428571428573,
        "misc": 0.0
    },
    "bytes_from_memory": 291713.14285714284,
    "bytes_to_memory": 222242.2857142857,
    "total_bytes_rw_mem": 513955.4285714286
}