{
    "demand_fetches": {
        "total": 9774315.714285715,
        "instrn": 0.0,
        "data": 9774315.714285715,
        "read": 8964283.0,
        "write": 810032.7142857143,
        "misc": 0.0
    },
    "demand_misses": {
        "total": 3365673.1428571427,
        "instrn": 0.0,
        "data": 3365673.1428571427,
        "read": 3066061.1428571427,
        "write": 299612.0,
        "misc": 0.0
    },
    "demand_miss_rate": {
        "total": 0.2907,
        "instrn": 0.0,
        "data": 0.2907,
        "read": 0.2876142857142857,
        "write": 0.3139571428571428,
        "misc": 0.0
    },
    "bytes_from_memory": 53850770.28571428,
    "bytes_to_memory": 5016302.857142857,
    "total_bytes_rw_mem": 58867073.14285714
}