{
    "demand_fetches": {
        "total": 5548853.153846154,
        "instrn": 0.0,
        "data": 5548853.153846154,
        "read": 4974626.0,
        "write": 574227.1538461539,
        "misc": 0.0
    },
    "demand_misses": {
        "total": 668582.9230769231,
        "instrn": 0.0,
        "data": 668582.9230769231,
        "read": 612176.6153846154,
        "write": 56406.307692307695,
        "misc": 0.0
    },
    "demand_miss_rate": {
        "total": 0.10958461538461539,
        "instrn": 0.0,
        "data": 0.10958461538461539,
        "read": 0.11284615384615383,
        "write": 0.08973076923076924,
        "misc": 0.0
    },
    "bytes_from_memory": 42789307.07692308,
    "bytes_to_memory": 4060184.6153846155,
    "total_bytes_rw_mem": 46849491.692307696
}