{
    "demand_fetches": {
        "total": 14605860.461538462,
        "instrn": 0.0,
        "data": 14605860.461538462,
        "read": 11120620.153846154,
        "write": 3485240.3076923075,
        "misc": 0.0
    },
    "demand_misses": {
        "total": 3932277.6153846155,
        "instrn": 0.0,
        "data": 3932277.6153846155,
        "read": 2623797.0,
        "write": 1308480.6153846155,
        "misc": 0.0
    },
    "demand_miss_rate": {
        "total": 0.24304615384615383,
        "instrn": 0.0,
        "data": 0.24304615384615383,
        "read": 0.2105153846153846,
        "write": 0.3413230769230769,
        "misc": 0.0
    },
    "bytes_from_memory": 62916441.84615385,
    "bytes_to_memory": 21322987.076923076,
    "total_bytes_rw_mem": 84239428.92307693
}