{
    "demand_fetches": {
        "total": 5574400.076923077,
        "instrn": 0.0,
        "data": 5574400.076923077,
        "read": 4982210.769230769,
        "write": 592189.3076923077,
        "misc": 0.0
    },
    "demand_misses": {
        "total": 1386681.6923076923,
        "instrn": 0.0,
        "data": 1386681.6923076923,
        "read": 1265511.3076923077,
        "write": 121170.38461538461,
        "misc": 0.0
    },
    "demand_miss_rate": {
        "total": 0.2289153846153846,
        "instrn": 0.0,
        "data": 0.2289153846153846,
        "read": 0.23599999999999996,
        "write": 0.18837692307692305,
        "misc": 0.0
    },
    "bytes_from_memory": 44373814.15384615,
    "bytes_to_memory": 4333316.923076923,
    "total_bytes_rw_mem": 48707131.07692308
}