{
    "demand_fetches": {
        "total": 5550060.846153846,
        "instrn": 0.0,
        "data": 5550060.846153846,
        "read": 4978853.230769231,
        "write": 571207.6153846154,
        "misc": 0.0
    },
    "demand_misses": {
        "total": 2674323.923076923,
        "instrn": 0.0,
        "data": 2674323.923076923,
        "read": 2445075.5384615385,
        "write": 229248.38461538462,
        "misc": 0.0
    },
    "demand_miss_rate": {
        "total": 0.4380923076923077,
        "instrn": 0.0,
        "data": 0.4380923076923077,
        "read": 0.44889999999999997,
        "write": 0.36851538461538463,
        "misc": 0.0
    },
    "bytes_from_memory": 42789182.76923077,
    "bytes_to_memory": 3982040.6153846155,
    "total_bytes_rw_mem": 46771223.384615384
}