{
    "demand_fetches": {
        "total": 11374302.642857144,
        "instrn": 0.0,
        "data": 11374302.642857144,
        "read": 9542977.785714285,
        "write": 1831324.857142857,
        "misc": 0.0
    },
    "demand_misses": {
        "total": 1343070.7857142857,
        "instrn": 0.0,
        "data": 1343070.7857142857,
        "read": 1134161.0714285714,
        "write": 208909.7142857143,
        "misc": 0.0
    },
    "demand_miss_rate": {
        "total": 0.10225714285714285,
        "instrn": 0.0,
        "data": 0.10225714285714285,
        "read": 0.10365714285714286,
        "write": 0.09632142857142857,
        "misc": 0.0
    },
    "bytes_from_memory": 85956530.28571428,
    "bytes_to_memory": 16127666.285714285,
    "total_bytes_rw_mem": 102084196.57142857
}