{
    "demand_fetches": {
        "total": 9774315.714285715,
        "instrn": 0.0,
        "data": 9774315.714285715,
        "read": 8964283.0,
        "write": 810032.7142857143,
        "misc": 0.0
    },
    "demand_misses": {
        "total": 855104.1428571428,
        "instrn": 0.0,
        "data": 855104.1428571428,
        "read": 778606.6428571428,
        "write": 76497.5,
        "misc": 0.0
    },
    "demand_miss_rate": {
        "total": 0.07417857142857143,
        "instrn": 0.0,
        "data": 0.07417857142857143,
        "read": 0.07342857142857143,
        "write": 0.08002142857142856,
        "misc": 0.0
    },
    "bytes_from_memory": 54726665.14285714,
    "bytes_to_memory": 5334313.142857143,
    "total_bytes_rw_mem": 60060978.28571428
}