{
    "demand_fetches": {
        "total": 4865898.266666667,
        "instrn": 0.0,
        "data": 4865898.266666667,
        "read": 4337913.4,
        "write": 527984.8666666667,
        "misc": 0.0
    },
    "demand_misses": {
        "total": 841714.6666666666,
        "instrn": 0.0,
        "data": 841714.6666666666,
        "read": 741522.2666666667,
        "write": 100192.4,
        "misc": 0.0
    },
    "demand_miss_rate": {
        "total": 0.13776000000000002,
        "instrn": 0.0,
        "data": 0.13776000000000002,
        "read": 0.13598666666666667,
        "write": 0.14960666666666664,
        "misc": 0.0
    },
    "bytes_from_memory": 26934869.333333332,
    "bytes_to_memory": 3403396.2666666666,
    "total_bytes_rw_mem": 30338265.6
}