{
    "demand_fetches": {
        "total": 101905.07142857143,
        "instrn": 0.0,
        "data": 101905.07142857143,
        "read": 56726.57142857143,
        "write": 45178.5,
        "misc": 0.0
    },
    "demand_misses": {
        "total": 44540.857142857145,
        "instrn": 0.0,
        "data": 44540.857142857145,
        "read": 10093.642857142857,
        "write": 34447.21428571428,
        "misc": 0.0
    },
    "demand_miss_rate": {
        "total": 0.25025714285714284,
        "instrn": 0.0,
        "data": 0.25025714285714284,
        "read": 0.12642857142857142,
        "write": 0.43476428571428566,
        "misc": 0.0
    },
    "bytes_from_memory": 1425307.4285714286,
    "bytes_to_memory": 1115686.857142857,
    "total_bytes_rw_mem": 2540994.285714286
}