{
    "demand_fetches": {
        "total": 5550060.846153846,
        "instrn": 0.0,
        "data": 5550060.846153846,
        "read": 4978853.230769231,
        "write": 571207.6153846154,
        "misc": 0.0
    },
    "demand_misses": {
        "total": 2637876.4615384615,
        "instrn": 0.0,
        "data": 2637876.4615384615,
        "read": 2412579.3076923075,
        "write": 225297.15384615384,
        "misc": 0.0
    },
    "demand_miss_rate": {
        "total": 0.42925384615384615,
        "instrn": 0.0,
        "data": 0.42925384615384615,
        "read": 0.4397000000000001,
        "write": 0.3610384615384615,
        "misc": 0.0
    },
    "bytes_from_memory": 42206023.384615384,
    "bytes_to_memory": 3884792.6153846155,
    "total_bytes_rw_mem": 46090816.0
}