{
    "demand_fetches": {
        "total": 55505.57142857143,
        "instrn": 0.0,
        "data": 55505.57142857143,
        "read": 32970.71428571428,
        "write": 22534.85714285714,
        "misc": 0.0
    },
    "demand_misses": {
        "total": 17036.85714285714,
        "instrn": 0.0,
        "data": 17036.85714285714,
        "read": 4204.642857142857,
        "write": 12832.214285714286,
        "misc": 0.0
    },
    "demand_miss_rate": {
        "total": 0.20482857142857144,
        "instrn": 0.0,
        "data": 0.20482857142857144,
        "read": 0.1253142857142857,
        "write": 0.3101928571428571,
        "misc": 0.0
    },
    "bytes_from_memory": 1090358.857142857,
    "bytes_to_memory": 844352.0,
    "total_bytes_rw_mem": 1934710.857142857
}