{
    "demand_fetches": {
        "total": 5698355.0,
        "instrn": 0.0,
        "data": 5698355.0,
        "read": 5020845.230769231,
        "write": 677509.7692307692,
        "misc": 0.0
    },
    "demand_misses": {
        "total": 2588703.846153846,
        "instrn": 0.0,
        "data": 2588703.846153846,
        "read": 2338788.153846154,
        "write": 249915.6923076923,
        "misc": 0.0
    },
    "demand_miss_rate": {
        "total": 0.4095384615384615,
        "instrn": 0.0,
        "data": 0.4095384615384615,
        "read": 0.42160000000000003,
        "write": 0.33859999999999996,
        "misc": 0.0
    },
    "bytes_from_memory": 41419261.538461536,
    "bytes_to_memory": 4185479.3846153845,
    "total_bytes_rw_mem": 45604740.92307692
}