{
    "demand_fetches": {
        "total": 10538876.538461538,
        "instrn": 0.0,
        "data": 10538876.538461538,
        "read": 9658823.923076924,
        "write": 880052.6153846154,
        "misc": 0.0
    },
    "demand_misses": {
        "total": 1046817.6923076923,
        "instrn": 0.0,
        "data": 1046817.6923076923,
        "read": 961846.1538461539,
        "write": 84971.53846153847,
        "misc": 0.0
    },
    "demand_miss_rate": {
        "total": 0.08982307692307692,
        "instrn": 0.0,
        "data": 0.08982307692307692,
        "read": 0.0899846153846154,
        "write": 0.0881,
        "misc": 0.0
    },
    "bytes_from_memory": 66996332.307692304,
    "bytes_to_memory": 6000984.615384615,
    "total_bytes_rw_mem": 72997316.92307693
}