{
    "demand_fetches": {
        "total": 20428592.57142857,
        "instrn": 0.0,
        "data": 20428592.57142857,
        "read": 18731864.64285714,
        "write": 1696727.9285714286,
        "misc": 0.0
    },
    "demand_misses": {
        "total": 1811392.0714285714,
        "instrn": 0.0,
        "data": 1811392.0714285714,
        "read": 1600604.0714285714,
        "write": 210788.0,
        "misc": 0.0
    },
    "demand_miss_rate": {
        "total": 0.07650714285714286,
        "instrn": 0.0,
        "data": 0.07650714285714286,
        "read": 0.07379285714285713,
        "write": 0.10339285714285715,
        "misc": 0.0
    },
    "bytes_from_memory": 115929092.57142857,
    "bytes_to_memory": 15940032.0,
    "total_bytes_rw_mem": 131869124.57142857
}