{
    "demand_fetches": {
        "total": 13819035.384615384,
        "instrn": 0.0,
        "data": 13819035.384615384,
        "read": 12510103.538461538,
        "write": 1308931.8461538462,
        "misc": 0.0
    },
    "demand_misses": {
        "total": 1044775.0,
        "instrn": 0.0,
        "data": 1044775.0,
        "read": 920515.0,
        "write": 124260.0,
        "misc": 0.0
    },
    "demand_miss_rate": {
        "total": 0.07608461538461539,
        "instrn": 0.0,
        "data": 0.07608461538461539,
        "read": 0.07379999999999999,
        "write": 0.09368461538461538,
        "misc": 0.0
    },
    "bytes_from_memory": 66865600.0,
    "bytes_to_memory": 8447246.76923077,
    "total_bytes_rw_mem": 75312846.76923077
}