{
    "demand_fetches": {
        "total": 19213499.92857143,
        "instrn": 0.0,
        "data": 19213499.92857143,
        "read": 18041327.5,
        "write": 1172172.4285714286,
        "misc": 0.0
    },
    "demand_misses": {
        "total": 2161861.785714286,
        "instrn": 0.0,
        "data": 2161861.785714286,
        "read": 2004077.357142857,
        "write": 157784.42857142858,
        "misc": 0.0
    },
    "demand_miss_rate": {
        "total": 0.09595,
        "instrn": 0.0,
        "data": 0.09595,
        "read": 0.0949,
        "write": 0.11060000000000002,
        "misc": 0.0
    },
    "bytes_from_memory": 138359154.2857143,
    "bytes_to_memory": 12703469.714285715,
    "total_bytes_rw_mem": 151062624.0
}