{
    "demand_fetches": {
        "total": 18610525.285714287,
        "instrn": 0.0,
        "data": 18610525.285714287,
        "read": 17654362.285714287,
        "write": 956163.0,
        "misc": 0.0
    },
    "demand_misses": {
        "total": 2354446.0,
        "instrn": 0.0,
        "data": 2354446.0,
        "read": 2234693.8571428573,
        "write": 119752.14285714286,
        "misc": 0.0
    },
    "demand_miss_rate": {
        "total": 0.10947142857142857,
        "instrn": 0.0,
        "data": 0.10947142857142857,
        "read": 0.10982857142857141,
        "write": 0.10538571428571429,
        "misc": 0.0
    },
    "bytes_from_memory": 150684544.0,
    "bytes_to_memory": 9670564.57142857,
    "total_bytes_rw_mem": 160355108.57142857
}