{
    "demand_fetches": {
        "total": 74984.71428571429,
        "instrn": 0.0,
        "data": 74984.71428571429,
        "read": 47629.07142857143,
        "write": 27355.64285714286,
        "misc": 0.0
    },
    "demand_misses": {
        "total": 26857.85714285714,
        "instrn": 0.0,
        "data": 26857.85714285714,
        "read": 12292.42857142857,
        "write": 14565.42857142857,
        "misc": 0.0
    },
    "demand_miss_rate": {
        "total": 0.22091428571428576,
        "instrn": 0.0,
        "data": 0.22091428571428576,
        "read": 0.16711428571428572,
        "write": 0.31515714285714286,
        "misc": 0.0
    },
    "bytes_from_memory": 429725.71428571426,
    "bytes_to_memory": 243530.2857142857,
    "total_bytes_rw_mem": 673256.0
}