{
    "demand_fetches": {
        "total": 159946.76923076922,
        "instrn": 0.0,
        "data": 159946.76923076922,
        "read": 85015.84615384616,
        "write": 74930.92307692308,
        "misc": 0.0
    },
    "demand_misses": {
        "total": 76065.23076923077,
        "instrn": 0.0,
        "data": 76065.23076923077,
        "read": 11785.692307692309,
        "write": 64279.53846153846,
        "misc": 0.0
    },
    "demand_miss_rate": {
        "total": 0.2699923076923077,
        "instrn": 0.0,
        "data": 0.2699923076923077,
        "read": 0.1113076923076923,
        "write": 0.5158384615384615,
        "misc": 0.0
    },
    "bytes_from_memory": 2434087.3846153845,
    "bytes_to_memory": 2072465.2307692308,
    "total_bytes_rw_mem": 4506552.615384615
}