{
    "demand_fetches": {
        "total": 10616309.666666666,
        "instrn": 0.0,
        "data": 10616309.666666666,
        "read": 8906967.933333334,
        "write": 1709341.7333333334,
        "misc": 0.0
    },
    "demand_misses": {
        "total": 773030.4666666667,
        "instrn": 0.0,
        "data": 773030.4666666667,
        "read": 609641.7333333333,
        "write": 163388.73333333334,
        "misc": 0.0
    },
    "demand_miss_rate": {
        "total": 0.05864666666666665,
        "instrn": 0.0,
        "data": 0.05864666666666665,
        "read": 0.05514,
        "write": 0.07544666666666666,
        "misc": 0.0
    },
    "bytes_from_memory": 49473949.86666667,
    "bytes_to_memory": 11008170.666666666,
    "total_bytes_rw_mem": 60482120.53333333
}