{
    "demand_fetches": {
        "total": 9909992.214285715,
        "instrn": 0.0,
        "data": 9909992.214285715,
        "read": 9016409.357142856,
        "write": 893582.8571428572,
        "misc": 0.0
    },
    "demand_misses": {
        "total": 3858563.1428571427,
        "instrn": 0.0,
        "data": 3858563.1428571427,
        "read": 3506763.0,
        "write": 351800.14285714284,
        "misc": 0.0
    },
    "demand_miss_rate": {
        "total": 0.3302285714285714,
        "instrn": 0.0,
        "data": 0.3302285714285714,
        "read": 0.3298642857142857,
        "write": 0.3335357142857142,
        "misc": 0.0
    },
    "bytes_from_memory": 61737010.28571428,
    "bytes_to_memory": 6118193.142857143,
    "total_bytes_rw_mem": 67855203.42857143
}