{
    "demand_fetches": {
        "total": 20199630.46153846,
        "instrn": 0.0,
        "data": 20199630.46153846,
        "read": 19130452.615384616,
        "write": 1069177.8461538462,
        "misc": 0.0
    },
    "demand_misses": {
        "total": 9341545.846153846,
        "instrn": 0.0,
        "data": 9341545.846153846,
        "read": 8955348.153846154,
        "write": 386197.6923076923,
        "misc": 0.0
    },
    "demand_miss_rate": {
        "total": 0.4148,
        "instrn": 0.0,
        "data": 0.4148,
        "read": 0.4199461538461539,
        "write": 0.3380923076923077,
        "misc": 0.0
    },
    "bytes_from_memory": 149464733.53846154,
    "bytes_to_memory": 7352676.923076923,
    "total_bytes_rw_mem": 156817410.46153846
}