{
    "demand_fetches": {
        "total": 30488086.615384616,
        "instrn": 0.0,
        "data": 30488086.615384616,
        "read": 24886322.692307692,
        "write": 5601763.923076923,
        "misc": 0.0
    },
    "demand_misses": {
        "total": 3146416.6923076925,
        "instrn": 0.0,
        "data": 3146416.6923076925,
        "read": 2480469.846153846,
        "write": 665946.8461538461,
        "misc": 0.0
    },
    "demand_miss_rate": {
        "total": 0.09314615384615384,
        "instrn": 0.0,
        "data": 0.09314615384615384,
        "read": 0.08911538461538462,
        "write": 0.11004615384615385,
        "misc": 0.0
    },
    "bytes_from_memory": 100685334.15384616,
    "bytes_to_memory": 22211244.307692308,
    "total_bytes_rw_mem": 122896578.46153846
}