{
    "demand_fetches": {
        "total": 14605860.461538462,
        "instrn": 0.0,
        "data": 14605860.461538462,
        "read": 11120620.153846154,
        "write": 3485240.3076923075,
        "misc": 0.0
    },
    "demand_misses": {
        "total": 4357113.461538462,
        "instrn": 0.0,
        "data": 4357113.461538462,
        "read": 3018476.6153846155,
        "write": 1338636.8461538462,
        "misc": 0.0
    },
    "demand_miss_rate": {
        "total": 0.2752307692307693,
        "instrn": 0.0,
        "data": 0.2752307692307693,
        "read": 0.2507384615384615,
        "write": 0.3498923076923077,
        "misc": 0.0
    },
    "bytes_from_memory": 69713815.38461539,
    "bytes_to_memory": 22269638.153846152,
    "total_bytes_rw_mem": 91983453.53846154
}