{
    "demand_fetches": {
        "total": 14605860.461538462,
        "instrn": 0.0,
        "data": 14605860.461538462,
        "read": 11120620.153846154,
        "write": 3485240.3076923075,
        "misc": 0.0
    },
    "demand_misses": {
        "total": 1405716.923076923,
        "instrn": 0.0,
        "data": 1405716.923076923,
        "read": 1032505.3076923077,
        "write": 373211.6153846154,
        "misc": 0.0
    },
    "demand_miss_rate": {
        "total": 0.09000000000000001,
        "instrn": 0.0,
        "data": 0.09000000000000001,
        "read": 0.0876076923076923,
        "write": 0.09753076923076923,
        "misc": 0.0
    },
    "bytes_from_memory": 89965883.07692307,
    "bytes_to_memory": 26801235.692307692,
    "total_bytes_rw_mem": 116767118.76923077
}