{
    "demand_fetches": {
        "total": 10581582.846153846,
        "instrn": 0.0,
        "data": 10581582.846153846,
        "read": 9676558.384615384,
        "write": 905024.4615384615,
        "misc": 0.0
    },
    "demand_misses": {
        "total": 3802792.5384615385,
        "instrn": 0.0,
        "data": 3802792.5384615385,
        "read": 3461651.6923076925,
        "write": 341140.8461538461,
        "misc": 0.0
    },
    "demand_miss_rate": {
        "total": 0.32701538461538454,
        "instrn": 0.0,
        "data": 0.32701538461538454,
        "read": 0.32474615384615385,
        "write": 0.3443461538461538,
        "misc": 0.0
    },
    "bytes_from_memory": 60844680.615384616,
    "bytes_to_memory": 5741693.538461538,
    "total_bytes_rw_mem": 66586374.15384615
}