{
    "demand_fetches": {
        "total": 24717886.384615384,
        "instrn": 0.0,
        "data": 24717886.384615384,
        "read": 21686687.46153846,
        "write": 3031198.923076923,
        "misc": 0.0
    },
    "demand_misses": {
        "total": 6398124.846153846,
        "instrn": 0.0,
        "data": 6398124.846153846,
        "read": 5604621.846153846,
        "write": 793503.0,
        "misc": 0.0
    },
    "demand_miss_rate": {
        "total": 0.23990769230769232,
        "instrn": 0.0,
        "data": 0.23990769230769232,
        "read": 0.23894615384615386,
        "write": 0.24573846153846157,
        "misc": 0.0
    },
    "bytes_from_memory": 102369997.53846154,
    "bytes_to_memory": 13928524.307692308,
    "total_bytes_rw_mem": 116298521.84615384
}