{
    "demand_fetches": {
        "total": 5291211.071428572,
        "instrn": 0.0,
        "data": 5291211.071428572,
        "read": 4662140.214285715,
        "write": 629070.8571428572,
        "misc": 0.0
    },
    "demand_misses": {
        "total": 611673.7142857143,
        "instrn": 0.0,
        "data": 611673.7142857143,
        "read": 552166.2142857143,
        "write": 59507.5,
        "misc": 0.0
    },
    "demand_miss_rate": {
        "total": 0.0969357142857143,
        "instrn": 0.0,
        "data": 0.0969357142857143,
        "read": 0.09970714285714287,
        "write": 0.08063571428571428,
        "misc": 0.0
    },
    "bytes_from_memory": 39147117.71428572,
    "bytes_to_memory": 4223830.857142857,
    "total_bytes_rw_mem": 43370948.571428575
}