{
    "demand_fetches": {
        "total": 24717886.384615384,
        "instrn": 0.0,
        "data": 24717886.384615384,
        "read": 21686687.46153846,
        "write": 3031198.923076923,
        "misc": 0.0
    },
    "demand_misses": {
        "total": 2362878.230769231,
        "instrn": 0.0,
        "data": 2362878.230769231,
        "read": 1945346.7692307692,
        "write": 417531.46153846156,
        "misc": 0.0
    },
    "demand_miss_rate": {
        "total": 0.08863076923076922,
        "instrn": 0.0,
        "data": 0.08863076923076922,
        "read": 0.08342307692307692,
        "write": 0.12377692307692308,
        "misc": 0.0
    },
    "bytes_from_memory": 151224206.76923078,
    "bytes_to_memory": 31301444.923076924,
    "total_bytes_rw_mem": 182525651.69230768
}