{
    "demand_fetches": {
        "total": 18681704.285714287,
        "instrn": 0.0,
        "data": 18681704.285714287,
        "read": 17715672.214285713,
        "write": 966032.0714285715,
        "misc": 0.0
    },
    "demand_misses": {
        "total": 4432509.0,
        "instrn": 0.0,
        "data": 4432509.0,
        "read": 4244988.642857143,
        "write": 187520.35714285713,
        "misc": 0.0
    },
    "demand_miss_rate": {
        "total": 0.1985142857142857,
        "instrn": 0.0,
        "data": 0.1985142857142857,
        "read": 0.20067142857142858,
        "write": 0.16659285714285715,
        "misc": 0.0
    },
    "bytes_from_memory": 141840288.0,
    "bytes_to_memory": 7396230.857142857,
    "total_bytes_rw_mem": 149236518.85714287
}