{
    "demand_fetches": {
        "total": 10570637.615384616,
        "instrn": 0.0,
        "data": 10570637.615384616,
        "read": 9671347.153846154,
        "write": 899290.4615384615,
        "misc": 0.0
    },
    "demand_misses": {
        "total": 1983859.6153846155,
        "instrn": 0.0,
        "data": 1983859.6153846155,
        "read": 1811667.0,
        "write": 172192.61538461538,
        "misc": 0.0
    },
    "demand_miss_rate": {
        "total": 0.17060769230769232,
        "instrn": 0.0,
        "data": 0.17060769230769232,
        "read": 0.17003076923076918,
        "write": 0.17473846153846154,
        "misc": 0.0
    },
    "bytes_from_memory": 63483507.692307696,
    "bytes_to_memory": 5920989.538461538,
    "total_bytes_rw_mem": 69404497.23076923
}