{
    "demand_fetches": {
        "total": 9774315.714285715,
        "instrn": 0.0,
        "data": 9774315.714285715,
        "read": 8964283.0,
        "write": 810032.7142857143,
        "misc": 0.0
    },
    "demand_misses": {
        "total": 1941153.0714285714,
        "instrn": 0.0,
        "data": 1941153.0714285714,
        "read": 1786171.2142857143,
        "write": 154981.85714285713,
        "misc": 0.0
    },
    "demand_miss_rate": {
        "total": 0.1661857142857143,
        "instrn": 0.0,
        "data": 0.1661857142857143,
        "read": 0.16654999999999998,
        "write": 0.16202142857142857,
        "misc": 0.0
    },
    "bytes_from_memory": 62116898.28571428,
    "bytes_to_memory": 5361129.142857143,
    "total_bytes_rw_mem": 67478027.42857143
}