{
    "power": {
        "0x40": 830.1569342364404,
        "0x41": 5.064821305418951,
        "0x44": 1710.8842539101258,
        "0x45": 852.7269166256082,
        "0x48": 1009.8067539267057,
        "0x4c": 619.5001378694534
    },
    "current": {
        "0x40": 165.77045609606395,
        "0x41": -0.6071571736453174,
        "0x44": 515.9867948276019,
        "0x45": 845.7111549876752,
        "0x48": 563.287298614075,
        "0x4c": 413.7835753078764
    },
    "energy": {
        "0x40": 39097.327231999865,
        "0x41": 238.3578172000042,
        "0x44": 80573.8585096002,
        "0x45": 40159.28309469988,
        "0x48": 47541.57288540116,
        "0x4c": 29175.7209875
    }
}