{
    "demand_fetches": {
        "total": 10538876.538461538,
        "instrn": 0.0,
        "data": 10538876.538461538,
        "read": 9658823.923076924,
        "write": 880052.6153846154,
        "misc": 0.0
    },
    "demand_misses": {
        "total": 893117.7692307692,
        "instrn": 0.0,
        "data": 893117.7692307692,
        "read": 810738.6153846154,
        "write": 82379.15384615384,
        "misc": 0.0
    },
    "demand_miss_rate": {
        "total": 0.07752307692307693,
        "instrn": 0.0,
        "data": 0.07752307692307693,
        "read": 0.07653846153846153,
        "write": 0.08542307692307692,
        "misc": 0.0
    },
    "bytes_from_memory": 57159537.23076923,
    "bytes_to_memory": 5674363.076923077,
    "total_bytes_rw_mem": 62833900.307692304
}