{
    "demand_fetches": {
        "total": 9123650.733333332,
        "instrn": 0.0,
        "data": 9123650.733333332,
        "read": 8367132.133333334,
        "write": 756518.6,
        "misc": 0.0
    },
    "demand_misses": {
        "total": 2159170.0,
        "instrn": 0.0,
        "data": 2159170.0,
        "read": 2011037.2666666666,
        "write": 148132.73333333334,
        "misc": 0.0
    },
    "demand_miss_rate": {
        "total": 0.18460000000000001,
        "instrn": 0.0,
        "data": 0.18460000000000001,
        "read": 0.18810666666666667,
        "write": 0.15513333333333332,
        "misc": 0.0
    },
    "bytes_from_memory": 69093440.0,
    "bytes_to_memory": 5225060.266666667,
    "total_bytes_rw_mem": 74318500.26666667
}