{
    "demand_fetches": {
        "total": 5291166.928571428,
        "instrn": 0.0,
        "data": 5291166.928571428,
        "read": 4662116.428571428,
        "write": 629050.5,
        "misc": 0.0
    },
    "demand_misses": {
        "total": 1183252.4285714286,
        "instrn": 0.0,
        "data": 1183252.4285714286,
        "read": 1068373.9285714286,
        "write": 114878.5,
        "misc": 0.0
    },
    "demand_miss_rate": {
        "total": 0.18235714285714288,
        "instrn": 0.0,
        "data": 0.18235714285714288,
        "read": 0.1863857142857143,
        "write": 0.15545000000000003,
        "misc": 0.0
    },
    "bytes_from_memory": 37864077.71428572,
    "bytes_to_memory": 3892964.5714285714,
    "total_bytes_rw_mem": 41757042.28571428
}