{
    "demand_fetches": {
        "total": 5574400.076923077,
        "instrn": 0.0,
        "data": 5574400.076923077,
        "read": 4982210.769230769,
        "write": 592189.3076923077,
        "misc": 0.0
    },
    "demand_misses": {
        "total": 2643749.6153846155,
        "instrn": 0.0,
        "data": 2643749.6153846155,
        "read": 2410890.3076923075,
        "write": 232859.3076923077,
        "misc": 0.0
    },
    "demand_miss_rate": {
        "total": 0.4285538461538461,
        "instrn": 0.0,
        "data": 0.4285538461538461,
        "read": 0.4395923076923077,
        "write": 0.3611692307692307,
        "misc": 0.0
    },
    "bytes_from_memory": 42299993.84615385,
    "bytes_to_memory": 3995900.3076923075,
    "total_bytes_rw_mem": 46295894.15384615
}