{
    "demand_fetches": {
        "total": 14605860.461538462,
        "instrn": 0.0,
        "data": 14605860.461538462,
        "read": 11120620.153846154,
        "write": 3485240.3076923075,
        "misc": 0.0
    },
    "demand_misses": {
        "total": 1167543.3076923077,
        "instrn": 0.0,
        "data": 1167543.3076923077,
        "read": 819560.0,
        "write": 347983.3076923077,
        "misc": 0.0
    },
    "demand_miss_rate": {
        "total": 0.07442307692307691,
        "instrn": 0.0,
        "data": 0.07442307692307691,
        "read": 0.06904615384615384,
        "write": 0.09086923076923077,
        "misc": 0.0
    },
    "bytes_from_memory": 74722771.6923077,
    "bytes_to_memory": 23938944.0,
    "total_bytes_rw_mem": 98661715.6923077
}