{
    "demand_fetches": {
        "total": 9774315.714285715,
        "instrn": 0.0,
        "data": 9774315.714285715,
        "read": 8964283.0,
        "write": 810032.7142857143,
        "misc": 0.0
    },
    "demand_misses": {
        "total": 1237382.857142857,
        "instrn": 0.0,
        "data": 1237382.857142857,
        "read": 1149190.9285714286,
        "write": 88191.92857142857,
        "misc": 0.0
    },
    "demand_miss_rate": {
        "total": 0.10970714285714285,
        "instrn": 0.0,
        "data": 0.10970714285714285,
        "read": 0.11195000000000001,
        "write": 0.09313571428571425,
        "misc": 0.0
    },
    "bytes_from_memory": 79192502.85714285,
    "bytes_to_memory": 6844073.142857143,
    "total_bytes_rw_mem": 86036576.0
}