{
    "demand_fetches": {
        "total": 10538876.538461538,
        "instrn": 0.0,
        "data": 10538876.538461538,
        "read": 9658823.923076924,
        "write": 880052.6153846154,
        "misc": 0.0
    },
    "demand_misses": {
        "total": 3527114.153846154,
        "instrn": 0.0,
        "data": 3527114.153846154,
        "read": 3203369.3076923075,
        "write": 323744.8461538461,
        "misc": 0.0
    },
    "demand_miss_rate": {
        "total": 0.3049384615384615,
        "instrn": 0.0,
        "data": 0.3049384615384615,
        "read": 0.30096153846153845,
        "write": 0.33603846153846145,
        "misc": 0.0
    },
    "bytes_from_memory": 56433826.461538464,
    "bytes_to_memory": 5387539.692307692,
    "total_bytes_rw_mem": 61821366.15384615
}