{
    "demand_fetches": {
        "total": 13228859.285714285,
        "instrn": 0.0,
        "data": 13228859.285714285,
        "read": 11759523.07142857,
        "write": 1469336.2142857143,
        "misc": 0.0
    },
    "demand_misses": {
        "total": 2281433.0714285714,
        "instrn": 0.0,
        "data": 2281433.0714285714,
        "read": 1990635.0714285714,
        "write": 290798.0,
        "misc": 0.0
    },
    "demand_miss_rate": {
        "total": 0.1594785714285714,
        "instrn": 0.0,
        "data": 0.1594785714285714,
        "read": 0.1563142857142857,
        "write": 0.18132857142857145,
        "misc": 0.0
    },
    "bytes_from_memory": 73005858.28571428,
    "bytes_to_memory": 10070608.0,
    "total_bytes_rw_mem": 83076466.28571428
}