{
    "demand_fetches": {
        "total": 5147746.0,
        "instrn": 0.0,
        "data": 5147746.0,
        "read": 4619092.142857143,
        "write": 528653.8571428572,
        "misc": 0.0
    },
    "demand_misses": {
        "total": 2405141.785714286,
        "instrn": 0.0,
        "data": 2405141.785714286,
        "read": 2202206.8571428573,
        "write": 202934.92857142858,
        "misc": 0.0
    },
    "demand_miss_rate": {
        "total": 0.3888642857142856,
        "instrn": 0.0,
        "data": 0.3888642857142856,
        "read": 0.3984142857142858,
        "write": 0.3258785714285714,
        "misc": 0.0
    },
    "bytes_from_memory": 38482268.571428575,
    "bytes_to_memory": 3452094.8571428573,
    "total_bytes_rw_mem": 41934363.428571425
}