{
    "demand_fetches": {
        "total": 5458719.785714285,
        "instrn": 0.0,
        "data": 5458719.785714285,
        "read": 4741325.428571428,
        "write": 717394.3571428572,
        "misc": 0.0
    },
    "demand_misses": {
        "total": 1838983.2142857143,
        "instrn": 0.0,
        "data": 1838983.2142857143,
        "read": 1566746.357142857,
        "write": 272236.85714285716,
        "misc": 0.0
    },
    "demand_miss_rate": {
        "total": 0.2880857142857143,
        "instrn": 0.0,
        "data": 0.2880857142857143,
        "read": 0.28231428571428574,
        "write": 0.3206142857142858,
        "misc": 0.0
    },
    "bytes_from_memory": 29423731.42857143,
    "bytes_to_memory": 4579042.285714285,
    "total_bytes_rw_mem": 34002773.71428572
}