{
    "demand_fetches": {
        "total": 19213305.85714286,
        "instrn": 0.0,
        "data": 19213305.85714286,
        "read": 18041208.5,
        "write": 1172097.357142857,
        "misc": 0.0
    },
    "demand_misses": {
        "total": 2818462.785714286,
        "instrn": 0.0,
        "data": 2818462.785714286,
        "read": 2641730.214285714,
        "write": 176732.57142857142,
        "misc": 0.0
    },
    "demand_miss_rate": {
        "total": 0.12555,
        "instrn": 0.0,
        "data": 0.12555,
        "read": 0.12495714285714286,
        "write": 0.13177857142857147,
        "misc": 0.0
    },
    "bytes_from_memory": 90190809.14285715,
    "bytes_to_memory": 6214153.142857143,
    "total_bytes_rw_mem": 96404962.28571428
}