{
    "demand_fetches": {
        "total": 111298.57142857143,
        "instrn": 0.0,
        "data": 111298.57142857143,
        "read": 74882.0,
        "write": 36416.57142857143,
        "misc": 0.0
    },
    "demand_misses": {
        "total": 46426.357142857145,
        "instrn": 0.0,
        "data": 46426.357142857145,
        "read": 28702.714285714286,
        "write": 17723.64285714286,
        "misc": 0.0
    },
    "demand_miss_rate": {
        "total": 0.2809214285714286,
        "instrn": 0.0,
        "data": 0.2809214285714286,
        "read": 0.2655,
        "write": 0.30878571428571433,
        "misc": 0.0
    },
    "bytes_from_memory": 2971286.8571428573,
    "bytes_to_memory": 1192617.142857143,
    "total_bytes_rw_mem": 4163904.0
}