{
    "l1-I/Dcaches": {
        "demand_fetches": {
            "total": 20663150.923076924,
            "instrn": 0.0,
            "data": 20663150.923076924,
            "read": 19425763.0,
            "write": 1237387.923076923,
            "misc": 0.0
        },
        "demand_misses": {
            "total": 6015364.461538462,
            "instrn": 0.0,
            "data": 6015364.461538462,
            "read": 5654190.769230769,
            "write": 361173.6923076923,
            "misc": 0.0
        },
        "demand_miss_rate": {
            "total": 0.26740769230769235,
            "instrn": 0.0,
            "data": 0.26740769230769235,
            "read": 0.26643846153846157,
            "write": 0.27584615384615385,
            "misc": 0.0
        },
        "bytes_from_memory": 96245831.38461539,
        "bytes_to_memory": 6259878.153846154,
        "total_bytes_rw_mem": 102505709.53846154
    },
    "l2-ucache": {
        "demand_fetches": {
            "total": 6406606.846153846,
            "instrn": 0.0,
            "data": 6406606.846153846,
            "read": 6015364.461538462,
            "write": 391242.3846153846,
            "misc": 0.0
        },
        "demand_misses": {
            "total": 1462153.2307692308,
            "instrn": 0.0,
            "data": 1462153.2307692308,
            "read": 1461867.3846153845,
            "write": 285.84615384615387,
            "misc": 0.0
        },
        "demand_miss_rate": {
            "total": 0.20816923076923077,
            "instrn": 0.0,
            "data": 0.20816923076923077,
            "read": 0.22551538461538462,
            "write": 0.0010307692307692307,
            "misc": 0.0
        },
        "bytes_from_memory": 93577806.76923077,
        "bytes_to_memory": 8902198.153846154,
        "total_bytes_rw_mem": 102480004.92307693
    }
}