{
    "demand_fetches": {
        "total": 18681704.285714287,
        "instrn": 0.0,
        "data": 18681704.285714287,
        "read": 17715672.214285713,
        "write": 966032.0714285715,
        "misc": 0.0
    },
    "demand_misses": {
        "total": 1411154.9285714286,
        "instrn": 0.0,
        "data": 1411154.9285714286,
        "read": 1313013.0714285714,
        "write": 98141.85714285714,
        "misc": 0.0
    },
    "demand_miss_rate": {
        "total": 0.06459285714285715,
        "instrn": 0.0,
        "data": 0.06459285714285715,
        "read": 0.06312857142857141,
        "write": 0.08504285714285713,
        "misc": 0.0
    },
    "bytes_from_memory": 90313915.42857143,
    "bytes_to_memory": 6781933.714285715,
    "total_bytes_rw_mem": 97095849.14285715
}