{
    "demand_fetches": {
        "total": 26140940.35714286,
        "instrn": 0.0,
        "data": 26140940.35714286,
        "read": 24017767.14285714,
        "write": 2123173.214285714,
        "misc": 0.0
    },
    "demand_misses": {
        "total": 1834746.857142857,
        "instrn": 0.0,
        "data": 1834746.857142857,
        "read": 1600317.142857143,
        "write": 234429.7142857143,
        "misc": 0.0
    },
    "demand_miss_rate": {
        "total": 0.06545,
        "instrn": 0.0,
        "data": 0.06545,
        "read": 0.062035714285714284,
        "write": 0.0997,
        "misc": 0.0
    },
    "bytes_from_memory": 117423798.85714285,
    "bytes_to_memory": 16006029.714285715,
    "total_bytes_rw_mem": 133429828.57142857
}