{
    "demand_fetches": {
        "total": 20199630.46153846,
        "instrn": 0.0,
        "data": 20199630.46153846,
        "read": 19130452.615384616,
        "write": 1069177.8461538462,
        "misc": 0.0
    },
    "demand_misses": {
        "total": 2559550.846153846,
        "instrn": 0.0,
        "data": 2559550.846153846,
        "read": 2420896.3846153845,
        "write": 138654.46153846153,
        "misc": 0.0
    },
    "demand_miss_rate": {
        "total": 0.11729230769230768,
        "instrn": 0.0,
        "data": 0.11729230769230768,
        "read": 0.11750769230769231,
        "write": 0.11663846153846157,
        "misc": 0.0
    },
    "bytes_from_memory": 163811254.15384614,
    "bytes_to_memory": 11226658.461538462,
    "total_bytes_rw_mem": 175037912.6153846
}