{
    "demand_fetches": {
        "total": 5213475.357142857,
        "instrn": 0.0,
        "data": 5213475.357142857,
        "read": 4637549.0,
        "write": 575926.3571428572,
        "misc": 0.0
    },
    "demand_misses": {
        "total": 2162572.8571428573,
        "instrn": 0.0,
        "data": 2162572.8571428573,
        "read": 1951765.9285714286,
        "write": 210806.92857142858,
        "misc": 0.0
    },
    "demand_miss_rate": {
        "total": 0.3426214285714286,
        "instrn": 0.0,
        "data": 0.3426214285714286,
        "read": 0.34728571428571436,
        "write": 0.3106,
        "misc": 0.0
    },
    "bytes_from_memory": 34601165.71428572,
    "bytes_to_memory": 3511873.1428571427,
    "total_bytes_rw_mem": 38113038.85714286
}