{
    "demand_fetches": {
        "total": 10581582.846153846,
        "instrn": 0.0,
        "data": 10581582.846153846,
        "read": 9676558.384615384,
        "write": 905024.4615384615,
        "misc": 0.0
    },
    "demand_misses": {
        "total": 971565.2307692308,
        "instrn": 0.0,
        "data": 971565.2307692308,
        "read": 882808.3846153846,
        "write": 88756.84615384616,
        "misc": 0.0
    },
    "demand_miss_rate": {
        "total": 0.08416923076923077,
        "instrn": 0.0,
        "data": 0.08416923076923077,
        "read": 0.08356923076923077,
        "write": 0.08933076923076923,
        "misc": 0.0
    },
    "bytes_from_memory": 62180174.76923077,
    "bytes_to_memory": 6301548.307692308,
    "total_bytes_rw_mem": 68481723.07692307
}