{
    "demand_fetches": {
        "total": 9909068.142857144,
        "instrn": 0.0,
        "data": 9909068.142857144,
        "read": 9015900.142857144,
        "write": 893168.0,
        "misc": 0.0
    },
    "demand_misses": {
        "total": 3056406.6428571427,
        "instrn": 0.0,
        "data": 3056406.6428571427,
        "read": 2723390.6428571427,
        "write": 333016.0,
        "misc": 0.0
    },
    "demand_miss_rate": {
        "total": 0.2646285714285714,
        "instrn": 0.0,
        "data": 0.2646285714285714,
        "read": 0.25812857142857143,
        "write": 0.3160071428571429,
        "misc": 0.0
    },
    "bytes_from_memory": 48902506.28571428,
    "bytes_to_memory": 5526957.714285715,
    "total_bytes_rw_mem": 54429464.0
}