{
    "demand_fetches": {
        "total": 24717886.384615384,
        "instrn": 0.0,
        "data": 24717886.384615384,
        "read": 21686687.46153846,
        "write": 3031198.923076923,
        "misc": 0.0
    },
    "demand_misses": {
        "total": 2925207.6153846155,
        "instrn": 0.0,
        "data": 2925207.6153846155,
        "read": 2543670.3846153845,
        "write": 381537.23076923075,
        "misc": 0.0
    },
    "demand_miss_rate": {
        "total": 0.10976923076923079,
        "instrn": 0.0,
        "data": 0.10976923076923079,
        "read": 0.10849230769230767,
        "write": 0.11793846153846155,
        "misc": 0.0
    },
    "bytes_from_memory": 93606643.6923077,
    "bytes_to_memory": 12930427.076923076,
    "total_bytes_rw_mem": 106537070.76923077
}