{
    "demand_fetches": {
        "total": 19214001.5,
        "instrn": 0.0,
        "data": 19214001.5,
        "read": 18041581.714285713,
        "write": 1172419.7857142857,
        "misc": 0.0
    },
    "demand_misses": {
        "total": 1634762.4285714286,
        "instrn": 0.0,
        "data": 1634762.4285714286,
        "read": 1500279.5,
        "write": 134482.92857142858,
        "misc": 0.0
    },
    "demand_miss_rate": {
        "total": 0.07328571428571429,
        "instrn": 0.0,
        "data": 0.07328571428571429,
        "read": 0.07155714285714286,
        "write": 0.09555000000000001,
        "misc": 0.0
    },
    "bytes_from_memory": 104624795.42857143,
    "bytes_to_memory": 9840672.0,
    "total_bytes_rw_mem": 114465467.42857143
}