{
    "demand_fetches": {
        "total": 20412821.46153846,
        "instrn": 0.0,
        "data": 20412821.46153846,
        "read": 19265828.692307692,
        "write": 1146992.7692307692,
        "misc": 0.0
    },
    "demand_misses": {
        "total": 2826920.5384615385,
        "instrn": 0.0,
        "data": 2826920.5384615385,
        "read": 2655492.769230769,
        "write": 171427.76923076922,
        "misc": 0.0
    },
    "demand_miss_rate": {
        "total": 0.12780769230769232,
        "instrn": 0.0,
        "data": 0.12780769230769232,
        "read": 0.12671538461538462,
        "write": 0.14037692307692307,
        "misc": 0.0
    },
    "bytes_from_memory": 90461457.23076923,
    "bytes_to_memory": 5854754.461538462,
    "total_bytes_rw_mem": 96316211.6923077
}