{
    "demand_fetches": {
        "total": 13819035.384615384,
        "instrn": 0.0,
        "data": 13819035.384615384,
        "read": 12510103.538461538,
        "write": 1308931.8461538462,
        "misc": 0.0
    },
    "demand_misses": {
        "total": 3320483.6923076925,
        "instrn": 0.0,
        "data": 3320483.6923076925,
        "read": 3047484.769230769,
        "write": 272998.92307692306,
        "misc": 0.0
    },
    "demand_miss_rate": {
        "total": 0.23578461538461537,
        "instrn": 0.0,
        "data": 0.23578461538461537,
        "read": 0.23972307692307696,
        "write": 0.20563076923076923,
        "misc": 0.0
    },
    "bytes_from_memory": 106255478.15384616,
    "bytes_to_memory": 9864940.307692308,
    "total_bytes_rw_mem": 116120418.46153846
}