{
    "demand_fetches": {
        "total": 5147154.857142857,
        "instrn": 0.0,
        "data": 5147154.857142857,
        "read": 4618732.214285715,
        "write": 528422.6428571428,
        "misc": 0.0
    },
    "demand_misses": {
        "total": 642253.5714285715,
        "instrn": 0.0,
        "data": 642253.5714285715,
        "read": 588380.5,
        "write": 53873.07142857143,
        "misc": 0.0
    },
    "demand_miss_rate": {
        "total": 0.10782857142857141,
        "instrn": 0.0,
        "data": 0.10782857142857141,
        "read": 0.11157142857142856,
        "write": 0.08665714285714286,
        "misc": 0.0
    },
    "bytes_from_memory": 41104228.571428575,
    "bytes_to_memory": 3981851.4285714286,
    "total_bytes_rw_mem": 45086080.0
}