{
    "demand_fetches": {
        "total": 10361724.57142857,
        "instrn": 0.0,
        "data": 10361724.57142857,
        "read": 9180187.714285715,
        "write": 1181536.857142857,
        "misc": 0.0
    },
    "demand_misses": {
        "total": 3167585.6428571427,
        "instrn": 0.0,
        "data": 3167585.6428571427,
        "read": 2721444.5,
        "write": 446141.14285714284,
        "misc": 0.0
    },
    "demand_miss_rate": {
        "total": 0.2618142857142857,
        "instrn": 0.0,
        "data": 0.2618142857142857,
        "read": 0.2531285714285714,
        "write": 0.31952142857142857,
        "misc": 0.0
    },
    "bytes_from_memory": 50681370.28571428,
    "bytes_to_memory": 7408550.857142857,
    "total_bytes_rw_mem": 58089921.14285714
}