{
    "demand_fetches": {
        "total": 10570918.615384616,
        "instrn": 0.0,
        "data": 10570918.615384616,
        "read": 9671712.846153846,
        "write": 899205.7692307692,
        "misc": 0.0
    },
    "demand_misses": {
        "total": 4052333.3076923075,
        "instrn": 0.0,
        "data": 4052333.3076923075,
        "read": 3713385.846153846,
        "write": 338947.46153846156,
        "misc": 0.0
    },
    "demand_miss_rate": {
        "total": 0.3464,
        "instrn": 0.0,
        "data": 0.3464,
        "read": 0.3463384615384616,
        "write": 0.34440769230769236,
        "misc": 0.0
    },
    "bytes_from_memory": 64837332.92307692,
    "bytes_to_memory": 5714678.153846154,
    "total_bytes_rw_mem": 70552011.07692307
}