{
    "demand_fetches": {
        "total": 56153.21428571428,
        "instrn": 0.0,
        "data": 56153.21428571428,
        "read": 39110.142857142855,
        "write": 17043.071428571428,
        "misc": 0.0
    },
    "demand_misses": {
        "total": 11212.285714285714,
        "instrn": 0.0,
        "data": 11212.285714285714,
        "read": 6058.785714285715,
        "write": 5153.5,
        "misc": 0.0
    },
    "demand_miss_rate": {
        "total": 0.1480714285714286,
        "instrn": 0.0,
        "data": 0.1480714285714286,
        "read": 0.12086428571428572,
        "write": 0.21034285714285714,
        "misc": 0.0
    },
    "bytes_from_memory": 179396.57142857142,
    "bytes_to_memory": 92093.71428571429,
    "total_bytes_rw_mem": 271490.28571428574
}