{
    "demand_fetches": {
        "total": 11158670.692307692,
        "instrn": 0.0,
        "data": 11158670.692307692,
        "read": 9886117.76923077,
        "write": 1272552.923076923,
        "misc": 0.0
    },
    "demand_misses": {
        "total": 3394652.076923077,
        "instrn": 0.0,
        "data": 3394652.076923077,
        "read": 2914655.076923077,
        "write": 479997.0,
        "misc": 0.0
    },
    "demand_miss_rate": {
        "total": 0.28043076923076926,
        "instrn": 0.0,
        "data": 0.28043076923076926,
        "read": 0.27092307692307693,
        "write": 0.3436769230769231,
        "misc": 0.0
    },
    "bytes_from_memory": 54314433.23076923,
    "bytes_to_memory": 7962766.769230769,
    "total_bytes_rw_mem": 62277200.0
}