{
    "demand_fetches": {
        "total": 9671492.866666667,
        "instrn": 0.0,
        "data": 9671492.866666667,
        "read": 8568500.333333334,
        "write": 1102992.5333333334,
        "misc": 0.0
    },
    "demand_misses": {
        "total": 1627637.9333333333,
        "instrn": 0.0,
        "data": 1627637.9333333333,
        "read": 1412266.6666666667,
        "write": 215371.26666666666,
        "misc": 0.0
    },
    "demand_miss_rate": {
        "total": 0.13461333333333333,
        "instrn": 0.0,
        "data": 0.13461333333333333,
        "read": 0.13166666666666668,
        "write": 0.15430666666666668,
        "misc": 0.0
    },
    "bytes_from_memory": 52084413.86666667,
    "bytes_to_memory": 7376452.266666667,
    "total_bytes_rw_mem": 59460866.13333333
}