{
    "demand_fetches": {
        "total": 18681704.285714287,
        "instrn": 0.0,
        "data": 18681704.285714287,
        "read": 17715672.214285713,
        "write": 966032.0714285715,
        "misc": 0.0
    },
    "demand_misses": {
        "total": 4475824.428571428,
        "instrn": 0.0,
        "data": 4475824.428571428,
        "read": 4288709.071428572,
        "write": 187115.35714285713,
        "misc": 0.0
    },
    "demand_miss_rate": {
        "total": 0.2010714285714286,
        "instrn": 0.0,
        "data": 0.2010714285714286,
        "read": 0.2034857142857143,
        "write": 0.1660714285714286,
        "misc": 0.0
    },
    "bytes_from_memory": 143226381.7142857,
    "bytes_to_memory": 7329088.0,
    "total_bytes_rw_mem": 150555469.7142857
}