{
    "demand_fetches": {
        "total": 20428592.57142857,
        "instrn": 0.0,
        "data": 20428592.57142857,
        "read": 18731864.64285714,
        "write": 1696727.9285714286,
        "misc": 0.0
    },
    "demand_misses": {
        "total": 5095391.071428572,
        "instrn": 0.0,
        "data": 5095391.071428572,
        "read": 4649322.142857143,
        "write": 446068.9285714286,
        "misc": 0.0
    },
    "demand_miss_rate": {
        "total": 0.2147857142857143,
        "instrn": 0.0,
        "data": 0.2147857142857143,
        "read": 0.21300714285714287,
        "write": 0.23079999999999998,
        "misc": 0.0
    },
    "bytes_from_memory": 81526257.14285715,
    "bytes_to_memory": 7426304.0,
    "total_bytes_rw_mem": 88952561.14285715
}