{
    "demand_fetches": {
        "total": 6953170.357142857,
        "instrn": 0.0,
        "data": 6953170.357142857,
        "read": 6063401.928571428,
        "write": 889768.4285714285,
        "misc": 0.0
    },
    "demand_misses": {
        "total": 1096047.0714285714,
        "instrn": 0.0,
        "data": 1096047.0714285714,
        "read": 928519.5,
        "write": 167527.57142857142,
        "misc": 0.0
    },
    "demand_miss_rate": {
        "total": 0.14524999999999996,
        "instrn": 0.0,
        "data": 0.14524999999999996,
        "read": 0.14060714285714287,
        "write": 0.17187142857142854,
        "misc": 0.0
    },
    "bytes_from_memory": 35073506.28571428,
    "bytes_to_memory": 5633908.571428572,
    "total_bytes_rw_mem": 40707414.85714286
}