{
    "demand_fetches": {
        "total": 5291166.928571428,
        "instrn": 0.0,
        "data": 5291166.928571428,
        "read": 4662116.428571428,
        "write": 629050.5,
        "misc": 0.0
    },
    "demand_misses": {
        "total": 611664.9285714285,
        "instrn": 0.0,
        "data": 611664.9285714285,
        "read": 552156.2142857143,
        "write": 59508.71428571428,
        "misc": 0.0
    },
    "demand_miss_rate": {
        "total": 0.09694285714285715,
        "instrn": 0.0,
        "data": 0.09694285714285715,
        "read": 0.09970714285714287,
        "write": 0.08065,
        "misc": 0.0
    },
    "bytes_from_memory": 39146555.428571425,
    "bytes_to_memory": 4223698.285714285,
    "total_bytes_rw_mem": 43370253.71428572
}