{
    "demand_fetches": {
        "total": 5548853.153846154,
        "instrn": 0.0,
        "data": 5548853.153846154,
        "read": 4974626.0,
        "write": 574227.1538461539,
        "misc": 0.0
    },
    "demand_misses": {
        "total": 1274014.6923076923,
        "instrn": 0.0,
        "data": 1274014.6923076923,
        "read": 1164888.923076923,
        "write": 109125.76923076923,
        "misc": 0.0
    },
    "demand_miss_rate": {
        "total": 0.20409230769230768,
        "instrn": 0.0,
        "data": 0.20409230769230768,
        "read": 0.20876153846153844,
        "write": 0.17336923076923078,
        "misc": 0.0
    },
    "bytes_from_memory": 40768470.15384615,
    "bytes_to_memory": 3738560.0,
    "total_bytes_rw_mem": 44507030.15384615
}