{
    "demand_fetches": {
        "total": 18681482.285714287,
        "instrn": 0.0,
        "data": 18681482.285714287,
        "read": 17715536.92857143,
        "write": 965945.3571428572,
        "misc": 0.0
    },
    "demand_misses": {
        "total": 1621242.7142857143,
        "instrn": 0.0,
        "data": 1621242.7142857143,
        "read": 1517925.2142857143,
        "write": 103317.5,
        "misc": 0.0
    },
    "demand_miss_rate": {
        "total": 0.07352857142857142,
        "instrn": 0.0,
        "data": 0.07352857142857142,
        "read": 0.07242142857142857,
        "write": 0.08925714285714285,
        "misc": 0.0
    },
    "bytes_from_memory": 103759533.71428572,
    "bytes_to_memory": 7454390.857142857,
    "total_bytes_rw_mem": 111213924.57142857
}