{
    "demand_fetches": {
        "total": 9909992.214285715,
        "instrn": 0.0,
        "data": 9909992.214285715,
        "read": 9016409.357142856,
        "write": 893582.8571428572,
        "misc": 0.0
    },
    "demand_misses": {
        "total": 3349010.714285714,
        "instrn": 0.0,
        "data": 3349010.714285714,
        "read": 3011495.9285714286,
        "write": 337514.78571428574,
        "misc": 0.0
    },
    "demand_miss_rate": {
        "total": 0.28766428571428576,
        "instrn": 0.0,
        "data": 0.28766428571428576,
        "read": 0.2835214285714286,
        "write": 0.3201642857142857,
        "misc": 0.0
    },
    "bytes_from_memory": 53584171.428571425,
    "bytes_to_memory": 5669821.714285715,
    "total_bytes_rw_mem": 59253993.14285714
}