{
    "demand_fetches": {
        "total": 18610525.285714287,
        "instrn": 0.0,
        "data": 18610525.285714287,
        "read": 17654362.285714287,
        "write": 956163.0,
        "misc": 0.0
    },
    "demand_misses": {
        "total": 8972892.285714285,
        "instrn": 0.0,
        "data": 8972892.285714285,
        "read": 8606561.0,
        "write": 366331.28571428574,
        "misc": 0.0
    },
    "demand_miss_rate": {
        "total": 0.4128071428571428,
        "instrn": 0.0,
        "data": 0.4128071428571428,
        "read": 0.4185714285714286,
        "write": 0.33212142857142857,
        "misc": 0.0
    },
    "bytes_from_memory": 143566276.57142857,
    "bytes_to_memory": 6871433.142857143,
    "total_bytes_rw_mem": 150437709.7142857
}