{
    "demand_fetches": {
        "total": 18610525.285714287,
        "instrn": 0.0,
        "data": 18610525.285714287,
        "read": 17654362.285714287,
        "write": 956163.0,
        "misc": 0.0
    },
    "demand_misses": {
        "total": 4437967.214285715,
        "instrn": 0.0,
        "data": 4437967.214285715,
        "read": 4255429.357142857,
        "write": 182537.85714285713,
        "misc": 0.0
    },
    "demand_miss_rate": {
        "total": 0.20464285714285715,
        "instrn": 0.0,
        "data": 0.20464285714285715,
        "read": 0.20729999999999998,
        "write": 0.16597857142857145,
        "misc": 0.0
    },
    "bytes_from_memory": 142014950.85714287,
    "bytes_to_memory": 6958850.285714285,
    "total_bytes_rw_mem": 148973801.14285713
}