{
    "demand_fetches": {
        "total": 5291211.071428572,
        "instrn": 0.0,
        "data": 5291211.071428572,
        "read": 4662140.214285715,
        "write": 629070.8571428572,
        "misc": 0.0
    },
    "demand_misses": {
        "total": 631646.1428571428,
        "instrn": 0.0,
        "data": 631646.1428571428,
        "read": 570616.4285714285,
        "write": 61029.71428571428,
        "misc": 0.0
    },
    "demand_miss_rate": {
        "total": 0.10163571428571429,
        "instrn": 0.0,
        "data": 0.10163571428571429,
        "read": 0.1050857142857143,
        "write": 0.08262142857142858,
        "misc": 0.0
    },
    "bytes_from_memory": 40425353.14285714,
    "bytes_to_memory": 4452909.714285715,
    "total_bytes_rw_mem": 44878262.85714286
}