{
    "demand_fetches": {
        "total": 10361724.57142857,
        "instrn": 0.0,
        "data": 10361724.57142857,
        "read": 9180187.714285715,
        "write": 1181536.857142857,
        "misc": 0.0
    },
    "demand_misses": {
        "total": 4269421.857142857,
        "instrn": 0.0,
        "data": 4269421.857142857,
        "read": 3788478.714285714,
        "write": 480943.14285714284,
        "misc": 0.0
    },
    "demand_miss_rate": {
        "total": 0.34880000000000005,
        "instrn": 0.0,
        "data": 0.34880000000000005,
        "read": 0.3494642857142857,
        "write": 0.3446142857142857,
        "misc": 0.0
    },
    "bytes_from_memory": 68310749.71428572,
    "bytes_to_memory": 8528580.57142857,
    "total_bytes_rw_mem": 76839330.28571428
}