{
    "demand_fetches": {
        "total": 13228859.285714285,
        "instrn": 0.0,
        "data": 13228859.285714285,
        "read": 11759523.07142857,
        "write": 1469336.2142857143,
        "misc": 0.0
    },
    "demand_misses": {
        "total": 4473123.285714285,
        "instrn": 0.0,
        "data": 4473123.285714285,
        "read": 3902649.214285714,
        "write": 570474.0714285715,
        "misc": 0.0
    },
    "demand_miss_rate": {
        "total": 0.3129500000000001,
        "instrn": 0.0,
        "data": 0.3129500000000001,
        "read": 0.30662142857142854,
        "write": 0.3562285714285714,
        "misc": 0.0
    },
    "bytes_from_memory": 71569972.57142857,
    "bytes_to_memory": 9703466.285714285,
    "total_bytes_rw_mem": 81273438.85714285
}