{
    "demand_fetches": {
        "total": 9909068.142857144,
        "instrn": 0.0,
        "data": 9909068.142857144,
        "read": 9015900.142857144,
        "write": 893168.0,
        "misc": 0.0
    },
    "demand_misses": {
        "total": 854199.0,
        "instrn": 0.0,
        "data": 854199.0,
        "read": 767541.3571428572,
        "write": 86657.64285714286,
        "misc": 0.0
    },
    "demand_miss_rate": {
        "total": 0.07377142857142857,
        "instrn": 0.0,
        "data": 0.07377142857142857,
        "read": 0.07272857142857143,
        "write": 0.08210714285714285,
        "misc": 0.0
    },
    "bytes_from_memory": 54668736.0,
    "bytes_to_memory": 6061659.428571428,
    "total_bytes_rw_mem": 60730395.428571425
}