{
    "demand_fetches": {
        "total": 18681482.285714287,
        "instrn": 0.0,
        "data": 18681482.285714287,
        "read": 17715536.92857143,
        "write": 965945.3571428572,
        "misc": 0.0
    },
    "demand_misses": {
        "total": 3139845.785714286,
        "instrn": 0.0,
        "data": 3139845.785714286,
        "read": 2977169.8571428573,
        "write": 162675.92857142858,
        "misc": 0.0
    },
    "demand_miss_rate": {
        "total": 0.14179285714285714,
        "instrn": 0.0,
        "data": 0.14179285714285714,
        "read": 0.14142857142857143,
        "write": 0.14490714285714285,
        "misc": 0.0
    },
    "bytes_from_memory": 100475065.14285715,
    "bytes_to_memory": 5863405.714285715,
    "total_bytes_rw_mem": 106338470.85714285
}