{
    "demand_fetches": {
        "total": 5549001.538461538,
        "instrn": 0.0,
        "data": 5549001.538461538,
        "read": 4974658.461538462,
        "write": 574343.0769230769,
        "misc": 0.0
    },
    "demand_misses": {
        "total": 2529432.230769231,
        "instrn": 0.0,
        "data": 2529432.230769231,
        "read": 2313606.4615384615,
        "write": 215825.76923076922,
        "misc": 0.0
    },
    "demand_miss_rate": {
        "total": 0.4042,
        "instrn": 0.0,
        "data": 0.4042,
        "read": 0.4133076923076923,
        "write": 0.3432076923076923,
        "misc": 0.0
    },
    "bytes_from_memory": 40470915.692307696,
    "bytes_to_memory": 3628971.076923077,
    "total_bytes_rw_mem": 44099886.76923077
}