{
    "demand_fetches": {
        "total": 5458719.785714285,
        "instrn": 0.0,
        "data": 5458719.785714285,
        "read": 4741325.428571428,
        "write": 717394.3571428572,
        "misc": 0.0
    },
    "demand_misses": {
        "total": 721244.6428571428,
        "instrn": 0.0,
        "data": 721244.6428571428,
        "read": 643319.3571428572,
        "write": 77925.28571428571,
        "misc": 0.0
    },
    "demand_miss_rate": {
        "total": 0.11531428571428572,
        "instrn": 0.0,
        "data": 0.11531428571428572,
        "read": 0.11999285714285715,
        "write": 0.09155714285714286,
        "misc": 0.0
    },
    "bytes_from_memory": 46159657.14285714,
    "bytes_to_memory": 5971131.428571428,
    "total_bytes_rw_mem": 52130788.571428575
}