{
    "demand_fetches": {
        "total": 5548853.153846154,
        "instrn": 0.0,
        "data": 5548853.153846154,
        "read": 4974626.0,
        "write": 574227.1538461539,
        "misc": 0.0
    },
    "demand_misses": {
        "total": 2045634.7692307692,
        "instrn": 0.0,
        "data": 2045634.7692307692,
        "read": 1834456.5384615385,
        "write": 211178.23076923078,
        "misc": 0.0
    },
    "demand_miss_rate": {
        "total": 0.3348076923076923,
        "instrn": 0.0,
        "data": 0.3348076923076923,
        "read": 0.3346,
        "write": 0.3357384615384615,
        "misc": 0.0
    },
    "bytes_from_memory": 32730156.307692308,
    "bytes_to_memory": 3508284.3076923075,
    "total_bytes_rw_mem": 36238440.615384616
}