{
    "demand_fetches": {
        "total": 19213305.85714286,
        "instrn": 0.0,
        "data": 19213305.85714286,
        "read": 18041208.5,
        "write": 1172097.357142857,
        "misc": 0.0
    },
    "demand_misses": {
        "total": 1474260.4285714286,
        "instrn": 0.0,
        "data": 1474260.4285714286,
        "read": 1346424.7857142857,
        "write": 127835.64285714286,
        "misc": 0.0
    },
    "demand_miss_rate": {
        "total": 0.06609285714285715,
        "instrn": 0.0,
        "data": 0.06609285714285715,
        "read": 0.06412142857142858,
        "write": 0.0909,
        "misc": 0.0
    },
    "bytes_from_memory": 94352667.42857143,
    "bytes_to_memory": 8972141.714285715,
    "total_bytes_rw_mem": 103324809.14285715
}