{
    "demand_fetches": {
        "total": 6502652.307692308,
        "instrn": 0.0,
        "data": 6502652.307692308,
        "read": 5342057.923076923,
        "write": 1160594.3846153845,
        "misc": 0.0
    },
    "demand_misses": {
        "total": 1134799.6923076923,
        "instrn": 0.0,
        "data": 1134799.6923076923,
        "read": 905309.3846153846,
        "write": 229490.3076923077,
        "misc": 0.0
    },
    "demand_miss_rate": {
        "total": 0.16256923076923077,
        "instrn": 0.0,
        "data": 0.16256923076923077,
        "read": 0.15895384615384614,
        "write": 0.17872307692307693,
        "misc": 0.0
    },
    "bytes_from_memory": 36313590.15384615,
    "bytes_to_memory": 7942675.692307692,
    "total_bytes_rw_mem": 44256265.84615385
}