{
    "demand_fetches": {
        "total": 20330162.076923076,
        "instrn": 0.0,
        "data": 20330162.076923076,
        "read": 19211134.46153846,
        "write": 1119027.6153846155,
        "misc": 0.0
    },
    "demand_misses": {
        "total": 4547440.538461538,
        "instrn": 0.0,
        "data": 4547440.538461538,
        "read": 4334326.692307692,
        "write": 213113.84615384616,
        "misc": 0.0
    },
    "demand_miss_rate": {
        "total": 0.20364615384615384,
        "instrn": 0.0,
        "data": 0.20364615384615384,
        "read": 0.20554615384615385,
        "write": 0.17696153846153842,
        "misc": 0.0
    },
    "bytes_from_memory": 145518097.23076922,
    "bytes_to_memory": 8483163.076923076,
    "total_bytes_rw_mem": 154001260.30769232
}