{
    "demand_fetches": {
        "total": 10581582.846153846,
        "instrn": 0.0,
        "data": 10581582.846153846,
        "read": 9676558.384615384,
        "write": 905024.4615384615,
        "misc": 0.0
    },
    "demand_misses": {
        "total": 2591182.0,
        "instrn": 0.0,
        "data": 2591182.0,
        "read": 2401299.3076923075,
        "write": 189882.6923076923,
        "misc": 0.0
    },
    "demand_miss_rate": {
        "total": 0.22390000000000002,
        "instrn": 0.0,
        "data": 0.22390000000000002,
        "read": 0.22786153846153848,
        "write": 0.19270769230769233,
        "misc": 0.0
    },
    "bytes_from_memory": 82917824.0,
    "bytes_to_memory": 6933265.230769231,
    "total_bytes_rw_mem": 89851089.23076923
}