{
    "demand_fetches": {
        "total": 13819035.384615384,
        "instrn": 0.0,
        "data": 13819035.384615384,
        "read": 12510103.538461538,
        "write": 1308931.8461538462,
        "misc": 0.0
    },
    "demand_misses": {
        "total": 1761680.5384615385,
        "instrn": 0.0,
        "data": 1761680.5384615385,
        "read": 1616762.2307692308,
        "write": 144918.3076923077,
        "misc": 0.0
    },
    "demand_miss_rate": {
        "total": 0.12783846153846154,
        "instrn": 0.0,
        "data": 0.12783846153846154,
        "read": 0.13046923076923078,
        "write": 0.1094846153846154,
        "misc": 0.0
    },
    "bytes_from_memory": 112747554.46153846,
    "bytes_to_memory": 11175419.076923076,
    "total_bytes_rw_mem": 123922973.53846154
}