{
    "demand_fetches": {
        "total": 10570637.615384616,
        "instrn": 0.0,
        "data": 10570637.615384616,
        "read": 9671347.153846154,
        "write": 899290.4615384615,
        "misc": 0.0
    },
    "demand_misses": {
        "total": 3934531.769230769,
        "instrn": 0.0,
        "data": 3934531.769230769,
        "read": 3594883.923076923,
        "write": 339647.8461538461,
        "misc": 0.0
    },
    "demand_miss_rate": {
        "total": 0.3377615384615385,
        "instrn": 0.0,
        "data": 0.3377615384615385,
        "read": 0.3365923076923077,
        "write": 0.34515384615384614,
        "misc": 0.0
    },
    "bytes_from_memory": 62952508.307692304,
    "bytes_to_memory": 5734436.923076923,
    "total_bytes_rw_mem": 68686945.23076923
}