{
    "demand_fetches": {
        "total": 5550060.846153846,
        "instrn": 0.0,
        "data": 5550060.846153846,
        "read": 4978853.230769231,
        "write": 571207.6153846154,
        "misc": 0.0
    },
    "demand_misses": {
        "total": 537338.0,
        "instrn": 0.0,
        "data": 537338.0,
        "read": 482146.46153846156,
        "write": 55191.53846153846,
        "misc": 0.0
    },
    "demand_miss_rate": {
        "total": 0.08843076923076923,
        "instrn": 0.0,
        "data": 0.08843076923076923,
        "read": 0.08853076923076923,
        "write": 0.08795384615384615,
        "misc": 0.0
    },
    "bytes_from_memory": 34389632.0,
    "bytes_to_memory": 3875721.846153846,
    "total_bytes_rw_mem": 38265353.84615385
}