{
    "demand_fetches": {
        "total": 13228859.285714285,
        "instrn": 0.0,
        "data": 13228859.285714285,
        "read": 11759523.07142857,
        "write": 1469336.2142857143,
        "misc": 0.0
    },
    "demand_misses": {
        "total": 2059128.642857143,
        "instrn": 0.0,
        "data": 2059128.642857143,
        "read": 1777226.5,
        "write": 281902.14285714284,
        "misc": 0.0
    },
    "demand_miss_rate": {
        "total": 0.14467857142857143,
        "instrn": 0.0,
        "data": 0.14467857142857143,
        "read": 0.1401357142857143,
        "write": 0.17576428571428573,
        "misc": 0.0
    },
    "bytes_from_memory": 65892116.571428575,
    "bytes_to_memory": 9501901.714285715,
    "total_bytes_rw_mem": 75394018.28571428
}