{
    "demand_fetches": {
        "total": 14605860.461538462,
        "instrn": 0.0,
        "data": 14605860.461538462,
        "read": 11120620.153846154,
        "write": 3485240.3076923075,
        "misc": 0.0
    },
    "demand_misses": {
        "total": 2051969.7692307692,
        "instrn": 0.0,
        "data": 2051969.7692307692,
        "read": 1388470.5384615385,
        "write": 663499.2307692308,
        "misc": 0.0
    },
    "demand_miss_rate": {
        "total": 0.1290923076923077,
        "instrn": 0.0,
        "data": 0.1290923076923077,
        "read": 0.11457692307692308,
        "write": 0.1732076923076923,
        "misc": 0.0
    },
    "bytes_from_memory": 65663032.615384616,
    "bytes_to_memory": 21922761.846153848,
    "total_bytes_rw_mem": 87585794.46153846
}