{
    "demand_fetches": {
        "total": 13819035.384615384,
        "instrn": 0.0,
        "data": 13819035.384615384,
        "read": 12510103.538461538,
        "write": 1308931.8461538462,
        "misc": 0.0
    },
    "demand_misses": {
        "total": 1141419.0,
        "instrn": 0.0,
        "data": 1141419.0,
        "read": 1014726.5384615385,
        "write": 126692.46153846153,
        "misc": 0.0
    },
    "demand_miss_rate": {
        "total": 0.08241538461538463,
        "instrn": 0.0,
        "data": 0.08241538461538463,
        "read": 0.08073846153846155,
        "write": 0.09543846153846156,
        "misc": 0.0
    },
    "bytes_from_memory": 73050816.0,
    "bytes_to_memory": 8760723.692307692,
    "total_bytes_rw_mem": 81811539.6923077
}