{
    "demand_fetches": {
        "total": 5592432.076923077,
        "instrn": 0.0,
        "data": 5592432.076923077,
        "read": 4987094.692307692,
        "write": 605337.3846153846,
        "misc": 0.0
    },
    "demand_misses": {
        "total": 695156.8461538461,
        "instrn": 0.0,
        "data": 695156.8461538461,
        "read": 633934.8461538461,
        "write": 61222.0,
        "misc": 0.0
    },
    "demand_miss_rate": {
        "total": 0.11583846153846153,
        "instrn": 0.0,
        "data": 0.11583846153846153,
        "read": 0.12016153846153846,
        "write": 0.09287692307692309,
        "misc": 0.0
    },
    "bytes_from_memory": 44490038.15384615,
    "bytes_to_memory": 4546742.153846154,
    "total_bytes_rw_mem": 49036780.307692304
}