{
    "demand_fetches": {
        "total": 24717886.384615384,
        "instrn": 0.0,
        "data": 24717886.384615384,
        "read": 21686687.46153846,
        "write": 3031198.923076923,
        "misc": 0.0
    },
    "demand_misses": {
        "total": 1621287.3846153845,
        "instrn": 0.0,
        "data": 1621287.3846153845,
        "read": 1286992.8461538462,
        "write": 334294.53846153844,
        "misc": 0.0
    },
    "demand_miss_rate": {
        "total": 0.06081538461538461,
        "instrn": 0.0,
        "data": 0.06081538461538461,
        "read": 0.05503076923076923,
        "write": 0.09941538461538461,
        "misc": 0.0
    },
    "bytes_from_memory": 103762392.61538461,
    "bytes_to_memory": 22382976.0,
    "total_bytes_rw_mem": 126145368.61538461
}