{
    "demand_fetches": {
        "total": 14605860.461538462,
        "instrn": 0.0,
        "data": 14605860.461538462,
        "read": 11120620.153846154,
        "write": 3485240.3076923075,
        "misc": 0.0
    },
    "demand_misses": {
        "total": 1456860.6153846155,
        "instrn": 0.0,
        "data": 1456860.6153846155,
        "read": 1069019.0,
        "write": 387841.6153846154,
        "misc": 0.0
    },
    "demand_miss_rate": {
        "total": 0.09332307692307693,
        "instrn": 0.0,
        "data": 0.09332307692307693,
        "read": 0.09082307692307692,
        "write": 0.10122307692307693,
        "misc": 0.0
    },
    "bytes_from_memory": 93239079.38461539,
    "bytes_to_memory": 27817614.769230768,
    "total_bytes_rw_mem": 121056694.15384616
}