{
    "demand_fetches": {
        "total": 85755.07142857143,
        "instrn": 0.0,
        "data": 85755.07142857143,
        "read": 51953.0,
        "write": 33802.07142857143,
        "misc": 0.0
    },
    "demand_misses": {
        "total": 37163.57142857143,
        "instrn": 0.0,
        "data": 37163.57142857143,
        "read": 14808.0,
        "write": 22355.571428571428,
        "misc": 0.0
    },
    "demand_miss_rate": {
        "total": 0.24669285714285713,
        "instrn": 0.0,
        "data": 0.24669285714285713,
        "read": 0.17309285714285713,
        "write": 0.36819999999999997,
        "misc": 0.0
    },
    "bytes_from_memory": 1189234.2857142857,
    "bytes_to_memory": 729193.1428571428,
    "total_bytes_rw_mem": 1918427.4285714286
}