{
    "demand_fetches": {
        "total": 24717886.384615384,
        "instrn": 0.0,
        "data": 24717886.384615384,
        "read": 21686687.46153846,
        "write": 3031198.923076923,
        "misc": 0.0
    },
    "demand_misses": {
        "total": 7437694.615384615,
        "instrn": 0.0,
        "data": 7437694.615384615,
        "read": 6577140.538461538,
        "write": 860554.0769230769,
        "misc": 0.0
    },
    "demand_miss_rate": {
        "total": 0.27842307692307694,
        "instrn": 0.0,
        "data": 0.27842307692307694,
        "read": 0.2801692307692308,
        "write": 0.2663384615384615,
        "misc": 0.0
    },
    "bytes_from_memory": 119003113.84615384,
    "bytes_to_memory": 16219560.615384616,
    "total_bytes_rw_mem": 135222674.46153846
}