{
    "demand_fetches": {
        "total": 9774315.714285715,
        "instrn": 0.0,
        "data": 9774315.714285715,
        "read": 8964283.0,
        "write": 810032.7142857143,
        "misc": 0.0
    },
    "demand_misses": {
        "total": 1201868.5714285714,
        "instrn": 0.0,
        "data": 1201868.5714285714,
        "read": 1117798.7857142857,
        "write": 84069.78571428571,
        "misc": 0.0
    },
    "demand_miss_rate": {
        "total": 0.10447857142857143,
        "instrn": 0.0,
        "data": 0.10447857142857143,
        "read": 0.10653571428571429,
        "write": 0.08824285714285716,
        "misc": 0.0
    },
    "bytes_from_memory": 76919588.57142857,
    "bytes_to_memory": 6364233.142857143,
    "total_bytes_rw_mem": 83283821.71428572
}