{
    "demand_fetches": {
        "total": 85755.07142857143,
        "instrn": 0.0,
        "data": 85755.07142857143,
        "read": 51953.0,
        "write": 33802.07142857143,
        "misc": 0.0
    },
    "demand_misses": {
        "total": 37774.42857142857,
        "instrn": 0.0,
        "data": 37774.42857142857,
        "read": 15196.42857142857,
        "write": 22578.0,
        "misc": 0.0
    },
    "demand_miss_rate": {
        "total": 0.2545142857142857,
        "instrn": 0.0,
        "data": 0.2545142857142857,
        "read": 0.1805142857142857,
        "write": 0.37700000000000006,
        "misc": 0.0
    },
    "bytes_from_memory": 604390.8571428572,
    "bytes_to_memory": 370902.85714285716,
    "total_bytes_rw_mem": 975293.7142857143
}