{
    "demand_fetches": {
        "total": 13399880.0,
        "instrn": 0.0,
        "data": 13399880.0,
        "read": 12354821.0,
        "write": 1045059.0,
        "misc": 0.0
    },
    "demand_misses": {
        "total": 5285577.230769231,
        "instrn": 0.0,
        "data": 5285577.230769231,
        "read": 4890701.923076923,
        "write": 394875.3076923077,
        "misc": 0.0
    },
    "demand_miss_rate": {
        "total": 0.38427692307692307,
        "instrn": 0.0,
        "data": 0.38427692307692307,
        "read": 0.38506923076923083,
        "write": 0.37395384615384614,
        "misc": 0.0
    },
    "bytes_from_memory": 84569235.6923077,
    "bytes_to_memory": 6709133.538461538,
    "total_bytes_rw_mem": 91278369.23076923
}