{
    "demand_fetches": {
        "total": 121393.5,
        "instrn": 0.0,
        "data": 121393.5,
        "read": 81639.64285714286,
        "write": 39753.857142857145,
        "misc": 0.0
    },
    "demand_misses": {
        "total": 57088.857142857145,
        "instrn": 0.0,
        "data": 57088.857142857145,
        "read": 31512.071428571428,
        "write": 25576.785714285714,
        "misc": 0.0
    },
    "demand_miss_rate": {
        "total": 0.2920142857142857,
        "instrn": 0.0,
        "data": 0.2920142857142857,
        "read": 0.2598285714285714,
        "write": 0.34839999999999993,
        "misc": 0.0
    },
    "bytes_from_memory": 3653686.8571428573,
    "bytes_to_memory": 1668201.142857143,
    "total_bytes_rw_mem": 5321888.0
}