{
    "demand_fetches": {
        "total": 10581582.846153846,
        "instrn": 0.0,
        "data": 10581582.846153846,
        "read": 9676558.384615384,
        "write": 905024.4615384615,
        "misc": 0.0
    },
    "demand_misses": {
        "total": 1162139.2307692308,
        "instrn": 0.0,
        "data": 1162139.2307692308,
        "read": 1068789.3076923077,
        "write": 93349.92307692308,
        "misc": 0.0
    },
    "demand_miss_rate": {
        "total": 0.09973846153846154,
        "instrn": 0.0,
        "data": 0.09973846153846154,
        "read": 0.10049999999999998,
        "write": 0.09383846153846154,
        "misc": 0.0
    },
    "bytes_from_memory": 74376910.76923077,
    "bytes_to_memory": 6928738.461538462,
    "total_bytes_rw_mem": 81305649.23076923
}