{
    "demand_fetches": {
        "total": 18681704.285714287,
        "instrn": 0.0,
        "data": 18681704.285714287,
        "read": 17715672.214285713,
        "write": 966032.0714285715,
        "misc": 0.0
    },
    "demand_misses": {
        "total": 1622190.5714285714,
        "instrn": 0.0,
        "data": 1622190.5714285714,
        "read": 1519127.2142857143,
        "write": 103063.35714285714,
        "misc": 0.0
    },
    "demand_miss_rate": {
        "total": 0.07353571428571427,
        "instrn": 0.0,
        "data": 0.07353571428571427,
        "read": 0.07242857142857143,
        "write": 0.08902142857142857,
        "misc": 0.0
    },
    "bytes_from_memory": 103820196.57142857,
    "bytes_to_memory": 7413568.0,
    "total_bytes_rw_mem": 111233764.57142857
}