{
    "demand_fetches": {
        "total": 74984.71428571429,
        "instrn": 0.0,
        "data": 74984.71428571429,
        "read": 47629.07142857143,
        "write": 27355.64285714286,
        "misc": 0.0
    },
    "demand_misses": {
        "total": 26426.14285714286,
        "instrn": 0.0,
        "data": 26426.14285714286,
        "read": 12066.857142857143,
        "write": 14359.285714285714,
        "misc": 0.0
    },
    "demand_miss_rate": {
        "total": 0.21434999999999998,
        "instrn": 0.0,
        "data": 0.21434999999999998,
        "read": 0.16160714285714284,
        "write": 0.3064214285714285,
        "misc": 0.0
    },
    "bytes_from_memory": 845636.5714285715,
    "bytes_to_memory": 474212.5714285714,
    "total_bytes_rw_mem": 1319849.142857143
}