{
    "demand_fetches": {
        "total": 10538876.538461538,
        "instrn": 0.0,
        "data": 10538876.538461538,
        "read": 9658823.923076924,
        "write": 880052.6153846154,
        "misc": 0.0
    },
    "demand_misses": {
        "total": 1242324.0,
        "instrn": 0.0,
        "data": 1242324.0,
        "read": 1153046.4615384615,
        "write": 89277.53846153847,
        "misc": 0.0
    },
    "demand_miss_rate": {
        "total": 0.1060923076923077,
        "instrn": 0.0,
        "data": 0.1060923076923077,
        "read": 0.10765384615384617,
        "write": 0.09272307692307694,
        "misc": 0.0
    },
    "bytes_from_memory": 79508736.0,
    "bytes_to_memory": 6602190.769230769,
    "total_bytes_rw_mem": 86110926.76923077
}