{
    "demand_fetches": {
        "total": 5592432.076923077,
        "instrn": 0.0,
        "data": 5592432.076923077,
        "read": 4987094.692307692,
        "write": 605337.3846153846,
        "misc": 0.0
    },
    "demand_misses": {
        "total": 738230.3076923077,
        "instrn": 0.0,
        "data": 738230.3076923077,
        "read": 674767.7692307692,
        "write": 63462.53846153846,
        "misc": 0.0
    },
    "demand_miss_rate": {
        "total": 0.1243153846153846,
        "instrn": 0.0,
        "data": 0.1243153846153846,
        "read": 0.12953846153846152,
        "write": 0.0967076923076923,
        "misc": 0.0
    },
    "bytes_from_memory": 47246739.692307696,
    "bytes_to_memory": 4796046.769230769,
    "total_bytes_rw_mem": 52042786.461538464
}