{
    "demand_fetches": {
        "total": 10581582.846153846,
        "instrn": 0.0,
        "data": 10581582.846153846,
        "read": 9676558.384615384,
        "write": 905024.4615384615,
        "misc": 0.0
    },
    "demand_misses": {
        "total": 2555387.3076923075,
        "instrn": 0.0,
        "data": 2555387.3076923075,
        "read": 2369525.076923077,
        "write": 185862.23076923078,
        "misc": 0.0
    },
    "demand_miss_rate": {
        "total": 0.2194076923076923,
        "instrn": 0.0,
        "data": 0.2194076923076923,
        "read": 0.2233846153846154,
        "write": 0.18780000000000002,
        "misc": 0.0
    },
    "bytes_from_memory": 81772393.84615384,
    "bytes_to_memory": 6739352.615384615,
    "total_bytes_rw_mem": 88511746.46153846
}