{
    "demand_fetches": {
        "total": 165444.42857142858,
        "instrn": 0.0,
        "data": 165444.42857142858,
        "read": 88587.14285714286,
        "write": 76857.28571428571,
        "misc": 0.0
    },
    "demand_misses": {
        "total": 116826.42857142857,
        "instrn": 0.0,
        "data": 116826.42857142857,
        "read": 54302.42857142857,
        "write": 62524.0,
        "misc": 0.0
    },
    "demand_miss_rate": {
        "total": 0.4703785714285713,
        "instrn": 0.0,
        "data": 0.4703785714285713,
        "read": 0.44545714285714283,
        "write": 0.4775785714285714,
        "misc": 0.0
    },
    "bytes_from_memory": 3738445.714285714,
    "bytes_to_memory": 2020893.7142857143,
    "total_bytes_rw_mem": 5759339.428571428
}