{
    "demand_fetches": {
        "total": 18681704.285714287,
        "instrn": 0.0,
        "data": 18681704.285714287,
        "read": 17715672.214285713,
        "write": 966032.0714285715,
        "misc": 0.0
    },
    "demand_misses": {
        "total": 9050522.714285715,
        "instrn": 0.0,
        "data": 9050522.714285715,
        "read": 8685639.57142857,
        "write": 364883.14285714284,
        "misc": 0.0
    },
    "demand_miss_rate": {
        "total": 0.41125,
        "instrn": 0.0,
        "data": 0.41125,
        "read": 0.4173285714285714,
        "write": 0.32727142857142855,
        "misc": 0.0
    },
    "bytes_from_memory": 144808363.42857143,
    "bytes_to_memory": 6998396.571428572,
    "total_bytes_rw_mem": 151806760.0
}