{
    "demand_fetches": {
        "total": 6489888.133333334,
        "instrn": 0.0,
        "data": 6489888.133333334,
        "read": 5659406.0,
        "write": 830482.1333333333,
        "misc": 0.0
    },
    "demand_misses": {
        "total": 582126.9333333333,
        "instrn": 0.0,
        "data": 582126.9333333333,
        "read": 500990.13333333336,
        "write": 81136.8,
        "misc": 0.0
    },
    "demand_miss_rate": {
        "total": 0.07766666666666668,
        "instrn": 0.0,
        "data": 0.07766666666666668,
        "read": 0.07676,
        "write": 0.08332666666666667,
        "misc": 0.0
    },
    "bytes_from_memory": 37256123.733333334,
    "bytes_to_memory": 5702481.066666666,
    "total_bytes_rw_mem": 42958604.8
}