{
    "demand_fetches": {
        "total": 5550060.846153846,
        "instrn": 0.0,
        "data": 5550060.846153846,
        "read": 4978853.230769231,
        "write": 571207.6153846154,
        "misc": 0.0
    },
    "demand_misses": {
        "total": 2676345.6923076925,
        "instrn": 0.0,
        "data": 2676345.6923076925,
        "read": 2446717.230769231,
        "write": 229628.46153846153,
        "misc": 0.0
    },
    "demand_miss_rate": {
        "total": 0.4385769230769231,
        "instrn": 0.0,
        "data": 0.4385769230769231,
        "read": 0.4493538461538462,
        "write": 0.36916923076923075,
        "misc": 0.0
    },
    "bytes_from_memory": 42821531.07692308,
    "bytes_to_memory": 4003037.5384615385,
    "total_bytes_rw_mem": 46824568.615384616
}