{
    "demand_fetches": {
        "total": 60908.07142857143,
        "instrn": 0.0,
        "data": 60908.07142857143,
        "read": 42158.857142857145,
        "write": 18749.214285714286,
        "misc": 0.0
    },
    "demand_misses": {
        "total": 10389.714285714286,
        "instrn": 0.0,
        "data": 10389.714285714286,
        "read": 6009.0,
        "write": 4380.714285714285,
        "misc": 0.0
    },
    "demand_miss_rate": {
        "total": 0.12809285714285715,
        "instrn": 0.0,
        "data": 0.12809285714285715,
        "read": 0.11060714285714286,
        "write": 0.16800714285714283,
        "misc": 0.0
    },
    "bytes_from_memory": 332470.85714285716,
    "bytes_to_memory": 154950.85714285713,
    "total_bytes_rw_mem": 487421.71428571426
}