{
    "demand_fetches": {
        "total": 5574400.076923077,
        "instrn": 0.0,
        "data": 5574400.076923077,
        "read": 4982210.769230769,
        "write": 592189.3076923077,
        "misc": 0.0
    },
    "demand_misses": {
        "total": 2137495.3076923075,
        "instrn": 0.0,
        "data": 2137495.3076923075,
        "read": 1920288.2307692308,
        "write": 217207.07692307694,
        "misc": 0.0
    },
    "demand_miss_rate": {
        "total": 0.34674615384615376,
        "instrn": 0.0,
        "data": 0.34674615384615376,
        "read": 0.34845384615384617,
        "write": 0.3349538461538461,
        "misc": 0.0
    },
    "bytes_from_memory": 34199924.92307692,
    "bytes_to_memory": 3611792.0,
    "total_bytes_rw_mem": 37811716.92307692
}