{
    "demand_fetches": {
        "total": 9802105.857142856,
        "instrn": 0.0,
        "data": 9802105.857142856,
        "read": 8971251.07142857,
        "write": 830854.7857142857,
        "misc": 0.0
    },
    "demand_misses": {
        "total": 4287908.142857143,
        "instrn": 0.0,
        "data": 4287908.142857143,
        "read": 3976491.785714286,
        "write": 311416.35714285716,
        "misc": 0.0
    },
    "demand_miss_rate": {
        "total": 0.3519785714285715,
        "instrn": 0.0,
        "data": 0.3519785714285715,
        "read": 0.3546857142857143,
        "write": 0.31953571428571426,
        "misc": 0.0
    },
    "bytes_from_memory": 68606530.28571428,
    "bytes_to_memory": 5282436.571428572,
    "total_bytes_rw_mem": 73888966.85714285
}