{
    "demand_fetches": {
        "total": 17437226.466666665,
        "instrn": 0.0,
        "data": 17437226.466666665,
        "read": 16535103.133333333,
        "write": 902123.3333333334,
        "misc": 0.0
    },
    "demand_misses": {
        "total": 2879939.0,
        "instrn": 0.0,
        "data": 2879939.0,
        "read": 2730256.2666666666,
        "write": 149682.73333333334,
        "misc": 0.0
    },
    "demand_miss_rate": {
        "total": 0.13011999999999999,
        "instrn": 0.0,
        "data": 0.13011999999999999,
        "read": 0.12976,
        "write": 0.13340000000000002,
        "misc": 0.0
    },
    "bytes_from_memory": 92158048.0,
    "bytes_to_memory": 5344757.333333333,
    "total_bytes_rw_mem": 97502805.33333333
}