{
    "demand_fetches": {
        "total": 60908.07142857143,
        "instrn": 0.0,
        "data": 60908.07142857143,
        "read": 42158.857142857145,
        "write": 18749.214285714286,
        "misc": 0.0
    },
    "demand_misses": {
        "total": 10237.285714285714,
        "instrn": 0.0,
        "data": 10237.285714285714,
        "read": 5861.857142857143,
        "write": 4375.428571428572,
        "misc": 0.0
    },
    "demand_miss_rate": {
        "total": 0.12590714285714286,
        "instrn": 0.0,
        "data": 0.12590714285714286,
        "read": 0.10742142857142856,
        "write": 0.16787142857142862,
        "misc": 0.0
    },
    "bytes_from_memory": 327593.14285714284,
    "bytes_to_memory": 154322.2857142857,
    "total_bytes_rw_mem": 481915.4285714286
}