{
    "demand_fetches": {
        "total": 9802105.857142856,
        "instrn": 0.0,
        "data": 9802105.857142856,
        "read": 8971251.07142857,
        "write": 830854.7857142857,
        "misc": 0.0
    },
    "demand_misses": {
        "total": 4559180.357142857,
        "instrn": 0.0,
        "data": 4559180.357142857,
        "read": 4240502.0,
        "write": 318678.35714285716,
        "misc": 0.0
    },
    "demand_miss_rate": {
        "total": 0.3898357142857143,
        "instrn": 0.0,
        "data": 0.3898357142857143,
        "read": 0.3967571428571429,
        "write": 0.3275571428571428,
        "misc": 0.0
    },
    "bytes_from_memory": 72946885.71428572,
    "bytes_to_memory": 5479010.285714285,
    "total_bytes_rw_mem": 78425896.0
}