{
    "demand_fetches": {
        "total": 5458719.785714285,
        "instrn": 0.0,
        "data": 5458719.785714285,
        "read": 4741325.428571428,
        "write": 717394.3571428572,
        "misc": 0.0
    },
    "demand_misses": {
        "total": 1593714.357142857,
        "instrn": 0.0,
        "data": 1593714.357142857,
        "read": 1329831.142857143,
        "write": 263883.21428571426,
        "misc": 0.0
    },
    "demand_miss_rate": {
        "total": 0.25145,
        "instrn": 0.0,
        "data": 0.25145,
        "read": 0.24095714285714287,
        "write": 0.3102571428571429,
        "misc": 0.0
    },
    "bytes_from_memory": 25499429.714285713,
    "bytes_to_memory": 4336092.571428572,
    "total_bytes_rw_mem": 29835522.285714287
}