{
    "demand_fetches": {
        "total": 20330162.076923076,
        "instrn": 0.0,
        "data": 20330162.076923076,
        "read": 19211134.46153846,
        "write": 1119027.6153846155,
        "misc": 0.0
    },
    "demand_misses": {
        "total": 9766016.692307692,
        "instrn": 0.0,
        "data": 9766016.692307692,
        "read": 9352089.461538462,
        "write": 413927.23076923075,
        "misc": 0.0
    },
    "demand_miss_rate": {
        "total": 0.43966923076923076,
        "instrn": 0.0,
        "data": 0.43966923076923076,
        "read": 0.44661538461538464,
        "write": 0.3465769230769231,
        "misc": 0.0
    },
    "bytes_from_memory": 156256267.07692307,
    "bytes_to_memory": 8064780.307692308,
    "total_bytes_rw_mem": 164321047.3846154
}