{
    "demand_fetches": {
        "total": 45098.357142857145,
        "instrn": 0.0,
        "data": 45098.357142857145,
        "read": 27033.5,
        "write": 18064.85714285714,
        "misc": 0.0
    },
    "demand_misses": {
        "total": 13124.857142857143,
        "instrn": 0.0,
        "data": 13124.857142857143,
        "read": 4594.0,
        "write": 8530.857142857143,
        "misc": 0.0
    },
    "demand_miss_rate": {
        "total": 0.19750714285714283,
        "instrn": 0.0,
        "data": 0.19750714285714283,
        "read": 0.14156428571428575,
        "write": 0.27817142857142857,
        "misc": 0.0
    },
    "bytes_from_memory": 839990.8571428572,
    "bytes_to_memory": 573403.4285714285,
    "total_bytes_rw_mem": 1413394.2857142857
}