{
    "demand_fetches": {
        "total": 18610525.285714287,
        "instrn": 0.0,
        "data": 18610525.285714287,
        "read": 17654362.285714287,
        "write": 956163.0,
        "misc": 0.0
    },
    "demand_misses": {
        "total": 3352926.1428571427,
        "instrn": 0.0,
        "data": 3352926.1428571427,
        "read": 3187089.9285714286,
        "write": 165836.2142857143,
        "misc": 0.0
    },
    "demand_miss_rate": {
        "total": 0.1490857142857143,
        "instrn": 0.0,
        "data": 0.1490857142857143,
        "read": 0.14887142857142857,
        "write": 0.14915714285714285,
        "misc": 0.0
    },
    "bytes_from_memory": 107293636.57142857,
    "bytes_to_memory": 5987579.428571428,
    "total_bytes_rw_mem": 113281216.0
}