{
    "demand_fetches": {
        "total": 6502652.307692308,
        "instrn": 0.0,
        "data": 6502652.307692308,
        "read": 5342057.923076923,
        "write": 1160594.3846153845,
        "misc": 0.0
    },
    "demand_misses": {
        "total": 2189979.6923076925,
        "instrn": 0.0,
        "data": 2189979.6923076925,
        "read": 1742876.4615384615,
        "write": 447103.23076923075,
        "misc": 0.0
    },
    "demand_miss_rate": {
        "total": 0.31120000000000003,
        "instrn": 0.0,
        "data": 0.31120000000000003,
        "read": 0.3023384615384615,
        "write": 0.3489615384615385,
        "misc": 0.0
    },
    "bytes_from_memory": 35039675.07692308,
    "bytes_to_memory": 7625102.769230769,
    "total_bytes_rw_mem": 42664777.84615385
}