{
    "demand_fetches": {
        "total": 5458719.785714285,
        "instrn": 0.0,
        "data": 5458719.785714285,
        "read": 4741325.428571428,
        "write": 717394.3571428572,
        "misc": 0.0
    },
    "demand_misses": {
        "total": 433178.28571428574,
        "instrn": 0.0,
        "data": 433178.28571428574,
        "read": 365159.28571428574,
        "write": 68019.0,
        "misc": 0.0
    },
    "demand_miss_rate": {
        "total": 0.06825714285714286,
        "instrn": 0.0,
        "data": 0.06825714285714286,
        "read": 0.06621428571428571,
        "write": 0.07992857142857143,
        "misc": 0.0
    },
    "bytes_from_memory": 27723410.285714287,
    "bytes_to_memory": 4682235.428571428,
    "total_bytes_rw_mem": 32405645.714285713
}