{
    "demand_fetches": {
        "total": 10538876.538461538,
        "instrn": 0.0,
        "data": 10538876.538461538,
        "read": 9658823.923076924,
        "write": 880052.6153846154,
        "misc": 0.0
    },
    "demand_misses": {
        "total": 2588172.076923077,
        "instrn": 0.0,
        "data": 2588172.076923077,
        "read": 2404055.923076923,
        "write": 184116.15384615384,
        "misc": 0.0
    },
    "demand_miss_rate": {
        "total": 0.22609230769230765,
        "instrn": 0.0,
        "data": 0.22609230769230765,
        "read": 0.23041538461538466,
        "write": 0.1924307692307692,
        "misc": 0.0
    },
    "bytes_from_memory": 82821506.46153846,
    "bytes_to_memory": 6761772.307692308,
    "total_bytes_rw_mem": 89583278.76923077
}