{
    "demand_fetches": {
        "total": 111298.57142857143,
        "instrn": 0.0,
        "data": 111298.57142857143,
        "read": 74882.0,
        "write": 36416.57142857143,
        "misc": 0.0
    },
    "demand_misses": {
        "total": 45415.78571428572,
        "instrn": 0.0,
        "data": 45415.78571428572,
        "read": 27746.428571428572,
        "write": 17669.35714285714,
        "misc": 0.0
    },
    "demand_miss_rate": {
        "total": 0.2711642857142857,
        "instrn": 0.0,
        "data": 0.2711642857142857,
        "read": 0.25227857142857146,
        "write": 0.30644999999999994,
        "misc": 0.0
    },
    "bytes_from_memory": 2906610.285714286,
    "bytes_to_memory": 1167117.7142857143,
    "total_bytes_rw_mem": 4073728.0
}