{
    "demand_fetches": {
        "total": 13228859.285714285,
        "instrn": 0.0,
        "data": 13228859.285714285,
        "read": 11759523.07142857,
        "write": 1469336.2142857143,
        "misc": 0.0
    },
    "demand_misses": {
        "total": 2031805.357142857,
        "instrn": 0.0,
        "data": 2031805.357142857,
        "read": 1751294.0,
        "write": 280511.35714285716,
        "misc": 0.0
    },
    "demand_miss_rate": {
        "total": 0.14250000000000002,
        "instrn": 0.0,
        "data": 0.14250000000000002,
        "read": 0.13775,
        "write": 0.17480714285714288,
        "misc": 0.0
    },
    "bytes_from_memory": 65017771.428571425,
    "bytes_to_memory": 9412363.42857143,
    "total_bytes_rw_mem": 74430134.85714285
}