{
    "demand_fetches": {
        "total": 5291211.071428572,
        "instrn": 0.0,
        "data": 5291211.071428572,
        "read": 4662140.214285715,
        "write": 629070.8571428572,
        "misc": 0.0
    },
    "demand_misses": {
        "total": 632875.2857142857,
        "instrn": 0.0,
        "data": 632875.2857142857,
        "read": 571244.7857142857,
        "write": 61630.5,
        "misc": 0.0
    },
    "demand_miss_rate": {
        "total": 0.10205,
        "instrn": 0.0,
        "data": 0.10205,
        "read": 0.10545714285714285,
        "write": 0.08339285714285714,
        "misc": 0.0
    },
    "bytes_from_memory": 40504018.28571428,
    "bytes_to_memory": 4526870.857142857,
    "total_bytes_rw_mem": 45030889.14285714
}