{
    "demand_fetches": {
        "total": 5212942.5,
        "instrn": 0.0,
        "data": 5212942.5,
        "read": 4647407.142857143,
        "write": 565535.3571428572,
        "misc": 0.0
    },
    "demand_misses": {
        "total": 538279.6428571428,
        "instrn": 0.0,
        "data": 538279.6428571428,
        "read": 480534.35714285716,
        "write": 57745.28571428572,
        "misc": 0.0
    },
    "demand_miss_rate": {
        "total": 0.08884285714285714,
        "instrn": 0.0,
        "data": 0.08884285714285714,
        "read": 0.08942857142857144,
        "write": 0.08590714285714286,
        "misc": 0.0
    },
    "bytes_from_memory": 34449897.14285714,
    "bytes_to_memory": 4231296.0,
    "total_bytes_rw_mem": 38681193.14285714
}