{
    "demand_fetches": {
        "total": 5458719.785714285,
        "instrn": 0.0,
        "data": 5458719.785714285,
        "read": 4741325.428571428,
        "write": 717394.3571428572,
        "misc": 0.0
    },
    "demand_misses": {
        "total": 478638.71428571426,
        "instrn": 0.0,
        "data": 478638.71428571426,
        "read": 408690.9285714286,
        "write": 69947.78571428571,
        "misc": 0.0
    },
    "demand_miss_rate": {
        "total": 0.07629285714285713,
        "instrn": 0.0,
        "data": 0.07629285714285713,
        "read": 0.07531428571428571,
        "write": 0.08222142857142856,
        "misc": 0.0
    },
    "bytes_from_memory": 30632877.714285713,
    "bytes_to_memory": 4924201.142857143,
    "total_bytes_rw_mem": 35557078.85714286
}