{
    "demand_fetches": {
        "total": 5213328.142857143,
        "instrn": 0.0,
        "data": 5213328.142857143,
        "read": 4637458.142857143,
        "write": 575870.0,
        "misc": 0.0
    },
    "demand_misses": {
        "total": 1232209.4285714286,
        "instrn": 0.0,
        "data": 1232209.4285714286,
        "read": 1121736.357142857,
        "write": 110473.07142857143,
        "misc": 0.0
    },
    "demand_miss_rate": {
        "total": 0.19802857142857144,
        "instrn": 0.0,
        "data": 0.19802857142857144,
        "read": 0.20397142857142855,
        "write": 0.16320714285714286,
        "misc": 0.0
    },
    "bytes_from_memory": 39430701.71428572,
    "bytes_to_memory": 3856818.285714286,
    "total_bytes_rw_mem": 43287520.0
}