{
    "demand_fetches": {
        "total": 117406.64285714286,
        "instrn": 0.0,
        "data": 117406.64285714286,
        "read": 73725.42857142857,
        "write": 43681.21428571428,
        "misc": 0.0
    },
    "demand_misses": {
        "total": 46365.5,
        "instrn": 0.0,
        "data": 46365.5,
        "read": 22857.785714285714,
        "write": 23507.714285714286,
        "misc": 0.0
    },
    "demand_miss_rate": {
        "total": 0.24204285714285717,
        "instrn": 0.0,
        "data": 0.24204285714285717,
        "read": 0.20354285714285716,
        "write": 0.3077357142857142,
        "misc": 0.0
    },
    "bytes_from_memory": 2967392.0,
    "bytes_to_memory": 1533170.2857142857,
    "total_bytes_rw_mem": 4500562.285714285
}