{
    "demand_fetches": {
        "total": 6502652.307692308,
        "instrn": 0.0,
        "data": 6502652.307692308,
        "read": 5342057.923076923,
        "write": 1160594.3846153845,
        "misc": 0.0
    },
    "demand_misses": {
        "total": 835338.0,
        "instrn": 0.0,
        "data": 835338.0,
        "read": 707717.4615384615,
        "write": 127620.53846153847,
        "misc": 0.0
    },
    "demand_miss_rate": {
        "total": 0.12046923076923077,
        "instrn": 0.0,
        "data": 0.12046923076923077,
        "read": 0.1259846153846154,
        "write": 0.09924615384615385,
        "misc": 0.0
    },
    "bytes_from_memory": 53461632.0,
    "bytes_to_memory": 9796834.461538462,
    "total_bytes_rw_mem": 63258466.461538464
}