{
    "demand_fetches": {
        "total": 5592563.153846154,
        "instrn": 0.0,
        "data": 5592563.153846154,
        "read": 4987349.846153846,
        "write": 605213.3076923077,
        "misc": 0.0
    },
    "demand_misses": {
        "total": 2567138.769230769,
        "instrn": 0.0,
        "data": 2567138.769230769,
        "read": 2341619.230769231,
        "write": 225519.53846153847,
        "misc": 0.0
    },
    "demand_miss_rate": {
        "total": 0.4080538461538461,
        "instrn": 0.0,
        "data": 0.4080538461538461,
        "read": 0.41864615384615383,
        "write": 0.34103846153846157,
        "misc": 0.0
    },
    "bytes_from_memory": 41074220.307692304,
    "bytes_to_memory": 3782391.3846153845,
    "total_bytes_rw_mem": 44856611.692307696
}