{
    "demand_fetches": {
        "total": 5212973.285714285,
        "instrn": 0.0,
        "data": 5212973.285714285,
        "read": 4647427.142857143,
        "write": 565546.1428571428,
        "misc": 0.0
    },
    "demand_misses": {
        "total": 2466798.285714286,
        "instrn": 0.0,
        "data": 2466798.285714286,
        "read": 2242369.1428571427,
        "write": 224429.14285714287,
        "misc": 0.0
    },
    "demand_miss_rate": {
        "total": 0.3982285714285713,
        "instrn": 0.0,
        "data": 0.3982285714285713,
        "read": 0.40805714285714284,
        "write": 0.3361642857142857,
        "misc": 0.0
    },
    "bytes_from_memory": 39468772.571428575,
    "bytes_to_memory": 3895025.1428571427,
    "total_bytes_rw_mem": 43363797.71428572
}