{
    "demand_fetches": {
        "total": 20199630.46153846,
        "instrn": 0.0,
        "data": 20199630.46153846,
        "read": 19130452.615384616,
        "write": 1069177.8461538462,
        "misc": 0.0
    },
    "demand_misses": {
        "total": 7367451.461538462,
        "instrn": 0.0,
        "data": 7367451.461538462,
        "read": 7002488.538461538,
        "write": 364962.92307692306,
        "misc": 0.0
    },
    "demand_miss_rate": {
        "total": 0.3306923076923077,
        "instrn": 0.0,
        "data": 0.3306923076923077,
        "read": 0.3312846153846154,
        "write": 0.31819230769230766,
        "misc": 0.0
    },
    "bytes_from_memory": 117879223.38461539,
    "bytes_to_memory": 6713672.615384615,
    "total_bytes_rw_mem": 124592896.0
}