{
    "demand_fetches": {
        "total": 19213499.92857143,
        "instrn": 0.0,
        "data": 19213499.92857143,
        "read": 18041327.5,
        "write": 1172172.4285714286,
        "misc": 0.0
    },
    "demand_misses": {
        "total": 1371439.9285714286,
        "instrn": 0.0,
        "data": 1371439.9285714286,
        "read": 1247274.4285714286,
        "write": 124165.5,
        "misc": 0.0
    },
    "demand_miss_rate": {
        "total": 0.061564285714285724,
        "instrn": 0.0,
        "data": 0.061564285714285724,
        "read": 0.05945714285714286,
        "write": 0.08835000000000001,
        "misc": 0.0
    },
    "bytes_from_memory": 87772155.42857143,
    "bytes_to_memory": 8502208.0,
    "total_bytes_rw_mem": 96274363.42857143
}