{
    "demand_fetches": {
        "total": 9909112.285714285,
        "instrn": 0.0,
        "data": 9909112.285714285,
        "read": 9015925.285714285,
        "write": 893187.0,
        "misc": 0.0
    },
    "demand_misses": {
        "total": 3356525.9285714286,
        "instrn": 0.0,
        "data": 3356525.9285714286,
        "read": 3019314.5,
        "write": 337211.4285714286,
        "misc": 0.0
    },
    "demand_miss_rate": {
        "total": 0.2881642857142857,
        "instrn": 0.0,
        "data": 0.2881642857142857,
        "read": 0.2840857142857143,
        "write": 0.3199428571428572,
        "misc": 0.0
    },
    "bytes_from_memory": 53704414.85714286,
    "bytes_to_memory": 5659180.571428572,
    "total_bytes_rw_mem": 59363595.428571425
}