{
    "demand_fetches": {
        "total": 18610525.285714287,
        "instrn": 0.0,
        "data": 18610525.285714287,
        "read": 17654362.285714287,
        "write": 956163.0,
        "misc": 0.0
    },
    "demand_misses": {
        "total": 4436484.285714285,
        "instrn": 0.0,
        "data": 4436484.285714285,
        "read": 4253140.642857143,
        "write": 183343.64285714287,
        "misc": 0.0
    },
    "demand_miss_rate": {
        "total": 0.20327857142857142,
        "instrn": 0.0,
        "data": 0.20327857142857142,
        "read": 0.20576428571428568,
        "write": 0.16630714285714282,
        "misc": 0.0
    },
    "bytes_from_memory": 141967497.14285713,
    "bytes_to_memory": 7000765.714285715,
    "total_bytes_rw_mem": 148968262.85714287
}