{
    "demand_fetches": {
        "total": 5705069.0,
        "instrn": 0.0,
        "data": 5705069.0,
        "read": 5021856.923076923,
        "write": 683212.0769230769,
        "misc": 0.0
    },
    "demand_misses": {
        "total": 2638113.846153846,
        "instrn": 0.0,
        "data": 2638113.846153846,
        "read": 2386757.846153846,
        "write": 251356.0,
        "misc": 0.0
    },
    "demand_miss_rate": {
        "total": 0.4128769230769231,
        "instrn": 0.0,
        "data": 0.4128769230769231,
        "read": 0.4254153846153846,
        "write": 0.3380769230769231,
        "misc": 0.0
    },
    "bytes_from_memory": 42209821.538461536,
    "bytes_to_memory": 4207595.076923077,
    "total_bytes_rw_mem": 46417416.615384616
}