{
    "demand_fetches": {
        "total": 5212973.285714285,
        "instrn": 0.0,
        "data": 5212973.285714285,
        "read": 4647427.142857143,
        "write": 565546.1428571428,
        "misc": 0.0
    },
    "demand_misses": {
        "total": 1785525.0714285714,
        "instrn": 0.0,
        "data": 1785525.0714285714,
        "read": 1572951.9285714286,
        "write": 212573.14285714287,
        "misc": 0.0
    },
    "demand_miss_rate": {
        "total": 0.2916714285714285,
        "instrn": 0.0,
        "data": 0.2916714285714285,
        "read": 0.2876428571428571,
        "write": 0.3178,
        "misc": 0.0
    },
    "bytes_from_memory": 28568401.14285714,
    "bytes_to_memory": 3552468.5714285714,
    "total_bytes_rw_mem": 32120869.714285713
}