{
    "demand_fetches": {
        "total": 10361724.57142857,
        "instrn": 0.0,
        "data": 10361724.57142857,
        "read": 9180187.714285715,
        "write": 1181536.857142857,
        "misc": 0.0
    },
    "demand_misses": {
        "total": 2949716.4285714286,
        "instrn": 0.0,
        "data": 2949716.4285714286,
        "read": 2509492.4285714286,
        "write": 440224.0,
        "misc": 0.0
    },
    "demand_miss_rate": {
        "total": 0.24525,
        "instrn": 0.0,
        "data": 0.24525,
        "read": 0.2347928571428572,
        "write": 0.3151428571428571,
        "misc": 0.0
    },
    "bytes_from_memory": 47195462.85714286,
    "bytes_to_memory": 7218324.571428572,
    "total_bytes_rw_mem": 54413787.428571425
}