{
    "demand_fetches": {
        "total": 6953170.357142857,
        "instrn": 0.0,
        "data": 6953170.357142857,
        "read": 6063401.928571428,
        "write": 889768.4285714285,
        "misc": 0.0
    },
    "demand_misses": {
        "total": 1221223.642857143,
        "instrn": 0.0,
        "data": 1221223.642857143,
        "read": 1048211.2857142857,
        "write": 173012.35714285713,
        "misc": 0.0
    },
    "demand_miss_rate": {
        "total": 0.16271428571428573,
        "instrn": 0.0,
        "data": 0.16271428571428573,
        "read": 0.1602357142857143,
        "write": 0.1775642857142857,
        "misc": 0.0
    },
    "bytes_from_memory": 39079156.571428575,
    "bytes_to_memory": 5975190.857142857,
    "total_bytes_rw_mem": 45054347.428571425
}