{
    "demand_fetches": {
        "total": 20199630.46153846,
        "instrn": 0.0,
        "data": 20199630.46153846,
        "read": 19130452.615384616,
        "write": 1069177.8461538462,
        "misc": 0.0
    },
    "demand_misses": {
        "total": 6539446.538461538,
        "instrn": 0.0,
        "data": 6539446.538461538,
        "read": 6200083.076923077,
        "write": 339363.46153846156,
        "misc": 0.0
    },
    "demand_miss_rate": {
        "total": 0.2940307692307692,
        "instrn": 0.0,
        "data": 0.2940307692307692,
        "read": 0.29342307692307695,
        "write": 0.2974076923076923,
        "misc": 0.0
    },
    "bytes_from_memory": 104631144.61538461,
    "bytes_to_memory": 5892120.615384615,
    "total_bytes_rw_mem": 110523265.23076923
}