{
    "demand_fetches": {
        "total": 56153.21428571428,
        "instrn": 0.0,
        "data": 56153.21428571428,
        "read": 39110.142857142855,
        "write": 17043.071428571428,
        "misc": 0.0
    },
    "demand_misses": {
        "total": 10515.714285714286,
        "instrn": 0.0,
        "data": 10515.714285714286,
        "read": 5622.714285714285,
        "write": 4893.0,
        "misc": 0.0
    },
    "demand_miss_rate": {
        "total": 0.1365214285714286,
        "instrn": 0.0,
        "data": 0.1365214285714286,
        "read": 0.11040714285714288,
        "write": 0.19705714285714285,
        "misc": 0.0
    },
    "bytes_from_memory": 336502.85714285716,
    "bytes_to_memory": 170290.2857142857,
    "total_bytes_rw_mem": 506793.14285714284
}