{
    "demand_fetches": {
        "total": 55505.57142857143,
        "instrn": 0.0,
        "data": 55505.57142857143,
        "read": 32970.71428571428,
        "write": 22534.85714285714,
        "misc": 0.0
    },
    "demand_misses": {
        "total": 17125.928571428572,
        "instrn": 0.0,
        "data": 17125.928571428572,
        "read": 4271.5,
        "write": 12854.42857142857,
        "misc": 0.0
    },
    "demand_miss_rate": {
        "total": 0.2095,
        "instrn": 0.0,
        "data": 0.2095,
        "read": 0.1302357142857143,
        "write": 0.31470000000000004,
        "misc": 0.0
    },
    "bytes_from_memory": 1096059.4285714286,
    "bytes_to_memory": 842793.1428571428,
    "total_bytes_rw_mem": 1938852.5714285714
}