{
    "demand_fetches": {
        "total": 9774305.57142857,
        "instrn": 0.0,
        "data": 9774305.57142857,
        "read": 8964274.857142856,
        "write": 810030.7142857143,
        "misc": 0.0
    },
    "demand_misses": {
        "total": 2304777.0,
        "instrn": 0.0,
        "data": 2304777.0,
        "read": 2145759.285714286,
        "write": 159017.7142857143,
        "misc": 0.0
    },
    "demand_miss_rate": {
        "total": 0.19660714285714284,
        "instrn": 0.0,
        "data": 0.19660714285714284,
        "read": 0.20009999999999997,
        "write": 0.16672857142857142,
        "misc": 0.0
    },
    "bytes_from_memory": 73752864.0,
    "bytes_to_memory": 5627195.428571428,
    "total_bytes_rw_mem": 79380059.42857143
}