{
    "demand_fetches": {
        "total": 4865898.266666667,
        "instrn": 0.0,
        "data": 4865898.266666667,
        "read": 4337913.4,
        "write": 527984.8666666667,
        "misc": 0.0
    },
    "demand_misses": {
        "total": 1915625.6,
        "instrn": 0.0,
        "data": 1915625.6,
        "read": 1709701.4666666666,
        "write": 205924.13333333333,
        "misc": 0.0
    },
    "demand_miss_rate": {
        "total": 0.3116666666666667,
        "instrn": 0.0,
        "data": 0.3116666666666667,
        "read": 0.31242000000000003,
        "write": 0.3075666666666666,
        "misc": 0.0
    },
    "bytes_from_memory": 30650009.6,
    "bytes_to_memory": 3545594.6666666665,
    "total_bytes_rw_mem": 34195604.266666666
}