{
    "demand_fetches": {
        "total": 17437226.466666665,
        "instrn": 0.0,
        "data": 17437226.466666665,
        "read": 16535103.133333333,
        "write": 902123.3333333334,
        "misc": 0.0
    },
    "demand_misses": {
        "total": 1785294.5333333334,
        "instrn": 0.0,
        "data": 1785294.5333333334,
        "read": 1678015.2,
        "write": 107279.33333333333,
        "misc": 0.0
    },
    "demand_miss_rate": {
        "total": 0.08044666666666665,
        "instrn": 0.0,
        "data": 0.08044666666666665,
        "read": 0.07968,
        "write": 0.09177333333333332,
        "misc": 0.0
    },
    "bytes_from_memory": 114258850.13333334,
    "bytes_to_memory": 8349824.0,
    "total_bytes_rw_mem": 122608674.13333334
}