{
    "demand_fetches": {
        "total": 46138.28571428572,
        "instrn": 0.0,
        "data": 46138.28571428572,
        "read": 29109.428571428572,
        "write": 17028.85714285714,
        "misc": 0.0
    },
    "demand_misses": {
        "total": 10883.857142857143,
        "instrn": 0.0,
        "data": 10883.857142857143,
        "read": 4576.785714285715,
        "write": 6307.071428571428,
        "misc": 0.0
    },
    "demand_miss_rate": {
        "total": 0.16232142857142856,
        "instrn": 0.0,
        "data": 0.16232142857142856,
        "read": 0.11762142857142857,
        "write": 0.24075000000000005,
        "misc": 0.0
    },
    "bytes_from_memory": 348283.4285714286,
    "bytes_to_memory": 213350.85714285713,
    "total_bytes_rw_mem": 561634.2857142857
}