{
    "demand_fetches": {
        "total": 11374302.642857144,
        "instrn": 0.0,
        "data": 11374302.642857144,
        "read": 9542977.785714285,
        "write": 1831324.857142857,
        "misc": 0.0
    },
    "demand_misses": {
        "total": 819237.5714285715,
        "instrn": 0.0,
        "data": 819237.5714285715,
        "read": 644647.2857142857,
        "write": 174590.2857142857,
        "misc": 0.0
    },
    "demand_miss_rate": {
        "total": 0.06208571428571429,
        "instrn": 0.0,
        "data": 0.06208571428571429,
        "read": 0.05823571428571428,
        "write": 0.08058571428571429,
        "misc": 0.0
    },
    "bytes_from_memory": 52431204.571428575,
    "bytes_to_memory": 11731643.42857143,
    "total_bytes_rw_mem": 64162848.0
}