{
    "demand_fetches": {
        "total": 5550060.846153846,
        "instrn": 0.0,
        "data": 5550060.846153846,
        "read": 4978853.230769231,
        "write": 571207.6153846154,
        "misc": 0.0
    },
    "demand_misses": {
        "total": 643554.9230769231,
        "instrn": 0.0,
        "data": 643554.9230769231,
        "read": 586076.0769230769,
        "write": 57478.846153846156,
        "misc": 0.0
    },
    "demand_miss_rate": {
        "total": 0.10577692307692309,
        "instrn": 0.0,
        "data": 0.10577692307692309,
        "read": 0.10798461538461537,
        "write": 0.0916,
        "misc": 0.0
    },
    "bytes_from_memory": 41187515.07692308,
    "bytes_to_memory": 4188396.3076923075,
    "total_bytes_rw_mem": 45375911.384615384
}