{
    "demand_fetches": {
        "total": 13819035.384615384,
        "instrn": 0.0,
        "data": 13819035.384615384,
        "read": 12510103.538461538,
        "write": 1308931.8461538462,
        "misc": 0.0
    },
    "demand_misses": {
        "total": 6542136.923076923,
        "instrn": 0.0,
        "data": 6542136.923076923,
        "read": 6013504.461538462,
        "write": 528632.4615384615,
        "misc": 0.0
    },
    "demand_miss_rate": {
        "total": 0.4633307692307692,
        "instrn": 0.0,
        "data": 0.4633307692307692,
        "read": 0.4714692307692307,
        "write": 0.39966153846153846,
        "misc": 0.0
    },
    "bytes_from_memory": 104674190.76923077,
    "bytes_to_memory": 9315038.76923077,
    "total_bytes_rw_mem": 113989229.53846154
}