{
    "demand_fetches": {
        "total": 10671263.153846154,
        "instrn": 0.0,
        "data": 10671263.153846154,
        "read": 9709185.692307692,
        "write": 962077.4615384615,
        "misc": 0.0
    },
    "demand_misses": {
        "total": 3614623.0,
        "instrn": 0.0,
        "data": 3614623.0,
        "read": 3251409.769230769,
        "write": 363213.23076923075,
        "misc": 0.0
    },
    "demand_miss_rate": {
        "total": 0.31029230769230765,
        "instrn": 0.0,
        "data": 0.31029230769230765,
        "read": 0.30589230769230774,
        "write": 0.3445692307692308,
        "misc": 0.0
    },
    "bytes_from_memory": 57833968.0,
    "bytes_to_memory": 6095602.461538462,
    "total_bytes_rw_mem": 63929570.461538464
}