{
    "demand_fetches": {
        "total": 5213475.357142857,
        "instrn": 0.0,
        "data": 5213475.357142857,
        "read": 4637549.0,
        "write": 575926.3571428572,
        "misc": 0.0
    },
    "demand_misses": {
        "total": 649174.9285714285,
        "instrn": 0.0,
        "data": 649174.9285714285,
        "read": 591036.0714285715,
        "write": 58138.857142857145,
        "misc": 0.0
    },
    "demand_miss_rate": {
        "total": 0.10763571428571428,
        "instrn": 0.0,
        "data": 0.10763571428571428,
        "read": 0.11175714285714286,
        "write": 0.08604285714285712,
        "misc": 0.0
    },
    "bytes_from_memory": 41547195.428571425,
    "bytes_to_memory": 4318838.857142857,
    "total_bytes_rw_mem": 45866034.28571428
}