{
    "demand_fetches": {
        "total": 6502652.307692308,
        "instrn": 0.0,
        "data": 6502652.307692308,
        "read": 5342057.923076923,
        "write": 1160594.3846153845,
        "misc": 0.0
    },
    "demand_misses": {
        "total": 600145.6153846154,
        "instrn": 0.0,
        "data": 600145.6153846154,
        "read": 483474.6153846154,
        "write": 116671.0,
        "misc": 0.0
    },
    "demand_miss_rate": {
        "total": 0.0879153846153846,
        "instrn": 0.0,
        "data": 0.0879153846153846,
        "read": 0.0874923076923077,
        "write": 0.09097692307692308,
        "misc": 0.0
    },
    "bytes_from_memory": 38409319.384615384,
    "bytes_to_memory": 8443170.461538462,
    "total_bytes_rw_mem": 46852489.84615385
}