{
    "demand_fetches": {
        "total": 19214001.5,
        "instrn": 0.0,
        "data": 19214001.5,
        "read": 18041581.714285713,
        "write": 1172419.7857142857,
        "misc": 0.0
    },
    "demand_misses": {
        "total": 5593718.071428572,
        "instrn": 0.0,
        "data": 5593718.071428572,
        "read": 5248181.857142857,
        "write": 345536.21428571426,
        "misc": 0.0
    },
    "demand_miss_rate": {
        "total": 0.2488714285714286,
        "instrn": 0.0,
        "data": 0.2488714285714286,
        "read": 0.24785,
        "write": 0.25839285714285715,
        "misc": 0.0
    },
    "bytes_from_memory": 89499489.14285715,
    "bytes_to_memory": 5952144.0,
    "total_bytes_rw_mem": 95451633.14285715
}