{
    "demand_fetches": {
        "total": 5550060.846153846,
        "instrn": 0.0,
        "data": 5550060.846153846,
        "read": 4978853.230769231,
        "write": 571207.6153846154,
        "misc": 0.0
    },
    "demand_misses": {
        "total": 694327.0769230769,
        "instrn": 0.0,
        "data": 694327.0769230769,
        "read": 635828.9230769231,
        "write": 58498.153846153844,
        "misc": 0.0
    },
    "demand_miss_rate": {
        "total": 0.11633846153846156,
        "instrn": 0.0,
        "data": 0.11633846153846156,
        "read": 0.12033076923076926,
        "write": 0.09345384615384617,
        "misc": 0.0
    },
    "bytes_from_memory": 44436932.92307692,
    "bytes_to_memory": 4320275.692307692,
    "total_bytes_rw_mem": 48757208.615384616
}