{
    "demand_fetches": {
        "total": 5213475.357142857,
        "instrn": 0.0,
        "data": 5213475.357142857,
        "read": 4637549.0,
        "write": 575926.3571428572,
        "misc": 0.0
    },
    "demand_misses": {
        "total": 688383.0714285715,
        "instrn": 0.0,
        "data": 688383.0714285715,
        "read": 627930.5714285715,
        "write": 60452.5,
        "misc": 0.0
    },
    "demand_miss_rate": {
        "total": 0.11543571428571428,
        "instrn": 0.0,
        "data": 0.11543571428571428,
        "read": 0.12032857142857142,
        "write": 0.08988571428571428,
        "misc": 0.0
    },
    "bytes_from_memory": 44056516.571428575,
    "bytes_to_memory": 4584507.428571428,
    "total_bytes_rw_mem": 48641024.0
}