{
    "demand_fetches": {
        "total": 19214001.5,
        "instrn": 0.0,
        "data": 19214001.5,
        "read": 18041581.714285713,
        "write": 1172419.7857142857,
        "misc": 0.0
    },
    "demand_misses": {
        "total": 5626000.0,
        "instrn": 0.0,
        "data": 5626000.0,
        "read": 5277814.714285715,
        "write": 348185.28571428574,
        "misc": 0.0
    },
    "demand_miss_rate": {
        "total": 0.25054999999999994,
        "instrn": 0.0,
        "data": 0.25054999999999994,
        "read": 0.24951428571428574,
        "write": 0.2602142857142857,
        "misc": 0.0
    },
    "bytes_from_memory": 90016000.0,
    "bytes_to_memory": 6033153.142857143,
    "total_bytes_rw_mem": 96049153.14285715
}