{
    "demand_fetches": {
        "total": 10538876.538461538,
        "instrn": 0.0,
        "data": 10538876.538461538,
        "read": 9658823.923076924,
        "write": 880052.6153846154,
        "misc": 0.0
    },
    "demand_misses": {
        "total": 1260761.076923077,
        "instrn": 0.0,
        "data": 1260761.076923077,
        "read": 1172258.3846153845,
        "write": 88502.69230769231,
        "misc": 0.0
    },
    "demand_miss_rate": {
        "total": 0.10807692307692306,
        "instrn": 0.0,
        "data": 0.10807692307692306,
        "read": 0.11006153846153846,
        "write": 0.09177692307692306,
        "misc": 0.0
    },
    "bytes_from_memory": 80688708.92307693,
    "bytes_to_memory": 6479143.384615385,
    "total_bytes_rw_mem": 87167852.3076923
}