{
    "demand_fetches": {
        "total": 6502652.307692308,
        "instrn": 0.0,
        "data": 6502652.307692308,
        "read": 5342057.923076923,
        "write": 1160594.3846153845,
        "misc": 0.0
    },
    "demand_misses": {
        "total": 1861050.2307692308,
        "instrn": 0.0,
        "data": 1861050.2307692308,
        "read": 1433013.3076923077,
        "write": 428036.92307692306,
        "misc": 0.0
    },
    "demand_miss_rate": {
        "total": 0.2557230769230769,
        "instrn": 0.0,
        "data": 0.2557230769230769,
        "read": 0.2361846153846154,
        "write": 0.3336923076923076,
        "misc": 0.0
    },
    "bytes_from_memory": 29776803.692307692,
    "bytes_to_memory": 7057545.846153846,
    "total_bytes_rw_mem": 36834349.538461536
}