{
    "demand_fetches": {
        "total": 10538876.538461538,
        "instrn": 0.0,
        "data": 10538876.538461538,
        "read": 9658823.923076924,
        "write": 880052.6153846154,
        "misc": 0.0
    },
    "demand_misses": {
        "total": 4912222.846153846,
        "instrn": 0.0,
        "data": 4912222.846153846,
        "read": 4572435.384615385,
        "write": 339787.46153846156,
        "misc": 0.0
    },
    "demand_miss_rate": {
        "total": 0.4166846153846154,
        "instrn": 0.0,
        "data": 0.4166846153846154,
        "read": 0.4239307692307693,
        "write": 0.35362307692307693,
        "misc": 0.0
    },
    "bytes_from_memory": 78595565.53846154,
    "bytes_to_memory": 5857783.384615385,
    "total_bytes_rw_mem": 84453348.92307693
}