{
    "demand_fetches": {
        "total": 4866617.6,
        "instrn": 0.0,
        "data": 4866617.6,
        "read": 4328744.666666667,
        "write": 537872.9333333333,
        "misc": 0.0
    },
    "demand_misses": {
        "total": 1150198.2666666666,
        "instrn": 0.0,
        "data": 1150198.2666666666,
        "read": 1047107.8,
        "write": 103090.46666666666,
        "misc": 0.0
    },
    "demand_miss_rate": {
        "total": 0.18482666666666664,
        "instrn": 0.0,
        "data": 0.18482666666666664,
        "read": 0.19038666666666665,
        "write": 0.1521866666666667,
        "misc": 0.0
    },
    "bytes_from_memory": 36806344.53333333,
    "bytes_to_memory": 3603214.933333333,
    "total_bytes_rw_mem": 40409559.46666667
}