{
    "demand_fetches": {
        "total": 13819035.384615384,
        "instrn": 0.0,
        "data": 13819035.384615384,
        "read": 12510103.538461538,
        "write": 1308931.8461538462,
        "misc": 0.0
    },
    "demand_misses": {
        "total": 1031047.3846153846,
        "instrn": 0.0,
        "data": 1031047.3846153846,
        "read": 907691.1538461539,
        "write": 123356.23076923077,
        "misc": 0.0
    },
    "demand_miss_rate": {
        "total": 0.0749923076923077,
        "instrn": 0.0,
        "data": 0.0749923076923077,
        "read": 0.0726769230769231,
        "write": 0.09296923076923078,
        "misc": 0.0
    },
    "bytes_from_memory": 65987032.615384616,
    "bytes_to_memory": 8322500.923076923,
    "total_bytes_rw_mem": 74309533.53846154
}