{
    "demand_fetches": {
        "total": 20199630.46153846,
        "instrn": 0.0,
        "data": 20199630.46153846,
        "read": 19130452.615384616,
        "write": 1069177.8461538462,
        "misc": 0.0
    },
    "demand_misses": {
        "total": 2562435.769230769,
        "instrn": 0.0,
        "data": 2562435.769230769,
        "read": 2423299.4615384615,
        "write": 139136.3076923077,
        "misc": 0.0
    },
    "demand_miss_rate": {
        "total": 0.1174692307692308,
        "instrn": 0.0,
        "data": 0.1174692307692308,
        "read": 0.11765384615384616,
        "write": 0.11694615384615387,
        "misc": 0.0
    },
    "bytes_from_memory": 163995889.23076922,
    "bytes_to_memory": 11309164.307692308,
    "total_bytes_rw_mem": 175305053.53846154
}