{
    "demand_fetches": {
        "total": 5291211.071428572,
        "instrn": 0.0,
        "data": 5291211.071428572,
        "read": 4662140.214285715,
        "write": 629070.8571428572,
        "misc": 0.0
    },
    "demand_misses": {
        "total": 2449157.0,
        "instrn": 0.0,
        "data": 2449157.0,
        "read": 2209839.4285714286,
        "write": 239317.57142857142,
        "misc": 0.0
    },
    "demand_miss_rate": {
        "total": 0.38929285714285705,
        "instrn": 0.0,
        "data": 0.38929285714285705,
        "read": 0.40082857142857137,
        "write": 0.3240071428571429,
        "misc": 0.0
    },
    "bytes_from_memory": 39186512.0,
    "bytes_to_memory": 4073680.0,
    "total_bytes_rw_mem": 43260192.0
}