{
    "demand_fetches": {
        "total": 129662.53846153847,
        "instrn": 0.0,
        "data": 129662.53846153847,
        "read": 46295.307692307695,
        "write": 83367.23076923077,
        "misc": 0.0
    },
    "demand_misses": {
        "total": 91521.84615384616,
        "instrn": 0.0,
        "data": 91521.84615384616,
        "read": 20259.384615384617,
        "write": 71262.46153846153,
        "misc": 0.0
    },
    "demand_miss_rate": {
        "total": 0.4425461538461538,
        "instrn": 0.0,
        "data": 0.4425461538461538,
        "read": 0.3168153846153846,
        "write": 0.5422307692307693,
        "misc": 0.0
    },
    "bytes_from_memory": 1464349.5384615385,
    "bytes_to_memory": 1150832.0,
    "total_bytes_rw_mem": 2615181.5384615385
}