{
    "demand_fetches": {
        "total": 18681482.285714287,
        "instrn": 0.0,
        "data": 18681482.285714287,
        "read": 17715536.92857143,
        "write": 965945.3571428572,
        "misc": 0.0
    },
    "demand_misses": {
        "total": 2007968.857142857,
        "instrn": 0.0,
        "data": 2007968.857142857,
        "read": 1894734.7857142857,
        "write": 113234.07142857143,
        "misc": 0.0
    },
    "demand_miss_rate": {
        "total": 0.08950714285714285,
        "instrn": 0.0,
        "data": 0.08950714285714285,
        "read": 0.08897857142857143,
        "write": 0.09692142857142859,
        "misc": 0.0
    },
    "bytes_from_memory": 128510006.85714285,
    "bytes_to_memory": 8725056.0,
    "total_bytes_rw_mem": 137235062.85714287
}