{
    "demand_fetches": {
        "total": 117406.64285714286,
        "instrn": 0.0,
        "data": 117406.64285714286,
        "read": 73725.42857142857,
        "write": 43681.21428571428,
        "misc": 0.0
    },
    "demand_misses": {
        "total": 53474.0,
        "instrn": 0.0,
        "data": 53474.0,
        "read": 29426.071428571428,
        "write": 24047.928571428572,
        "misc": 0.0
    },
    "demand_miss_rate": {
        "total": 0.29660000000000003,
        "instrn": 0.0,
        "data": 0.29660000000000003,
        "read": 0.27366428571428575,
        "write": 0.3278357142857143,
        "misc": 0.0
    },
    "bytes_from_memory": 855584.0,
    "bytes_to_memory": 397196.5714285714,
    "total_bytes_rw_mem": 1252780.5714285714
}