{
    "demand_fetches": {
        "total": 14605860.461538462,
        "instrn": 0.0,
        "data": 14605860.461538462,
        "read": 11120620.153846154,
        "write": 3485240.3076923075,
        "misc": 0.0
    },
    "demand_misses": {
        "total": 1043377.0,
        "instrn": 0.0,
        "data": 1043377.0,
        "read": 708750.7692307692,
        "write": 334626.23076923075,
        "misc": 0.0
    },
    "demand_miss_rate": {
        "total": 0.06603846153846155,
        "instrn": 0.0,
        "data": 0.06603846153846155,
        "read": 0.0590076923076923,
        "write": 0.08737692307692309,
        "misc": 0.0
    },
    "bytes_from_memory": 66776128.0,
    "bytes_to_memory": 22376886.153846152,
    "total_bytes_rw_mem": 89153014.15384616
}