{
    "demand_fetches": {
        "total": 5213475.357142857,
        "instrn": 0.0,
        "data": 5213475.357142857,
        "read": 4637549.0,
        "write": 575926.3571428572,
        "misc": 0.0
    },
    "demand_misses": {
        "total": 608777.4285714285,
        "instrn": 0.0,
        "data": 608777.4285714285,
        "read": 554148.5714285715,
        "write": 54628.857142857145,
        "misc": 0.0
    },
    "demand_miss_rate": {
        "total": 0.09709285714285713,
        "instrn": 0.0,
        "data": 0.09709285714285713,
        "read": 0.0998642857142857,
        "write": 0.08056428571428573,
        "misc": 0.0
    },
    "bytes_from_memory": 38961755.428571425,
    "bytes_to_memory": 3844516.5714285714,
    "total_bytes_rw_mem": 42806272.0
}