{
    "demand_fetches": {
        "total": 5548853.153846154,
        "instrn": 0.0,
        "data": 5548853.153846154,
        "read": 4974626.0,
        "write": 574227.1538461539,
        "misc": 0.0
    },
    "demand_misses": {
        "total": 1179284.5384615385,
        "instrn": 0.0,
        "data": 1179284.5384615385,
        "read": 1069807.1538461538,
        "write": 109477.38461538461,
        "misc": 0.0
    },
    "demand_miss_rate": {
        "total": 0.19121538461538462,
        "instrn": 0.0,
        "data": 0.19121538461538462,
        "read": 0.19394615384615385,
        "write": 0.17391538461538464,
        "misc": 0.0
    },
    "bytes_from_memory": 37737105.23076923,
    "bytes_to_memory": 3774567.3846153845,
    "total_bytes_rw_mem": 41511672.615384616
}