{
    "demand_fetches": {
        "total": 46138.28571428572,
        "instrn": 0.0,
        "data": 46138.28571428572,
        "read": 29109.428571428572,
        "write": 17028.85714285714,
        "misc": 0.0
    },
    "demand_misses": {
        "total": 11629.785714285714,
        "instrn": 0.0,
        "data": 11629.785714285714,
        "read": 5035.571428571428,
        "write": 6594.214285714285,
        "misc": 0.0
    },
    "demand_miss_rate": {
        "total": 0.17628571428571432,
        "instrn": 0.0,
        "data": 0.17628571428571432,
        "read": 0.13177857142857144,
        "write": 0.25405714285714287,
        "misc": 0.0
    },
    "bytes_from_memory": 186076.57142857142,
    "bytes_to_memory": 113795.42857142857,
    "total_bytes_rw_mem": 299872.0
}