{
    "demand_fetches": {
        "total": 21086884.307692308,
        "instrn": 0.0,
        "data": 21086884.307692308,
        "read": 19657634.615384616,
        "write": 1429249.6923076923,
        "misc": 0.0
    },
    "demand_misses": {
        "total": 9980146.615384616,
        "instrn": 0.0,
        "data": 9980146.615384616,
        "read": 9470781.76923077,
        "write": 509364.8461538461,
        "misc": 0.0
    },
    "demand_miss_rate": {
        "total": 0.42866153846153854,
        "instrn": 0.0,
        "data": 0.42866153846153854,
        "read": 0.4369230769230769,
        "write": 0.3320461538461539,
        "misc": 0.0
    },
    "bytes_from_memory": 159682345.84615386,
    "bytes_to_memory": 10384841.846153846,
    "total_bytes_rw_mem": 170067187.69230768
}