{
    "demand_fetches": {
        "total": 19213499.92857143,
        "instrn": 0.0,
        "data": 19213499.92857143,
        "read": 18041327.5,
        "write": 1172172.4285714286,
        "misc": 0.0
    },
    "demand_misses": {
        "total": 7834422.285714285,
        "instrn": 0.0,
        "data": 7834422.285714285,
        "read": 7426615.142857143,
        "write": 407807.14285714284,
        "misc": 0.0
    },
    "demand_miss_rate": {
        "total": 0.3447928571428571,
        "instrn": 0.0,
        "data": 0.3447928571428571,
        "read": 0.3481571428571428,
        "write": 0.3013071428571429,
        "misc": 0.0
    },
    "bytes_from_memory": 125350756.57142857,
    "bytes_to_memory": 7978125.714285715,
    "total_bytes_rw_mem": 133328882.28571428
}