{
    "demand_fetches": {
        "total": 60908.07142857143,
        "instrn": 0.0,
        "data": 60908.07142857143,
        "read": 42158.857142857145,
        "write": 18749.214285714286,
        "misc": 0.0
    },
    "demand_misses": {
        "total": 10261.357142857143,
        "instrn": 0.0,
        "data": 10261.357142857143,
        "read": 6042.428571428572,
        "write": 4218.928571428572,
        "misc": 0.0
    },
    "demand_miss_rate": {
        "total": 0.12515,
        "instrn": 0.0,
        "data": 0.12515,
        "read": 0.11052857142857143,
        "write": 0.15909285714285715,
        "misc": 0.0
    },
    "bytes_from_memory": 656726.8571428572,
    "bytes_to_memory": 296736.0,
    "total_bytes_rw_mem": 953462.8571428572
}