{
    "demand_fetches": {
        "total": 11374004.785714285,
        "instrn": 0.0,
        "data": 11374004.785714285,
        "read": 9542798.0,
        "write": 1831206.7857142857,
        "misc": 0.0
    },
    "demand_misses": {
        "total": 1619247.9285714286,
        "instrn": 0.0,
        "data": 1619247.9285714286,
        "read": 1272313.4285714286,
        "write": 346934.5,
        "misc": 0.0
    },
    "demand_miss_rate": {
        "total": 0.12240714285714285,
        "instrn": 0.0,
        "data": 0.12240714285714285,
        "read": 0.11452857142857142,
        "write": 0.16009285714285712,
        "misc": 0.0
    },
    "bytes_from_memory": 51815933.71428572,
    "bytes_to_memory": 11492939.42857143,
    "total_bytes_rw_mem": 63308873.14285714
}