{
    "demand_fetches": {
        "total": 19066998.666666668,
        "instrn": 0.0,
        "data": 19066998.666666668,
        "read": 17483255.733333334,
        "write": 1583742.9333333333,
        "misc": 0.0
    },
    "demand_misses": {
        "total": 4962874.466666667,
        "instrn": 0.0,
        "data": 4962874.466666667,
        "read": 4539379.0,
        "write": 423495.4666666667,
        "misc": 0.0
    },
    "demand_miss_rate": {
        "total": 0.20844666666666664,
        "instrn": 0.0,
        "data": 0.20844666666666664,
        "read": 0.20722,
        "write": 0.21892666666666666,
        "misc": 0.0
    },
    "bytes_from_memory": 79405991.46666667,
    "bytes_to_memory": 7178843.733333333,
    "total_bytes_rw_mem": 86584835.2
}