{
    "demand_fetches": {
        "total": 5212942.5,
        "instrn": 0.0,
        "data": 5212942.5,
        "read": 4647407.142857143,
        "write": 565535.3571428572,
        "misc": 0.0
    },
    "demand_misses": {
        "total": 456635.4285714286,
        "instrn": 0.0,
        "data": 456635.4285714286,
        "read": 402220.5714285714,
        "write": 54414.857142857145,
        "misc": 0.0
    },
    "demand_miss_rate": {
        "total": 0.07504285714285716,
        "instrn": 0.0,
        "data": 0.07504285714285716,
        "read": 0.07414999999999998,
        "write": 0.08124285714285714,
        "misc": 0.0
    },
    "bytes_from_memory": 29224667.42857143,
    "bytes_to_memory": 3793627.4285714286,
    "total_bytes_rw_mem": 33018294.85714286
}