{
    "demand_fetches": {
        "total": 4865898.266666667,
        "instrn": 0.0,
        "data": 4865898.266666667,
        "read": 4337913.4,
        "write": 527984.8666666667,
        "misc": 0.0
    },
    "demand_misses": {
        "total": 426151.3333333333,
        "instrn": 0.0,
        "data": 426151.3333333333,
        "read": 375374.6,
        "write": 50776.73333333333,
        "misc": 0.0
    },
    "demand_miss_rate": {
        "total": 0.07004,
        "instrn": 0.0,
        "data": 0.07004,
        "read": 0.06919999999999998,
        "write": 0.07578666666666667,
        "misc": 0.0
    },
    "bytes_from_memory": 27273685.333333332,
    "bytes_to_memory": 3541414.4,
    "total_bytes_rw_mem": 30815099.733333334
}