{
    "demand_fetches": {
        "total": 26140940.35714286,
        "instrn": 0.0,
        "data": 26140940.35714286,
        "read": 24017767.14285714,
        "write": 2123173.214285714,
        "misc": 0.0
    },
    "demand_misses": {
        "total": 6823383.428571428,
        "instrn": 0.0,
        "data": 6823383.428571428,
        "read": 6256874.285714285,
        "write": 566509.1428571428,
        "misc": 0.0
    },
    "demand_miss_rate": {
        "total": 0.24258571428571424,
        "instrn": 0.0,
        "data": 0.24258571428571424,
        "read": 0.24128571428571424,
        "write": 0.2537285714285714,
        "misc": 0.0
    },
    "bytes_from_memory": 109174134.85714285,
    "bytes_to_memory": 9618284.57142857,
    "total_bytes_rw_mem": 118792419.42857143
}