{
    "demand_fetches": {
        "total": 5550060.846153846,
        "instrn": 0.0,
        "data": 5550060.846153846,
        "read": 4978853.230769231,
        "write": 571207.6153846154,
        "misc": 0.0
    },
    "demand_misses": {
        "total": 929060.0769230769,
        "instrn": 0.0,
        "data": 929060.0769230769,
        "read": 822980.2307692308,
        "write": 106079.84615384616,
        "misc": 0.0
    },
    "demand_miss_rate": {
        "total": 0.15406153846153847,
        "instrn": 0.0,
        "data": 0.15406153846153847,
        "read": 0.1518076923076923,
        "write": 0.16920769230769234,
        "misc": 0.0
    },
    "bytes_from_memory": 29729922.46153846,
    "bytes_to_memory": 3560083.6923076925,
    "total_bytes_rw_mem": 33290006.153846152
}