{
    "demand_fetches": {
        "total": 46138.28571428572,
        "instrn": 0.0,
        "data": 46138.28571428572,
        "read": 29109.428571428572,
        "write": 17028.85714285714,
        "misc": 0.0
    },
    "demand_misses": {
        "total": 10952.642857142857,
        "instrn": 0.0,
        "data": 10952.642857142857,
        "read": 4633.5,
        "write": 6319.142857142857,
        "misc": 0.0
    },
    "demand_miss_rate": {
        "total": 0.1632857142857143,
        "instrn": 0.0,
        "data": 0.1632857142857143,
        "read": 0.11885,
        "write": 0.24133571428571435,
        "misc": 0.0
    },
    "bytes_from_memory": 350484.5714285714,
    "bytes_to_memory": 213997.7142857143,
    "total_bytes_rw_mem": 564482.2857142857
}