{
    "demand_fetches": {
        "total": 10538876.538461538,
        "instrn": 0.0,
        "data": 10538876.538461538,
        "read": 9658823.923076924,
        "write": 880052.6153846154,
        "misc": 0.0
    },
    "demand_misses": {
        "total": 891906.5384615385,
        "instrn": 0.0,
        "data": 891906.5384615385,
        "read": 809708.3076923077,
        "write": 82198.23076923077,
        "misc": 0.0
    },
    "demand_miss_rate": {
        "total": 0.0773846153846154,
        "instrn": 0.0,
        "data": 0.0773846153846154,
        "read": 0.07642307692307691,
        "write": 0.08521538461538462,
        "misc": 0.0
    },
    "bytes_from_memory": 57082018.461538464,
    "bytes_to_memory": 5650643.692307692,
    "total_bytes_rw_mem": 62732662.15384615
}