{
    "demand_fetches": {
        "total": 24717886.384615384,
        "instrn": 0.0,
        "data": 24717886.384615384,
        "read": 21686687.46153846,
        "write": 3031198.923076923,
        "misc": 0.0
    },
    "demand_misses": {
        "total": 7578455.307692308,
        "instrn": 0.0,
        "data": 7578455.307692308,
        "read": 6704592.307692308,
        "write": 873863.0,
        "misc": 0.0
    },
    "demand_miss_rate": {
        "total": 0.28406923076923074,
        "instrn": 0.0,
        "data": 0.28406923076923074,
        "read": 0.2860692307692307,
        "write": 0.270423076923077,
        "misc": 0.0
    },
    "bytes_from_memory": 121255284.92307693,
    "bytes_to_memory": 16668845.538461538,
    "total_bytes_rw_mem": 137924130.46153846
}