{
    "demand_fetches": {
        "total": 22952323.07142857,
        "instrn": 0.0,
        "data": 22952323.07142857,
        "read": 20137638.35714286,
        "write": 2814684.714285714,
        "misc": 0.0
    },
    "demand_misses": {
        "total": 1747117.2142857143,
        "instrn": 0.0,
        "data": 1747117.2142857143,
        "read": 1412695.142857143,
        "write": 334422.0714285714,
        "misc": 0.0
    },
    "demand_miss_rate": {
        "total": 0.06574285714285714,
        "instrn": 0.0,
        "data": 0.06574285714285714,
        "read": 0.06072142857142857,
        "write": 0.09945000000000002,
        "misc": 0.0
    },
    "bytes_from_memory": 111815501.71428572,
    "bytes_to_memory": 23616859.42857143,
    "total_bytes_rw_mem": 135432361.14285713
}