{
    "demand_fetches": {
        "total": 159946.76923076922,
        "instrn": 0.0,
        "data": 159946.76923076922,
        "read": 85015.84615384616,
        "write": 74930.92307692308,
        "misc": 0.0
    },
    "demand_misses": {
        "total": 76476.38461538461,
        "instrn": 0.0,
        "data": 76476.38461538461,
        "read": 11920.461538461539,
        "write": 64555.92307692308,
        "misc": 0.0
    },
    "demand_miss_rate": {
        "total": 0.27529230769230767,
        "instrn": 0.0,
        "data": 0.27529230769230767,
        "read": 0.11516923076923077,
        "write": 0.5242461538461538,
        "misc": 0.0
    },
    "bytes_from_memory": 1223622.1538461538,
    "bytes_to_memory": 1043184.0,
    "total_bytes_rw_mem": 2266806.153846154
}