{
    "demand_fetches": {
        "total": 17437226.466666665,
        "instrn": 0.0,
        "data": 17437226.466666665,
        "read": 16535103.133333333,
        "write": 902123.3333333334,
        "misc": 0.0
    },
    "demand_misses": {
        "total": 6763047.466666667,
        "instrn": 0.0,
        "data": 6763047.466666667,
        "read": 6451281.066666666,
        "write": 311766.4,
        "misc": 0.0
    },
    "demand_miss_rate": {
        "total": 0.3019266666666667,
        "instrn": 0.0,
        "data": 0.3019266666666667,
        "read": 0.30336,
        "write": 0.2772866666666667,
        "misc": 0.0
    },
    "bytes_from_memory": 108208759.46666667,
    "bytes_to_memory": 5706978.133333334,
    "total_bytes_rw_mem": 113915737.6
}