{
    "demand_fetches": {
        "total": 9909068.142857144,
        "instrn": 0.0,
        "data": 9909068.142857144,
        "read": 9015900.142857144,
        "write": 893168.0,
        "misc": 0.0
    },
    "demand_misses": {
        "total": 1521805.857142857,
        "instrn": 0.0,
        "data": 1521805.857142857,
        "read": 1355036.0,
        "write": 166769.85714285713,
        "misc": 0.0
    },
    "demand_miss_rate": {
        "total": 0.13191428571428573,
        "instrn": 0.0,
        "data": 0.13191428571428573,
        "read": 0.12865,
        "write": 0.1580357142857143,
        "misc": 0.0
    },
    "bytes_from_memory": 48697787.428571425,
    "bytes_to_memory": 5580649.142857143,
    "total_bytes_rw_mem": 54278436.571428575
}