{
    "demand_fetches": {
        "total": 19213499.92857143,
        "instrn": 0.0,
        "data": 19213499.92857143,
        "read": 18041327.5,
        "write": 1172172.4285714286,
        "misc": 0.0
    },
    "demand_misses": {
        "total": 5593251.571428572,
        "instrn": 0.0,
        "data": 5593251.571428572,
        "read": 5247805.357142857,
        "write": 345446.21428571426,
        "misc": 0.0
    },
    "demand_miss_rate": {
        "total": 0.24887142857142863,
        "instrn": 0.0,
        "data": 0.24887142857142863,
        "read": 0.24785,
        "write": 0.2583285714285714,
        "misc": 0.0
    },
    "bytes_from_memory": 89492025.14285715,
    "bytes_to_memory": 5951890.285714285,
    "total_bytes_rw_mem": 95443915.42857143
}