{
    "demand_fetches": {
        "total": 9774315.714285715,
        "instrn": 0.0,
        "data": 9774315.714285715,
        "read": 8964283.0,
        "write": 810032.7142857143,
        "misc": 0.0
    },
    "demand_misses": {
        "total": 2304806.285714286,
        "instrn": 0.0,
        "data": 2304806.285714286,
        "read": 2145777.714285714,
        "write": 159028.57142857142,
        "misc": 0.0
    },
    "demand_miss_rate": {
        "total": 0.19661428571428569,
        "instrn": 0.0,
        "data": 0.19661428571428569,
        "read": 0.20009999999999997,
        "write": 0.1667285714285714,
        "misc": 0.0
    },
    "bytes_from_memory": 73753801.14285715,
    "bytes_to_memory": 5627648.0,
    "total_bytes_rw_mem": 79381449.14285715
}