{
    "demand_fetches": {
        "total": 5458719.785714285,
        "instrn": 0.0,
        "data": 5458719.785714285,
        "read": 4741325.428571428,
        "write": 717394.3571428572,
        "misc": 0.0
    },
    "demand_misses": {
        "total": 1684076.7142857143,
        "instrn": 0.0,
        "data": 1684076.7142857143,
        "read": 1416812.357142857,
        "write": 267264.35714285716,
        "misc": 0.0
    },
    "demand_miss_rate": {
        "total": 0.2639214285714286,
        "instrn": 0.0,
        "data": 0.2639214285714286,
        "read": 0.25491428571428576,
        "write": 0.31424285714285716,
        "misc": 0.0
    },
    "bytes_from_memory": 26945227.42857143,
    "bytes_to_memory": 4436054.857142857,
    "total_bytes_rw_mem": 31381282.285714287
}