{
    "demand_fetches": {
        "total": 20428592.57142857,
        "instrn": 0.0,
        "data": 20428592.57142857,
        "read": 18731864.64285714,
        "write": 1696727.9285714286,
        "misc": 0.0
    },
    "demand_misses": {
        "total": 2355339.0714285714,
        "instrn": 0.0,
        "data": 2355339.0714285714,
        "read": 2101870.1428571427,
        "write": 253468.92857142858,
        "misc": 0.0
    },
    "demand_miss_rate": {
        "total": 0.09920714285714285,
        "instrn": 0.0,
        "data": 0.09920714285714285,
        "read": 0.09677142857142858,
        "write": 0.12368571428571432,
        "misc": 0.0
    },
    "bytes_from_memory": 150741700.57142857,
    "bytes_to_memory": 21161289.14285714,
    "total_bytes_rw_mem": 171902989.7142857
}