{
    "demand_fetches": {
        "total": 20412821.46153846,
        "instrn": 0.0,
        "data": 20412821.46153846,
        "read": 19265828.692307692,
        "write": 1146992.7692307692,
        "misc": 0.0
    },
    "demand_misses": {
        "total": 3140547.153846154,
        "instrn": 0.0,
        "data": 3140547.153846154,
        "read": 2959155.076923077,
        "write": 181392.07692307694,
        "misc": 0.0
    },
    "demand_miss_rate": {
        "total": 0.14137692307692307,
        "instrn": 0.0,
        "data": 0.14137692307692307,
        "read": 0.14075384615384615,
        "write": 0.14794615384615384,
        "misc": 0.0
    },
    "bytes_from_memory": 100497508.92307693,
    "bytes_to_memory": 6470146.461538462,
    "total_bytes_rw_mem": 106967655.38461539
}