{
    "demand_fetches": {
        "total": 9802105.857142856,
        "instrn": 0.0,
        "data": 9802105.857142856,
        "read": 8971251.07142857,
        "write": 830854.7857142857,
        "misc": 0.0
    },
    "demand_misses": {
        "total": 4558379.785714285,
        "instrn": 0.0,
        "data": 4558379.785714285,
        "read": 4241763.785714285,
        "write": 316616.0,
        "misc": 0.0
    },
    "demand_miss_rate": {
        "total": 0.3921071428571429,
        "instrn": 0.0,
        "data": 0.3921071428571429,
        "read": 0.39972142857142856,
        "write": 0.3254642857142857,
        "misc": 0.0
    },
    "bytes_from_memory": 72934076.57142857,
    "bytes_to_memory": 5427690.285714285,
    "total_bytes_rw_mem": 78361766.85714285
}