{
    "demand_fetches": {
        "total": 19213305.85714286,
        "instrn": 0.0,
        "data": 19213305.85714286,
        "read": 18041208.5,
        "write": 1172097.357142857,
        "misc": 0.0
    },
    "demand_misses": {
        "total": 6170888.785714285,
        "instrn": 0.0,
        "data": 6170888.785714285,
        "read": 5805000.928571428,
        "write": 365887.85714285716,
        "misc": 0.0
    },
    "demand_miss_rate": {
        "total": 0.2743642857142857,
        "instrn": 0.0,
        "data": 0.2743642857142857,
        "read": 0.27422142857142856,
        "write": 0.2731142857142857,
        "misc": 0.0
    },
    "bytes_from_memory": 98734220.57142857,
    "bytes_to_memory": 6621939.428571428,
    "total_bytes_rw_mem": 105356160.0
}