{
    "demand_fetches": {
        "total": 19214001.5,
        "instrn": 0.0,
        "data": 19214001.5,
        "read": 18041581.714285713,
        "write": 1172419.7857142857,
        "misc": 0.0
    },
    "demand_misses": {
        "total": 1472495.857142857,
        "instrn": 0.0,
        "data": 1472495.857142857,
        "read": 1344916.7142857143,
        "write": 127579.14285714286,
        "misc": 0.0
    },
    "demand_miss_rate": {
        "total": 0.06594285714285715,
        "instrn": 0.0,
        "data": 0.06594285714285715,
        "read": 0.06400714285714286,
        "write": 0.09066428571428573,
        "misc": 0.0
    },
    "bytes_from_memory": 94239734.85714285,
    "bytes_to_memory": 8931885.714285715,
    "total_bytes_rw_mem": 103171620.57142857
}