{
    "demand_fetches": {
        "total": 165444.42857142858,
        "instrn": 0.0,
        "data": 165444.42857142858,
        "read": 88587.14285714286,
        "write": 76857.28571428571,
        "misc": 0.0
    },
    "demand_misses": {
        "total": 116937.92857142857,
        "instrn": 0.0,
        "data": 116937.92857142857,
        "read": 54215.642857142855,
        "write": 62722.28571428572,
        "misc": 0.0
    },
    "demand_miss_rate": {
        "total": 0.4713142857142857,
        "instrn": 0.0,
        "data": 0.4713142857142857,
        "read": 0.44404999999999994,
        "write": 0.4839857142857142,
        "misc": 0.0
    },
    "bytes_from_memory": 1871006.857142857,
    "bytes_to_memory": 1016314.2857142857,
    "total_bytes_rw_mem": 2887321.1428571427
}