{
    "demand_fetches": {
        "total": 13819035.384615384,
        "instrn": 0.0,
        "data": 13819035.384615384,
        "read": 12510103.538461538,
        "write": 1308931.8461538462,
        "misc": 0.0
    },
    "demand_misses": {
        "total": 6659045.307692308,
        "instrn": 0.0,
        "data": 6659045.307692308,
        "read": 6119737.846153846,
        "write": 539307.4615384615,
        "misc": 0.0
    },
    "demand_miss_rate": {
        "total": 0.47576923076923067,
        "instrn": 0.0,
        "data": 0.47576923076923067,
        "read": 0.48446923076923076,
        "write": 0.4093692307692308,
        "misc": 0.0
    },
    "bytes_from_memory": 106544724.92307693,
    "bytes_to_memory": 9641056.0,
    "total_bytes_rw_mem": 116185780.92307693
}