{
    "demand_fetches": {
        "total": 121393.5,
        "instrn": 0.0,
        "data": 121393.5,
        "read": 81639.64285714286,
        "write": 39753.857142857145,
        "misc": 0.0
    },
    "demand_misses": {
        "total": 72976.28571428571,
        "instrn": 0.0,
        "data": 72976.28571428571,
        "read": 46769.28571428572,
        "write": 26207.0,
        "misc": 0.0
    },
    "demand_miss_rate": {
        "total": 0.39680714285714286,
        "instrn": 0.0,
        "data": 0.39680714285714286,
        "read": 0.3999071428571428,
        "write": 0.3673571428571428,
        "misc": 0.0
    },
    "bytes_from_memory": 2335241.1428571427,
    "bytes_to_memory": 856141.7142857143,
    "total_bytes_rw_mem": 3191382.8571428573
}