{
    "demand_fetches": {
        "total": 19066998.666666668,
        "instrn": 0.0,
        "data": 19066998.666666668,
        "read": 17483255.733333334,
        "write": 1583742.9333333333,
        "misc": 0.0
    },
    "demand_misses": {
        "total": 1339423.2666666666,
        "instrn": 0.0,
        "data": 1339423.2666666666,
        "read": 1165041.8,
        "write": 174381.46666666667,
        "misc": 0.0
    },
    "demand_miss_rate": {
        "total": 0.05653333333333333,
        "instrn": 0.0,
        "data": 0.05653333333333333,
        "read": 0.05356666666666667,
        "write": 0.08574,
        "misc": 0.0
    },
    "bytes_from_memory": 85723089.06666666,
    "bytes_to_memory": 11927385.6,
    "total_bytes_rw_mem": 97650474.66666667
}