{
    "demand_fetches": {
        "total": 261857.0,
        "instrn": 0.0,
        "data": 261857.0,
        "read": 57447.357142857145,
        "write": 204409.64285714287,
        "misc": 0.0
    },
    "demand_misses": {
        "total": 216533.2857142857,
        "instrn": 0.0,
        "data": 216533.2857142857,
        "read": 25565.714285714286,
        "write": 190967.57142857142,
        "misc": 0.0
    },
    "demand_miss_rate": {
        "total": 0.5045,
        "instrn": 0.0,
        "data": 0.5045,
        "read": 0.3335357142857143,
        "write": 0.5982428571428572,
        "misc": 0.0
    },
    "bytes_from_memory": 6929065.142857143,
    "bytes_to_memory": 6131716.571428572,
    "total_bytes_rw_mem": 13060781.714285715
}