{
    "demand_fetches": {
        "total": 9802103.142857144,
        "instrn": 0.0,
        "data": 9802103.142857144,
        "read": 8971251.642857144,
        "write": 830851.5,
        "misc": 0.0
    },
    "demand_misses": {
        "total": 4666221.785714285,
        "instrn": 0.0,
        "data": 4666221.785714285,
        "read": 4338171.857142857,
        "write": 328049.9285714286,
        "misc": 0.0
    },
    "demand_miss_rate": {
        "total": 0.4036357142857142,
        "instrn": 0.0,
        "data": 0.4036357142857142,
        "read": 0.411757142857143,
        "write": 0.3371071428571429,
        "misc": 0.0
    },
    "bytes_from_memory": 74659548.57142857,
    "bytes_to_memory": 5691908.571428572,
    "total_bytes_rw_mem": 80351457.14285715
}